source_url,gsc_status,pattern_group,current_http_status,exists_in_source,exists_in_dist,in_sitemap,current_canonical,page_type,historical_intent,replacement_candidate,replacement_similarity,recommended_action,reason,evidence,confidence,priority,implementation_batch,manual_review_required
https://ร้านรับซื้อโน๊ตบุ๊ค.com/รับซื้อโน๊ตบุ๊ค/นครราชสีมา/gigabyte-aorus/,Not found (404),P04_LOCATION_X_MODEL,404 expected,false,false,false,,location_x_attribute,sell notebook in นครราชสีมา by gigabyte-aorus attribute,https://ร้านรับซื้อโน๊ตบุ๊ค.com/รับซื้อโน๊ตบุ๊ค/gigabyte-aorus/,medium,KEEP_404,"A generic attribute page exists, but it is not an equivalent replacement because it discards location intent; keep 404 and do not mass-redirect.",GSC export 2026-06-21; last crawl 2026-06-13; dist=false; sitemap=false; noindex=n/a; internal_links=0; no matching page-level performance row; template=none found,medium,P3,none,false
https://ร้านรับซื้อโน๊ตบุ๊ค.com/รับซื้อโน๊ตบุ๊ค/สตูล/hp-victus-16/,Not found (404),P04_LOCATION_X_MODEL,404 expected,false,false,false,,location_x_attribute,sell notebook in สตูล by hp-victus-16 attribute,https://ร้านรับซื้อโน๊ตบุ๊ค.com/รับซื้อโน๊ตบุ๊ค/hp-victus-16/,medium,KEEP_404,"A generic attribute page exists, but it is not an equivalent replacement because it discards location intent; keep 404 and do not mass-redirect.",GSC export 2026-06-21; last crawl 2026-06-13; dist=false; sitemap=false; noindex=n/a; internal_links=0; no matching page-level performance row; template=none found,medium,P3,none,false
https://ร้านรับซื้อโน๊ตบุ๊ค.com/รับซื้อโน๊ตบุ๊ค/ชัยภูมิ/พอร์ต-type-c-เสีย/,Not found (404),P03_LOCATION_X_CONDITION,404 expected,false,false,false,,location_x_attribute,sell notebook in ชัยภูมิ by พอร์ต-type-c-เสีย attribute,https://ร้านรับซื้อโน๊ตบุ๊ค.com/รับซื้อโน๊ตบุ๊ค/พอร์ต-type-c-เสีย/,medium,KEEP_404,"A generic attribute page exists, but it is not an equivalent replacement because it discards location intent; keep 404 and do not mass-redirect.",GSC export 2026-06-21; last crawl 2026-06-13; dist=false; sitemap=false; noindex=n/a; internal_links=0; no matching page-level performance row; template=none found,medium,P3,none,false
https://ร้านรับซื้อโน๊ตบุ๊ค.com/รับซื้อโน๊ตบุ๊ค/บึงกาฬ/acer-aspire-5/,Not found (404),P04_LOCATION_X_MODEL,404 expected,false,false,false,,location_x_attribute,sell notebook in บึงกาฬ by acer-aspire-5 attribute,https://ร้านรับซื้อโน๊ตบุ๊ค.com/รับซื้อโน๊ตบุ๊ค/acer-aspire-5/,medium,KEEP_404,"A generic attribute page exists, but it is not an equivalent replacement because it discards location intent; keep 404 and do not mass-redirect.",GSC export 2026-06-21; last crawl 2026-06-13; dist=false; sitemap=false; noindex=n/a; internal_links=0; no matching page-level performance row; template=none found,medium,P3,none,false
https://ร้านรับซื้อโน๊ตบุ๊ค.com/รับซื้อโน๊ตบุ๊ค/กาญจนบุรี/lenovo-legion-pro-7/,Not found (404),P04_LOCATION_X_MODEL,404 expected,false,false,false,,location_x_attribute,sell notebook in กาญจนบุรี by lenovo-legion-pro-7 attribute,https://ร้านรับซื้อโน๊ตบุ๊ค.com/รับซื้อโน๊ตบุ๊ค/lenovo-legion-pro-7/,medium,KEEP_404,"A generic attribute page exists, but it is not an equivalent replacement because it discards location intent; keep 404 and do not mass-redirect.",GSC export 2026-06-21; last crawl 2026-06-13; dist=false; sitemap=false; noindex=n/a; internal_links=0; no matching page-level performance row; template=none found,medium,P3,none,false
https://ร้านรับซื้อโน๊ตบุ๊ค.com/รับซื้อโน๊ตบุ๊ค/อยุธยา/surface-book/,Not found (404),P04_LOCATION_X_MODEL,404 expected,false,false,false,,location_x_attribute,sell notebook in อยุธยา by surface-book attribute,https://ร้านรับซื้อโน๊ตบุ๊ค.com/รับซื้อโน๊ตบุ๊ค/surface-book/,medium,KEEP_404,"A generic attribute page exists, but it is not an equivalent replacement because it discards location intent; keep 404 and do not mass-redirect.",GSC export 2026-06-21; last crawl 2026-06-13; dist=false; sitemap=false; noindex=n/a; internal_links=0; no matching page-level performance row; template=none found,medium,P3,none,false
https://ร้านรับซื้อโน๊ตบุ๊ค.com/รับซื้อโน๊ตบุ๊ค/อุบลราชธานี/asus-rog-flow/,Not found (404),P04_LOCATION_X_MODEL,404 expected,false,false,false,,location_x_attribute,sell notebook in อุบลราชธานี by asus-rog-flow attribute,https://ร้านรับซื้อโน๊ตบุ๊ค.com/รับซื้อโน๊ตบุ๊ค/asus-rog-flow/,medium,KEEP_404,"A generic attribute page exists, but it is not an equivalent replacement because it discards location intent; keep 404 and do not mass-redirect.",GSC export 2026-06-21; last crawl 2026-06-13; dist=false; sitemap=false; noindex=n/a; internal_links=0; no matching page-level performance row; template=none found,medium,P3,none,false
https://ร้านรับซื้อโน๊ตบุ๊ค.com/รับซื้อโน๊ตบุ๊ค/นครปฐม/lenovo-yoga/,Not found (404),P04_LOCATION_X_MODEL,404 expected,false,false,false,,location_x_attribute,sell notebook in นครปฐม by lenovo-yoga attribute,https://ร้านรับซื้อโน๊ตบุ๊ค.com/รับซื้อโน๊ตบุ๊ค/lenovo-yoga/,medium,KEEP_404,"A generic attribute page exists, but it is not an equivalent replacement because it discards location intent; keep 404 and do not mass-redirect.",GSC export 2026-06-21; last crawl 2026-06-13; dist=false; sitemap=false; noindex=n/a; internal_links=0; no matching page-level performance row; template=none found,medium,P3,none,false
https://ร้านรับซื้อโน๊ตบุ๊ค.com/รับซื้อโน๊ตบุ๊ค/อุทัยธานี/hp-elitebook/,Not found (404),P04_LOCATION_X_MODEL,404 expected,false,false,false,,location_x_attribute,sell notebook in อุทัยธานี by hp-elitebook attribute,https://ร้านรับซื้อโน๊ตบุ๊ค.com/รับซื้อโน๊ตบุ๊ค/hp-elitebook/,medium,KEEP_404,"A generic attribute page exists, but it is not an equivalent replacement because it discards location intent; keep 404 and do not mass-redirect.",GSC export 2026-06-21; last crawl 2026-06-13; dist=false; sitemap=false; noindex=n/a; internal_links=0; no matching page-level performance row; template=none found,medium,P3,none,false
https://ร้านรับซื้อโน๊ตบุ๊ค.com/รับซื้อโน๊ตบุ๊ค/สุโขทัย/asus-rog-ally-x/,Not found (404),P04_LOCATION_X_MODEL,404 expected,false,false,false,,location_x_attribute,sell notebook in สุโขทัย by asus-rog-ally-x attribute,https://ร้านรับซื้อโน๊ตบุ๊ค.com/รับซื้อโน๊ตบุ๊ค/asus-rog-ally-x/,medium,KEEP_404,"A generic attribute page exists, but it is not an equivalent replacement because it discards location intent; keep 404 and do not mass-redirect.",GSC export 2026-06-21; last crawl 2026-06-13; dist=false; sitemap=false; noindex=n/a; internal_links=0; no matching page-level performance row; template=none found,medium,P3,none,false
https://ร้านรับซื้อโน๊ตบุ๊ค.com/รับซื้อโน๊ตบุ๊ค/สุพรรณบุรี/asus-zephyrus-g14/,Not found (404),P04_LOCATION_X_MODEL,404 expected,false,false,false,,location_x_attribute,sell notebook in สุพรรณบุรี by asus-zephyrus-g14 attribute,https://ร้านรับซื้อโน๊ตบุ๊ค.com/รับซื้อโน๊ตบุ๊ค/asus-zephyrus-g14/,medium,KEEP_404,"A generic attribute page exists, but it is not an equivalent replacement because it discards location intent; keep 404 and do not mass-redirect.",GSC export 2026-06-21; last crawl 2026-06-13; dist=false; sitemap=false; noindex=n/a; internal_links=0; no matching page-level performance row; template=none found,medium,P3,none,false
https://ร้านรับซื้อโน๊ตบุ๊ค.com/รับซื้อโน๊ตบุ๊ค/สตูล/acer-predator-triton/,Not found (404),P04_LOCATION_X_MODEL,404 expected,false,false,false,,location_x_attribute,sell notebook in สตูล by acer-predator-triton attribute,https://ร้านรับซื้อโน๊ตบุ๊ค.com/รับซื้อโน๊ตบุ๊ค/acer-predator-triton/,medium,KEEP_404,"A generic attribute page exists, but it is not an equivalent replacement because it discards location intent; keep 404 and do not mass-redirect.",GSC export 2026-06-21; last crawl 2026-06-13; dist=false; sitemap=false; noindex=n/a; internal_links=0; no matching page-level performance row; template=none found,medium,P3,none,false
https://ร้านรับซื้อโน๊ตบุ๊ค.com/รับซื้อโน๊ตบุ๊ค/หนองบัวลำภู/thinkpad-e14-e15/,Not found (404),P04_LOCATION_X_MODEL,404 expected,false,false,false,,location_x_attribute,sell notebook in หนองบัวลำภู by thinkpad-e14-e15 attribute,https://ร้านรับซื้อโน๊ตบุ๊ค.com/รับซื้อโน๊ตบุ๊ค/thinkpad-e14-e15/,medium,KEEP_404,"A generic attribute page exists, but it is not an equivalent replacement because it discards location intent; keep 404 and do not mass-redirect.",GSC export 2026-06-21; last crawl 2026-06-13; dist=false; sitemap=false; noindex=n/a; internal_links=0; no matching page-level performance row; template=none found,medium,P3,none,false
https://ร้านรับซื้อโน๊ตบุ๊ค.com/รับซื้อโน๊ตบุ๊ค/สกลนคร/surface-pro/,Not found (404),P04_LOCATION_X_MODEL,404 expected,false,false,false,,location_x_attribute,sell notebook in สกลนคร by surface-pro attribute,https://ร้านรับซื้อโน๊ตบุ๊ค.com/รับซื้อโน๊ตบุ๊ค/surface-pro/,medium,KEEP_404,"A generic attribute page exists, but it is not an equivalent replacement because it discards location intent; keep 404 and do not mass-redirect.",GSC export 2026-06-21; last crawl 2026-06-13; dist=false; sitemap=false; noindex=n/a; internal_links=0; no matching page-level performance row; template=none found,medium,P3,none,false
https://ร้านรับซื้อโน๊ตบุ๊ค.com/รับซื้อโน๊ตบุ๊ค/นครราชสีมา/macbook-pro-m5/,Not found (404),P04_LOCATION_X_MODEL,404 expected,false,false,false,,location_x_attribute,sell notebook in นครราชสีมา by macbook-pro-m5 attribute,https://ร้านรับซื้อโน๊ตบุ๊ค.com/รับซื้อโน๊ตบุ๊ค/macbook-pro-m5/,medium,KEEP_404,"A generic attribute page exists, but it is not an equivalent replacement because it discards location intent; keep 404 and do not mass-redirect.",GSC export 2026-06-21; last crawl 2026-06-13; dist=false; sitemap=false; noindex=n/a; internal_links=0; no matching page-level performance row; template=none found,medium,P3,none,false
https://ร้านรับซื้อโน๊ตบุ๊ค.com/รับซื้อโน๊ตบุ๊ค/นครนายก/wifi-ไม่ติด/,Not found (404),P03_LOCATION_X_CONDITION,404 expected,false,false,false,,location_x_attribute,sell notebook in นครนายก by wifi-ไม่ติด attribute,https://ร้านรับซื้อโน๊ตบุ๊ค.com/รับซื้อโน๊ตบุ๊ค/wifi-ไม่ติด/,medium,KEEP_404,"A generic attribute page exists, but it is not an equivalent replacement because it discards location intent; keep 404 and do not mass-redirect.",GSC export 2026-06-21; last crawl 2026-06-13; dist=false; sitemap=false; noindex=n/a; internal_links=0; no matching page-level performance row; template=none found,medium,P3,none,false
https://ร้านรับซื้อโน๊ตบุ๊ค.com/รับซื้อโน๊ตบุ๊ค/พังงา/msi-modern/,Not found (404),P04_LOCATION_X_MODEL,404 expected,false,false,false,,location_x_attribute,sell notebook in พังงา by msi-modern attribute,https://ร้านรับซื้อโน๊ตบุ๊ค.com/รับซื้อโน๊ตบุ๊ค/msi-modern/,medium,KEEP_404,"A generic attribute page exists, but it is not an equivalent replacement because it discards location intent; keep 404 and do not mass-redirect.",GSC export 2026-06-21; last crawl 2026-06-13; dist=false; sitemap=false; noindex=n/a; internal_links=0; no matching page-level performance row; template=none found,medium,P3,none,false
https://ร้านรับซื้อโน๊ตบุ๊ค.com/รับซื้อโน๊ตบุ๊ค/กรุงเทพ/msi-stealth-16/,Not found (404),P04_LOCATION_X_MODEL,404 expected,false,false,false,,location_x_attribute,sell notebook in กรุงเทพ by msi-stealth-16 attribute,https://ร้านรับซื้อโน๊ตบุ๊ค.com/รับซื้อโน๊ตบุ๊ค/msi-stealth-16/,medium,KEEP_404,"A generic attribute page exists, but it is not an equivalent replacement because it discards location intent; keep 404 and do not mass-redirect.",GSC export 2026-06-21; last crawl 2026-06-13; dist=false; sitemap=false; noindex=n/a; internal_links=0; no matching page-level performance row; template=none found,medium,P3,none,false
https://ร้านรับซื้อโน๊ตบุ๊ค.com/รับซื้อโน๊ตบุ๊ค/ปัตตานี/hp-omen-16/,Not found (404),P04_LOCATION_X_MODEL,404 expected,false,false,false,,location_x_attribute,sell notebook in ปัตตานี by hp-omen-16 attribute,https://ร้านรับซื้อโน๊ตบุ๊ค.com/รับซื้อโน๊ตบุ๊ค/hp-omen-16/,medium,KEEP_404,"A generic attribute page exists, but it is not an equivalent replacement because it discards location intent; keep 404 and do not mass-redirect.",GSC export 2026-06-21; last crawl 2026-06-13; dist=false; sitemap=false; noindex=n/a; internal_links=0; no matching page-level performance row; template=none found,medium,P3,none,false
https://ร้านรับซื้อโน๊ตบุ๊ค.com/รับซื้อโน๊ตบุ๊ค/พิษณุโลก/ssd-เสีย/,Not found (404),P03_LOCATION_X_CONDITION,404 expected,false,false,false,,location_x_attribute,sell notebook in พิษณุโลก by ssd-เสีย attribute,https://ร้านรับซื้อโน๊ตบุ๊ค.com/รับซื้อโน๊ตบุ๊ค/ssd-เสีย/,medium,KEEP_404,"A generic attribute page exists, but it is not an equivalent replacement because it discards location intent; keep 404 and do not mass-redirect.",GSC export 2026-06-21; last crawl 2026-06-13; dist=false; sitemap=false; noindex=n/a; internal_links=0; no matching page-level performance row; template=none found,medium,P3,none,false
https://ร้านรับซื้อโน๊ตบุ๊ค.com/รับซื้อโน๊ตบุ๊ค/พัทยา/lenovo-yoga/,Not found (404),P04_LOCATION_X_MODEL,404 expected,false,false,false,,location_x_attribute,sell notebook in พัทยา by lenovo-yoga attribute,https://ร้านรับซื้อโน๊ตบุ๊ค.com/รับซื้อโน๊ตบุ๊ค/lenovo-yoga/,medium,KEEP_404,"A generic attribute page exists, but it is not an equivalent replacement because it discards location intent; keep 404 and do not mass-redirect.",GSC export 2026-06-21; last crawl 2026-06-13; dist=false; sitemap=false; noindex=n/a; internal_links=0; no matching page-level performance row; template=none found,medium,P3,none,false
https://ร้านรับซื้อโน๊ตบุ๊ค.com/รับซื้อโน๊ตบุ๊ค/สงขลา/macbook-keyboard-issue/,Not found (404),P04_LOCATION_X_MODEL,404 expected,false,false,false,,location_x_attribute,sell notebook in สงขลา by macbook-keyboard-issue attribute,https://ร้านรับซื้อโน๊ตบุ๊ค.com/รับซื้อโน๊ตบุ๊ค/macbook-keyboard-issue/,medium,KEEP_404,"A generic attribute page exists, but it is not an equivalent replacement because it discards location intent; keep 404 and do not mass-redirect.",GSC export 2026-06-21; last crawl 2026-06-13; dist=false; sitemap=false; noindex=n/a; internal_links=0; no matching page-level performance row; template=none found,medium,P3,none,false
https://ร้านรับซื้อโน๊ตบุ๊ค.com/รับซื้อโน๊ตบุ๊ค/อุดรธานี/msi-cyborg-15/,Not found (404),P04_LOCATION_X_MODEL,404 expected,false,false,false,,location_x_attribute,sell notebook in อุดรธานี by msi-cyborg-15 attribute,https://ร้านรับซื้อโน๊ตบุ๊ค.com/รับซื้อโน๊ตบุ๊ค/msi-cyborg-15/,medium,KEEP_404,"A generic attribute page exists, but it is not an equivalent replacement because it discards location intent; keep 404 and do not mass-redirect.",GSC export 2026-06-21; last crawl 2026-06-13; dist=false; sitemap=false; noindex=n/a; internal_links=0; no matching page-level performance row; template=none found,medium,P3,none,false
https://ร้านรับซื้อโน๊ตบุ๊ค.com/รับซื้อโน๊ตบุ๊ค/แม่ฮ่องสอน/huawei/,Not found (404),P04_LOCATION_X_MODEL,404 expected,false,false,false,,location_x_attribute,sell notebook in แม่ฮ่องสอน by huawei attribute,https://ร้านรับซื้อโน๊ตบุ๊ค.com/รับซื้อโน๊ตบุ๊ค/huawei/,medium,KEEP_404,"A generic attribute page exists, but it is not an equivalent replacement because it discards location intent; keep 404 and do not mass-redirect.",GSC export 2026-06-21; last crawl 2026-06-13; dist=false; sitemap=false; noindex=n/a; internal_links=0; no matching page-level performance row; template=none found,medium,P3,none,false
https://ร้านรับซื้อโน๊ตบุ๊ค.com/รับซื้อโน๊ตบุ๊ค/ภูเก็ต/macbook-screen-crack/,Not found (404),P04_LOCATION_X_MODEL,404 expected,false,false,false,,location_x_attribute,sell notebook in ภูเก็ต by macbook-screen-crack attribute,https://ร้านรับซื้อโน๊ตบุ๊ค.com/รับซื้อโน๊ตบุ๊ค/macbook-screen-crack/,medium,KEEP_404,"A generic attribute page exists, but it is not an equivalent replacement because it discards location intent; keep 404 and do not mass-redirect.",GSC export 2026-06-21; last crawl 2026-06-13; dist=false; sitemap=false; noindex=n/a; internal_links=0; no matching page-level performance row; template=none found,medium,P3,none,false
https://ร้านรับซื้อโน๊ตบุ๊ค.com/รับซื้อโน๊ตบุ๊ค/นราธิวาส/acer-travelmate/,Not found (404),P04_LOCATION_X_MODEL,404 expected,false,false,false,,location_x_attribute,sell notebook in นราธิวาส by acer-travelmate attribute,https://ร้านรับซื้อโน๊ตบุ๊ค.com/รับซื้อโน๊ตบุ๊ค/acer-travelmate/,medium,KEEP_404,"A generic attribute page exists, but it is not an equivalent replacement because it discards location intent; keep 404 and do not mass-redirect.",GSC export 2026-06-21; last crawl 2026-06-13; dist=false; sitemap=false; noindex=n/a; internal_links=0; no matching page-level performance row; template=none found,medium,P3,none,false
https://ร้านรับซื้อโน๊ตบุ๊ค.com/รับซื้อโน๊ตบุ๊ค/ตราด/asus-zenbook/,Not found (404),P04_LOCATION_X_MODEL,404 expected,false,false,false,,location_x_attribute,sell notebook in ตราด by asus-zenbook attribute,https://ร้านรับซื้อโน๊ตบุ๊ค.com/รับซื้อโน๊ตบุ๊ค/asus-zenbook/,medium,KEEP_404,"A generic attribute page exists, but it is not an equivalent replacement because it discards location intent; keep 404 and do not mass-redirect.",GSC export 2026-06-21; last crawl 2026-06-13; dist=false; sitemap=false; noindex=n/a; internal_links=0; no matching page-level performance row; template=none found,medium,P3,none,false
https://ร้านรับซื้อโน๊ตบุ๊ค.com/รับซื้อโน๊ตบุ๊ค/มุกดาหาร/asus-vivobook/,Not found (404),P04_LOCATION_X_MODEL,404 expected,false,false,false,,location_x_attribute,sell notebook in มุกดาหาร by asus-vivobook attribute,https://ร้านรับซื้อโน๊ตบุ๊ค.com/รับซื้อโน๊ตบุ๊ค/asus-vivobook/,medium,KEEP_404,"A generic attribute page exists, but it is not an equivalent replacement because it discards location intent; keep 404 and do not mass-redirect.",GSC export 2026-06-21; last crawl 2026-06-13; dist=false; sitemap=false; noindex=n/a; internal_links=0; no matching page-level performance row; template=none found,medium,P3,none,false
https://ร้านรับซื้อโน๊ตบุ๊ค.com/รับซื้อโน๊ตบุ๊ค/เพชรบูรณ์/alienware-m18/,Not found (404),P04_LOCATION_X_MODEL,404 expected,false,false,false,,location_x_attribute,sell notebook in เพชรบูรณ์ by alienware-m18 attribute,https://ร้านรับซื้อโน๊ตบุ๊ค.com/รับซื้อโน๊ตบุ๊ค/alienware-m18/,medium,KEEP_404,"A generic attribute page exists, but it is not an equivalent replacement because it discards location intent; keep 404 and do not mass-redirect.",GSC export 2026-06-21; last crawl 2026-06-13; dist=false; sitemap=false; noindex=n/a; internal_links=0; no matching page-level performance row; template=none found,medium,P3,none,false
https://ร้านรับซื้อโน๊ตบุ๊ค.com/รับซื้อโน๊ตบุ๊ค/อุตรดิตถ์/macbook-keyboard-issue/,Not found (404),P04_LOCATION_X_MODEL,404 expected,false,false,false,,location_x_attribute,sell notebook in อุตรดิตถ์ by macbook-keyboard-issue attribute,https://ร้านรับซื้อโน๊ตบุ๊ค.com/รับซื้อโน๊ตบุ๊ค/macbook-keyboard-issue/,medium,KEEP_404,"A generic attribute page exists, but it is not an equivalent replacement because it discards location intent; keep 404 and do not mass-redirect.",GSC export 2026-06-21; last crawl 2026-06-13; dist=false; sitemap=false; noindex=n/a; internal_links=0; no matching page-level performance row; template=none found,medium,P3,none,false
https://ร้านรับซื้อโน๊ตบุ๊ค.com/รับซื้อโน๊ตบุ๊ค/อ่างทอง/alienware-m16/,Not found (404),P04_LOCATION_X_MODEL,404 expected,false,false,false,,location_x_attribute,sell notebook in อ่างทอง by alienware-m16 attribute,https://ร้านรับซื้อโน๊ตบุ๊ค.com/รับซื้อโน๊ตบุ๊ค/alienware-m16/,medium,KEEP_404,"A generic attribute page exists, but it is not an equivalent replacement because it discards location intent; keep 404 and do not mass-redirect.",GSC export 2026-06-21; last crawl 2026-06-13; dist=false; sitemap=false; noindex=n/a; internal_links=0; no matching page-level performance row; template=none found,medium,P3,none,false
https://ร้านรับซื้อโน๊ตบุ๊ค.com/รับซื้อโน๊ตบุ๊ค/ศรีสะเกษ/ช่องหูฟังเสีย/,Not found (404),P03_LOCATION_X_CONDITION,404 expected,false,false,false,,location_x_attribute,sell notebook in ศรีสะเกษ by ช่องหูฟังเสีย attribute,https://ร้านรับซื้อโน๊ตบุ๊ค.com/รับซื้อโน๊ตบุ๊ค/ช่องหูฟังเสีย/,medium,KEEP_404,"A generic attribute page exists, but it is not an equivalent replacement because it discards location intent; keep 404 and do not mass-redirect.",GSC export 2026-06-21; last crawl 2026-06-13; dist=false; sitemap=false; noindex=n/a; internal_links=0; no matching page-level performance row; template=none found,medium,P3,none,false
https://ร้านรับซื้อโน๊ตบุ๊ค.com/รับซื้อโน๊ตบุ๊ค/อุทัยธานี/hp-envy-x360/,Not found (404),P04_LOCATION_X_MODEL,404 expected,false,false,false,,location_x_attribute,sell notebook in อุทัยธานี by hp-envy-x360 attribute,https://ร้านรับซื้อโน๊ตบุ๊ค.com/รับซื้อโน๊ตบุ๊ค/hp-envy-x360/,medium,KEEP_404,"A generic attribute page exists, but it is not an equivalent replacement because it discards location intent; keep 404 and do not mass-redirect.",GSC export 2026-06-21; last crawl 2026-06-13; dist=false; sitemap=false; noindex=n/a; internal_links=0; no matching page-level performance row; template=none found,medium,P3,none,false
https://ร้านรับซื้อโน๊ตบุ๊ค.com/รับซื้อโน๊ตบุ๊ค/กำแพงเพชร/พอร์ต-usb-เสีย/,Not found (404),P03_LOCATION_X_CONDITION,404 expected,false,false,false,,location_x_attribute,sell notebook in กำแพงเพชร by พอร์ต-usb-เสีย attribute,https://ร้านรับซื้อโน๊ตบุ๊ค.com/รับซื้อโน๊ตบุ๊ค/พอร์ต-usb-เสีย/,medium,KEEP_404,"A generic attribute page exists, but it is not an equivalent replacement because it discards location intent; keep 404 and do not mass-redirect.",GSC export 2026-06-21; last crawl 2026-06-13; dist=false; sitemap=false; noindex=n/a; internal_links=0; no matching page-level performance row; template=none found,medium,P3,none,false
https://ร้านรับซื้อโน๊ตบุ๊ค.com/รับซื้อโน๊ตบุ๊ค/รังสิต/macbook-no-box-no-receipt/,Not found (404),P04_LOCATION_X_MODEL,404 expected,false,false,false,,location_x_attribute,sell notebook in รังสิต by macbook-no-box-no-receipt attribute,https://ร้านรับซื้อโน๊ตบุ๊ค.com/รับซื้อโน๊ตบุ๊ค/macbook-no-box-no-receipt/,medium,KEEP_404,"A generic attribute page exists, but it is not an equivalent replacement because it discards location intent; keep 404 and do not mass-redirect.",GSC export 2026-06-21; last crawl 2026-06-13; dist=false; sitemap=false; noindex=n/a; internal_links=0; no matching page-level performance row; template=none found,medium,P3,none,false
https://ร้านรับซื้อโน๊ตบุ๊ค.com/รับซื้อโน๊ตบุ๊ค/ห้วยขวาง/ssd-เสีย/,Not found (404),P03_LOCATION_X_CONDITION,404 expected,false,false,false,,location_x_attribute,sell notebook in ห้วยขวาง by ssd-เสีย attribute,https://ร้านรับซื้อโน๊ตบุ๊ค.com/รับซื้อโน๊ตบุ๊ค/ssd-เสีย/,medium,KEEP_404,"A generic attribute page exists, but it is not an equivalent replacement because it discards location intent; keep 404 and do not mass-redirect.",GSC export 2026-06-21; last crawl 2026-06-13; dist=false; sitemap=false; noindex=n/a; internal_links=0; no matching page-level performance row; template=none found,medium,P3,none,false
https://ร้านรับซื้อโน๊ตบุ๊ค.com/รับซื้อโน๊ตบุ๊ค/ลำพูน/msi-cyborg-15/,Not found (404),P04_LOCATION_X_MODEL,404 expected,false,false,false,,location_x_attribute,sell notebook in ลำพูน by msi-cyborg-15 attribute,https://ร้านรับซื้อโน๊ตบุ๊ค.com/รับซื้อโน๊ตบุ๊ค/msi-cyborg-15/,medium,KEEP_404,"A generic attribute page exists, but it is not an equivalent replacement because it discards location intent; keep 404 and do not mass-redirect.",GSC export 2026-06-21; last crawl 2026-06-13; dist=false; sitemap=false; noindex=n/a; internal_links=0; no matching page-level performance row; template=none found,medium,P3,none,false
https://ร้านรับซื้อโน๊ตบุ๊ค.com/รับซื้อโน๊ตบุ๊ค/พิษณุโลก/macbook-air-15/,Not found (404),P04_LOCATION_X_MODEL,404 expected,false,false,false,,location_x_attribute,sell notebook in พิษณุโลก by macbook-air-15 attribute,https://ร้านรับซื้อโน๊ตบุ๊ค.com/รับซื้อโน๊ตบุ๊ค/macbook-air-15/,medium,KEEP_404,"A generic attribute page exists, but it is not an equivalent replacement because it discards location intent; keep 404 and do not mass-redirect.",GSC export 2026-06-21; last crawl 2026-06-13; dist=false; sitemap=false; noindex=n/a; internal_links=0; no matching page-level performance row; template=none found,medium,P3,none,false
https://ร้านรับซื้อโน๊ตบุ๊ค.com/รับซื้อโน๊ตบุ๊ค/นครปฐม/surface-pro/,Not found (404),P04_LOCATION_X_MODEL,404 expected,false,false,false,,location_x_attribute,sell notebook in นครปฐม by surface-pro attribute,https://ร้านรับซื้อโน๊ตบุ๊ค.com/รับซื้อโน๊ตบุ๊ค/surface-pro/,medium,KEEP_404,"A generic attribute page exists, but it is not an equivalent replacement because it discards location intent; keep 404 and do not mass-redirect.",GSC export 2026-06-21; last crawl 2026-06-13; dist=false; sitemap=false; noindex=n/a; internal_links=0; no matching page-level performance row; template=none found,medium,P3,none,false
https://ร้านรับซื้อโน๊ตบุ๊ค.com/รับซื้อโน๊ตบุ๊ค/ลพบุรี/acer-nitro-v/,Not found (404),P04_LOCATION_X_MODEL,404 expected,false,false,false,,location_x_attribute,sell notebook in ลพบุรี by acer-nitro-v attribute,https://ร้านรับซื้อโน๊ตบุ๊ค.com/รับซื้อโน๊ตบุ๊ค/acer-nitro-v/,medium,KEEP_404,"A generic attribute page exists, but it is not an equivalent replacement because it discards location intent; keep 404 and do not mass-redirect.",GSC export 2026-06-21; last crawl 2026-06-13; dist=false; sitemap=false; noindex=n/a; internal_links=0; no matching page-level performance row; template=none found,medium,P3,none,false
https://ร้านรับซื้อโน๊ตบุ๊ค.com/รับซื้อโน๊ตบุ๊ค/บางนา/thinkpad-e14-e15/,Not found (404),P04_LOCATION_X_MODEL,404 expected,false,false,false,,location_x_attribute,sell notebook in บางนา by thinkpad-e14-e15 attribute,https://ร้านรับซื้อโน๊ตบุ๊ค.com/รับซื้อโน๊ตบุ๊ค/thinkpad-e14-e15/,medium,KEEP_404,"A generic attribute page exists, but it is not an equivalent replacement because it discards location intent; keep 404 and do not mass-redirect.",GSC export 2026-06-21; last crawl 2026-06-13; dist=false; sitemap=false; noindex=n/a; internal_links=0; no matching page-level performance row; template=none found,medium,P3,none,false
https://ร้านรับซื้อโน๊ตบุ๊ค.com/รับซื้อโน๊ตบุ๊ค/พัทลุง/macbook-air-m2/,Not found (404),P04_LOCATION_X_MODEL,404 expected,false,false,false,,location_x_attribute,sell notebook in พัทลุง by macbook-air-m2 attribute,https://ร้านรับซื้อโน๊ตบุ๊ค.com/รับซื้อโน๊ตบุ๊ค/macbook-air-m2/,medium,KEEP_404,"A generic attribute page exists, but it is not an equivalent replacement because it discards location intent; keep 404 and do not mass-redirect.",GSC export 2026-06-21; last crawl 2026-06-13; dist=false; sitemap=false; noindex=n/a; internal_links=0; no matching page-level performance row; template=none found,medium,P3,none,false
https://ร้านรับซื้อโน๊ตบุ๊ค.com/รับซื้อโน๊ตบุ๊ค/สุโขทัย/macbook-pro-m1/,Not found (404),P04_LOCATION_X_MODEL,404 expected,false,false,false,,location_x_attribute,sell notebook in สุโขทัย by macbook-pro-m1 attribute,https://ร้านรับซื้อโน๊ตบุ๊ค.com/รับซื้อโน๊ตบุ๊ค/macbook-pro-m1/,medium,KEEP_404,"A generic attribute page exists, but it is not an equivalent replacement because it discards location intent; keep 404 and do not mass-redirect.",GSC export 2026-06-21; last crawl 2026-06-13; dist=false; sitemap=false; noindex=n/a; internal_links=0; no matching page-level performance row; template=none found,medium,P3,none,false
https://ร้านรับซื้อโน๊ตบุ๊ค.com/รับซื้อโน๊ตบุ๊ค/กรุงเทพ/พอร์ตแลนเสีย/,Not found (404),P03_LOCATION_X_CONDITION,404 expected,false,false,false,,location_x_attribute,sell notebook in กรุงเทพ by พอร์ตแลนเสีย attribute,https://ร้านรับซื้อโน๊ตบุ๊ค.com/รับซื้อโน๊ตบุ๊ค/พอร์ตแลนเสีย/,medium,KEEP_404,"A generic attribute page exists, but it is not an equivalent replacement because it discards location intent; keep 404 and do not mass-redirect.",GSC export 2026-06-21; last crawl 2026-06-13; dist=false; sitemap=false; noindex=n/a; internal_links=0; no matching page-level performance row; template=none found,medium,P3,none,false
https://ร้านรับซื้อโน๊ตบุ๊ค.com/รับซื้อโน๊ตบุ๊ค/สมุทรปราการ/บอดี้แตก/,Not found (404),P03_LOCATION_X_CONDITION,404 expected,false,false,false,,location_x_attribute,sell notebook in สมุทรปราการ by บอดี้แตก attribute,https://ร้านรับซื้อโน๊ตบุ๊ค.com/รับซื้อโน๊ตบุ๊ค/บอดี้แตก/,medium,KEEP_404,"A generic attribute page exists, but it is not an equivalent replacement because it discards location intent; keep 404 and do not mass-redirect.",GSC export 2026-06-21; last crawl 2026-06-13; dist=false; sitemap=false; noindex=n/a; internal_links=0; no matching page-level performance row; template=none found,medium,P3,none,false
https://ร้านรับซื้อโน๊ตบุ๊ค.com/รับซื้อโน๊ตบุ๊ค/สุโขทัย/asus-zephyrus/,Not found (404),P04_LOCATION_X_MODEL,404 expected,false,false,false,,location_x_attribute,sell notebook in สุโขทัย by asus-zephyrus attribute,https://ร้านรับซื้อโน๊ตบุ๊ค.com/รับซื้อโน๊ตบุ๊ค/asus-zephyrus/,medium,KEEP_404,"A generic attribute page exists, but it is not an equivalent replacement because it discards location intent; keep 404 and do not mass-redirect.",GSC export 2026-06-21; last crawl 2026-06-13; dist=false; sitemap=false; noindex=n/a; internal_links=0; no matching page-level performance row; template=none found,medium,P3,none,false
https://ร้านรับซื้อโน๊ตบุ๊ค.com/รับซื้อโน๊ตบุ๊ค/นครสวรรค์/msi-stealth-16/,Not found (404),P04_LOCATION_X_MODEL,404 expected,false,false,false,,location_x_attribute,sell notebook in นครสวรรค์ by msi-stealth-16 attribute,https://ร้านรับซื้อโน๊ตบุ๊ค.com/รับซื้อโน๊ตบุ๊ค/msi-stealth-16/,medium,KEEP_404,"A generic attribute page exists, but it is not an equivalent replacement because it discards location intent; keep 404 and do not mass-redirect.",GSC export 2026-06-21; last crawl 2026-06-13; dist=false; sitemap=false; noindex=n/a; internal_links=0; no matching page-level performance row; template=none found,medium,P3,none,false
https://ร้านรับซื้อโน๊ตบุ๊ค.com/รับซื้อโน๊ตบุ๊ค/หนองคาย/thinkpad-x1-carbon/,Not found (404),P04_LOCATION_X_MODEL,404 expected,false,false,false,,location_x_attribute,sell notebook in หนองคาย by thinkpad-x1-carbon attribute,https://ร้านรับซื้อโน๊ตบุ๊ค.com/รับซื้อโน๊ตบุ๊ค/thinkpad-x1-carbon/,medium,KEEP_404,"A generic attribute page exists, but it is not an equivalent replacement because it discards location intent; keep 404 and do not mass-redirect.",GSC export 2026-06-21; last crawl 2026-06-13; dist=false; sitemap=false; noindex=n/a; internal_links=0; no matching page-level performance row; template=none found,medium,P3,none,false
https://ร้านรับซื้อโน๊ตบุ๊ค.com/รับซื้อโน๊ตบุ๊ค/ชัยภูมิ/macbook-charge-port/,Not found (404),P04_LOCATION_X_MODEL,404 expected,false,false,false,,location_x_attribute,sell notebook in ชัยภูมิ by macbook-charge-port attribute,https://ร้านรับซื้อโน๊ตบุ๊ค.com/รับซื้อโน๊ตบุ๊ค/macbook-charge-port/,medium,KEEP_404,"A generic attribute page exists, but it is not an equivalent replacement because it discards location intent; keep 404 and do not mass-redirect.",GSC export 2026-06-21; last crawl 2026-06-13; dist=false; sitemap=false; noindex=n/a; internal_links=0; no matching page-level performance row; template=none found,medium,P3,none,false
https://ร้านรับซื้อโน๊ตบุ๊ค.com/รับซื้อโน๊ตบุ๊ค/พิษณุโลก/macbook-mdm/,Not found (404),P04_LOCATION_X_MODEL,404 expected,false,false,false,,location_x_attribute,sell notebook in พิษณุโลก by macbook-mdm attribute,https://ร้านรับซื้อโน๊ตบุ๊ค.com/รับซื้อโน๊ตบุ๊ค/macbook-mdm/,medium,KEEP_404,"A generic attribute page exists, but it is not an equivalent replacement because it discards location intent; keep 404 and do not mass-redirect.",GSC export 2026-06-21; last crawl 2026-06-13; dist=false; sitemap=false; noindex=n/a; internal_links=0; no matching page-level performance row; template=none found,medium,P3,none,false
https://ร้านรับซื้อโน๊ตบุ๊ค.com/รับซื้อโน๊ตบุ๊ค/ลำปาง/asus-zephyrus-g16/,Not found (404),P04_LOCATION_X_MODEL,404 expected,false,false,false,,location_x_attribute,sell notebook in ลำปาง by asus-zephyrus-g16 attribute,https://ร้านรับซื้อโน๊ตบุ๊ค.com/รับซื้อโน๊ตบุ๊ค/asus-zephyrus-g16/,medium,KEEP_404,"A generic attribute page exists, but it is not an equivalent replacement because it discards location intent; keep 404 and do not mass-redirect.",GSC export 2026-06-21; last crawl 2026-06-13; dist=false; sitemap=false; noindex=n/a; internal_links=0; no matching page-level performance row; template=none found,medium,P3,none,false
https://ร้านรับซื้อโน๊ตบุ๊ค.com/รับซื้อโน๊ตบุ๊ค/สกลนคร/acer-nitro-v/,Not found (404),P04_LOCATION_X_MODEL,404 expected,false,false,false,,location_x_attribute,sell notebook in สกลนคร by acer-nitro-v attribute,https://ร้านรับซื้อโน๊ตบุ๊ค.com/รับซื้อโน๊ตบุ๊ค/acer-nitro-v/,medium,KEEP_404,"A generic attribute page exists, but it is not an equivalent replacement because it discards location intent; keep 404 and do not mass-redirect.",GSC export 2026-06-21; last crawl 2026-06-13; dist=false; sitemap=false; noindex=n/a; internal_links=0; no matching page-level performance row; template=none found,medium,P3,none,false
https://ร้านรับซื้อโน๊ตบุ๊ค.com/รับซื้อโน๊ตบุ๊ค/บางนา/macbook-mdm/,Not found (404),P04_LOCATION_X_MODEL,404 expected,false,false,false,,location_x_attribute,sell notebook in บางนา by macbook-mdm attribute,https://ร้านรับซื้อโน๊ตบุ๊ค.com/รับซื้อโน๊ตบุ๊ค/macbook-mdm/,medium,KEEP_404,"A generic attribute page exists, but it is not an equivalent replacement because it discards location intent; keep 404 and do not mass-redirect.",GSC export 2026-06-21; last crawl 2026-06-13; dist=false; sitemap=false; noindex=n/a; internal_links=0; no matching page-level performance row; template=none found,medium,P3,none,false
https://ร้านรับซื้อโน๊ตบุ๊ค.com/รับซื้อโน๊ตบุ๊ค/สระแก้ว/surface-pro/,Not found (404),P04_LOCATION_X_MODEL,404 expected,false,false,false,,location_x_attribute,sell notebook in สระแก้ว by surface-pro attribute,https://ร้านรับซื้อโน๊ตบุ๊ค.com/รับซื้อโน๊ตบุ๊ค/surface-pro/,medium,KEEP_404,"A generic attribute page exists, but it is not an equivalent replacement because it discards location intent; keep 404 and do not mass-redirect.",GSC export 2026-06-21; last crawl 2026-06-13; dist=false; sitemap=false; noindex=n/a; internal_links=0; no matching page-level performance row; template=none found,medium,P3,none,false
https://ร้านรับซื้อโน๊ตบุ๊ค.com/รับซื้อโน๊ตบุ๊ค/ฉะเชิงเทรา/dell-g15-g16/,Not found (404),P04_LOCATION_X_MODEL,404 expected,false,false,false,,location_x_attribute,sell notebook in ฉะเชิงเทรา by dell-g15-g16 attribute,https://ร้านรับซื้อโน๊ตบุ๊ค.com/รับซื้อโน๊ตบุ๊ค/dell-g15-g16/,medium,KEEP_404,"A generic attribute page exists, but it is not an equivalent replacement because it discards location intent; keep 404 and do not mass-redirect.",GSC export 2026-06-21; last crawl 2026-06-13; dist=false; sitemap=false; noindex=n/a; internal_links=0; no matching page-level performance row; template=none found,medium,P3,none,false
https://ร้านรับซื้อโน๊ตบุ๊ค.com/รับซื้อโน๊ตบุ๊ค/ภูเก็ต/acer-predator-neo/,Not found (404),P04_LOCATION_X_MODEL,404 expected,false,false,false,,location_x_attribute,sell notebook in ภูเก็ต by acer-predator-neo attribute,https://ร้านรับซื้อโน๊ตบุ๊ค.com/รับซื้อโน๊ตบุ๊ค/acer-predator-neo/,medium,KEEP_404,"A generic attribute page exists, but it is not an equivalent replacement because it discards location intent; keep 404 and do not mass-redirect.",GSC export 2026-06-21; last crawl 2026-06-13; dist=false; sitemap=false; noindex=n/a; internal_links=0; no matching page-level performance row; template=none found,medium,P3,none,false
https://ร้านรับซื้อโน๊ตบุ๊ค.com/รับซื้อโน๊ตบุ๊ค/นครราชสีมา/hp-pavilion/,Not found (404),P04_LOCATION_X_MODEL,404 expected,false,false,false,,location_x_attribute,sell notebook in นครราชสีมา by hp-pavilion attribute,https://ร้านรับซื้อโน๊ตบุ๊ค.com/รับซื้อโน๊ตบุ๊ค/hp-pavilion/,medium,KEEP_404,"A generic attribute page exists, but it is not an equivalent replacement because it discards location intent; keep 404 and do not mass-redirect.",GSC export 2026-06-21; last crawl 2026-06-13; dist=false; sitemap=false; noindex=n/a; internal_links=0; no matching page-level performance row; template=none found,medium,P3,none,false
https://ร้านรับซื้อโน๊ตบุ๊ค.com/รับซื้อโน๊ตบุ๊ค/แม่ฮ่องสอน/macbook-pro-m1/,Not found (404),P04_LOCATION_X_MODEL,404 expected,false,false,false,,location_x_attribute,sell notebook in แม่ฮ่องสอน by macbook-pro-m1 attribute,https://ร้านรับซื้อโน๊ตบุ๊ค.com/รับซื้อโน๊ตบุ๊ค/macbook-pro-m1/,medium,KEEP_404,"A generic attribute page exists, but it is not an equivalent replacement because it discards location intent; keep 404 and do not mass-redirect.",GSC export 2026-06-21; last crawl 2026-06-13; dist=false; sitemap=false; noindex=n/a; internal_links=0; no matching page-level performance row; template=none found,medium,P3,none,false
https://ร้านรับซื้อโน๊ตบุ๊ค.com/รับซื้อโน๊ตบุ๊ค/นครสวรรค์/hp-victus-15/,Not found (404),P04_LOCATION_X_MODEL,404 expected,false,false,false,,location_x_attribute,sell notebook in นครสวรรค์ by hp-victus-15 attribute,https://ร้านรับซื้อโน๊ตบุ๊ค.com/รับซื้อโน๊ตบุ๊ค/hp-victus-15/,medium,KEEP_404,"A generic attribute page exists, but it is not an equivalent replacement because it discards location intent; keep 404 and do not mass-redirect.",GSC export 2026-06-21; last crawl 2026-06-13; dist=false; sitemap=false; noindex=n/a; internal_links=0; no matching page-level performance row; template=none found,medium,P3,none,false
https://ร้านรับซื้อโน๊ตบุ๊ค.com/รับซื้อโน๊ตบุ๊ค/มหาสารคาม/macbook-battery-health/,Not found (404),P04_LOCATION_X_MODEL,404 expected,false,false,false,,location_x_attribute,sell notebook in มหาสารคาม by macbook-battery-health attribute,https://ร้านรับซื้อโน๊ตบุ๊ค.com/รับซื้อโน๊ตบุ๊ค/macbook-battery-health/,medium,KEEP_404,"A generic attribute page exists, but it is not an equivalent replacement because it discards location intent; keep 404 and do not mass-redirect.",GSC export 2026-06-21; last crawl 2026-06-13; dist=false; sitemap=false; noindex=n/a; internal_links=0; no matching page-level performance row; template=none found,medium,P3,none,false
https://ร้านรับซื้อโน๊ตบุ๊ค.com/รับซื้อโน๊ตบุ๊ค/นครปฐม/lenovo-legion-slim/,Not found (404),P04_LOCATION_X_MODEL,404 expected,false,false,false,,location_x_attribute,sell notebook in นครปฐม by lenovo-legion-slim attribute,https://ร้านรับซื้อโน๊ตบุ๊ค.com/รับซื้อโน๊ตบุ๊ค/lenovo-legion-slim/,medium,KEEP_404,"A generic attribute page exists, but it is not an equivalent replacement because it discards location intent; keep 404 and do not mass-redirect.",GSC export 2026-06-21; last crawl 2026-06-13; dist=false; sitemap=false; noindex=n/a; internal_links=0; no matching page-level performance row; template=none found,medium,P3,none,false
https://ร้านรับซื้อโน๊ตบุ๊ค.com/รับซื้อโน๊ตบุ๊ค/ชลบุรี/hdmi-เสีย/,Not found (404),P03_LOCATION_X_CONDITION,404 expected,false,false,false,,location_x_attribute,sell notebook in ชลบุรี by hdmi-เสีย attribute,https://ร้านรับซื้อโน๊ตบุ๊ค.com/รับซื้อโน๊ตบุ๊ค/hdmi-เสีย/,medium,KEEP_404,"A generic attribute page exists, but it is not an equivalent replacement because it discards location intent; keep 404 and do not mass-redirect.",GSC export 2026-06-21; last crawl 2026-06-13; dist=false; sitemap=false; noindex=n/a; internal_links=0; no matching page-level performance row; template=none found,medium,P3,none,false
https://ร้านรับซื้อโน๊ตบุ๊ค.com/รับซื้อโน๊ตบุ๊ค/ลำพูน/macbook-mdm/,Not found (404),P04_LOCATION_X_MODEL,404 expected,false,false,false,,location_x_attribute,sell notebook in ลำพูน by macbook-mdm attribute,https://ร้านรับซื้อโน๊ตบุ๊ค.com/รับซื้อโน๊ตบุ๊ค/macbook-mdm/,medium,KEEP_404,"A generic attribute page exists, but it is not an equivalent replacement because it discards location intent; keep 404 and do not mass-redirect.",GSC export 2026-06-21; last crawl 2026-06-13; dist=false; sitemap=false; noindex=n/a; internal_links=0; no matching page-level performance row; template=none found,medium,P3,none,false
https://ร้านรับซื้อโน๊ตบุ๊ค.com/รับซื้อโน๊ตบุ๊ค/กาญจนบุรี/asus-zephyrus-g16/,Not found (404),P04_LOCATION_X_MODEL,404 expected,false,false,false,,location_x_attribute,sell notebook in กาญจนบุรี by asus-zephyrus-g16 attribute,https://ร้านรับซื้อโน๊ตบุ๊ค.com/รับซื้อโน๊ตบุ๊ค/asus-zephyrus-g16/,medium,KEEP_404,"A generic attribute page exists, but it is not an equivalent replacement because it discards location intent; keep 404 and do not mass-redirect.",GSC export 2026-06-21; last crawl 2026-06-13; dist=false; sitemap=false; noindex=n/a; internal_links=0; no matching page-level performance row; template=none found,medium,P3,none,false
https://ร้านรับซื้อโน๊ตบุ๊ค.com/รับซื้อโน๊ตบุ๊ค/รังสิต/macbook-mdm/,Not found (404),P04_LOCATION_X_MODEL,404 expected,false,false,false,,location_x_attribute,sell notebook in รังสิต by macbook-mdm attribute,https://ร้านรับซื้อโน๊ตบุ๊ค.com/รับซื้อโน๊ตบุ๊ค/macbook-mdm/,medium,KEEP_404,"A generic attribute page exists, but it is not an equivalent replacement because it discards location intent; keep 404 and do not mass-redirect.",GSC export 2026-06-21; last crawl 2026-06-13; dist=false; sitemap=false; noindex=n/a; internal_links=0; no matching page-level performance row; template=none found,medium,P3,none,false
https://ร้านรับซื้อโน๊ตบุ๊ค.com/รับซื้อโน๊ตบุ๊ค/ลำพูน/hp-omen-16/,Not found (404),P04_LOCATION_X_MODEL,404 expected,false,false,false,,location_x_attribute,sell notebook in ลำพูน by hp-omen-16 attribute,https://ร้านรับซื้อโน๊ตบุ๊ค.com/รับซื้อโน๊ตบุ๊ค/hp-omen-16/,medium,KEEP_404,"A generic attribute page exists, but it is not an equivalent replacement because it discards location intent; keep 404 and do not mass-redirect.",GSC export 2026-06-21; last crawl 2026-06-13; dist=false; sitemap=false; noindex=n/a; internal_links=0; no matching page-level performance row; template=none found,medium,P3,none,false
https://ร้านรับซื้อโน๊ตบุ๊ค.com/รับซื้อโน๊ตบุ๊ค/มุกดาหาร/lenovo-legion-5/,Not found (404),P04_LOCATION_X_MODEL,404 expected,false,false,false,,location_x_attribute,sell notebook in มุกดาหาร by lenovo-legion-5 attribute,https://ร้านรับซื้อโน๊ตบุ๊ค.com/รับซื้อโน๊ตบุ๊ค/lenovo-legion-5/,medium,KEEP_404,"A generic attribute page exists, but it is not an equivalent replacement because it discards location intent; keep 404 and do not mass-redirect.",GSC export 2026-06-21; last crawl 2026-06-13; dist=false; sitemap=false; noindex=n/a; internal_links=0; no matching page-level performance row; template=none found,medium,P3,none,false
https://ร้านรับซื้อโน๊ตบุ๊ค.com/รับซื้อโน๊ตบุ๊ค/ศรีสะเกษ/acer-nitro-17/,Not found (404),P04_LOCATION_X_MODEL,404 expected,false,false,false,,location_x_attribute,sell notebook in ศรีสะเกษ by acer-nitro-17 attribute,https://ร้านรับซื้อโน๊ตบุ๊ค.com/รับซื้อโน๊ตบุ๊ค/acer-nitro-17/,medium,KEEP_404,"A generic attribute page exists, but it is not an equivalent replacement because it discards location intent; keep 404 and do not mass-redirect.",GSC export 2026-06-21; last crawl 2026-06-13; dist=false; sitemap=false; noindex=n/a; internal_links=0; no matching page-level performance row; template=none found,medium,P3,none,false
https://ร้านรับซื้อโน๊ตบุ๊ค.com/รับซื้อโน๊ตบุ๊ค/กรุงเทพ/lg/,Not found (404),P04_LOCATION_X_MODEL,404 expected,false,false,false,,location_x_attribute,sell notebook in กรุงเทพ by lg attribute,https://ร้านรับซื้อโน๊ตบุ๊ค.com/รับซื้อโน๊ตบุ๊ค/lg/,medium,KEEP_404,"A generic attribute page exists, but it is not an equivalent replacement because it discards location intent; keep 404 and do not mass-redirect.",GSC export 2026-06-21; last crawl 2026-06-13; dist=false; sitemap=false; noindex=n/a; internal_links=0; no matching page-level performance row; template=none found,medium,P3,none,false
https://ร้านรับซื้อโน๊ตบุ๊ค.com/รับซื้อโน๊ตบุ๊ค/กรุงเทพ/alienware-m15-r7-r8/,Not found (404),P04_LOCATION_X_MODEL,404 expected,false,false,false,,location_x_attribute,sell notebook in กรุงเทพ by alienware-m15-r7-r8 attribute,https://ร้านรับซื้อโน๊ตบุ๊ค.com/รับซื้อโน๊ตบุ๊ค/alienware-m15-r7-r8/,medium,KEEP_404,"A generic attribute page exists, but it is not an equivalent replacement because it discards location intent; keep 404 and do not mass-redirect.",GSC export 2026-06-21; last crawl 2026-06-13; dist=false; sitemap=false; noindex=n/a; internal_links=0; no matching page-level performance row; template=none found,medium,P3,none,false
https://ร้านรับซื้อโน๊ตบุ๊ค.com/รับซื้อโน๊ตบุ๊ค/หนองคาย/hp-spectre-x360/,Not found (404),P04_LOCATION_X_MODEL,404 expected,false,false,false,,location_x_attribute,sell notebook in หนองคาย by hp-spectre-x360 attribute,https://ร้านรับซื้อโน๊ตบุ๊ค.com/รับซื้อโน๊ตบุ๊ค/hp-spectre-x360/,medium,KEEP_404,"A generic attribute page exists, but it is not an equivalent replacement because it discards location intent; keep 404 and do not mass-redirect.",GSC export 2026-06-21; last crawl 2026-06-13; dist=false; sitemap=false; noindex=n/a; internal_links=0; no matching page-level performance row; template=none found,medium,P3,none,false
https://ร้านรับซื้อโน๊ตบุ๊ค.com/รับซื้อโน๊ตบุ๊ค/น่าน/บอดี้แตก/,Not found (404),P03_LOCATION_X_CONDITION,404 expected,false,false,false,,location_x_attribute,sell notebook in น่าน by บอดี้แตก attribute,https://ร้านรับซื้อโน๊ตบุ๊ค.com/รับซื้อโน๊ตบุ๊ค/บอดี้แตก/,medium,KEEP_404,"A generic attribute page exists, but it is not an equivalent replacement because it discards location intent; keep 404 and do not mass-redirect.",GSC export 2026-06-21; last crawl 2026-06-13; dist=false; sitemap=false; noindex=n/a; internal_links=0; no matching page-level performance row; template=none found,medium,P3,none,false
https://ร้านรับซื้อโน๊ตบุ๊ค.com/รับซื้อโน๊ตบุ๊ค/ราชบุรี/macbook-mdm/,Not found (404),P04_LOCATION_X_MODEL,404 expected,false,false,false,,location_x_attribute,sell notebook in ราชบุรี by macbook-mdm attribute,https://ร้านรับซื้อโน๊ตบุ๊ค.com/รับซื้อโน๊ตบุ๊ค/macbook-mdm/,medium,KEEP_404,"A generic attribute page exists, but it is not an equivalent replacement because it discards location intent; keep 404 and do not mass-redirect.",GSC export 2026-06-21; last crawl 2026-06-13; dist=false; sitemap=false; noindex=n/a; internal_links=0; no matching page-level performance row; template=none found,medium,P3,none,false
https://ร้านรับซื้อโน๊ตบุ๊ค.com/รับซื้อโน๊ตบุ๊ค/นนทบุรี/macbook-air-m4/,Not found (404),P04_LOCATION_X_MODEL,404 expected,false,false,false,,location_x_attribute,sell notebook in นนทบุรี by macbook-air-m4 attribute,https://ร้านรับซื้อโน๊ตบุ๊ค.com/รับซื้อโน๊ตบุ๊ค/macbook-air-m4/,medium,KEEP_404,"A generic attribute page exists, but it is not an equivalent replacement because it discards location intent; keep 404 and do not mass-redirect.",GSC export 2026-06-21; last crawl 2026-06-13; dist=false; sitemap=false; noindex=n/a; internal_links=0; no matching page-level performance row; template=none found,medium,P3,none,false
https://ร้านรับซื้อโน๊ตบุ๊ค.com/รับซื้อโน๊ตบุ๊ค/พังงา/honor-magicbook/,Not found (404),P04_LOCATION_X_MODEL,404 expected,false,false,false,,location_x_attribute,sell notebook in พังงา by honor-magicbook attribute,https://ร้านรับซื้อโน๊ตบุ๊ค.com/รับซื้อโน๊ตบุ๊ค/honor-magicbook/,medium,KEEP_404,"A generic attribute page exists, but it is not an equivalent replacement because it discards location intent; keep 404 and do not mass-redirect.",GSC export 2026-06-21; last crawl 2026-06-13; dist=false; sitemap=false; noindex=n/a; internal_links=0; no matching page-level performance row; template=none found,medium,P3,none,false
https://ร้านรับซื้อโน๊ตบุ๊ค.com/รับซื้อโน๊ตบุ๊ค/หาดใหญ่/asus-vivobook/,Not found (404),P04_LOCATION_X_MODEL,404 expected,false,false,false,,location_x_attribute,sell notebook in หาดใหญ่ by asus-vivobook attribute,https://ร้านรับซื้อโน๊ตบุ๊ค.com/รับซื้อโน๊ตบุ๊ค/asus-vivobook/,medium,KEEP_404,"A generic attribute page exists, but it is not an equivalent replacement because it discards location intent; keep 404 and do not mass-redirect.",GSC export 2026-06-21; last crawl 2026-06-13; dist=false; sitemap=false; noindex=n/a; internal_links=0; no matching page-level performance row; template=none found,medium,P3,none,false
https://ร้านรับซื้อโน๊ตบุ๊ค.com/รับซื้อโน๊ตบุ๊ค/ชลบุรี/alienware-m16/,Not found (404),P04_LOCATION_X_MODEL,404 expected,false,false,false,,location_x_attribute,sell notebook in ชลบุรี by alienware-m16 attribute,https://ร้านรับซื้อโน๊ตบุ๊ค.com/รับซื้อโน๊ตบุ๊ค/alienware-m16/,medium,KEEP_404,"A generic attribute page exists, but it is not an equivalent replacement because it discards location intent; keep 404 and do not mass-redirect.",GSC export 2026-06-21; last crawl 2026-06-13; dist=false; sitemap=false; noindex=n/a; internal_links=0; no matching page-level performance row; template=none found,medium,P3,none,false
https://ร้านรับซื้อโน๊ตบุ๊ค.com/รับซื้อโน๊ตบุ๊ค/น่าน/พอร์ตแลนเสีย/,Not found (404),P03_LOCATION_X_CONDITION,404 expected,false,false,false,,location_x_attribute,sell notebook in น่าน by พอร์ตแลนเสีย attribute,https://ร้านรับซื้อโน๊ตบุ๊ค.com/รับซื้อโน๊ตบุ๊ค/พอร์ตแลนเสีย/,medium,KEEP_404,"A generic attribute page exists, but it is not an equivalent replacement because it discards location intent; keep 404 and do not mass-redirect.",GSC export 2026-06-21; last crawl 2026-06-13; dist=false; sitemap=false; noindex=n/a; internal_links=0; no matching page-level performance row; template=none found,medium,P3,none,false
https://ร้านรับซื้อโน๊ตบุ๊ค.com/รับซื้อโน๊ตบุ๊ค/ปทุมธานี/acer-predator-helios/,Not found (404),P04_LOCATION_X_MODEL,404 expected,false,false,false,,location_x_attribute,sell notebook in ปทุมธานี by acer-predator-helios attribute,https://ร้านรับซื้อโน๊ตบุ๊ค.com/รับซื้อโน๊ตบุ๊ค/acer-predator-helios/,medium,KEEP_404,"A generic attribute page exists, but it is not an equivalent replacement because it discards location intent; keep 404 and do not mass-redirect.",GSC export 2026-06-21; last crawl 2026-06-13; dist=false; sitemap=false; noindex=n/a; internal_links=0; no matching page-level performance row; template=none found,medium,P3,none,false
https://ร้านรับซื้อโน๊ตบุ๊ค.com/รับซื้อโน๊ตบุ๊ค/ปัตตานี/macbook-battery-health/,Not found (404),P04_LOCATION_X_MODEL,404 expected,false,false,false,,location_x_attribute,sell notebook in ปัตตานี by macbook-battery-health attribute,https://ร้านรับซื้อโน๊ตบุ๊ค.com/รับซื้อโน๊ตบุ๊ค/macbook-battery-health/,medium,KEEP_404,"A generic attribute page exists, but it is not an equivalent replacement because it discards location intent; keep 404 and do not mass-redirect.",GSC export 2026-06-21; last crawl 2026-06-13; dist=false; sitemap=false; noindex=n/a; internal_links=0; no matching page-level performance row; template=none found,medium,P3,none,false
https://ร้านรับซื้อโน๊ตบุ๊ค.com/รับซื้อโน๊ตบุ๊ค/ราชบุรี/macbook-air-m5/,Not found (404),P04_LOCATION_X_MODEL,404 expected,false,false,false,,location_x_attribute,sell notebook in ราชบุรี by macbook-air-m5 attribute,https://ร้านรับซื้อโน๊ตบุ๊ค.com/รับซื้อโน๊ตบุ๊ค/macbook-air-m5/,medium,KEEP_404,"A generic attribute page exists, but it is not an equivalent replacement because it discards location intent; keep 404 and do not mass-redirect.",GSC export 2026-06-21; last crawl 2026-06-13; dist=false; sitemap=false; noindex=n/a; internal_links=0; no matching page-level performance row; template=none found,medium,P3,none,false
https://ร้านรับซื้อโน๊ตบุ๊ค.com/รับซื้อโน๊ตบุ๊ค/ลำพูน/asus-expertbook/,Not found (404),P04_LOCATION_X_MODEL,404 expected,false,false,false,,location_x_attribute,sell notebook in ลำพูน by asus-expertbook attribute,https://ร้านรับซื้อโน๊ตบุ๊ค.com/รับซื้อโน๊ตบุ๊ค/asus-expertbook/,medium,KEEP_404,"A generic attribute page exists, but it is not an equivalent replacement because it discards location intent; keep 404 and do not mass-redirect.",GSC export 2026-06-21; last crawl 2026-06-13; dist=false; sitemap=false; noindex=n/a; internal_links=0; no matching page-level performance row; template=none found,medium,P3,none,false
https://ร้านรับซื้อโน๊ตบุ๊ค.com/รับซื้อโน๊ตบุ๊ค/ศรีสะเกษ/acer-travelmate/,Not found (404),P04_LOCATION_X_MODEL,404 expected,false,false,false,,location_x_attribute,sell notebook in ศรีสะเกษ by acer-travelmate attribute,https://ร้านรับซื้อโน๊ตบุ๊ค.com/รับซื้อโน๊ตบุ๊ค/acer-travelmate/,medium,KEEP_404,"A generic attribute page exists, but it is not an equivalent replacement because it discards location intent; keep 404 and do not mass-redirect.",GSC export 2026-06-21; last crawl 2026-06-13; dist=false; sitemap=false; noindex=n/a; internal_links=0; no matching page-level performance row; template=none found,medium,P3,none,false
https://ร้านรับซื้อโน๊ตบุ๊ค.com/รับซื้อโน๊ตบุ๊ค/ชลบุรี/macbook-battery-health/,Not found (404),P04_LOCATION_X_MODEL,404 expected,false,false,false,,location_x_attribute,sell notebook in ชลบุรี by macbook-battery-health attribute,https://ร้านรับซื้อโน๊ตบุ๊ค.com/รับซื้อโน๊ตบุ๊ค/macbook-battery-health/,medium,KEEP_404,"A generic attribute page exists, but it is not an equivalent replacement because it discards location intent; keep 404 and do not mass-redirect.",GSC export 2026-06-21; last crawl 2026-06-13; dist=false; sitemap=false; noindex=n/a; internal_links=0; no matching page-level performance row; template=none found,medium,P3,none,false
https://ร้านรับซื้อโน๊ตบุ๊ค.com/รับซื้อโน๊ตบุ๊ค/เลย/lenovo-ideapad-3-5/,Not found (404),P04_LOCATION_X_MODEL,404 expected,false,false,false,,location_x_attribute,sell notebook in เลย by lenovo-ideapad-3-5 attribute,https://ร้านรับซื้อโน๊ตบุ๊ค.com/รับซื้อโน๊ตบุ๊ค/lenovo-ideapad-3-5/,medium,KEEP_404,"A generic attribute page exists, but it is not an equivalent replacement because it discards location intent; keep 404 and do not mass-redirect.",GSC export 2026-06-21; last crawl 2026-06-13; dist=false; sitemap=false; noindex=n/a; internal_links=0; no matching page-level performance row; template=none found,medium,P3,none,false
https://ร้านรับซื้อโน๊ตบุ๊ค.com/รับซื้อโน๊ตบุ๊ค/ภูเก็ต/msi-stealth-14/,Not found (404),P04_LOCATION_X_MODEL,404 expected,false,false,false,,location_x_attribute,sell notebook in ภูเก็ต by msi-stealth-14 attribute,https://ร้านรับซื้อโน๊ตบุ๊ค.com/รับซื้อโน๊ตบุ๊ค/msi-stealth-14/,medium,KEEP_404,"A generic attribute page exists, but it is not an equivalent replacement because it discards location intent; keep 404 and do not mass-redirect.",GSC export 2026-06-21; last crawl 2026-06-13; dist=false; sitemap=false; noindex=n/a; internal_links=0; no matching page-level performance row; template=none found,medium,P3,none,false
https://ร้านรับซื้อโน๊ตบุ๊ค.com/รับซื้อโน๊ตบุ๊ค/หาดใหญ่/macbook-pro-m2/,Not found (404),P04_LOCATION_X_MODEL,404 expected,false,false,false,,location_x_attribute,sell notebook in หาดใหญ่ by macbook-pro-m2 attribute,https://ร้านรับซื้อโน๊ตบุ๊ค.com/รับซื้อโน๊ตบุ๊ค/macbook-pro-m2/,medium,KEEP_404,"A generic attribute page exists, but it is not an equivalent replacement because it discards location intent; keep 404 and do not mass-redirect.",GSC export 2026-06-21; last crawl 2026-06-13; dist=false; sitemap=false; noindex=n/a; internal_links=0; no matching page-level performance row; template=none found,medium,P3,none,false
https://ร้านรับซื้อโน๊ตบุ๊ค.com/รับซื้อโน๊ตบุ๊ค/แพร่/acer-predator-helios/,Not found (404),P04_LOCATION_X_MODEL,404 expected,false,false,false,,location_x_attribute,sell notebook in แพร่ by acer-predator-helios attribute,https://ร้านรับซื้อโน๊ตบุ๊ค.com/รับซื้อโน๊ตบุ๊ค/acer-predator-helios/,medium,KEEP_404,"A generic attribute page exists, but it is not an equivalent replacement because it discards location intent; keep 404 and do not mass-redirect.",GSC export 2026-06-21; last crawl 2026-06-13; dist=false; sitemap=false; noindex=n/a; internal_links=0; no matching page-level performance row; template=none found,medium,P3,none,false
https://ร้านรับซื้อโน๊ตบุ๊ค.com/รับซื้อโน๊ตบุ๊ค/แพร่/lenovo-legion-pro-7/,Not found (404),P04_LOCATION_X_MODEL,404 expected,false,false,false,,location_x_attribute,sell notebook in แพร่ by lenovo-legion-pro-7 attribute,https://ร้านรับซื้อโน๊ตบุ๊ค.com/รับซื้อโน๊ตบุ๊ค/lenovo-legion-pro-7/,medium,KEEP_404,"A generic attribute page exists, but it is not an equivalent replacement because it discards location intent; keep 404 and do not mass-redirect.",GSC export 2026-06-21; last crawl 2026-06-13; dist=false; sitemap=false; noindex=n/a; internal_links=0; no matching page-level performance row; template=none found,medium,P3,none,false
https://ร้านรับซื้อโน๊ตบุ๊ค.com/รับซื้อโน๊ตบุ๊ค/สตูล/lenovo-loq-15-16/,Not found (404),P04_LOCATION_X_MODEL,404 expected,false,false,false,,location_x_attribute,sell notebook in สตูล by lenovo-loq-15-16 attribute,https://ร้านรับซื้อโน๊ตบุ๊ค.com/รับซื้อโน๊ตบุ๊ค/lenovo-loq-15-16/,medium,KEEP_404,"A generic attribute page exists, but it is not an equivalent replacement because it discards location intent; keep 404 and do not mass-redirect.",GSC export 2026-06-21; last crawl 2026-06-13; dist=false; sitemap=false; noindex=n/a; internal_links=0; no matching page-level performance row; template=none found,medium,P3,none,false
https://ร้านรับซื้อโน๊ตบุ๊ค.com/รับซื้อโน๊ตบุ๊ค/กำแพงเพชร/hp-elitebook/,Not found (404),P04_LOCATION_X_MODEL,404 expected,false,false,false,,location_x_attribute,sell notebook in กำแพงเพชร by hp-elitebook attribute,https://ร้านรับซื้อโน๊ตบุ๊ค.com/รับซื้อโน๊ตบุ๊ค/hp-elitebook/,medium,KEEP_404,"A generic attribute page exists, but it is not an equivalent replacement because it discards location intent; keep 404 and do not mass-redirect.",GSC export 2026-06-21; last crawl 2026-06-13; dist=false; sitemap=false; noindex=n/a; internal_links=0; no matching page-level performance row; template=none found,medium,P3,none,false
https://ร้านรับซื้อโน๊ตบุ๊ค.com/รับซื้อโน๊ตบุ๊ค/ตาก/thinkpad-x1-carbon/,Not found (404),P04_LOCATION_X_MODEL,404 expected,false,false,false,,location_x_attribute,sell notebook in ตาก by thinkpad-x1-carbon attribute,https://ร้านรับซื้อโน๊ตบุ๊ค.com/รับซื้อโน๊ตบุ๊ค/thinkpad-x1-carbon/,medium,KEEP_404,"A generic attribute page exists, but it is not an equivalent replacement because it discards location intent; keep 404 and do not mass-redirect.",GSC export 2026-06-21; last crawl 2026-06-13; dist=false; sitemap=false; noindex=n/a; internal_links=0; no matching page-level performance row; template=none found,medium,P3,none,false
https://ร้านรับซื้อโน๊ตบุ๊ค.com/รับซื้อโน๊ตบุ๊ค/สมุทรสาคร/macbook-battery-swollen/,Not found (404),P04_LOCATION_X_MODEL,404 expected,false,false,false,,location_x_attribute,sell notebook in สมุทรสาคร by macbook-battery-swollen attribute,https://ร้านรับซื้อโน๊ตบุ๊ค.com/รับซื้อโน๊ตบุ๊ค/macbook-battery-swollen/,medium,KEEP_404,"A generic attribute page exists, but it is not an equivalent replacement because it discards location intent; keep 404 and do not mass-redirect.",GSC export 2026-06-21; last crawl 2026-06-13; dist=false; sitemap=false; noindex=n/a; internal_links=0; no matching page-level performance row; template=none found,medium,P3,none,false
https://ร้านรับซื้อโน๊ตบุ๊ค.com/รับซื้อโน๊ตบุ๊ค/พิษณุโลก/acer-aspire-5/,Not found (404),P04_LOCATION_X_MODEL,404 expected,false,false,false,,location_x_attribute,sell notebook in พิษณุโลก by acer-aspire-5 attribute,https://ร้านรับซื้อโน๊ตบุ๊ค.com/รับซื้อโน๊ตบุ๊ค/acer-aspire-5/,medium,KEEP_404,"A generic attribute page exists, but it is not an equivalent replacement because it discards location intent; keep 404 and do not mass-redirect.",GSC export 2026-06-21; last crawl 2026-06-13; dist=false; sitemap=false; noindex=n/a; internal_links=0; no matching page-level performance row; template=none found,medium,P3,none,false
https://ร้านรับซื้อโน๊ตบุ๊ค.com/รับซื้อโน๊ตบุ๊ค/หนองคาย/gigabyte/,Not found (404),P04_LOCATION_X_MODEL,404 expected,false,false,false,,location_x_attribute,sell notebook in หนองคาย by gigabyte attribute,https://ร้านรับซื้อโน๊ตบุ๊ค.com/รับซื้อโน๊ตบุ๊ค/gigabyte/,medium,KEEP_404,"A generic attribute page exists, but it is not an equivalent replacement because it discards location intent; keep 404 and do not mass-redirect.",GSC export 2026-06-21; last crawl 2026-06-13; dist=false; sitemap=false; noindex=n/a; internal_links=0; no matching page-level performance row; template=none found,medium,P3,none,false
https://ร้านรับซื้อโน๊ตบุ๊ค.com/รับซื้อโน๊ตบุ๊ค/ลำปาง/acer-aspire-5/,Not found (404),P04_LOCATION_X_MODEL,404 expected,false,false,false,,location_x_attribute,sell notebook in ลำปาง by acer-aspire-5 attribute,https://ร้านรับซื้อโน๊ตบุ๊ค.com/รับซื้อโน๊ตบุ๊ค/acer-aspire-5/,medium,KEEP_404,"A generic attribute page exists, but it is not an equivalent replacement because it discards location intent; keep 404 and do not mass-redirect.",GSC export 2026-06-21; last crawl 2026-06-13; dist=false; sitemap=false; noindex=n/a; internal_links=0; no matching page-level performance row; template=none found,medium,P3,none,false
https://ร้านรับซื้อโน๊ตบุ๊ค.com/รับซื้อโน๊ตบุ๊ค/นครราชสีมา/macbook-battery-swollen/,Not found (404),P04_LOCATION_X_MODEL,404 expected,false,false,false,,location_x_attribute,sell notebook in นครราชสีมา by macbook-battery-swollen attribute,https://ร้านรับซื้อโน๊ตบุ๊ค.com/รับซื้อโน๊ตบุ๊ค/macbook-battery-swollen/,medium,KEEP_404,"A generic attribute page exists, but it is not an equivalent replacement because it discards location intent; keep 404 and do not mass-redirect.",GSC export 2026-06-21; last crawl 2026-06-13; dist=false; sitemap=false; noindex=n/a; internal_links=0; no matching page-level performance row; template=none found,medium,P3,none,false
https://ร้านรับซื้อโน๊ตบุ๊ค.com/รับซื้อโน๊ตบุ๊ค/ภูเก็ต/จอมีเส้น/,Not found (404),P04_LOCATION_X_MODEL,404 expected,false,false,false,,location_x_attribute,sell notebook in ภูเก็ต by จอมีเส้น attribute,https://ร้านรับซื้อโน๊ตบุ๊ค.com/รับซื้อโน๊ตบุ๊ค/จอมีเส้น/,medium,KEEP_404,"A generic attribute page exists, but it is not an equivalent replacement because it discards location intent; keep 404 and do not mass-redirect.",GSC export 2026-06-21; last crawl 2026-06-13; dist=false; sitemap=false; noindex=n/a; internal_links=0; no matching page-level performance row; template=none found,medium,P3,none,false
https://ร้านรับซื้อโน๊ตบุ๊ค.com/รับซื้อโน๊ตบุ๊ค/ขอนแก่น/macbook-pro-16/,Not found (404),P04_LOCATION_X_MODEL,404 expected,false,false,false,,location_x_attribute,sell notebook in ขอนแก่น by macbook-pro-16 attribute,https://ร้านรับซื้อโน๊ตบุ๊ค.com/รับซื้อโน๊ตบุ๊ค/macbook-pro-16/,medium,KEEP_404,"A generic attribute page exists, but it is not an equivalent replacement because it discards location intent; keep 404 and do not mass-redirect.",GSC export 2026-06-21; last crawl 2026-06-13; dist=false; sitemap=false; noindex=n/a; internal_links=0; no matching page-level performance row; template=none found,medium,P3,none,false
https://ร้านรับซื้อโน๊ตบุ๊ค.com/รับซื้อโน๊ตบุ๊ค/สุราษฎร์ธานี/surface-laptop/,Not found (404),P04_LOCATION_X_MODEL,404 expected,false,false,false,,location_x_attribute,sell notebook in สุราษฎร์ธานี by surface-laptop attribute,https://ร้านรับซื้อโน๊ตบุ๊ค.com/รับซื้อโน๊ตบุ๊ค/surface-laptop/,medium,KEEP_404,"A generic attribute page exists, but it is not an equivalent replacement because it discards location intent; keep 404 and do not mass-redirect.",GSC export 2026-06-21; last crawl 2026-06-13; dist=false; sitemap=false; noindex=n/a; internal_links=0; no matching page-level performance row; template=none found,medium,P3,none,false
https://ร้านรับซื้อโน๊ตบุ๊ค.com/รับซื้อโน๊ตบุ๊ค/ชุมพร/ช่องหูฟังเสีย/,Not found (404),P03_LOCATION_X_CONDITION,404 expected,false,false,false,,location_x_attribute,sell notebook in ชุมพร by ช่องหูฟังเสีย attribute,https://ร้านรับซื้อโน๊ตบุ๊ค.com/รับซื้อโน๊ตบุ๊ค/ช่องหูฟังเสีย/,medium,KEEP_404,"A generic attribute page exists, but it is not an equivalent replacement because it discards location intent; keep 404 and do not mass-redirect.",GSC export 2026-06-21; last crawl 2026-06-13; dist=false; sitemap=false; noindex=n/a; internal_links=0; no matching page-level performance row; template=none found,medium,P3,none,false
https://ร้านรับซื้อโน๊ตบุ๊ค.com/รับซื้อโน๊ตบุ๊ค/ปราจีนบุรี/dell-latitude/,Not found (404),P04_LOCATION_X_MODEL,404 expected,false,false,false,,location_x_attribute,sell notebook in ปราจีนบุรี by dell-latitude attribute,https://ร้านรับซื้อโน๊ตบุ๊ค.com/รับซื้อโน๊ตบุ๊ค/dell-latitude/,medium,KEEP_404,"A generic attribute page exists, but it is not an equivalent replacement because it discards location intent; keep 404 and do not mass-redirect.",GSC export 2026-06-21; last crawl 2026-06-13; dist=false; sitemap=false; noindex=n/a; internal_links=0; no matching page-level performance row; template=none found,medium,P3,none,false
https://ร้านรับซื้อโน๊ตบุ๊ค.com/รับซื้อโน๊ตบุ๊ค/สุรินทร์/alienware-m15-r7-r8/,Not found (404),P04_LOCATION_X_MODEL,404 expected,false,false,false,,location_x_attribute,sell notebook in สุรินทร์ by alienware-m15-r7-r8 attribute,https://ร้านรับซื้อโน๊ตบุ๊ค.com/รับซื้อโน๊ตบุ๊ค/alienware-m15-r7-r8/,medium,KEEP_404,"A generic attribute page exists, but it is not an equivalent replacement because it discards location intent; keep 404 and do not mass-redirect.",GSC export 2026-06-21; last crawl 2026-06-13; dist=false; sitemap=false; noindex=n/a; internal_links=0; no matching page-level performance row; template=none found,medium,P3,none,false
https://ร้านรับซื้อโน๊ตบุ๊ค.com/รับซื้อโน๊ตบุ๊ค/สมุทรปราการ/macbook-pro-m1/,Not found (404),P04_LOCATION_X_MODEL,404 expected,false,false,false,,location_x_attribute,sell notebook in สมุทรปราการ by macbook-pro-m1 attribute,https://ร้านรับซื้อโน๊ตบุ๊ค.com/รับซื้อโน๊ตบุ๊ค/macbook-pro-m1/,medium,KEEP_404,"A generic attribute page exists, but it is not an equivalent replacement because it discards location intent; keep 404 and do not mass-redirect.",GSC export 2026-06-21; last crawl 2026-06-13; dist=false; sitemap=false; noindex=n/a; internal_links=0; no matching page-level performance row; template=none found,medium,P3,none,false
https://ร้านรับซื้อโน๊ตบุ๊ค.com/รับซื้อโน๊ตบุ๊ค/นครศรีธรรมราช/asus-rog-strix/,Not found (404),P04_LOCATION_X_MODEL,404 expected,false,false,false,,location_x_attribute,sell notebook in นครศรีธรรมราช by asus-rog-strix attribute,https://ร้านรับซื้อโน๊ตบุ๊ค.com/รับซื้อโน๊ตบุ๊ค/asus-rog-strix/,medium,KEEP_404,"A generic attribute page exists, but it is not an equivalent replacement because it discards location intent; keep 404 and do not mass-redirect.",GSC export 2026-06-21; last crawl 2026-06-13; dist=false; sitemap=false; noindex=n/a; internal_links=0; no matching page-level performance row; template=none found,medium,P3,none,false
https://ร้านรับซื้อโน๊ตบุ๊ค.com/รับซื้อโน๊ตบุ๊ค/ตาก/hp-spectre-x360/,Not found (404),P04_LOCATION_X_MODEL,404 expected,false,false,false,,location_x_attribute,sell notebook in ตาก by hp-spectre-x360 attribute,https://ร้านรับซื้อโน๊ตบุ๊ค.com/รับซื้อโน๊ตบุ๊ค/hp-spectre-x360/,medium,KEEP_404,"A generic attribute page exists, but it is not an equivalent replacement because it discards location intent; keep 404 and do not mass-redirect.",GSC export 2026-06-21; last crawl 2026-06-13; dist=false; sitemap=false; noindex=n/a; internal_links=0; no matching page-level performance row; template=none found,medium,P3,none,false
https://ร้านรับซื้อโน๊ตบุ๊ค.com/รับซื้อโน๊ตบุ๊ค/ระยอง/acer-travelmate/,Not found (404),P04_LOCATION_X_MODEL,404 expected,false,false,false,,location_x_attribute,sell notebook in ระยอง by acer-travelmate attribute,https://ร้านรับซื้อโน๊ตบุ๊ค.com/รับซื้อโน๊ตบุ๊ค/acer-travelmate/,medium,KEEP_404,"A generic attribute page exists, but it is not an equivalent replacement because it discards location intent; keep 404 and do not mass-redirect.",GSC export 2026-06-21; last crawl 2026-06-13; dist=false; sitemap=false; noindex=n/a; internal_links=0; no matching page-level performance row; template=none found,medium,P3,none,false
https://ร้านรับซื้อโน๊ตบุ๊ค.com/รับซื้อโน๊ตบุ๊ค/เพชรบุรี/acer-predator-helios/,Not found (404),P04_LOCATION_X_MODEL,404 expected,false,false,false,,location_x_attribute,sell notebook in เพชรบุรี by acer-predator-helios attribute,https://ร้านรับซื้อโน๊ตบุ๊ค.com/รับซื้อโน๊ตบุ๊ค/acer-predator-helios/,medium,KEEP_404,"A generic attribute page exists, but it is not an equivalent replacement because it discards location intent; keep 404 and do not mass-redirect.",GSC export 2026-06-21; last crawl 2026-06-13; dist=false; sitemap=false; noindex=n/a; internal_links=0; no matching page-level performance row; template=none found,medium,P3,none,false
https://ร้านรับซื้อโน๊ตบุ๊ค.com/รับซื้อโน๊ตบุ๊ค/แม่ฮ่องสอน/honor-magicbook/,Not found (404),P04_LOCATION_X_MODEL,404 expected,false,false,false,,location_x_attribute,sell notebook in แม่ฮ่องสอน by honor-magicbook attribute,https://ร้านรับซื้อโน๊ตบุ๊ค.com/รับซื้อโน๊ตบุ๊ค/honor-magicbook/,medium,KEEP_404,"A generic attribute page exists, but it is not an equivalent replacement because it discards location intent; keep 404 and do not mass-redirect.",GSC export 2026-06-21; last crawl 2026-06-13; dist=false; sitemap=false; noindex=n/a; internal_links=0; no matching page-level performance row; template=none found,medium,P3,none,false
https://ร้านรับซื้อโน๊ตบุ๊ค.com/รับซื้อโน๊ตบุ๊ค/ระยอง/asus-zephyrus/,Not found (404),P04_LOCATION_X_MODEL,404 expected,false,false,false,,location_x_attribute,sell notebook in ระยอง by asus-zephyrus attribute,https://ร้านรับซื้อโน๊ตบุ๊ค.com/รับซื้อโน๊ตบุ๊ค/asus-zephyrus/,medium,KEEP_404,"A generic attribute page exists, but it is not an equivalent replacement because it discards location intent; keep 404 and do not mass-redirect.",GSC export 2026-06-21; last crawl 2026-06-13; dist=false; sitemap=false; noindex=n/a; internal_links=0; no matching page-level performance row; template=none found,medium,P3,none,false
https://ร้านรับซื้อโน๊ตบุ๊ค.com/รับซื้อโน๊ตบุ๊ค/สระบุรี/honor-magicbook/,Not found (404),P04_LOCATION_X_MODEL,404 expected,false,false,false,,location_x_attribute,sell notebook in สระบุรี by honor-magicbook attribute,https://ร้านรับซื้อโน๊ตบุ๊ค.com/รับซื้อโน๊ตบุ๊ค/honor-magicbook/,medium,KEEP_404,"A generic attribute page exists, but it is not an equivalent replacement because it discards location intent; keep 404 and do not mass-redirect.",GSC export 2026-06-21; last crawl 2026-06-13; dist=false; sitemap=false; noindex=n/a; internal_links=0; no matching page-level performance row; template=none found,medium,P3,none,false
https://ร้านรับซื้อโน๊ตบุ๊ค.com/รับซื้อโน๊ตบุ๊ค/แม่ฮ่องสอน/macbook-air-m5/,Not found (404),P04_LOCATION_X_MODEL,404 expected,false,false,false,,location_x_attribute,sell notebook in แม่ฮ่องสอน by macbook-air-m5 attribute,https://ร้านรับซื้อโน๊ตบุ๊ค.com/รับซื้อโน๊ตบุ๊ค/macbook-air-m5/,medium,KEEP_404,"A generic attribute page exists, but it is not an equivalent replacement because it discards location intent; keep 404 and do not mass-redirect.",GSC export 2026-06-21; last crawl 2026-06-13; dist=false; sitemap=false; noindex=n/a; internal_links=0; no matching page-level performance row; template=none found,medium,P3,none,false
https://ร้านรับซื้อโน๊ตบุ๊ค.com/รับซื้อโน๊ตบุ๊ค/ตรัง/samsung/,Not found (404),P04_LOCATION_X_MODEL,404 expected,false,false,false,,location_x_attribute,sell notebook in ตรัง by samsung attribute,https://ร้านรับซื้อโน๊ตบุ๊ค.com/รับซื้อโน๊ตบุ๊ค/samsung/,medium,KEEP_404,"A generic attribute page exists, but it is not an equivalent replacement because it discards location intent; keep 404 and do not mass-redirect.",GSC export 2026-06-21; last crawl 2026-06-13; dist=false; sitemap=false; noindex=n/a; internal_links=0; no matching page-level performance row; template=none found,medium,P3,none,false
https://ร้านรับซื้อโน๊ตบุ๊ค.com/รับซื้อโน๊ตบุ๊ค/สุโขทัย/acer-travelmate/,Not found (404),P04_LOCATION_X_MODEL,404 expected,false,false,false,,location_x_attribute,sell notebook in สุโขทัย by acer-travelmate attribute,https://ร้านรับซื้อโน๊ตบุ๊ค.com/รับซื้อโน๊ตบุ๊ค/acer-travelmate/,medium,KEEP_404,"A generic attribute page exists, but it is not an equivalent replacement because it discards location intent; keep 404 and do not mass-redirect.",GSC export 2026-06-21; last crawl 2026-06-13; dist=false; sitemap=false; noindex=n/a; internal_links=0; no matching page-level performance row; template=none found,medium,P3,none,false
https://ร้านรับซื้อโน๊ตบุ๊ค.com/รับซื้อโน๊ตบุ๊ค/เชียงใหม่/จอฟ้า/,Not found (404),P04_LOCATION_X_MODEL,404 expected,false,false,false,,location_x_attribute,sell notebook in เชียงใหม่ by จอฟ้า attribute,https://ร้านรับซื้อโน๊ตบุ๊ค.com/รับซื้อโน๊ตบุ๊ค/จอฟ้า/,medium,KEEP_404,"A generic attribute page exists, but it is not an equivalent replacement because it discards location intent; keep 404 and do not mass-redirect.",GSC export 2026-06-21; last crawl 2026-06-13; dist=false; sitemap=false; noindex=n/a; internal_links=0; no matching page-level performance row; template=none found,medium,P3,none,false
https://ร้านรับซื้อโน๊ตบุ๊ค.com/รับซื้อโน๊ตบุ๊ค/นนทบุรี/ค้างบ่อย/,Not found (404),P04_LOCATION_X_MODEL,404 expected,false,false,false,,location_x_attribute,sell notebook in นนทบุรี by ค้างบ่อย attribute,https://ร้านรับซื้อโน๊ตบุ๊ค.com/รับซื้อโน๊ตบุ๊ค/ค้างบ่อย/,medium,KEEP_404,"A generic attribute page exists, but it is not an equivalent replacement because it discards location intent; keep 404 and do not mass-redirect.",GSC export 2026-06-21; last crawl 2026-06-13; dist=false; sitemap=false; noindex=n/a; internal_links=0; no matching page-level performance row; template=none found,medium,P3,none,false
https://ร้านรับซื้อโน๊ตบุ๊ค.com/รับซื้อโน๊ตบุ๊ค/พะเยา/msi-modern/,Not found (404),P04_LOCATION_X_MODEL,404 expected,false,false,false,,location_x_attribute,sell notebook in พะเยา by msi-modern attribute,https://ร้านรับซื้อโน๊ตบุ๊ค.com/รับซื้อโน๊ตบุ๊ค/msi-modern/,medium,KEEP_404,"A generic attribute page exists, but it is not an equivalent replacement because it discards location intent; keep 404 and do not mass-redirect.",GSC export 2026-06-21; last crawl 2026-06-13; dist=false; sitemap=false; noindex=n/a; internal_links=0; no matching page-level performance row; template=none found,medium,P3,none,false
https://ร้านรับซื้อโน๊ตบุ๊ค.com/รับซื้อโน๊ตบุ๊ค/พัทยา/บลูทูธใช้ไม่ได้/,Not found (404),P04_LOCATION_X_MODEL,404 expected,false,false,false,,location_x_attribute,sell notebook in พัทยา by บลูทูธใช้ไม่ได้ attribute,https://ร้านรับซื้อโน๊ตบุ๊ค.com/รับซื้อโน๊ตบุ๊ค/บลูทูธใช้ไม่ได้/,medium,KEEP_404,"A generic attribute page exists, but it is not an equivalent replacement because it discards location intent; keep 404 and do not mass-redirect.",GSC export 2026-06-21; last crawl 2026-06-13; dist=false; sitemap=false; noindex=n/a; internal_links=0; no matching page-level performance row; template=none found,medium,P3,none,false
https://ร้านรับซื้อโน๊ตบุ๊ค.com/รับซื้อโน๊ตบุ๊ค/เชียงใหม่/macbook-air-m4/,Not found (404),P04_LOCATION_X_MODEL,404 expected,false,false,false,,location_x_attribute,sell notebook in เชียงใหม่ by macbook-air-m4 attribute,https://ร้านรับซื้อโน๊ตบุ๊ค.com/รับซื้อโน๊ตบุ๊ค/macbook-air-m4/,medium,KEEP_404,"A generic attribute page exists, but it is not an equivalent replacement because it discards location intent; keep 404 and do not mass-redirect.",GSC export 2026-06-21; last crawl 2026-06-13; dist=false; sitemap=false; noindex=n/a; internal_links=0; no matching page-level performance row; template=none found,medium,P3,none,false
https://ร้านรับซื้อโน๊ตบุ๊ค.com/รับซื้อโน๊ตบุ๊ค/ใกล้ฉัน/พอร์ตแลนเสีย/,Not found (404),P03_LOCATION_X_CONDITION,404 expected,false,false,false,,location_x_attribute,sell notebook in ใกล้ฉัน by พอร์ตแลนเสีย attribute,https://ร้านรับซื้อโน๊ตบุ๊ค.com/รับซื้อโน๊ตบุ๊ค/พอร์ตแลนเสีย/,medium,KEEP_404,"A generic attribute page exists, but it is not an equivalent replacement because it discards location intent; keep 404 and do not mass-redirect.",GSC export 2026-06-21; last crawl 2026-06-13; dist=false; sitemap=false; noindex=n/a; internal_links=0; no matching page-level performance row; template=none found,medium,P3,none,false
https://ร้านรับซื้อโน๊ตบุ๊ค.com/รับซื้อโน๊ตบุ๊ค/สตูล/macbook-pro-m4/,Not found (404),P04_LOCATION_X_MODEL,404 expected,false,false,false,,location_x_attribute,sell notebook in สตูล by macbook-pro-m4 attribute,https://ร้านรับซื้อโน๊ตบุ๊ค.com/รับซื้อโน๊ตบุ๊ค/macbook-pro-m4/,medium,KEEP_404,"A generic attribute page exists, but it is not an equivalent replacement because it discards location intent; keep 404 and do not mass-redirect.",GSC export 2026-06-21; last crawl 2026-06-13; dist=false; sitemap=false; noindex=n/a; internal_links=0; no matching page-level performance row; template=none found,medium,P3,none,false
https://ร้านรับซื้อโน๊ตบุ๊ค.com/รับซื้อโน๊ตบุ๊ค/นครปฐม/macbook-pro-m5/,Not found (404),P04_LOCATION_X_MODEL,404 expected,false,false,false,,location_x_attribute,sell notebook in นครปฐม by macbook-pro-m5 attribute,https://ร้านรับซื้อโน๊ตบุ๊ค.com/รับซื้อโน๊ตบุ๊ค/macbook-pro-m5/,medium,KEEP_404,"A generic attribute page exists, but it is not an equivalent replacement because it discards location intent; keep 404 and do not mass-redirect.",GSC export 2026-06-21; last crawl 2026-06-13; dist=false; sitemap=false; noindex=n/a; internal_links=0; no matching page-level performance row; template=none found,medium,P3,none,false
https://ร้านรับซื้อโน๊ตบุ๊ค.com/รับซื้อโน๊ตบุ๊ค/ลำพูน/ลำโพงเสีย/,Not found (404),P03_LOCATION_X_CONDITION,404 expected,false,false,false,,location_x_attribute,sell notebook in ลำพูน by ลำโพงเสีย attribute,https://ร้านรับซื้อโน๊ตบุ๊ค.com/รับซื้อโน๊ตบุ๊ค/ลำโพงเสีย/,medium,KEEP_404,"A generic attribute page exists, but it is not an equivalent replacement because it discards location intent; keep 404 and do not mass-redirect.",GSC export 2026-06-21; last crawl 2026-06-13; dist=false; sitemap=false; noindex=n/a; internal_links=0; no matching page-level performance row; template=none found,medium,P3,none,false
https://ร้านรับซื้อโน๊ตบุ๊ค.com/รับซื้อโน๊ตบุ๊ค/กระบี่/msi-stealth-14/,Not found (404),P04_LOCATION_X_MODEL,404 expected,false,false,false,,location_x_attribute,sell notebook in กระบี่ by msi-stealth-14 attribute,https://ร้านรับซื้อโน๊ตบุ๊ค.com/รับซื้อโน๊ตบุ๊ค/msi-stealth-14/,medium,KEEP_404,"A generic attribute page exists, but it is not an equivalent replacement because it discards location intent; keep 404 and do not mass-redirect.",GSC export 2026-06-21; last crawl 2026-06-13; dist=false; sitemap=false; noindex=n/a; internal_links=0; no matching page-level performance row; template=none found,medium,P3,none,false
https://ร้านรับซื้อโน๊ตบุ๊ค.com/รับซื้อโน๊ตบุ๊ค/นครราชสีมา/macbook-cycle-count/,Not found (404),P04_LOCATION_X_MODEL,404 expected,false,false,false,,location_x_attribute,sell notebook in นครราชสีมา by macbook-cycle-count attribute,https://ร้านรับซื้อโน๊ตบุ๊ค.com/รับซื้อโน๊ตบุ๊ค/macbook-cycle-count/,medium,KEEP_404,"A generic attribute page exists, but it is not an equivalent replacement because it discards location intent; keep 404 and do not mass-redirect.",GSC export 2026-06-21; last crawl 2026-06-13; dist=false; sitemap=false; noindex=n/a; internal_links=0; no matching page-level performance row; template=none found,medium,P3,none,false
https://ร้านรับซื้อโน๊ตบุ๊ค.com/รับซื้อโน๊ตบุ๊ค/พระราม2/msi-katana-15/,Not found (404),P04_LOCATION_X_MODEL,404 expected,false,false,false,,location_x_attribute,sell notebook in พระราม2 by msi-katana-15 attribute,https://ร้านรับซื้อโน๊ตบุ๊ค.com/รับซื้อโน๊ตบุ๊ค/msi-katana-15/,medium,KEEP_404,"A generic attribute page exists, but it is not an equivalent replacement because it discards location intent; keep 404 and do not mass-redirect.",GSC export 2026-06-21; last crawl 2026-06-13; dist=false; sitemap=false; noindex=n/a; internal_links=0; no matching page-level performance row; template=none found,medium,P3,none,false
https://ร้านรับซื้อโน๊ตบุ๊ค.com/รับซื้อโน๊ตบุ๊ค/ยโสธร/asus-zephyrus-g14/,Not found (404),P04_LOCATION_X_MODEL,404 expected,false,false,false,,location_x_attribute,sell notebook in ยโสธร by asus-zephyrus-g14 attribute,https://ร้านรับซื้อโน๊ตบุ๊ค.com/รับซื้อโน๊ตบุ๊ค/asus-zephyrus-g14/,medium,KEEP_404,"A generic attribute page exists, but it is not an equivalent replacement because it discards location intent; keep 404 and do not mass-redirect.",GSC export 2026-06-21; last crawl 2026-06-13; dist=false; sitemap=false; noindex=n/a; internal_links=0; no matching page-level performance row; template=none found,medium,P3,none,false
https://ร้านรับซื้อโน๊ตบุ๊ค.com/รับซื้อโน๊ตบุ๊ค/นครนายก/hdmi-เสีย/,Not found (404),P03_LOCATION_X_CONDITION,404 expected,false,false,false,,location_x_attribute,sell notebook in นครนายก by hdmi-เสีย attribute,https://ร้านรับซื้อโน๊ตบุ๊ค.com/รับซื้อโน๊ตบุ๊ค/hdmi-เสีย/,medium,KEEP_404,"A generic attribute page exists, but it is not an equivalent replacement because it discards location intent; keep 404 and do not mass-redirect.",GSC export 2026-06-21; last crawl 2026-06-13; dist=false; sitemap=false; noindex=n/a; internal_links=0; no matching page-level performance row; template=none found,medium,P3,none,false
https://ร้านรับซื้อโน๊ตบุ๊ค.com/รับซื้อโน๊ตบุ๊ค/ประจวบคีรีขันธ์/samsung/,Not found (404),P04_LOCATION_X_MODEL,404 expected,false,false,false,,location_x_attribute,sell notebook in ประจวบคีรีขันธ์ by samsung attribute,https://ร้านรับซื้อโน๊ตบุ๊ค.com/รับซื้อโน๊ตบุ๊ค/samsung/,medium,KEEP_404,"A generic attribute page exists, but it is not an equivalent replacement because it discards location intent; keep 404 and do not mass-redirect.",GSC export 2026-06-21; last crawl 2026-06-13; dist=false; sitemap=false; noindex=n/a; internal_links=0; no matching page-level performance row; template=none found,medium,P3,none,false
https://ร้านรับซื้อโน๊ตบุ๊ค.com/รับซื้อโน๊ตบุ๊ค/อุดรธานี/asus-zephyrus/,Not found (404),P04_LOCATION_X_MODEL,404 expected,false,false,false,,location_x_attribute,sell notebook in อุดรธานี by asus-zephyrus attribute,https://ร้านรับซื้อโน๊ตบุ๊ค.com/รับซื้อโน๊ตบุ๊ค/asus-zephyrus/,medium,KEEP_404,"A generic attribute page exists, but it is not an equivalent replacement because it discards location intent; keep 404 and do not mass-redirect.",GSC export 2026-06-21; last crawl 2026-06-13; dist=false; sitemap=false; noindex=n/a; internal_links=0; no matching page-level performance row; template=none found,medium,P3,none,false
https://ร้านรับซื้อโน๊ตบุ๊ค.com/รับซื้อโน๊ตบุ๊ค/บุรีรัมย์/acer-predator-helios/,Not found (404),P04_LOCATION_X_MODEL,404 expected,false,false,false,,location_x_attribute,sell notebook in บุรีรัมย์ by acer-predator-helios attribute,https://ร้านรับซื้อโน๊ตบุ๊ค.com/รับซื้อโน๊ตบุ๊ค/acer-predator-helios/,medium,KEEP_404,"A generic attribute page exists, but it is not an equivalent replacement because it discards location intent; keep 404 and do not mass-redirect.",GSC export 2026-06-21; last crawl 2026-06-13; dist=false; sitemap=false; noindex=n/a; internal_links=0; no matching page-level performance row; template=none found,medium,P3,none,false
https://ร้านรับซื้อโน๊ตบุ๊ค.com/รับซื้อโน๊ตบุ๊ค/เลย/dell-g15-g16/,Not found (404),P04_LOCATION_X_MODEL,404 expected,false,false,false,,location_x_attribute,sell notebook in เลย by dell-g15-g16 attribute,https://ร้านรับซื้อโน๊ตบุ๊ค.com/รับซื้อโน๊ตบุ๊ค/dell-g15-g16/,medium,KEEP_404,"A generic attribute page exists, but it is not an equivalent replacement because it discards location intent; keep 404 and do not mass-redirect.",GSC export 2026-06-21; last crawl 2026-06-13; dist=false; sitemap=false; noindex=n/a; internal_links=0; no matching page-level performance row; template=none found,medium,P3,none,false
https://ร้านรับซื้อโน๊ตบุ๊ค.com/รับซื้อโน๊ตบุ๊ค/สุโขทัย/msi-katana-15/,Not found (404),P04_LOCATION_X_MODEL,404 expected,false,false,false,,location_x_attribute,sell notebook in สุโขทัย by msi-katana-15 attribute,https://ร้านรับซื้อโน๊ตบุ๊ค.com/รับซื้อโน๊ตบุ๊ค/msi-katana-15/,medium,KEEP_404,"A generic attribute page exists, but it is not an equivalent replacement because it discards location intent; keep 404 and do not mass-redirect.",GSC export 2026-06-21; last crawl 2026-06-13; dist=false; sitemap=false; noindex=n/a; internal_links=0; no matching page-level performance row; template=none found,medium,P3,none,false
https://ร้านรับซื้อโน๊ตบุ๊ค.com/รับซื้อโน๊ตบุ๊ค/อยุธยา/msi-katana-15/,Not found (404),P04_LOCATION_X_MODEL,404 expected,false,false,false,,location_x_attribute,sell notebook in อยุธยา by msi-katana-15 attribute,https://ร้านรับซื้อโน๊ตบุ๊ค.com/รับซื้อโน๊ตบุ๊ค/msi-katana-15/,medium,KEEP_404,"A generic attribute page exists, but it is not an equivalent replacement because it discards location intent; keep 404 and do not mass-redirect.",GSC export 2026-06-21; last crawl 2026-06-13; dist=false; sitemap=false; noindex=n/a; internal_links=0; no matching page-level performance row; template=none found,medium,P3,none,false
https://ร้านรับซื้อโน๊ตบุ๊ค.com/รับซื้อโน๊ตบุ๊ค/ใกล้ฉัน/honor/,Not found (404),P04_LOCATION_X_MODEL,404 expected,false,false,false,,location_x_attribute,sell notebook in ใกล้ฉัน by honor attribute,https://ร้านรับซื้อโน๊ตบุ๊ค.com/รับซื้อโน๊ตบุ๊ค/honor/,medium,KEEP_404,"A generic attribute page exists, but it is not an equivalent replacement because it discards location intent; keep 404 and do not mass-redirect.",GSC export 2026-06-21; last crawl 2026-06-13; dist=false; sitemap=false; noindex=n/a; internal_links=0; no matching page-level performance row; template=none found,medium,P3,none,false
https://ร้านรับซื้อโน๊ตบุ๊ค.com/รับซื้อโน๊ตบุ๊ค/นครพนม/asus-vivobook/,Not found (404),P04_LOCATION_X_MODEL,404 expected,false,false,false,,location_x_attribute,sell notebook in นครพนม by asus-vivobook attribute,https://ร้านรับซื้อโน๊ตบุ๊ค.com/รับซื้อโน๊ตบุ๊ค/asus-vivobook/,medium,KEEP_404,"A generic attribute page exists, but it is not an equivalent replacement because it discards location intent; keep 404 and do not mass-redirect.",GSC export 2026-06-21; last crawl 2026-06-13; dist=false; sitemap=false; noindex=n/a; internal_links=0; no matching page-level performance row; template=none found,medium,P3,none,false
https://ร้านรับซื้อโน๊ตบุ๊ค.com/รับซื้อโน๊ตบุ๊ค/หนองคาย/บูตวน/,Not found (404),P03_LOCATION_X_CONDITION,404 expected,false,false,false,,location_x_attribute,sell notebook in หนองคาย by บูตวน attribute,https://ร้านรับซื้อโน๊ตบุ๊ค.com/รับซื้อโน๊ตบุ๊ค/บูตวน/,medium,KEEP_404,"A generic attribute page exists, but it is not an equivalent replacement because it discards location intent; keep 404 and do not mass-redirect.",GSC export 2026-06-21; last crawl 2026-06-13; dist=false; sitemap=false; noindex=n/a; internal_links=0; no matching page-level performance row; template=none found,medium,P3,none,false
https://ร้านรับซื้อโน๊ตบุ๊ค.com/รับซื้อโน๊ตบุ๊ค/พัทลุง/macbook-air-m5/,Not found (404),P04_LOCATION_X_MODEL,404 expected,false,false,false,,location_x_attribute,sell notebook in พัทลุง by macbook-air-m5 attribute,https://ร้านรับซื้อโน๊ตบุ๊ค.com/รับซื้อโน๊ตบุ๊ค/macbook-air-m5/,medium,KEEP_404,"A generic attribute page exists, but it is not an equivalent replacement because it discards location intent; keep 404 and do not mass-redirect.",GSC export 2026-06-21; last crawl 2026-06-13; dist=false; sitemap=false; noindex=n/a; internal_links=0; no matching page-level performance row; template=none found,medium,P3,none,false
https://ร้านรับซื้อโน๊ตบุ๊ค.com/รับซื้อโน๊ตบุ๊ค/ร้อยเอ็ด/alienware-x16/,Not found (404),P04_LOCATION_X_MODEL,404 expected,false,false,false,,location_x_attribute,sell notebook in ร้อยเอ็ด by alienware-x16 attribute,https://ร้านรับซื้อโน๊ตบุ๊ค.com/รับซื้อโน๊ตบุ๊ค/alienware-x16/,medium,KEEP_404,"A generic attribute page exists, but it is not an equivalent replacement because it discards location intent; keep 404 and do not mass-redirect.",GSC export 2026-06-21; last crawl 2026-06-13; dist=false; sitemap=false; noindex=n/a; internal_links=0; no matching page-level performance row; template=none found,medium,P3,none,false
https://ร้านรับซื้อโน๊ตบุ๊ค.com/รับซื้อโน๊ตบุ๊ค/เลย/ช่องหูฟังเสีย/,Not found (404),P03_LOCATION_X_CONDITION,404 expected,false,false,false,,location_x_attribute,sell notebook in เลย by ช่องหูฟังเสีย attribute,https://ร้านรับซื้อโน๊ตบุ๊ค.com/รับซื้อโน๊ตบุ๊ค/ช่องหูฟังเสีย/,medium,KEEP_404,"A generic attribute page exists, but it is not an equivalent replacement because it discards location intent; keep 404 and do not mass-redirect.",GSC export 2026-06-21; last crawl 2026-06-13; dist=false; sitemap=false; noindex=n/a; internal_links=0; no matching page-level performance row; template=none found,medium,P3,none,false
https://ร้านรับซื้อโน๊ตบุ๊ค.com/รับซื้อโน๊ตบุ๊ค/ชลบุรี/กล้องเสีย/,Not found (404),P03_LOCATION_X_CONDITION,404 expected,false,false,false,,location_x_attribute,sell notebook in ชลบุรี by กล้องเสีย attribute,https://ร้านรับซื้อโน๊ตบุ๊ค.com/รับซื้อโน๊ตบุ๊ค/กล้องเสีย/,medium,KEEP_404,"A generic attribute page exists, but it is not an equivalent replacement because it discards location intent; keep 404 and do not mass-redirect.",GSC export 2026-06-21; last crawl 2026-06-13; dist=false; sitemap=false; noindex=n/a; internal_links=0; no matching page-level performance row; template=none found,medium,P3,none,false
https://ร้านรับซื้อโน๊ตบุ๊ค.com/รับซื้อโน๊ตบุ๊ค/นนทบุรี/thinkpad-e14-e15/,Not found (404),P04_LOCATION_X_MODEL,404 expected,false,false,false,,location_x_attribute,sell notebook in นนทบุรี by thinkpad-e14-e15 attribute,https://ร้านรับซื้อโน๊ตบุ๊ค.com/รับซื้อโน๊ตบุ๊ค/thinkpad-e14-e15/,medium,KEEP_404,"A generic attribute page exists, but it is not an equivalent replacement because it discards location intent; keep 404 and do not mass-redirect.",GSC export 2026-06-21; last crawl 2026-06-13; dist=false; sitemap=false; noindex=n/a; internal_links=0; no matching page-level performance row; template=none found,medium,P3,none,false
https://ร้านรับซื้อโน๊ตบุ๊ค.com/รับซื้อโน๊ตบุ๊ค/พระราม2/alienware-m15-r7-r8/,Not found (404),P04_LOCATION_X_MODEL,404 expected,false,false,false,,location_x_attribute,sell notebook in พระราม2 by alienware-m15-r7-r8 attribute,https://ร้านรับซื้อโน๊ตบุ๊ค.com/รับซื้อโน๊ตบุ๊ค/alienware-m15-r7-r8/,medium,KEEP_404,"A generic attribute page exists, but it is not an equivalent replacement because it discards location intent; keep 404 and do not mass-redirect.",GSC export 2026-06-21; last crawl 2026-06-13; dist=false; sitemap=false; noindex=n/a; internal_links=0; no matching page-level performance row; template=none found,medium,P3,none,false
https://ร้านรับซื้อโน๊ตบุ๊ค.com/รับซื้อโน๊ตบุ๊ค/หนองบัวลำภู/macbook-air-m3/,Not found (404),P04_LOCATION_X_MODEL,404 expected,false,false,false,,location_x_attribute,sell notebook in หนองบัวลำภู by macbook-air-m3 attribute,https://ร้านรับซื้อโน๊ตบุ๊ค.com/รับซื้อโน๊ตบุ๊ค/macbook-air-m3/,medium,KEEP_404,"A generic attribute page exists, but it is not an equivalent replacement because it discards location intent; keep 404 and do not mass-redirect.",GSC export 2026-06-21; last crawl 2026-06-13; dist=false; sitemap=false; noindex=n/a; internal_links=0; no matching page-level performance row; template=none found,medium,P3,none,false
https://ร้านรับซื้อโน๊ตบุ๊ค.com/รับซื้อโน๊ตบุ๊ค/หนองบัวลำภู/msi-vector-16-hx/,Not found (404),P04_LOCATION_X_MODEL,404 expected,false,false,false,,location_x_attribute,sell notebook in หนองบัวลำภู by msi-vector-16-hx attribute,https://ร้านรับซื้อโน๊ตบุ๊ค.com/รับซื้อโน๊ตบุ๊ค/msi-vector-16-hx/,medium,KEEP_404,"A generic attribute page exists, but it is not an equivalent replacement because it discards location intent; keep 404 and do not mass-redirect.",GSC export 2026-06-21; last crawl 2026-06-13; dist=false; sitemap=false; noindex=n/a; internal_links=0; no matching page-level performance row; template=none found,medium,P3,none,false
https://ร้านรับซื้อโน๊ตบุ๊ค.com/รับซื้อโน๊ตบุ๊ค/อ่างทอง/dell-inspiron-15/,Not found (404),P04_LOCATION_X_MODEL,404 expected,false,false,false,,location_x_attribute,sell notebook in อ่างทอง by dell-inspiron-15 attribute,https://ร้านรับซื้อโน๊ตบุ๊ค.com/รับซื้อโน๊ตบุ๊ค/dell-inspiron-15/,medium,KEEP_404,"A generic attribute page exists, but it is not an equivalent replacement because it discards location intent; keep 404 and do not mass-redirect.",GSC export 2026-06-21; last crawl 2026-06-13; dist=false; sitemap=false; noindex=n/a; internal_links=0; no matching page-level performance row; template=none found,medium,P3,none,false
https://ร้านรับซื้อโน๊ตบุ๊ค.com/รับซื้อโน๊ตบุ๊ค/สมุทรปราการ/macbook-air-m1/,Not found (404),P04_LOCATION_X_MODEL,404 expected,false,false,false,,location_x_attribute,sell notebook in สมุทรปราการ by macbook-air-m1 attribute,https://ร้านรับซื้อโน๊ตบุ๊ค.com/รับซื้อโน๊ตบุ๊ค/macbook-air-m1/,medium,KEEP_404,"A generic attribute page exists, but it is not an equivalent replacement because it discards location intent; keep 404 and do not mass-redirect.",GSC export 2026-06-21; last crawl 2026-06-13; dist=false; sitemap=false; noindex=n/a; internal_links=0; no matching page-level performance row; template=none found,medium,P3,none,false
https://ร้านรับซื้อโน๊ตบุ๊ค.com/รับซื้อโน๊ตบุ๊ค/ศรีสะเกษ/msi-vector-16-hx/,Not found (404),P04_LOCATION_X_MODEL,404 expected,false,false,false,,location_x_attribute,sell notebook in ศรีสะเกษ by msi-vector-16-hx attribute,https://ร้านรับซื้อโน๊ตบุ๊ค.com/รับซื้อโน๊ตบุ๊ค/msi-vector-16-hx/,medium,KEEP_404,"A generic attribute page exists, but it is not an equivalent replacement because it discards location intent; keep 404 and do not mass-redirect.",GSC export 2026-06-21; last crawl 2026-06-13; dist=false; sitemap=false; noindex=n/a; internal_links=0; no matching page-level performance row; template=none found,medium,P3,none,false
https://ร้านรับซื้อโน๊ตบุ๊ค.com/รับซื้อโน๊ตบุ๊ค/ปัตตานี/acer-predator-neo/,Not found (404),P04_LOCATION_X_MODEL,404 expected,false,false,false,,location_x_attribute,sell notebook in ปัตตานี by acer-predator-neo attribute,https://ร้านรับซื้อโน๊ตบุ๊ค.com/รับซื้อโน๊ตบุ๊ค/acer-predator-neo/,medium,KEEP_404,"A generic attribute page exists, but it is not an equivalent replacement because it discards location intent; keep 404 and do not mass-redirect.",GSC export 2026-06-21; last crawl 2026-06-13; dist=false; sitemap=false; noindex=n/a; internal_links=0; no matching page-level performance row; template=none found,medium,P3,none,false
https://ร้านรับซื้อโน๊ตบุ๊ค.com/รับซื้อโน๊ตบุ๊ค/กรุงเทพ/gigabyte-aorus/,Not found (404),P04_LOCATION_X_MODEL,404 expected,false,false,false,,location_x_attribute,sell notebook in กรุงเทพ by gigabyte-aorus attribute,https://ร้านรับซื้อโน๊ตบุ๊ค.com/รับซื้อโน๊ตบุ๊ค/gigabyte-aorus/,medium,KEEP_404,"A generic attribute page exists, but it is not an equivalent replacement because it discards location intent; keep 404 and do not mass-redirect.",GSC export 2026-06-21; last crawl 2026-06-13; dist=false; sitemap=false; noindex=n/a; internal_links=0; no matching page-level performance row; template=none found,medium,P3,none,false
https://ร้านรับซื้อโน๊ตบุ๊ค.com/รับซื้อโน๊ตบุ๊ค/พระราม2/razer-blade/,Not found (404),P04_LOCATION_X_MODEL,404 expected,false,false,false,,location_x_attribute,sell notebook in พระราม2 by razer-blade attribute,https://ร้านรับซื้อโน๊ตบุ๊ค.com/รับซื้อโน๊ตบุ๊ค/razer-blade/,medium,KEEP_404,"A generic attribute page exists, but it is not an equivalent replacement because it discards location intent; keep 404 and do not mass-redirect.",GSC export 2026-06-21; last crawl 2026-06-13; dist=false; sitemap=false; noindex=n/a; internal_links=0; no matching page-level performance row; template=none found,medium,P3,none,false
https://ร้านรับซื้อโน๊ตบุ๊ค.com/รับซื้อโน๊ตบุ๊ค/พะเยา/samsung/,Not found (404),P04_LOCATION_X_MODEL,404 expected,false,false,false,,location_x_attribute,sell notebook in พะเยา by samsung attribute,https://ร้านรับซื้อโน๊ตบุ๊ค.com/รับซื้อโน๊ตบุ๊ค/samsung/,medium,KEEP_404,"A generic attribute page exists, but it is not an equivalent replacement because it discards location intent; keep 404 and do not mass-redirect.",GSC export 2026-06-21; last crawl 2026-06-13; dist=false; sitemap=false; noindex=n/a; internal_links=0; no matching page-level performance row; template=none found,medium,P3,none,false
https://ร้านรับซื้อโน๊ตบุ๊ค.com/รับซื้อโน๊ตบุ๊ค/สงขลา/msi-stealth-14/,Not found (404),P04_LOCATION_X_MODEL,404 expected,false,false,false,,location_x_attribute,sell notebook in สงขลา by msi-stealth-14 attribute,https://ร้านรับซื้อโน๊ตบุ๊ค.com/รับซื้อโน๊ตบุ๊ค/msi-stealth-14/,medium,KEEP_404,"A generic attribute page exists, but it is not an equivalent replacement because it discards location intent; keep 404 and do not mass-redirect.",GSC export 2026-06-21; last crawl 2026-06-13; dist=false; sitemap=false; noindex=n/a; internal_links=0; no matching page-level performance row; template=none found,medium,P3,none,false
https://ร้านรับซื้อโน๊ตบุ๊ค.com/รับซื้อโน๊ตบุ๊ค/ราชบุรี/thinkpad-x1-carbon/,Not found (404),P04_LOCATION_X_MODEL,404 expected,false,false,false,,location_x_attribute,sell notebook in ราชบุรี by thinkpad-x1-carbon attribute,https://ร้านรับซื้อโน๊ตบุ๊ค.com/รับซื้อโน๊ตบุ๊ค/thinkpad-x1-carbon/,medium,KEEP_404,"A generic attribute page exists, but it is not an equivalent replacement because it discards location intent; keep 404 and do not mass-redirect.",GSC export 2026-06-21; last crawl 2026-06-13; dist=false; sitemap=false; noindex=n/a; internal_links=0; no matching page-level performance row; template=none found,medium,P3,none,false
https://ร้านรับซื้อโน๊ตบุ๊ค.com/รับซื้อโน๊ตบุ๊ค/นครสวรรค์/huawei/,Not found (404),P04_LOCATION_X_MODEL,404 expected,false,false,false,,location_x_attribute,sell notebook in นครสวรรค์ by huawei attribute,https://ร้านรับซื้อโน๊ตบุ๊ค.com/รับซื้อโน๊ตบุ๊ค/huawei/,medium,KEEP_404,"A generic attribute page exists, but it is not an equivalent replacement because it discards location intent; keep 404 and do not mass-redirect.",GSC export 2026-06-21; last crawl 2026-06-13; dist=false; sitemap=false; noindex=n/a; internal_links=0; no matching page-level performance row; template=none found,medium,P3,none,false
https://ร้านรับซื้อโน๊ตบุ๊ค.com/รับซื้อโน๊ตบุ๊ค/สงขลา/ค้างบ่อย/,Not found (404),P04_LOCATION_X_MODEL,404 expected,false,false,false,,location_x_attribute,sell notebook in สงขลา by ค้างบ่อย attribute,https://ร้านรับซื้อโน๊ตบุ๊ค.com/รับซื้อโน๊ตบุ๊ค/ค้างบ่อย/,medium,KEEP_404,"A generic attribute page exists, but it is not an equivalent replacement because it discards location intent; keep 404 and do not mass-redirect.",GSC export 2026-06-21; last crawl 2026-06-13; dist=false; sitemap=false; noindex=n/a; internal_links=0; no matching page-level performance row; template=none found,medium,P3,none,false
https://ร้านรับซื้อโน๊ตบุ๊ค.com/รับซื้อโน๊ตบุ๊ค/สระแก้ว/dell-xps-13-15/,Not found (404),P04_LOCATION_X_MODEL,404 expected,false,false,false,,location_x_attribute,sell notebook in สระแก้ว by dell-xps-13-15 attribute,https://ร้านรับซื้อโน๊ตบุ๊ค.com/รับซื้อโน๊ตบุ๊ค/dell-xps-13-15/,medium,KEEP_404,"A generic attribute page exists, but it is not an equivalent replacement because it discards location intent; keep 404 and do not mass-redirect.",GSC export 2026-06-21; last crawl 2026-06-13; dist=false; sitemap=false; noindex=n/a; internal_links=0; no matching page-level performance row; template=none found,medium,P3,none,false
https://ร้านรับซื้อโน๊ตบุ๊ค.com/รับซื้อโน๊ตบุ๊ค/รังสิต/hp-victus-17/,Not found (404),P04_LOCATION_X_MODEL,404 expected,false,false,false,,location_x_attribute,sell notebook in รังสิต by hp-victus-17 attribute,https://ร้านรับซื้อโน๊ตบุ๊ค.com/รับซื้อโน๊ตบุ๊ค/hp-victus-17/,medium,KEEP_404,"A generic attribute page exists, but it is not an equivalent replacement because it discards location intent; keep 404 and do not mass-redirect.",GSC export 2026-06-21; last crawl 2026-06-13; dist=false; sitemap=false; noindex=n/a; internal_links=0; no matching page-level performance row; template=none found,medium,P3,none,false
https://ร้านรับซื้อโน๊ตบุ๊ค.com/รับซื้อโน๊ตบุ๊ค/ลำปาง/macbook-air-m2/,Not found (404),P04_LOCATION_X_MODEL,404 expected,false,false,false,,location_x_attribute,sell notebook in ลำปาง by macbook-air-m2 attribute,https://ร้านรับซื้อโน๊ตบุ๊ค.com/รับซื้อโน๊ตบุ๊ค/macbook-air-m2/,medium,KEEP_404,"A generic attribute page exists, but it is not an equivalent replacement because it discards location intent; keep 404 and do not mass-redirect.",GSC export 2026-06-21; last crawl 2026-06-13; dist=false; sitemap=false; noindex=n/a; internal_links=0; no matching page-level performance row; template=none found,medium,P3,none,false
https://ร้านรับซื้อโน๊ตบุ๊ค.com/รับซื้อโน๊ตบุ๊ค/อุตรดิตถ์/macbook-air-13/,Not found (404),P04_LOCATION_X_MODEL,404 expected,false,false,false,,location_x_attribute,sell notebook in อุตรดิตถ์ by macbook-air-13 attribute,https://ร้านรับซื้อโน๊ตบุ๊ค.com/รับซื้อโน๊ตบุ๊ค/macbook-air-13/,medium,KEEP_404,"A generic attribute page exists, but it is not an equivalent replacement because it discards location intent; keep 404 and do not mass-redirect.",GSC export 2026-06-21; last crawl 2026-06-13; dist=false; sitemap=false; noindex=n/a; internal_links=0; no matching page-level performance row; template=none found,medium,P3,none,false
https://ร้านรับซื้อโน๊ตบุ๊ค.com/รับซื้อโน๊ตบุ๊ค/อ่างทอง/surface-book/,Not found (404),P04_LOCATION_X_MODEL,404 expected,false,false,false,,location_x_attribute,sell notebook in อ่างทอง by surface-book attribute,https://ร้านรับซื้อโน๊ตบุ๊ค.com/รับซื้อโน๊ตบุ๊ค/surface-book/,medium,KEEP_404,"A generic attribute page exists, but it is not an equivalent replacement because it discards location intent; keep 404 and do not mass-redirect.",GSC export 2026-06-21; last crawl 2026-06-13; dist=false; sitemap=false; noindex=n/a; internal_links=0; no matching page-level performance row; template=none found,medium,P3,none,false
https://ร้านรับซื้อโน๊ตบุ๊ค.com/รับซื้อโน๊ตบุ๊ค/เพชรบูรณ์/lenovo-legion-5/,Not found (404),P04_LOCATION_X_MODEL,404 expected,false,false,false,,location_x_attribute,sell notebook in เพชรบูรณ์ by lenovo-legion-5 attribute,https://ร้านรับซื้อโน๊ตบุ๊ค.com/รับซื้อโน๊ตบุ๊ค/lenovo-legion-5/,medium,KEEP_404,"A generic attribute page exists, but it is not an equivalent replacement because it discards location intent; keep 404 and do not mass-redirect.",GSC export 2026-06-21; last crawl 2026-06-13; dist=false; sitemap=false; noindex=n/a; internal_links=0; no matching page-level performance row; template=none found,medium,P3,none,false
https://ร้านรับซื้อโน๊ตบุ๊ค.com/รับซื้อโน๊ตบุ๊ค/ชัยนาท/asus-tuf-a15-f15/,Not found (404),P04_LOCATION_X_MODEL,404 expected,false,false,false,,location_x_attribute,sell notebook in ชัยนาท by asus-tuf-a15-f15 attribute,https://ร้านรับซื้อโน๊ตบุ๊ค.com/รับซื้อโน๊ตบุ๊ค/asus-tuf-a15-f15/,medium,KEEP_404,"A generic attribute page exists, but it is not an equivalent replacement because it discards location intent; keep 404 and do not mass-redirect.",GSC export 2026-06-21; last crawl 2026-06-13; dist=false; sitemap=false; noindex=n/a; internal_links=0; no matching page-level performance row; template=none found,medium,P3,none,false
https://ร้านรับซื้อโน๊ตบุ๊ค.com/รับซื้อโน๊ตบุ๊ค/บางนา/wifi-ไม่ติด/,Not found (404),P03_LOCATION_X_CONDITION,404 expected,false,false,false,,location_x_attribute,sell notebook in บางนา by wifi-ไม่ติด attribute,https://ร้านรับซื้อโน๊ตบุ๊ค.com/รับซื้อโน๊ตบุ๊ค/wifi-ไม่ติด/,medium,KEEP_404,"A generic attribute page exists, but it is not an equivalent replacement because it discards location intent; keep 404 and do not mass-redirect.",GSC export 2026-06-21; last crawl 2026-06-13; dist=false; sitemap=false; noindex=n/a; internal_links=0; no matching page-level performance row; template=none found,medium,P3,none,false
https://ร้านรับซื้อโน๊ตบุ๊ค.com/รับซื้อโน๊ตบุ๊ค/ห้วยขวาง/asus-zephyrus/,Not found (404),P04_LOCATION_X_MODEL,404 expected,false,false,false,,location_x_attribute,sell notebook in ห้วยขวาง by asus-zephyrus attribute,https://ร้านรับซื้อโน๊ตบุ๊ค.com/รับซื้อโน๊ตบุ๊ค/asus-zephyrus/,medium,KEEP_404,"A generic attribute page exists, but it is not an equivalent replacement because it discards location intent; keep 404 and do not mass-redirect.",GSC export 2026-06-21; last crawl 2026-06-13; dist=false; sitemap=false; noindex=n/a; internal_links=0; no matching page-level performance row; template=none found,medium,P3,none,false
https://ร้านรับซื้อโน๊ตบุ๊ค.com/รับซื้อโน๊ตบุ๊ค/หนองบัวลำภู/asus-vivobook/,Not found (404),P04_LOCATION_X_MODEL,404 expected,false,false,false,,location_x_attribute,sell notebook in หนองบัวลำภู by asus-vivobook attribute,https://ร้านรับซื้อโน๊ตบุ๊ค.com/รับซื้อโน๊ตบุ๊ค/asus-vivobook/,medium,KEEP_404,"A generic attribute page exists, but it is not an equivalent replacement because it discards location intent; keep 404 and do not mass-redirect.",GSC export 2026-06-21; last crawl 2026-06-13; dist=false; sitemap=false; noindex=n/a; internal_links=0; no matching page-level performance row; template=none found,medium,P3,none,false
https://ร้านรับซื้อโน๊ตบุ๊ค.com/รับซื้อโน๊ตบุ๊ค/เพชรบุรี/macbook-battery-health/,Not found (404),P04_LOCATION_X_MODEL,404 expected,false,false,false,,location_x_attribute,sell notebook in เพชรบุรี by macbook-battery-health attribute,https://ร้านรับซื้อโน๊ตบุ๊ค.com/รับซื้อโน๊ตบุ๊ค/macbook-battery-health/,medium,KEEP_404,"A generic attribute page exists, but it is not an equivalent replacement because it discards location intent; keep 404 and do not mass-redirect.",GSC export 2026-06-21; last crawl 2026-06-13; dist=false; sitemap=false; noindex=n/a; internal_links=0; no matching page-level performance row; template=none found,medium,P3,none,false
https://ร้านรับซื้อโน๊ตบุ๊ค.com/รับซื้อโน๊ตบุ๊ค/กำแพงเพชร/msi-katana-15/,Not found (404),P04_LOCATION_X_MODEL,404 expected,false,false,false,,location_x_attribute,sell notebook in กำแพงเพชร by msi-katana-15 attribute,https://ร้านรับซื้อโน๊ตบุ๊ค.com/รับซื้อโน๊ตบุ๊ค/msi-katana-15/,medium,KEEP_404,"A generic attribute page exists, but it is not an equivalent replacement because it discards location intent; keep 404 and do not mass-redirect.",GSC export 2026-06-21; last crawl 2026-06-13; dist=false; sitemap=false; noindex=n/a; internal_links=0; no matching page-level performance row; template=none found,medium,P3,none,false
https://ร้านรับซื้อโน๊ตบุ๊ค.com/รับซื้อโน๊ตบุ๊ค/ภาคอีสาน/msi-vector-16-hx/,Not found (404),P04_LOCATION_X_MODEL,404 expected,false,false,false,,location_x_attribute,sell notebook in ภาคอีสาน by msi-vector-16-hx attribute,https://ร้านรับซื้อโน๊ตบุ๊ค.com/รับซื้อโน๊ตบุ๊ค/msi-vector-16-hx/,medium,KEEP_404,"A generic attribute page exists, but it is not an equivalent replacement because it discards location intent; keep 404 and do not mass-redirect.",GSC export 2026-06-21; last crawl 2026-06-13; dist=false; sitemap=false; noindex=n/a; internal_links=0; no matching page-level performance row; template=none found,medium,P3,none,false
https://ร้านรับซื้อโน๊ตบุ๊ค.com/รับซื้อโน๊ตบุ๊ค/พะเยา/hp-elitebook/,Not found (404),P04_LOCATION_X_MODEL,404 expected,false,false,false,,location_x_attribute,sell notebook in พะเยา by hp-elitebook attribute,https://ร้านรับซื้อโน๊ตบุ๊ค.com/รับซื้อโน๊ตบุ๊ค/hp-elitebook/,medium,KEEP_404,"A generic attribute page exists, but it is not an equivalent replacement because it discards location intent; keep 404 and do not mass-redirect.",GSC export 2026-06-21; last crawl 2026-06-13; dist=false; sitemap=false; noindex=n/a; internal_links=0; no matching page-level performance row; template=none found,medium,P3,none,false
https://ร้านรับซื้อโน๊ตบุ๊ค.com/รับซื้อโน๊ตบุ๊ค/กระบี่/dell-inspiron-15/,Not found (404),P04_LOCATION_X_MODEL,404 expected,false,false,false,,location_x_attribute,sell notebook in กระบี่ by dell-inspiron-15 attribute,https://ร้านรับซื้อโน๊ตบุ๊ค.com/รับซื้อโน๊ตบุ๊ค/dell-inspiron-15/,medium,KEEP_404,"A generic attribute page exists, but it is not an equivalent replacement because it discards location intent; keep 404 and do not mass-redirect.",GSC export 2026-06-21; last crawl 2026-06-13; dist=false; sitemap=false; noindex=n/a; internal_links=0; no matching page-level performance row; template=none found,medium,P3,none,false
https://ร้านรับซื้อโน๊ตบุ๊ค.com/รับซื้อโน๊ตบุ๊ค/ชุมพร/macbook-no-box-no-receipt/,Not found (404),P04_LOCATION_X_MODEL,404 expected,false,false,false,,location_x_attribute,sell notebook in ชุมพร by macbook-no-box-no-receipt attribute,https://ร้านรับซื้อโน๊ตบุ๊ค.com/รับซื้อโน๊ตบุ๊ค/macbook-no-box-no-receipt/,medium,KEEP_404,"A generic attribute page exists, but it is not an equivalent replacement because it discards location intent; keep 404 and do not mass-redirect.",GSC export 2026-06-21; last crawl 2026-06-13; dist=false; sitemap=false; noindex=n/a; internal_links=0; no matching page-level performance row; template=none found,medium,P3,none,false
https://ร้านรับซื้อโน๊ตบุ๊ค.com/รับซื้อโน๊ตบุ๊ค/รามคำแหง/พอร์ต-type-c-เสีย/,Not found (404),P03_LOCATION_X_CONDITION,404 expected,false,false,false,,location_x_attribute,sell notebook in รามคำแหง by พอร์ต-type-c-เสีย attribute,https://ร้านรับซื้อโน๊ตบุ๊ค.com/รับซื้อโน๊ตบุ๊ค/พอร์ต-type-c-เสีย/,medium,KEEP_404,"A generic attribute page exists, but it is not an equivalent replacement because it discards location intent; keep 404 and do not mass-redirect.",GSC export 2026-06-21; last crawl 2026-06-13; dist=false; sitemap=false; noindex=n/a; internal_links=0; no matching page-level performance row; template=none found,medium,P3,none,false
https://ร้านรับซื้อโน๊ตบุ๊ค.com/รับซื้อโน๊ตบุ๊ค/พระราม2/macbook-keyboard-issue/,Not found (404),P04_LOCATION_X_MODEL,404 expected,false,false,false,,location_x_attribute,sell notebook in พระราม2 by macbook-keyboard-issue attribute,https://ร้านรับซื้อโน๊ตบุ๊ค.com/รับซื้อโน๊ตบุ๊ค/macbook-keyboard-issue/,medium,KEEP_404,"A generic attribute page exists, but it is not an equivalent replacement because it discards location intent; keep 404 and do not mass-redirect.",GSC export 2026-06-21; last crawl 2026-06-13; dist=false; sitemap=false; noindex=n/a; internal_links=0; no matching page-level performance row; template=none found,medium,P3,none,false
https://ร้านรับซื้อโน๊ตบุ๊ค.com/รับซื้อโน๊ตบุ๊ค/สุราษฎร์ธานี/msi-stealth-14/,Not found (404),P04_LOCATION_X_MODEL,404 expected,false,false,false,,location_x_attribute,sell notebook in สุราษฎร์ธานี by msi-stealth-14 attribute,https://ร้านรับซื้อโน๊ตบุ๊ค.com/รับซื้อโน๊ตบุ๊ค/msi-stealth-14/,medium,KEEP_404,"A generic attribute page exists, but it is not an equivalent replacement because it discards location intent; keep 404 and do not mass-redirect.",GSC export 2026-06-21; last crawl 2026-06-13; dist=false; sitemap=false; noindex=n/a; internal_links=0; no matching page-level performance row; template=none found,medium,P3,none,false
https://ร้านรับซื้อโน๊ตบุ๊ค.com/รับซื้อโน๊ตบุ๊ค/นนทบุรี/asus-zenbook/,Not found (404),P04_LOCATION_X_MODEL,404 expected,false,false,false,,location_x_attribute,sell notebook in นนทบุรี by asus-zenbook attribute,https://ร้านรับซื้อโน๊ตบุ๊ค.com/รับซื้อโน๊ตบุ๊ค/asus-zenbook/,medium,KEEP_404,"A generic attribute page exists, but it is not an equivalent replacement because it discards location intent; keep 404 and do not mass-redirect.",GSC export 2026-06-21; last crawl 2026-06-13; dist=false; sitemap=false; noindex=n/a; internal_links=0; no matching page-level performance row; template=none found,medium,P3,none,false
https://ร้านรับซื้อโน๊ตบุ๊ค.com/รับซื้อโน๊ตบุ๊ค/นนทบุรี/hdmi-เสีย/,Not found (404),P03_LOCATION_X_CONDITION,404 expected,false,false,false,,location_x_attribute,sell notebook in นนทบุรี by hdmi-เสีย attribute,https://ร้านรับซื้อโน๊ตบุ๊ค.com/รับซื้อโน๊ตบุ๊ค/hdmi-เสีย/,medium,KEEP_404,"A generic attribute page exists, but it is not an equivalent replacement because it discards location intent; keep 404 and do not mass-redirect.",GSC export 2026-06-21; last crawl 2026-06-13; dist=false; sitemap=false; noindex=n/a; internal_links=0; no matching page-level performance row; template=none found,medium,P3,none,false
https://ร้านรับซื้อโน๊ตบุ๊ค.com/รับซื้อโน๊ตบุ๊ค/มหาสารคาม/acer-nitro-16/,Not found (404),P04_LOCATION_X_MODEL,404 expected,false,false,false,,location_x_attribute,sell notebook in มหาสารคาม by acer-nitro-16 attribute,https://ร้านรับซื้อโน๊ตบุ๊ค.com/รับซื้อโน๊ตบุ๊ค/acer-nitro-16/,medium,KEEP_404,"A generic attribute page exists, but it is not an equivalent replacement because it discards location intent; keep 404 and do not mass-redirect.",GSC export 2026-06-21; last crawl 2026-06-13; dist=false; sitemap=false; noindex=n/a; internal_links=0; no matching page-level performance row; template=none found,medium,P3,none,false
https://ร้านรับซื้อโน๊ตบุ๊ค.com/รับซื้อโน๊ตบุ๊ค/นราธิวาส/surface-laptop/,Not found (404),P04_LOCATION_X_MODEL,404 expected,false,false,false,,location_x_attribute,sell notebook in นราธิวาส by surface-laptop attribute,https://ร้านรับซื้อโน๊ตบุ๊ค.com/รับซื้อโน๊ตบุ๊ค/surface-laptop/,medium,KEEP_404,"A generic attribute page exists, but it is not an equivalent replacement because it discards location intent; keep 404 and do not mass-redirect.",GSC export 2026-06-21; last crawl 2026-06-13; dist=false; sitemap=false; noindex=n/a; internal_links=0; no matching page-level performance row; template=none found,medium,P3,none,false
https://ร้านรับซื้อโน๊ตบุ๊ค.com/รับซื้อโน๊ตบุ๊ค/เชียงใหม่/dell-g15-g16/,Not found (404),P04_LOCATION_X_MODEL,404 expected,false,false,false,,location_x_attribute,sell notebook in เชียงใหม่ by dell-g15-g16 attribute,https://ร้านรับซื้อโน๊ตบุ๊ค.com/รับซื้อโน๊ตบุ๊ค/dell-g15-g16/,medium,KEEP_404,"A generic attribute page exists, but it is not an equivalent replacement because it discards location intent; keep 404 and do not mass-redirect.",GSC export 2026-06-21; last crawl 2026-06-13; dist=false; sitemap=false; noindex=n/a; internal_links=0; no matching page-level performance row; template=none found,medium,P3,none,false
https://ร้านรับซื้อโน๊ตบุ๊ค.com/รับซื้อโน๊ตบุ๊ค/ภูเก็ต/บูตวน/,Not found (404),P03_LOCATION_X_CONDITION,404 expected,false,false,false,,location_x_attribute,sell notebook in ภูเก็ต by บูตวน attribute,https://ร้านรับซื้อโน๊ตบุ๊ค.com/รับซื้อโน๊ตบุ๊ค/บูตวน/,medium,KEEP_404,"A generic attribute page exists, but it is not an equivalent replacement because it discards location intent; keep 404 and do not mass-redirect.",GSC export 2026-06-21; last crawl 2026-06-13; dist=false; sitemap=false; noindex=n/a; internal_links=0; no matching page-level performance row; template=none found,medium,P3,none,false
https://ร้านรับซื้อโน๊ตบุ๊ค.com/รับซื้อโน๊ตบุ๊ค/พัทยา/dell-xps-13-15/,Not found (404),P04_LOCATION_X_MODEL,404 expected,false,false,false,,location_x_attribute,sell notebook in พัทยา by dell-xps-13-15 attribute,https://ร้านรับซื้อโน๊ตบุ๊ค.com/รับซื้อโน๊ตบุ๊ค/dell-xps-13-15/,medium,KEEP_404,"A generic attribute page exists, but it is not an equivalent replacement because it discards location intent; keep 404 and do not mass-redirect.",GSC export 2026-06-21; last crawl 2026-06-13; dist=false; sitemap=false; noindex=n/a; internal_links=0; no matching page-level performance row; template=none found,medium,P3,none,false
https://ร้านรับซื้อโน๊ตบุ๊ค.com/รับซื้อโน๊ตบุ๊ค/มุกดาหาร/macbook-battery-swollen/,Not found (404),P04_LOCATION_X_MODEL,404 expected,false,false,false,,location_x_attribute,sell notebook in มุกดาหาร by macbook-battery-swollen attribute,https://ร้านรับซื้อโน๊ตบุ๊ค.com/รับซื้อโน๊ตบุ๊ค/macbook-battery-swollen/,medium,KEEP_404,"A generic attribute page exists, but it is not an equivalent replacement because it discards location intent; keep 404 and do not mass-redirect.",GSC export 2026-06-21; last crawl 2026-06-13; dist=false; sitemap=false; noindex=n/a; internal_links=0; no matching page-level performance row; template=none found,medium,P3,none,false
https://ร้านรับซื้อโน๊ตบุ๊ค.com/รับซื้อโน๊ตบุ๊ค/ประจวบคีรีขันธ์/samsung-galaxy-book/,Not found (404),P04_LOCATION_X_MODEL,404 expected,false,false,false,,location_x_attribute,sell notebook in ประจวบคีรีขันธ์ by samsung-galaxy-book attribute,https://ร้านรับซื้อโน๊ตบุ๊ค.com/รับซื้อโน๊ตบุ๊ค/samsung-galaxy-book/,medium,KEEP_404,"A generic attribute page exists, but it is not an equivalent replacement because it discards location intent; keep 404 and do not mass-redirect.",GSC export 2026-06-21; last crawl 2026-06-13; dist=false; sitemap=false; noindex=n/a; internal_links=0; no matching page-level performance row; template=none found,medium,P3,none,false
https://ร้านรับซื้อโน๊ตบุ๊ค.com/รับซื้อโน๊ตบุ๊ค/ขอนแก่น/surface-laptop-go/,Not found (404),P04_LOCATION_X_MODEL,404 expected,false,false,false,,location_x_attribute,sell notebook in ขอนแก่น by surface-laptop-go attribute,https://ร้านรับซื้อโน๊ตบุ๊ค.com/รับซื้อโน๊ตบุ๊ค/surface-laptop-go/,medium,KEEP_404,"A generic attribute page exists, but it is not an equivalent replacement because it discards location intent; keep 404 and do not mass-redirect.",GSC export 2026-06-21; last crawl 2026-06-13; dist=false; sitemap=false; noindex=n/a; internal_links=0; no matching page-level performance row; template=none found,medium,P3,none,false
https://ร้านรับซื้อโน๊ตบุ๊ค.com/รับซื้อโน๊ตบุ๊ค/มหาสารคาม/samsung/,Not found (404),P04_LOCATION_X_MODEL,404 expected,false,false,false,,location_x_attribute,sell notebook in มหาสารคาม by samsung attribute,https://ร้านรับซื้อโน๊ตบุ๊ค.com/รับซื้อโน๊ตบุ๊ค/samsung/,medium,KEEP_404,"A generic attribute page exists, but it is not an equivalent replacement because it discards location intent; keep 404 and do not mass-redirect.",GSC export 2026-06-21; last crawl 2026-06-13; dist=false; sitemap=false; noindex=n/a; internal_links=0; no matching page-level performance row; template=none found,medium,P3,none,false
https://ร้านรับซื้อโน๊ตบุ๊ค.com/รับซื้อโน๊ตบุ๊ค/ปัตตานี/surface-book/,Not found (404),P04_LOCATION_X_MODEL,404 expected,false,false,false,,location_x_attribute,sell notebook in ปัตตานี by surface-book attribute,https://ร้านรับซื้อโน๊ตบุ๊ค.com/รับซื้อโน๊ตบุ๊ค/surface-book/,medium,KEEP_404,"A generic attribute page exists, but it is not an equivalent replacement because it discards location intent; keep 404 and do not mass-redirect.",GSC export 2026-06-21; last crawl 2026-06-13; dist=false; sitemap=false; noindex=n/a; internal_links=0; no matching page-level performance row; template=none found,medium,P3,none,false
https://ร้านรับซื้อโน๊ตบุ๊ค.com/รับซื้อโน๊ตบุ๊ค/ภูเก็ต/razer-blade/,Not found (404),P04_LOCATION_X_MODEL,404 expected,false,false,false,,location_x_attribute,sell notebook in ภูเก็ต by razer-blade attribute,https://ร้านรับซื้อโน๊ตบุ๊ค.com/รับซื้อโน๊ตบุ๊ค/razer-blade/,medium,KEEP_404,"A generic attribute page exists, but it is not an equivalent replacement because it discards location intent; keep 404 and do not mass-redirect.",GSC export 2026-06-21; last crawl 2026-06-13; dist=false; sitemap=false; noindex=n/a; internal_links=0; no matching page-level performance row; template=none found,medium,P3,none,false
https://ร้านรับซื้อโน๊ตบุ๊ค.com/รับซื้อโน๊ตบุ๊ค/เพชรบุรี/dell-latitude/,Not found (404),P04_LOCATION_X_MODEL,404 expected,false,false,false,,location_x_attribute,sell notebook in เพชรบุรี by dell-latitude attribute,https://ร้านรับซื้อโน๊ตบุ๊ค.com/รับซื้อโน๊ตบุ๊ค/dell-latitude/,medium,KEEP_404,"A generic attribute page exists, but it is not an equivalent replacement because it discards location intent; keep 404 and do not mass-redirect.",GSC export 2026-06-21; last crawl 2026-06-13; dist=false; sitemap=false; noindex=n/a; internal_links=0; no matching page-level performance row; template=none found,medium,P3,none,false
https://ร้านรับซื้อโน๊ตบุ๊ค.com/รับซื้อโน๊ตบุ๊ค/ภูเก็ต/acer-predator-helios/,Not found (404),P04_LOCATION_X_MODEL,404 expected,false,false,false,,location_x_attribute,sell notebook in ภูเก็ต by acer-predator-helios attribute,https://ร้านรับซื้อโน๊ตบุ๊ค.com/รับซื้อโน๊ตบุ๊ค/acer-predator-helios/,medium,KEEP_404,"A generic attribute page exists, but it is not an equivalent replacement because it discards location intent; keep 404 and do not mass-redirect.",GSC export 2026-06-21; last crawl 2026-06-13; dist=false; sitemap=false; noindex=n/a; internal_links=0; no matching page-level performance row; template=none found,medium,P3,none,false
https://ร้านรับซื้อโน๊ตบุ๊ค.com/รับซื้อโน๊ตบุ๊ค/สุรินทร์/gigabyte/,Not found (404),P04_LOCATION_X_MODEL,404 expected,false,false,false,,location_x_attribute,sell notebook in สุรินทร์ by gigabyte attribute,https://ร้านรับซื้อโน๊ตบุ๊ค.com/รับซื้อโน๊ตบุ๊ค/gigabyte/,medium,KEEP_404,"A generic attribute page exists, but it is not an equivalent replacement because it discards location intent; keep 404 and do not mass-redirect.",GSC export 2026-06-21; last crawl 2026-06-13; dist=false; sitemap=false; noindex=n/a; internal_links=0; no matching page-level performance row; template=none found,medium,P3,none,false
https://ร้านรับซื้อโน๊ตบุ๊ค.com/รับซื้อโน๊ตบุ๊ค/หาดใหญ่/acer-predator-triton/,Not found (404),P04_LOCATION_X_MODEL,404 expected,false,false,false,,location_x_attribute,sell notebook in หาดใหญ่ by acer-predator-triton attribute,https://ร้านรับซื้อโน๊ตบุ๊ค.com/รับซื้อโน๊ตบุ๊ค/acer-predator-triton/,medium,KEEP_404,"A generic attribute page exists, but it is not an equivalent replacement because it discards location intent; keep 404 and do not mass-redirect.",GSC export 2026-06-21; last crawl 2026-06-13; dist=false; sitemap=false; noindex=n/a; internal_links=0; no matching page-level performance row; template=none found,medium,P3,none,false
https://ร้านรับซื้อโน๊ตบุ๊ค.com/รับซื้อโน๊ตบุ๊ค/ปทุมธานี/lg/,Not found (404),P04_LOCATION_X_MODEL,404 expected,false,false,false,,location_x_attribute,sell notebook in ปทุมธานี by lg attribute,https://ร้านรับซื้อโน๊ตบุ๊ค.com/รับซื้อโน๊ตบุ๊ค/lg/,medium,KEEP_404,"A generic attribute page exists, but it is not an equivalent replacement because it discards location intent; keep 404 and do not mass-redirect.",GSC export 2026-06-21; last crawl 2026-06-13; dist=false; sitemap=false; noindex=n/a; internal_links=0; no matching page-level performance row; template=none found,medium,P3,none,false
https://ร้านรับซื้อโน๊ตบุ๊ค.com/รับซื้อโน๊ตบุ๊ค/พิจิตร/พอร์ตแลนเสีย/,Not found (404),P03_LOCATION_X_CONDITION,404 expected,false,false,false,,location_x_attribute,sell notebook in พิจิตร by พอร์ตแลนเสีย attribute,https://ร้านรับซื้อโน๊ตบุ๊ค.com/รับซื้อโน๊ตบุ๊ค/พอร์ตแลนเสีย/,medium,KEEP_404,"A generic attribute page exists, but it is not an equivalent replacement because it discards location intent; keep 404 and do not mass-redirect.",GSC export 2026-06-21; last crawl 2026-06-13; dist=false; sitemap=false; noindex=n/a; internal_links=0; no matching page-level performance row; template=none found,medium,P3,none,false
https://ร้านรับซื้อโน๊ตบุ๊ค.com/รับซื้อโน๊ตบุ๊ค/ภูเก็ต/dell-latitude/,Not found (404),P04_LOCATION_X_MODEL,404 expected,false,false,false,,location_x_attribute,sell notebook in ภูเก็ต by dell-latitude attribute,https://ร้านรับซื้อโน๊ตบุ๊ค.com/รับซื้อโน๊ตบุ๊ค/dell-latitude/,medium,KEEP_404,"A generic attribute page exists, but it is not an equivalent replacement because it discards location intent; keep 404 and do not mass-redirect.",GSC export 2026-06-21; last crawl 2026-06-13; dist=false; sitemap=false; noindex=n/a; internal_links=0; no matching page-level performance row; template=none found,medium,P3,none,false
https://ร้านรับซื้อโน๊ตบุ๊ค.com/รับซื้อโน๊ตบุ๊ค/นครศรีธรรมราช/acer-predator-helios/,Not found (404),P04_LOCATION_X_MODEL,404 expected,false,false,false,,location_x_attribute,sell notebook in นครศรีธรรมราช by acer-predator-helios attribute,https://ร้านรับซื้อโน๊ตบุ๊ค.com/รับซื้อโน๊ตบุ๊ค/acer-predator-helios/,medium,KEEP_404,"A generic attribute page exists, but it is not an equivalent replacement because it discards location intent; keep 404 and do not mass-redirect.",GSC export 2026-06-21; last crawl 2026-06-13; dist=false; sitemap=false; noindex=n/a; internal_links=0; no matching page-level performance row; template=none found,medium,P3,none,false
https://ร้านรับซื้อโน๊ตบุ๊ค.com/รับซื้อโน๊ตบุ๊ค/นครนายก/hp-victus-15/,Not found (404),P04_LOCATION_X_MODEL,404 expected,false,false,false,,location_x_attribute,sell notebook in นครนายก by hp-victus-15 attribute,https://ร้านรับซื้อโน๊ตบุ๊ค.com/รับซื้อโน๊ตบุ๊ค/hp-victus-15/,medium,KEEP_404,"A generic attribute page exists, but it is not an equivalent replacement because it discards location intent; keep 404 and do not mass-redirect.",GSC export 2026-06-21; last crawl 2026-06-13; dist=false; sitemap=false; noindex=n/a; internal_links=0; no matching page-level performance row; template=none found,medium,P3,none,false
https://ร้านรับซื้อโน๊ตบุ๊ค.com/รับซื้อโน๊ตบุ๊ค/ประจวบคีรีขันธ์/asus-rog-flow/,Not found (404),P04_LOCATION_X_MODEL,404 expected,false,false,false,,location_x_attribute,sell notebook in ประจวบคีรีขันธ์ by asus-rog-flow attribute,https://ร้านรับซื้อโน๊ตบุ๊ค.com/รับซื้อโน๊ตบุ๊ค/asus-rog-flow/,medium,KEEP_404,"A generic attribute page exists, but it is not an equivalent replacement because it discards location intent; keep 404 and do not mass-redirect.",GSC export 2026-06-21; last crawl 2026-06-13; dist=false; sitemap=false; noindex=n/a; internal_links=0; no matching page-level performance row; template=none found,medium,P3,none,false
https://ร้านรับซื้อโน๊ตบุ๊ค.com/รับซื้อโน๊ตบุ๊ค/สตูล/macbook-pro-m2/,Not found (404),P04_LOCATION_X_MODEL,404 expected,false,false,false,,location_x_attribute,sell notebook in สตูล by macbook-pro-m2 attribute,https://ร้านรับซื้อโน๊ตบุ๊ค.com/รับซื้อโน๊ตบุ๊ค/macbook-pro-m2/,medium,KEEP_404,"A generic attribute page exists, but it is not an equivalent replacement because it discards location intent; keep 404 and do not mass-redirect.",GSC export 2026-06-21; last crawl 2026-06-13; dist=false; sitemap=false; noindex=n/a; internal_links=0; no matching page-level performance row; template=none found,medium,P3,none,false
https://ร้านรับซื้อโน๊ตบุ๊ค.com/รับซื้อโน๊ตบุ๊ค/กระบี่/huawei-matebook/,Not found (404),P04_LOCATION_X_MODEL,404 expected,false,false,false,,location_x_attribute,sell notebook in กระบี่ by huawei-matebook attribute,https://ร้านรับซื้อโน๊ตบุ๊ค.com/รับซื้อโน๊ตบุ๊ค/huawei-matebook/,medium,KEEP_404,"A generic attribute page exists, but it is not an equivalent replacement because it discards location intent; keep 404 and do not mass-redirect.",GSC export 2026-06-21; last crawl 2026-06-13; dist=false; sitemap=false; noindex=n/a; internal_links=0; no matching page-level performance row; template=none found,medium,P3,none,false
https://ร้านรับซื้อโน๊ตบุ๊ค.com/รับซื้อโน๊ตบุ๊ค/มหาสารคาม/dell-vostro/,Not found (404),P04_LOCATION_X_MODEL,404 expected,false,false,false,,location_x_attribute,sell notebook in มหาสารคาม by dell-vostro attribute,https://ร้านรับซื้อโน๊ตบุ๊ค.com/รับซื้อโน๊ตบุ๊ค/dell-vostro/,medium,KEEP_404,"A generic attribute page exists, but it is not an equivalent replacement because it discards location intent; keep 404 and do not mass-redirect.",GSC export 2026-06-21; last crawl 2026-06-13; dist=false; sitemap=false; noindex=n/a; internal_links=0; no matching page-level performance row; template=none found,medium,P3,none,false
https://ร้านรับซื้อโน๊ตบุ๊ค.com/รับซื้อโน๊ตบุ๊ค/มหาสารคาม/macbook-cycle-count/,Not found (404),P04_LOCATION_X_MODEL,404 expected,false,false,false,,location_x_attribute,sell notebook in มหาสารคาม by macbook-cycle-count attribute,https://ร้านรับซื้อโน๊ตบุ๊ค.com/รับซื้อโน๊ตบุ๊ค/macbook-cycle-count/,medium,KEEP_404,"A generic attribute page exists, but it is not an equivalent replacement because it discards location intent; keep 404 and do not mass-redirect.",GSC export 2026-06-21; last crawl 2026-06-13; dist=false; sitemap=false; noindex=n/a; internal_links=0; no matching page-level performance row; template=none found,medium,P3,none,false
https://ร้านรับซื้อโน๊ตบุ๊ค.com/รับซื้อโน๊ตบุ๊ค/อำนาจเจริญ/thinkpad-e14-e15/,Not found (404),P04_LOCATION_X_MODEL,404 expected,false,false,false,,location_x_attribute,sell notebook in อำนาจเจริญ by thinkpad-e14-e15 attribute,https://ร้านรับซื้อโน๊ตบุ๊ค.com/รับซื้อโน๊ตบุ๊ค/thinkpad-e14-e15/,medium,KEEP_404,"A generic attribute page exists, but it is not an equivalent replacement because it discards location intent; keep 404 and do not mass-redirect.",GSC export 2026-06-21; last crawl 2026-06-13; dist=false; sitemap=false; noindex=n/a; internal_links=0; no matching page-level performance row; template=none found,medium,P3,none,false
https://ร้านรับซื้อโน๊ตบุ๊ค.com/รับซื้อโน๊ตบุ๊ค/เพชรบูรณ์/acer-predator-triton/,Not found (404),P04_LOCATION_X_MODEL,404 expected,false,false,false,,location_x_attribute,sell notebook in เพชรบูรณ์ by acer-predator-triton attribute,https://ร้านรับซื้อโน๊ตบุ๊ค.com/รับซื้อโน๊ตบุ๊ค/acer-predator-triton/,medium,KEEP_404,"A generic attribute page exists, but it is not an equivalent replacement because it discards location intent; keep 404 and do not mass-redirect.",GSC export 2026-06-21; last crawl 2026-06-13; dist=false; sitemap=false; noindex=n/a; internal_links=0; no matching page-level performance row; template=none found,medium,P3,none,false
https://ร้านรับซื้อโน๊ตบุ๊ค.com/รับซื้อโน๊ตบุ๊ค/ตรัง/lenovo-thinkbook/,Not found (404),P04_LOCATION_X_MODEL,404 expected,false,false,false,,location_x_attribute,sell notebook in ตรัง by lenovo-thinkbook attribute,https://ร้านรับซื้อโน๊ตบุ๊ค.com/รับซื้อโน๊ตบุ๊ค/lenovo-thinkbook/,medium,KEEP_404,"A generic attribute page exists, but it is not an equivalent replacement because it discards location intent; keep 404 and do not mass-redirect.",GSC export 2026-06-21; last crawl 2026-06-13; dist=false; sitemap=false; noindex=n/a; internal_links=0; no matching page-level performance row; template=none found,medium,P3,none,false
https://ร้านรับซื้อโน๊ตบุ๊ค.com/รับซื้อโน๊ตบุ๊ค/บุรีรัมย์/asus-rog-flow/,Not found (404),P04_LOCATION_X_MODEL,404 expected,false,false,false,,location_x_attribute,sell notebook in บุรีรัมย์ by asus-rog-flow attribute,https://ร้านรับซื้อโน๊ตบุ๊ค.com/รับซื้อโน๊ตบุ๊ค/asus-rog-flow/,medium,KEEP_404,"A generic attribute page exists, but it is not an equivalent replacement because it discards location intent; keep 404 and do not mass-redirect.",GSC export 2026-06-21; last crawl 2026-06-13; dist=false; sitemap=false; noindex=n/a; internal_links=0; no matching page-level performance row; template=none found,medium,P3,none,false
https://ร้านรับซื้อโน๊ตบุ๊ค.com/รับซื้อโน๊ตบุ๊ค/สมุทรสาคร/asus-tuf-a15-f15/,Not found (404),P04_LOCATION_X_MODEL,404 expected,false,false,false,,location_x_attribute,sell notebook in สมุทรสาคร by asus-tuf-a15-f15 attribute,https://ร้านรับซื้อโน๊ตบุ๊ค.com/รับซื้อโน๊ตบุ๊ค/asus-tuf-a15-f15/,medium,KEEP_404,"A generic attribute page exists, but it is not an equivalent replacement because it discards location intent; keep 404 and do not mass-redirect.",GSC export 2026-06-21; last crawl 2026-06-13; dist=false; sitemap=false; noindex=n/a; internal_links=0; no matching page-level performance row; template=none found,medium,P3,none,false
https://ร้านรับซื้อโน๊ตบุ๊ค.com/รับซื้อโน๊ตบุ๊ค/อุทัยธานี/asus-vivobook/,Not found (404),P04_LOCATION_X_MODEL,404 expected,false,false,false,,location_x_attribute,sell notebook in อุทัยธานี by asus-vivobook attribute,https://ร้านรับซื้อโน๊ตบุ๊ค.com/รับซื้อโน๊ตบุ๊ค/asus-vivobook/,medium,KEEP_404,"A generic attribute page exists, but it is not an equivalent replacement because it discards location intent; keep 404 and do not mass-redirect.",GSC export 2026-06-21; last crawl 2026-06-13; dist=false; sitemap=false; noindex=n/a; internal_links=0; no matching page-level performance row; template=none found,medium,P3,none,false
https://ร้านรับซื้อโน๊ตบุ๊ค.com/รับซื้อโน๊ตบุ๊ค/อุบลราชธานี/macbook-air-m1/,Not found (404),P04_LOCATION_X_MODEL,404 expected,false,false,false,,location_x_attribute,sell notebook in อุบลราชธานี by macbook-air-m1 attribute,https://ร้านรับซื้อโน๊ตบุ๊ค.com/รับซื้อโน๊ตบุ๊ค/macbook-air-m1/,medium,KEEP_404,"A generic attribute page exists, but it is not an equivalent replacement because it discards location intent; keep 404 and do not mass-redirect.",GSC export 2026-06-21; last crawl 2026-06-13; dist=false; sitemap=false; noindex=n/a; internal_links=0; no matching page-level performance row; template=none found,medium,P3,none,false
https://ร้านรับซื้อโน๊ตบุ๊ค.com/รับซื้อโน๊ตบุ๊ค/นครนายก/macbook-pro-m5/,Not found (404),P04_LOCATION_X_MODEL,404 expected,false,false,false,,location_x_attribute,sell notebook in นครนายก by macbook-pro-m5 attribute,https://ร้านรับซื้อโน๊ตบุ๊ค.com/รับซื้อโน๊ตบุ๊ค/macbook-pro-m5/,medium,KEEP_404,"A generic attribute page exists, but it is not an equivalent replacement because it discards location intent; keep 404 and do not mass-redirect.",GSC export 2026-06-21; last crawl 2026-06-13; dist=false; sitemap=false; noindex=n/a; internal_links=0; no matching page-level performance row; template=none found,medium,P3,none,false
https://ร้านรับซื้อโน๊ตบุ๊ค.com/รับซื้อโน๊ตบุ๊ค/ประจวบคีรีขันธ์/ลำโพงเสีย/,Not found (404),P03_LOCATION_X_CONDITION,404 expected,false,false,false,,location_x_attribute,sell notebook in ประจวบคีรีขันธ์ by ลำโพงเสีย attribute,https://ร้านรับซื้อโน๊ตบุ๊ค.com/รับซื้อโน๊ตบุ๊ค/ลำโพงเสีย/,medium,KEEP_404,"A generic attribute page exists, but it is not an equivalent replacement because it discards location intent; keep 404 and do not mass-redirect.",GSC export 2026-06-21; last crawl 2026-06-13; dist=false; sitemap=false; noindex=n/a; internal_links=0; no matching page-level performance row; template=none found,medium,P3,none,false
https://ร้านรับซื้อโน๊ตบุ๊ค.com/รับซื้อโน๊ตบุ๊ค/ปราจีนบุรี/macbook-air-13/,Not found (404),P04_LOCATION_X_MODEL,404 expected,false,false,false,,location_x_attribute,sell notebook in ปราจีนบุรี by macbook-air-13 attribute,https://ร้านรับซื้อโน๊ตบุ๊ค.com/รับซื้อโน๊ตบุ๊ค/macbook-air-13/,medium,KEEP_404,"A generic attribute page exists, but it is not an equivalent replacement because it discards location intent; keep 404 and do not mass-redirect.",GSC export 2026-06-21; last crawl 2026-06-13; dist=false; sitemap=false; noindex=n/a; internal_links=0; no matching page-level performance row; template=none found,medium,P3,none,false
https://ร้านรับซื้อโน๊ตบุ๊ค.com/รับซื้อโน๊ตบุ๊ค/รามคำแหง/lenovo-legion-slim/,Not found (404),P04_LOCATION_X_MODEL,404 expected,false,false,false,,location_x_attribute,sell notebook in รามคำแหง by lenovo-legion-slim attribute,https://ร้านรับซื้อโน๊ตบุ๊ค.com/รับซื้อโน๊ตบุ๊ค/lenovo-legion-slim/,medium,KEEP_404,"A generic attribute page exists, but it is not an equivalent replacement because it discards location intent; keep 404 and do not mass-redirect.",GSC export 2026-06-21; last crawl 2026-06-13; dist=false; sitemap=false; noindex=n/a; internal_links=0; no matching page-level performance row; template=none found,medium,P3,none,false
https://ร้านรับซื้อโน๊ตบุ๊ค.com/รับซื้อโน๊ตบุ๊ค/อยุธยา/lenovo-yoga/,Not found (404),P04_LOCATION_X_MODEL,404 expected,false,false,false,,location_x_attribute,sell notebook in อยุธยา by lenovo-yoga attribute,https://ร้านรับซื้อโน๊ตบุ๊ค.com/รับซื้อโน๊ตบุ๊ค/lenovo-yoga/,medium,KEEP_404,"A generic attribute page exists, but it is not an equivalent replacement because it discards location intent; keep 404 and do not mass-redirect.",GSC export 2026-06-21; last crawl 2026-06-13; dist=false; sitemap=false; noindex=n/a; internal_links=0; no matching page-level performance row; template=none found,medium,P3,none,false
https://ร้านรับซื้อโน๊ตบุ๊ค.com/รับซื้อโน๊ตบุ๊ค/สุรินทร์/surface-laptop/,Not found (404),P04_LOCATION_X_MODEL,404 expected,false,false,false,,location_x_attribute,sell notebook in สุรินทร์ by surface-laptop attribute,https://ร้านรับซื้อโน๊ตบุ๊ค.com/รับซื้อโน๊ตบุ๊ค/surface-laptop/,medium,KEEP_404,"A generic attribute page exists, but it is not an equivalent replacement because it discards location intent; keep 404 and do not mass-redirect.",GSC export 2026-06-21; last crawl 2026-06-13; dist=false; sitemap=false; noindex=n/a; internal_links=0; no matching page-level performance row; template=none found,medium,P3,none,false
https://ร้านรับซื้อโน๊ตบุ๊ค.com/รับซื้อโน๊ตบุ๊ค/อำนาจเจริญ/thinkpad-x1-carbon/,Not found (404),P04_LOCATION_X_MODEL,404 expected,false,false,false,,location_x_attribute,sell notebook in อำนาจเจริญ by thinkpad-x1-carbon attribute,https://ร้านรับซื้อโน๊ตบุ๊ค.com/รับซื้อโน๊ตบุ๊ค/thinkpad-x1-carbon/,medium,KEEP_404,"A generic attribute page exists, but it is not an equivalent replacement because it discards location intent; keep 404 and do not mass-redirect.",GSC export 2026-06-21; last crawl 2026-06-13; dist=false; sitemap=false; noindex=n/a; internal_links=0; no matching page-level performance row; template=none found,medium,P3,none,false
https://ร้านรับซื้อโน๊ตบุ๊ค.com/รับซื้อโน๊ตบุ๊ค/เพชรบุรี/บูตวน/,Not found (404),P03_LOCATION_X_CONDITION,404 expected,false,false,false,,location_x_attribute,sell notebook in เพชรบุรี by บูตวน attribute,https://ร้านรับซื้อโน๊ตบุ๊ค.com/รับซื้อโน๊ตบุ๊ค/บูตวน/,medium,KEEP_404,"A generic attribute page exists, but it is not an equivalent replacement because it discards location intent; keep 404 and do not mass-redirect.",GSC export 2026-06-21; last crawl 2026-06-13; dist=false; sitemap=false; noindex=n/a; internal_links=0; no matching page-level performance row; template=none found,medium,P3,none,false
https://ร้านรับซื้อโน๊ตบุ๊ค.com/รับซื้อโน๊ตบุ๊ค/เชียงราย/hp-omen-transcend/,Not found (404),P04_LOCATION_X_MODEL,404 expected,false,false,false,,location_x_attribute,sell notebook in เชียงราย by hp-omen-transcend attribute,https://ร้านรับซื้อโน๊ตบุ๊ค.com/รับซื้อโน๊ตบุ๊ค/hp-omen-transcend/,medium,KEEP_404,"A generic attribute page exists, but it is not an equivalent replacement because it discards location intent; keep 404 and do not mass-redirect.",GSC export 2026-06-21; last crawl 2026-06-13; dist=false; sitemap=false; noindex=n/a; internal_links=0; no matching page-level performance row; template=none found,medium,P3,none,false
https://ร้านรับซื้อโน๊ตบุ๊ค.com/รับซื้อโน๊ตบุ๊ค/ชุมพร/acer-nitro-17/,Not found (404),P04_LOCATION_X_MODEL,404 expected,false,false,false,,location_x_attribute,sell notebook in ชุมพร by acer-nitro-17 attribute,https://ร้านรับซื้อโน๊ตบุ๊ค.com/รับซื้อโน๊ตบุ๊ค/acer-nitro-17/,medium,KEEP_404,"A generic attribute page exists, but it is not an equivalent replacement because it discards location intent; keep 404 and do not mass-redirect.",GSC export 2026-06-21; last crawl 2026-06-13; dist=false; sitemap=false; noindex=n/a; internal_links=0; no matching page-level performance row; template=none found,medium,P3,none,false
https://ร้านรับซื้อโน๊ตบุ๊ค.com/รับซื้อโน๊ตบุ๊ค/เชียงราย/lenovo-ideapad-3-5/,Not found (404),P04_LOCATION_X_MODEL,404 expected,false,false,false,,location_x_attribute,sell notebook in เชียงราย by lenovo-ideapad-3-5 attribute,https://ร้านรับซื้อโน๊ตบุ๊ค.com/รับซื้อโน๊ตบุ๊ค/lenovo-ideapad-3-5/,medium,KEEP_404,"A generic attribute page exists, but it is not an equivalent replacement because it discards location intent; keep 404 and do not mass-redirect.",GSC export 2026-06-21; last crawl 2026-06-13; dist=false; sitemap=false; noindex=n/a; internal_links=0; no matching page-level performance row; template=none found,medium,P3,none,false
https://ร้านรับซื้อโน๊ตบุ๊ค.com/รับซื้อโน๊ตบุ๊ค/ระนอง/macbook-pro-16/,Not found (404),P04_LOCATION_X_MODEL,404 expected,false,false,false,,location_x_attribute,sell notebook in ระนอง by macbook-pro-16 attribute,https://ร้านรับซื้อโน๊ตบุ๊ค.com/รับซื้อโน๊ตบุ๊ค/macbook-pro-16/,medium,KEEP_404,"A generic attribute page exists, but it is not an equivalent replacement because it discards location intent; keep 404 and do not mass-redirect.",GSC export 2026-06-21; last crawl 2026-06-13; dist=false; sitemap=false; noindex=n/a; internal_links=0; no matching page-level performance row; template=none found,medium,P3,none,false
https://ร้านรับซื้อโน๊ตบุ๊ค.com/รับซื้อโน๊ตบุ๊ค/ภาคอีสาน/asus-zenbook/,Not found (404),P04_LOCATION_X_MODEL,404 expected,false,false,false,,location_x_attribute,sell notebook in ภาคอีสาน by asus-zenbook attribute,https://ร้านรับซื้อโน๊ตบุ๊ค.com/รับซื้อโน๊ตบุ๊ค/asus-zenbook/,medium,KEEP_404,"A generic attribute page exists, but it is not an equivalent replacement because it discards location intent; keep 404 and do not mass-redirect.",GSC export 2026-06-21; last crawl 2026-06-13; dist=false; sitemap=false; noindex=n/a; internal_links=0; no matching page-level performance row; template=none found,medium,P3,none,false
https://ร้านรับซื้อโน๊ตบุ๊ค.com/รับซื้อโน๊ตบุ๊ค/ตราด/dell-vostro/,Not found (404),P04_LOCATION_X_MODEL,404 expected,false,false,false,,location_x_attribute,sell notebook in ตราด by dell-vostro attribute,https://ร้านรับซื้อโน๊ตบุ๊ค.com/รับซื้อโน๊ตบุ๊ค/dell-vostro/,medium,KEEP_404,"A generic attribute page exists, but it is not an equivalent replacement because it discards location intent; keep 404 and do not mass-redirect.",GSC export 2026-06-21; last crawl 2026-06-13; dist=false; sitemap=false; noindex=n/a; internal_links=0; no matching page-level performance row; template=none found,medium,P3,none,false
https://ร้านรับซื้อโน๊ตบุ๊ค.com/รับซื้อโน๊ตบุ๊ค/นครนายก/macbook-pro-14/,Not found (404),P04_LOCATION_X_MODEL,404 expected,false,false,false,,location_x_attribute,sell notebook in นครนายก by macbook-pro-14 attribute,https://ร้านรับซื้อโน๊ตบุ๊ค.com/รับซื้อโน๊ตบุ๊ค/macbook-pro-14/,medium,KEEP_404,"A generic attribute page exists, but it is not an equivalent replacement because it discards location intent; keep 404 and do not mass-redirect.",GSC export 2026-06-21; last crawl 2026-06-13; dist=false; sitemap=false; noindex=n/a; internal_links=0; no matching page-level performance row; template=none found,medium,P3,none,false
https://ร้านรับซื้อโน๊ตบุ๊ค.com/รับซื้อโน๊ตบุ๊ค/นครราชสีมา/ssd-เสีย/,Not found (404),P03_LOCATION_X_CONDITION,404 expected,false,false,false,,location_x_attribute,sell notebook in นครราชสีมา by ssd-เสีย attribute,https://ร้านรับซื้อโน๊ตบุ๊ค.com/รับซื้อโน๊ตบุ๊ค/ssd-เสีย/,medium,KEEP_404,"A generic attribute page exists, but it is not an equivalent replacement because it discards location intent; keep 404 and do not mass-redirect.",GSC export 2026-06-21; last crawl 2026-06-13; dist=false; sitemap=false; noindex=n/a; internal_links=0; no matching page-level performance row; template=none found,medium,P3,none,false
https://ร้านรับซื้อโน๊ตบุ๊ค.com/รับซื้อโน๊ตบุ๊ค/พัทลุง/lenovo-legion-pro-7/,Not found (404),P04_LOCATION_X_MODEL,404 expected,false,false,false,,location_x_attribute,sell notebook in พัทลุง by lenovo-legion-pro-7 attribute,https://ร้านรับซื้อโน๊ตบุ๊ค.com/รับซื้อโน๊ตบุ๊ค/lenovo-legion-pro-7/,medium,KEEP_404,"A generic attribute page exists, but it is not an equivalent replacement because it discards location intent; keep 404 and do not mass-redirect.",GSC export 2026-06-21; last crawl 2026-06-13; dist=false; sitemap=false; noindex=n/a; internal_links=0; no matching page-level performance row; template=none found,medium,P3,none,false
https://ร้านรับซื้อโน๊ตบุ๊ค.com/รับซื้อโน๊ตบุ๊ค/สกลนคร/macbook-pro-m2/,Not found (404),P04_LOCATION_X_MODEL,404 expected,false,false,false,,location_x_attribute,sell notebook in สกลนคร by macbook-pro-m2 attribute,https://ร้านรับซื้อโน๊ตบุ๊ค.com/รับซื้อโน๊ตบุ๊ค/macbook-pro-m2/,medium,KEEP_404,"A generic attribute page exists, but it is not an equivalent replacement because it discards location intent; keep 404 and do not mass-redirect.",GSC export 2026-06-21; last crawl 2026-06-13; dist=false; sitemap=false; noindex=n/a; internal_links=0; no matching page-level performance row; template=none found,medium,P3,none,false
https://ร้านรับซื้อโน๊ตบุ๊ค.com/รับซื้อโน๊ตบุ๊ค/บึงกาฬ/พอร์ต-usb-เสีย/,Not found (404),P03_LOCATION_X_CONDITION,404 expected,false,false,false,,location_x_attribute,sell notebook in บึงกาฬ by พอร์ต-usb-เสีย attribute,https://ร้านรับซื้อโน๊ตบุ๊ค.com/รับซื้อโน๊ตบุ๊ค/พอร์ต-usb-เสีย/,medium,KEEP_404,"A generic attribute page exists, but it is not an equivalent replacement because it discards location intent; keep 404 and do not mass-redirect.",GSC export 2026-06-21; last crawl 2026-06-13; dist=false; sitemap=false; noindex=n/a; internal_links=0; no matching page-level performance row; template=none found,medium,P3,none,false
https://ร้านรับซื้อโน๊ตบุ๊ค.com/รับซื้อโน๊ตบุ๊ค/หาดใหญ่/lg-gram/,Not found (404),P04_LOCATION_X_MODEL,404 expected,false,false,false,,location_x_attribute,sell notebook in หาดใหญ่ by lg-gram attribute,https://ร้านรับซื้อโน๊ตบุ๊ค.com/รับซื้อโน๊ตบุ๊ค/lg-gram/,medium,KEEP_404,"A generic attribute page exists, but it is not an equivalent replacement because it discards location intent; keep 404 and do not mass-redirect.",GSC export 2026-06-21; last crawl 2026-06-13; dist=false; sitemap=false; noindex=n/a; internal_links=0; no matching page-level performance row; template=none found,medium,P3,none,false
https://ร้านรับซื้อโน๊ตบุ๊ค.com/รับซื้อโน๊ตบุ๊ค/อุดรธานี/acer-aspire-5/,Not found (404),P04_LOCATION_X_MODEL,404 expected,false,false,false,,location_x_attribute,sell notebook in อุดรธานี by acer-aspire-5 attribute,https://ร้านรับซื้อโน๊ตบุ๊ค.com/รับซื้อโน๊ตบุ๊ค/acer-aspire-5/,medium,KEEP_404,"A generic attribute page exists, but it is not an equivalent replacement because it discards location intent; keep 404 and do not mass-redirect.",GSC export 2026-06-21; last crawl 2026-06-13; dist=false; sitemap=false; noindex=n/a; internal_links=0; no matching page-level performance row; template=none found,medium,P3,none,false
https://ร้านรับซื้อโน๊ตบุ๊ค.com/รับซื้อโน๊ตบุ๊ค/ภูเก็ต/asus-zephyrus-g16/,Not found (404),P04_LOCATION_X_MODEL,404 expected,false,false,false,,location_x_attribute,sell notebook in ภูเก็ต by asus-zephyrus-g16 attribute,https://ร้านรับซื้อโน๊ตบุ๊ค.com/รับซื้อโน๊ตบุ๊ค/asus-zephyrus-g16/,medium,KEEP_404,"A generic attribute page exists, but it is not an equivalent replacement because it discards location intent; keep 404 and do not mass-redirect.",GSC export 2026-06-21; last crawl 2026-06-13; dist=false; sitemap=false; noindex=n/a; internal_links=0; no matching page-level performance row; template=none found,medium,P3,none,false
https://ร้านรับซื้อโน๊ตบุ๊ค.com/รับซื้อโน๊ตบุ๊ค/ร้อยเอ็ด/lenovo-legion-5/,Not found (404),P04_LOCATION_X_MODEL,404 expected,false,false,false,,location_x_attribute,sell notebook in ร้อยเอ็ด by lenovo-legion-5 attribute,https://ร้านรับซื้อโน๊ตบุ๊ค.com/รับซื้อโน๊ตบุ๊ค/lenovo-legion-5/,medium,KEEP_404,"A generic attribute page exists, but it is not an equivalent replacement because it discards location intent; keep 404 and do not mass-redirect.",GSC export 2026-06-21; last crawl 2026-06-13; dist=false; sitemap=false; noindex=n/a; internal_links=0; no matching page-level performance row; template=none found,medium,P3,none,false
https://ร้านรับซื้อโน๊ตบุ๊ค.com/รับซื้อโน๊ตบุ๊ค/ลำปาง/รีสตาร์ทเอง/,Not found (404),P03_LOCATION_X_CONDITION,404 expected,false,false,false,,location_x_attribute,sell notebook in ลำปาง by รีสตาร์ทเอง attribute,https://ร้านรับซื้อโน๊ตบุ๊ค.com/รับซื้อโน๊ตบุ๊ค/รีสตาร์ทเอง/,medium,KEEP_404,"A generic attribute page exists, but it is not an equivalent replacement because it discards location intent; keep 404 and do not mass-redirect.",GSC export 2026-06-21; last crawl 2026-06-13; dist=false; sitemap=false; noindex=n/a; internal_links=0; no matching page-level performance row; template=none found,medium,P3,none,false
https://ร้านรับซื้อโน๊ตบุ๊ค.com/รับซื้อโน๊ตบุ๊ค/น่าน/macbook-pro-m2/,Not found (404),P04_LOCATION_X_MODEL,404 expected,false,false,false,,location_x_attribute,sell notebook in น่าน by macbook-pro-m2 attribute,https://ร้านรับซื้อโน๊ตบุ๊ค.com/รับซื้อโน๊ตบุ๊ค/macbook-pro-m2/,medium,KEEP_404,"A generic attribute page exists, but it is not an equivalent replacement because it discards location intent; keep 404 and do not mass-redirect.",GSC export 2026-06-21; last crawl 2026-06-13; dist=false; sitemap=false; noindex=n/a; internal_links=0; no matching page-level performance row; template=none found,medium,P3,none,false
https://ร้านรับซื้อโน๊ตบุ๊ค.com/รับซื้อโน๊ตบุ๊ค/เพชรบูรณ์/surface-pro/,Not found (404),P04_LOCATION_X_MODEL,404 expected,false,false,false,,location_x_attribute,sell notebook in เพชรบูรณ์ by surface-pro attribute,https://ร้านรับซื้อโน๊ตบุ๊ค.com/รับซื้อโน๊ตบุ๊ค/surface-pro/,medium,KEEP_404,"A generic attribute page exists, but it is not an equivalent replacement because it discards location intent; keep 404 and do not mass-redirect.",GSC export 2026-06-21; last crawl 2026-06-13; dist=false; sitemap=false; noindex=n/a; internal_links=0; no matching page-level performance row; template=none found,medium,P3,none,false
https://ร้านรับซื้อโน๊ตบุ๊ค.com/รับซื้อโน๊ตบุ๊ค/พะเยา/พัดลมดัง/,Not found (404),P04_LOCATION_X_MODEL,404 expected,false,false,false,,location_x_attribute,sell notebook in พะเยา by พัดลมดัง attribute,https://ร้านรับซื้อโน๊ตบุ๊ค.com/รับซื้อโน๊ตบุ๊ค/พัดลมดัง/,medium,KEEP_404,"A generic attribute page exists, but it is not an equivalent replacement because it discards location intent; keep 404 and do not mass-redirect.",GSC export 2026-06-21; last crawl 2026-06-13; dist=false; sitemap=false; noindex=n/a; internal_links=0; no matching page-level performance row; template=none found,medium,P3,none,false
https://ร้านรับซื้อโน๊ตบุ๊ค.com/รับซื้อโน๊ตบุ๊ค/ประจวบคีรีขันธ์/msi-stealth-14/,Not found (404),P04_LOCATION_X_MODEL,404 expected,false,false,false,,location_x_attribute,sell notebook in ประจวบคีรีขันธ์ by msi-stealth-14 attribute,https://ร้านรับซื้อโน๊ตบุ๊ค.com/รับซื้อโน๊ตบุ๊ค/msi-stealth-14/,medium,KEEP_404,"A generic attribute page exists, but it is not an equivalent replacement because it discards location intent; keep 404 and do not mass-redirect.",GSC export 2026-06-21; last crawl 2026-06-13; dist=false; sitemap=false; noindex=n/a; internal_links=0; no matching page-level performance row; template=none found,medium,P3,none,false
https://ร้านรับซื้อโน๊ตบุ๊ค.com/รับซื้อโน๊ตบุ๊ค/พัทลุง/honor-magicbook/,Not found (404),P04_LOCATION_X_MODEL,404 expected,false,false,false,,location_x_attribute,sell notebook in พัทลุง by honor-magicbook attribute,https://ร้านรับซื้อโน๊ตบุ๊ค.com/รับซื้อโน๊ตบุ๊ค/honor-magicbook/,medium,KEEP_404,"A generic attribute page exists, but it is not an equivalent replacement because it discards location intent; keep 404 and do not mass-redirect.",GSC export 2026-06-21; last crawl 2026-06-13; dist=false; sitemap=false; noindex=n/a; internal_links=0; no matching page-level performance row; template=none found,medium,P3,none,false
https://ร้านรับซื้อโน๊ตบุ๊ค.com/รับซื้อโน๊ตบุ๊ค/บึงกาฬ/acer-predator-helios/,Not found (404),P04_LOCATION_X_MODEL,404 expected,false,false,false,,location_x_attribute,sell notebook in บึงกาฬ by acer-predator-helios attribute,https://ร้านรับซื้อโน๊ตบุ๊ค.com/รับซื้อโน๊ตบุ๊ค/acer-predator-helios/,medium,KEEP_404,"A generic attribute page exists, but it is not an equivalent replacement because it discards location intent; keep 404 and do not mass-redirect.",GSC export 2026-06-21; last crawl 2026-06-13; dist=false; sitemap=false; noindex=n/a; internal_links=0; no matching page-level performance row; template=none found,medium,P3,none,false
https://ร้านรับซื้อโน๊ตบุ๊ค.com/รับซื้อโน๊ตบุ๊ค/ชุมพร/macbook-air-m5/,Not found (404),P04_LOCATION_X_MODEL,404 expected,false,false,false,,location_x_attribute,sell notebook in ชุมพร by macbook-air-m5 attribute,https://ร้านรับซื้อโน๊ตบุ๊ค.com/รับซื้อโน๊ตบุ๊ค/macbook-air-m5/,medium,KEEP_404,"A generic attribute page exists, but it is not an equivalent replacement because it discards location intent; keep 404 and do not mass-redirect.",GSC export 2026-06-21; last crawl 2026-06-13; dist=false; sitemap=false; noindex=n/a; internal_links=0; no matching page-level performance row; template=none found,medium,P3,none,false
https://ร้านรับซื้อโน๊ตบุ๊ค.com/รับซื้อโน๊ตบุ๊ค/บางนา/asus-rog-ally-x/,Not found (404),P04_LOCATION_X_MODEL,404 expected,false,false,false,,location_x_attribute,sell notebook in บางนา by asus-rog-ally-x attribute,https://ร้านรับซื้อโน๊ตบุ๊ค.com/รับซื้อโน๊ตบุ๊ค/asus-rog-ally-x/,medium,KEEP_404,"A generic attribute page exists, but it is not an equivalent replacement because it discards location intent; keep 404 and do not mass-redirect.",GSC export 2026-06-21; last crawl 2026-06-13; dist=false; sitemap=false; noindex=n/a; internal_links=0; no matching page-level performance row; template=none found,medium,P3,none,false
https://ร้านรับซื้อโน๊ตบุ๊ค.com/รับซื้อโน๊ตบุ๊ค/ระนอง/hp-omen-transcend/,Not found (404),P04_LOCATION_X_MODEL,404 expected,false,false,false,,location_x_attribute,sell notebook in ระนอง by hp-omen-transcend attribute,https://ร้านรับซื้อโน๊ตบุ๊ค.com/รับซื้อโน๊ตบุ๊ค/hp-omen-transcend/,medium,KEEP_404,"A generic attribute page exists, but it is not an equivalent replacement because it discards location intent; keep 404 and do not mass-redirect.",GSC export 2026-06-21; last crawl 2026-06-13; dist=false; sitemap=false; noindex=n/a; internal_links=0; no matching page-level performance row; template=none found,medium,P3,none,false
https://ร้านรับซื้อโน๊ตบุ๊ค.com/รับซื้อโน๊ตบุ๊ค/อำนาจเจริญ/alienware-m15-r7-r8/,Not found (404),P04_LOCATION_X_MODEL,404 expected,false,false,false,,location_x_attribute,sell notebook in อำนาจเจริญ by alienware-m15-r7-r8 attribute,https://ร้านรับซื้อโน๊ตบุ๊ค.com/รับซื้อโน๊ตบุ๊ค/alienware-m15-r7-r8/,medium,KEEP_404,"A generic attribute page exists, but it is not an equivalent replacement because it discards location intent; keep 404 and do not mass-redirect.",GSC export 2026-06-21; last crawl 2026-06-13; dist=false; sitemap=false; noindex=n/a; internal_links=0; no matching page-level performance row; template=none found,medium,P3,none,false
https://ร้านรับซื้อโน๊ตบุ๊ค.com/รับซื้อโน๊ตบุ๊ค/แม่ฮ่องสอน/lenovo-legion-5/,Not found (404),P04_LOCATION_X_MODEL,404 expected,false,false,false,,location_x_attribute,sell notebook in แม่ฮ่องสอน by lenovo-legion-5 attribute,https://ร้านรับซื้อโน๊ตบุ๊ค.com/รับซื้อโน๊ตบุ๊ค/lenovo-legion-5/,medium,KEEP_404,"A generic attribute page exists, but it is not an equivalent replacement because it discards location intent; keep 404 and do not mass-redirect.",GSC export 2026-06-21; last crawl 2026-06-13; dist=false; sitemap=false; noindex=n/a; internal_links=0; no matching page-level performance row; template=none found,medium,P3,none,false
https://ร้านรับซื้อโน๊ตบุ๊ค.com/รับซื้อโน๊ตบุ๊ค/นครศรีธรรมราช/macbook-pro-14/,Not found (404),P04_LOCATION_X_MODEL,404 expected,false,false,false,,location_x_attribute,sell notebook in นครศรีธรรมราช by macbook-pro-14 attribute,https://ร้านรับซื้อโน๊ตบุ๊ค.com/รับซื้อโน๊ตบุ๊ค/macbook-pro-14/,medium,KEEP_404,"A generic attribute page exists, but it is not an equivalent replacement because it discards location intent; keep 404 and do not mass-redirect.",GSC export 2026-06-21; last crawl 2026-06-13; dist=false; sitemap=false; noindex=n/a; internal_links=0; no matching page-level performance row; template=none found,medium,P3,none,false
https://ร้านรับซื้อโน๊ตบุ๊ค.com/รับซื้อโน๊ตบุ๊ค/หาดใหญ่/hp-envy-x360/,Not found (404),P04_LOCATION_X_MODEL,404 expected,false,false,false,,location_x_attribute,sell notebook in หาดใหญ่ by hp-envy-x360 attribute,https://ร้านรับซื้อโน๊ตบุ๊ค.com/รับซื้อโน๊ตบุ๊ค/hp-envy-x360/,medium,KEEP_404,"A generic attribute page exists, but it is not an equivalent replacement because it discards location intent; keep 404 and do not mass-redirect.",GSC export 2026-06-21; last crawl 2026-06-13; dist=false; sitemap=false; noindex=n/a; internal_links=0; no matching page-level performance row; template=none found,medium,P3,none,false
https://ร้านรับซื้อโน๊ตบุ๊ค.com/รับซื้อโน๊ตบุ๊ค/บุรีรัมย์/macbook-pro-m1/,Not found (404),P04_LOCATION_X_MODEL,404 expected,false,false,false,,location_x_attribute,sell notebook in บุรีรัมย์ by macbook-pro-m1 attribute,https://ร้านรับซื้อโน๊ตบุ๊ค.com/รับซื้อโน๊ตบุ๊ค/macbook-pro-m1/,medium,KEEP_404,"A generic attribute page exists, but it is not an equivalent replacement because it discards location intent; keep 404 and do not mass-redirect.",GSC export 2026-06-21; last crawl 2026-06-13; dist=false; sitemap=false; noindex=n/a; internal_links=0; no matching page-level performance row; template=none found,medium,P3,none,false
https://ร้านรับซื้อโน๊ตบุ๊ค.com/รับซื้อโน๊ตบุ๊ค/พิจิตร/macbook-pro-m4/,Not found (404),P04_LOCATION_X_MODEL,404 expected,false,false,false,,location_x_attribute,sell notebook in พิจิตร by macbook-pro-m4 attribute,https://ร้านรับซื้อโน๊ตบุ๊ค.com/รับซื้อโน๊ตบุ๊ค/macbook-pro-m4/,medium,KEEP_404,"A generic attribute page exists, but it is not an equivalent replacement because it discards location intent; keep 404 and do not mass-redirect.",GSC export 2026-06-21; last crawl 2026-06-13; dist=false; sitemap=false; noindex=n/a; internal_links=0; no matching page-level performance row; template=none found,medium,P3,none,false
https://ร้านรับซื้อโน๊ตบุ๊ค.com/รับซื้อโน๊ตบุ๊ค/บุรีรัมย์/macbook-no-box-no-receipt/,Not found (404),P04_LOCATION_X_MODEL,404 expected,false,false,false,,location_x_attribute,sell notebook in บุรีรัมย์ by macbook-no-box-no-receipt attribute,https://ร้านรับซื้อโน๊ตบุ๊ค.com/รับซื้อโน๊ตบุ๊ค/macbook-no-box-no-receipt/,medium,KEEP_404,"A generic attribute page exists, but it is not an equivalent replacement because it discards location intent; keep 404 and do not mass-redirect.",GSC export 2026-06-21; last crawl 2026-06-13; dist=false; sitemap=false; noindex=n/a; internal_links=0; no matching page-level performance row; template=none found,medium,P3,none,false
https://ร้านรับซื้อโน๊ตบุ๊ค.com/รับซื้อโน๊ตบุ๊ค/เพชรบูรณ์/macbook-no-box-no-receipt/,Not found (404),P04_LOCATION_X_MODEL,404 expected,false,false,false,,location_x_attribute,sell notebook in เพชรบูรณ์ by macbook-no-box-no-receipt attribute,https://ร้านรับซื้อโน๊ตบุ๊ค.com/รับซื้อโน๊ตบุ๊ค/macbook-no-box-no-receipt/,medium,KEEP_404,"A generic attribute page exists, but it is not an equivalent replacement because it discards location intent; keep 404 and do not mass-redirect.",GSC export 2026-06-21; last crawl 2026-06-13; dist=false; sitemap=false; noindex=n/a; internal_links=0; no matching page-level performance row; template=none found,medium,P3,none,false
https://ร้านรับซื้อโน๊ตบุ๊ค.com/รับซื้อโน๊ตบุ๊ค/สงขลา/macbook-pro-14/,Not found (404),P04_LOCATION_X_MODEL,404 expected,false,false,false,,location_x_attribute,sell notebook in สงขลา by macbook-pro-14 attribute,https://ร้านรับซื้อโน๊ตบุ๊ค.com/รับซื้อโน๊ตบุ๊ค/macbook-pro-14/,medium,KEEP_404,"A generic attribute page exists, but it is not an equivalent replacement because it discards location intent; keep 404 and do not mass-redirect.",GSC export 2026-06-21; last crawl 2026-06-13; dist=false; sitemap=false; noindex=n/a; internal_links=0; no matching page-level performance row; template=none found,medium,P3,none,false
https://ร้านรับซื้อโน๊ตบุ๊ค.com/รับซื้อโน๊ตบุ๊ค/รามคำแหง/asus-rog-strix/,Not found (404),P04_LOCATION_X_MODEL,404 expected,false,false,false,,location_x_attribute,sell notebook in รามคำแหง by asus-rog-strix attribute,https://ร้านรับซื้อโน๊ตบุ๊ค.com/รับซื้อโน๊ตบุ๊ค/asus-rog-strix/,medium,KEEP_404,"A generic attribute page exists, but it is not an equivalent replacement because it discards location intent; keep 404 and do not mass-redirect.",GSC export 2026-06-21; last crawl 2026-06-13; dist=false; sitemap=false; noindex=n/a; internal_links=0; no matching page-level performance row; template=none found,medium,P3,none,false
https://ร้านรับซื้อโน๊ตบุ๊ค.com/รับซื้อโน๊ตบุ๊ค/เชียงราย/macbook-pro-m2/,Not found (404),P04_LOCATION_X_MODEL,404 expected,false,false,false,,location_x_attribute,sell notebook in เชียงราย by macbook-pro-m2 attribute,https://ร้านรับซื้อโน๊ตบุ๊ค.com/รับซื้อโน๊ตบุ๊ค/macbook-pro-m2/,medium,KEEP_404,"A generic attribute page exists, but it is not an equivalent replacement because it discards location intent; keep 404 and do not mass-redirect.",GSC export 2026-06-21; last crawl 2026-06-13; dist=false; sitemap=false; noindex=n/a; internal_links=0; no matching page-level performance row; template=none found,medium,P3,none,false
https://ร้านรับซื้อโน๊ตบุ๊ค.com/รับซื้อโน๊ตบุ๊ค/สมุทรปราการ/msi-modern/,Not found (404),P04_LOCATION_X_MODEL,404 expected,false,false,false,,location_x_attribute,sell notebook in สมุทรปราการ by msi-modern attribute,https://ร้านรับซื้อโน๊ตบุ๊ค.com/รับซื้อโน๊ตบุ๊ค/msi-modern/,medium,KEEP_404,"A generic attribute page exists, but it is not an equivalent replacement because it discards location intent; keep 404 and do not mass-redirect.",GSC export 2026-06-21; last crawl 2026-06-13; dist=false; sitemap=false; noindex=n/a; internal_links=0; no matching page-level performance row; template=none found,medium,P3,none,false
https://ร้านรับซื้อโน๊ตบุ๊ค.com/รับซื้อโน๊ตบุ๊ค/บุรีรัมย์/macbook-pro-m2/,Not found (404),P04_LOCATION_X_MODEL,404 expected,false,false,false,,location_x_attribute,sell notebook in บุรีรัมย์ by macbook-pro-m2 attribute,https://ร้านรับซื้อโน๊ตบุ๊ค.com/รับซื้อโน๊ตบุ๊ค/macbook-pro-m2/,medium,KEEP_404,"A generic attribute page exists, but it is not an equivalent replacement because it discards location intent; keep 404 and do not mass-redirect.",GSC export 2026-06-21; last crawl 2026-06-13; dist=false; sitemap=false; noindex=n/a; internal_links=0; no matching page-level performance row; template=none found,medium,P3,none,false
https://ร้านรับซื้อโน๊ตบุ๊ค.com/รับซื้อโน๊ตบุ๊ค/สตูล/alienware-m16/,Not found (404),P04_LOCATION_X_MODEL,404 expected,false,false,false,,location_x_attribute,sell notebook in สตูล by alienware-m16 attribute,https://ร้านรับซื้อโน๊ตบุ๊ค.com/รับซื้อโน๊ตบุ๊ค/alienware-m16/,medium,KEEP_404,"A generic attribute page exists, but it is not an equivalent replacement because it discards location intent; keep 404 and do not mass-redirect.",GSC export 2026-06-21; last crawl 2026-06-13; dist=false; sitemap=false; noindex=n/a; internal_links=0; no matching page-level performance row; template=none found,medium,P3,none,false
https://ร้านรับซื้อโน๊ตบุ๊ค.com/รับซื้อโน๊ตบุ๊ค/กาฬสินธุ์/dell-g15-g16/,Not found (404),P04_LOCATION_X_MODEL,404 expected,false,false,false,,location_x_attribute,sell notebook in กาฬสินธุ์ by dell-g15-g16 attribute,https://ร้านรับซื้อโน๊ตบุ๊ค.com/รับซื้อโน๊ตบุ๊ค/dell-g15-g16/,medium,KEEP_404,"A generic attribute page exists, but it is not an equivalent replacement because it discards location intent; keep 404 and do not mass-redirect.",GSC export 2026-06-21; last crawl 2026-06-13; dist=false; sitemap=false; noindex=n/a; internal_links=0; no matching page-level performance row; template=none found,medium,P3,none,false
https://ร้านรับซื้อโน๊ตบุ๊ค.com/รับซื้อโน๊ตบุ๊ค/นครปฐม/macbook-air-13/,Not found (404),P04_LOCATION_X_MODEL,404 expected,false,false,false,,location_x_attribute,sell notebook in นครปฐม by macbook-air-13 attribute,https://ร้านรับซื้อโน๊ตบุ๊ค.com/รับซื้อโน๊ตบุ๊ค/macbook-air-13/,medium,KEEP_404,"A generic attribute page exists, but it is not an equivalent replacement because it discards location intent; keep 404 and do not mass-redirect.",GSC export 2026-06-21; last crawl 2026-06-13; dist=false; sitemap=false; noindex=n/a; internal_links=0; no matching page-level performance row; template=none found,medium,P3,none,false
https://ร้านรับซื้อโน๊ตบุ๊ค.com/รับซื้อโน๊ตบุ๊ค/พระราม2/ร้อนจัดดับเอง/,Not found (404),P03_LOCATION_X_CONDITION,404 expected,false,false,false,,location_x_attribute,sell notebook in พระราม2 by ร้อนจัดดับเอง attribute,https://ร้านรับซื้อโน๊ตบุ๊ค.com/รับซื้อโน๊ตบุ๊ค/ร้อนจัดดับเอง/,medium,KEEP_404,"A generic attribute page exists, but it is not an equivalent replacement because it discards location intent; keep 404 and do not mass-redirect.",GSC export 2026-06-21; last crawl 2026-06-13; dist=false; sitemap=false; noindex=n/a; internal_links=0; no matching page-level performance row; template=none found,medium,P3,none,false
https://ร้านรับซื้อโน๊ตบุ๊ค.com/รับซื้อโน๊ตบุ๊ค/พิษณุโลก/gigabyte-aorus/,Not found (404),P04_LOCATION_X_MODEL,404 expected,false,false,false,,location_x_attribute,sell notebook in พิษณุโลก by gigabyte-aorus attribute,https://ร้านรับซื้อโน๊ตบุ๊ค.com/รับซื้อโน๊ตบุ๊ค/gigabyte-aorus/,medium,KEEP_404,"A generic attribute page exists, but it is not an equivalent replacement because it discards location intent; keep 404 and do not mass-redirect.",GSC export 2026-06-21; last crawl 2026-06-13; dist=false; sitemap=false; noindex=n/a; internal_links=0; no matching page-level performance row; template=none found,medium,P3,none,false
https://ร้านรับซื้อโน๊ตบุ๊ค.com/รับซื้อโน๊ตบุ๊ค/ห้วยขวาง/macbook-air-m4/,Not found (404),P04_LOCATION_X_MODEL,404 expected,false,false,false,,location_x_attribute,sell notebook in ห้วยขวาง by macbook-air-m4 attribute,https://ร้านรับซื้อโน๊ตบุ๊ค.com/รับซื้อโน๊ตบุ๊ค/macbook-air-m4/,medium,KEEP_404,"A generic attribute page exists, but it is not an equivalent replacement because it discards location intent; keep 404 and do not mass-redirect.",GSC export 2026-06-21; last crawl 2026-06-13; dist=false; sitemap=false; noindex=n/a; internal_links=0; no matching page-level performance row; template=none found,medium,P3,none,false
https://ร้านรับซื้อโน๊ตบุ๊ค.com/รับซื้อโน๊ตบุ๊ค/ราชบุรี/samsung-galaxy-book/,Not found (404),P04_LOCATION_X_MODEL,404 expected,false,false,false,,location_x_attribute,sell notebook in ราชบุรี by samsung-galaxy-book attribute,https://ร้านรับซื้อโน๊ตบุ๊ค.com/รับซื้อโน๊ตบุ๊ค/samsung-galaxy-book/,medium,KEEP_404,"A generic attribute page exists, but it is not an equivalent replacement because it discards location intent; keep 404 and do not mass-redirect.",GSC export 2026-06-21; last crawl 2026-06-13; dist=false; sitemap=false; noindex=n/a; internal_links=0; no matching page-level performance row; template=none found,medium,P3,none,false
https://ร้านรับซื้อโน๊ตบุ๊ค.com/รับซื้อโน๊ตบุ๊ค/ลำปาง/macbook-pro-m1/,Not found (404),P04_LOCATION_X_MODEL,404 expected,false,false,false,,location_x_attribute,sell notebook in ลำปาง by macbook-pro-m1 attribute,https://ร้านรับซื้อโน๊ตบุ๊ค.com/รับซื้อโน๊ตบุ๊ค/macbook-pro-m1/,medium,KEEP_404,"A generic attribute page exists, but it is not an equivalent replacement because it discards location intent; keep 404 and do not mass-redirect.",GSC export 2026-06-21; last crawl 2026-06-13; dist=false; sitemap=false; noindex=n/a; internal_links=0; no matching page-level performance row; template=none found,medium,P3,none,false
https://ร้านรับซื้อโน๊ตบุ๊ค.com/รับซื้อโน๊ตบุ๊ค/ตาก/dell-xps-13-15/,Not found (404),P04_LOCATION_X_MODEL,404 expected,false,false,false,,location_x_attribute,sell notebook in ตาก by dell-xps-13-15 attribute,https://ร้านรับซื้อโน๊ตบุ๊ค.com/รับซื้อโน๊ตบุ๊ค/dell-xps-13-15/,medium,KEEP_404,"A generic attribute page exists, but it is not an equivalent replacement because it discards location intent; keep 404 and do not mass-redirect.",GSC export 2026-06-21; last crawl 2026-06-13; dist=false; sitemap=false; noindex=n/a; internal_links=0; no matching page-level performance row; template=none found,medium,P3,none,false
https://ร้านรับซื้อโน๊ตบุ๊ค.com/รับซื้อโน๊ตบุ๊ค/เพชรบูรณ์/asus-zenbook/,Not found (404),P04_LOCATION_X_MODEL,404 expected,false,false,false,,location_x_attribute,sell notebook in เพชรบูรณ์ by asus-zenbook attribute,https://ร้านรับซื้อโน๊ตบุ๊ค.com/รับซื้อโน๊ตบุ๊ค/asus-zenbook/,medium,KEEP_404,"A generic attribute page exists, but it is not an equivalent replacement because it discards location intent; keep 404 and do not mass-redirect.",GSC export 2026-06-21; last crawl 2026-06-13; dist=false; sitemap=false; noindex=n/a; internal_links=0; no matching page-level performance row; template=none found,medium,P3,none,false
https://ร้านรับซื้อโน๊ตบุ๊ค.com/รับซื้อโน๊ตบุ๊ค/น่าน/alienware-m15-r7-r8/,Not found (404),P04_LOCATION_X_MODEL,404 expected,false,false,false,,location_x_attribute,sell notebook in น่าน by alienware-m15-r7-r8 attribute,https://ร้านรับซื้อโน๊ตบุ๊ค.com/รับซื้อโน๊ตบุ๊ค/alienware-m15-r7-r8/,medium,KEEP_404,"A generic attribute page exists, but it is not an equivalent replacement because it discards location intent; keep 404 and do not mass-redirect.",GSC export 2026-06-21; last crawl 2026-06-13; dist=false; sitemap=false; noindex=n/a; internal_links=0; no matching page-level performance row; template=none found,medium,P3,none,false
https://ร้านรับซื้อโน๊ตบุ๊ค.com/รับซื้อโน๊ตบุ๊ค/ยะลา/msi-katana-15/,Not found (404),P04_LOCATION_X_MODEL,404 expected,false,false,false,,location_x_attribute,sell notebook in ยะลา by msi-katana-15 attribute,https://ร้านรับซื้อโน๊ตบุ๊ค.com/รับซื้อโน๊ตบุ๊ค/msi-katana-15/,medium,KEEP_404,"A generic attribute page exists, but it is not an equivalent replacement because it discards location intent; keep 404 and do not mass-redirect.",GSC export 2026-06-21; last crawl 2026-06-13; dist=false; sitemap=false; noindex=n/a; internal_links=0; no matching page-level performance row; template=none found,medium,P3,none,false
https://ร้านรับซื้อโน๊ตบุ๊ค.com/รับซื้อโน๊ตบุ๊ค/ร้อยเอ็ด/asus-zenbook/,Not found (404),P04_LOCATION_X_MODEL,404 expected,false,false,false,,location_x_attribute,sell notebook in ร้อยเอ็ด by asus-zenbook attribute,https://ร้านรับซื้อโน๊ตบุ๊ค.com/รับซื้อโน๊ตบุ๊ค/asus-zenbook/,medium,KEEP_404,"A generic attribute page exists, but it is not an equivalent replacement because it discards location intent; keep 404 and do not mass-redirect.",GSC export 2026-06-21; last crawl 2026-06-13; dist=false; sitemap=false; noindex=n/a; internal_links=0; no matching page-level performance row; template=none found,medium,P3,none,false
https://ร้านรับซื้อโน๊ตบุ๊ค.com/รับซื้อโน๊ตบุ๊ค/นราธิวาส/lenovo-loq-15-16/,Not found (404),P04_LOCATION_X_MODEL,404 expected,false,false,false,,location_x_attribute,sell notebook in นราธิวาส by lenovo-loq-15-16 attribute,https://ร้านรับซื้อโน๊ตบุ๊ค.com/รับซื้อโน๊ตบุ๊ค/lenovo-loq-15-16/,medium,KEEP_404,"A generic attribute page exists, but it is not an equivalent replacement because it discards location intent; keep 404 and do not mass-redirect.",GSC export 2026-06-21; last crawl 2026-06-13; dist=false; sitemap=false; noindex=n/a; internal_links=0; no matching page-level performance row; template=none found,medium,P3,none,false
https://ร้านรับซื้อโน๊ตบุ๊ค.com/รับซื้อโน๊ตบุ๊ค/ศรีสะเกษ/lenovo-yoga/,Not found (404),P04_LOCATION_X_MODEL,404 expected,false,false,false,,location_x_attribute,sell notebook in ศรีสะเกษ by lenovo-yoga attribute,https://ร้านรับซื้อโน๊ตบุ๊ค.com/รับซื้อโน๊ตบุ๊ค/lenovo-yoga/,medium,KEEP_404,"A generic attribute page exists, but it is not an equivalent replacement because it discards location intent; keep 404 and do not mass-redirect.",GSC export 2026-06-21; last crawl 2026-06-13; dist=false; sitemap=false; noindex=n/a; internal_links=0; no matching page-level performance row; template=none found,medium,P3,none,false
https://ร้านรับซื้อโน๊ตบุ๊ค.com/รับซื้อโน๊ตบุ๊ค/สมุทรสาคร/alienware-m18/,Not found (404),P04_LOCATION_X_MODEL,404 expected,false,false,false,,location_x_attribute,sell notebook in สมุทรสาคร by alienware-m18 attribute,https://ร้านรับซื้อโน๊ตบุ๊ค.com/รับซื้อโน๊ตบุ๊ค/alienware-m18/,medium,KEEP_404,"A generic attribute page exists, but it is not an equivalent replacement because it discards location intent; keep 404 and do not mass-redirect.",GSC export 2026-06-21; last crawl 2026-06-13; dist=false; sitemap=false; noindex=n/a; internal_links=0; no matching page-level performance row; template=none found,medium,P3,none,false
https://ร้านรับซื้อโน๊ตบุ๊ค.com/รับซื้อโน๊ตบุ๊ค/สุโขทัย/ฝาหลังบวม/,Not found (404),P03_LOCATION_X_CONDITION,404 expected,false,false,false,,location_x_attribute,sell notebook in สุโขทัย by ฝาหลังบวม attribute,https://ร้านรับซื้อโน๊ตบุ๊ค.com/รับซื้อโน๊ตบุ๊ค/ฝาหลังบวม/,medium,KEEP_404,"A generic attribute page exists, but it is not an equivalent replacement because it discards location intent; keep 404 and do not mass-redirect.",GSC export 2026-06-21; last crawl 2026-06-13; dist=false; sitemap=false; noindex=n/a; internal_links=0; no matching page-level performance row; template=none found,medium,P3,none,false
https://ร้านรับซื้อโน๊ตบุ๊ค.com/รับซื้อโน๊ตบุ๊ค/กาญจนบุรี/acer-predator-triton/,Not found (404),P04_LOCATION_X_MODEL,404 expected,false,false,false,,location_x_attribute,sell notebook in กาญจนบุรี by acer-predator-triton attribute,https://ร้านรับซื้อโน๊ตบุ๊ค.com/รับซื้อโน๊ตบุ๊ค/acer-predator-triton/,medium,KEEP_404,"A generic attribute page exists, but it is not an equivalent replacement because it discards location intent; keep 404 and do not mass-redirect.",GSC export 2026-06-21; last crawl 2026-06-13; dist=false; sitemap=false; noindex=n/a; internal_links=0; no matching page-level performance row; template=none found,medium,P3,none,false
https://ร้านรับซื้อโน๊ตบุ๊ค.com/รับซื้อโน๊ตบุ๊ค/รามคำแหง/macbook-no-box-no-receipt/,Not found (404),P04_LOCATION_X_MODEL,404 expected,false,false,false,,location_x_attribute,sell notebook in รามคำแหง by macbook-no-box-no-receipt attribute,https://ร้านรับซื้อโน๊ตบุ๊ค.com/รับซื้อโน๊ตบุ๊ค/macbook-no-box-no-receipt/,medium,KEEP_404,"A generic attribute page exists, but it is not an equivalent replacement because it discards location intent; keep 404 and do not mass-redirect.",GSC export 2026-06-21; last crawl 2026-06-13; dist=false; sitemap=false; noindex=n/a; internal_links=0; no matching page-level performance row; template=none found,medium,P3,none,false
https://ร้านรับซื้อโน๊ตบุ๊ค.com/รับซื้อโน๊ตบุ๊ค/นครศรีธรรมราช/thinkpad-e14-e15/,Not found (404),P04_LOCATION_X_MODEL,404 expected,false,false,false,,location_x_attribute,sell notebook in นครศรีธรรมราช by thinkpad-e14-e15 attribute,https://ร้านรับซื้อโน๊ตบุ๊ค.com/รับซื้อโน๊ตบุ๊ค/thinkpad-e14-e15/,medium,KEEP_404,"A generic attribute page exists, but it is not an equivalent replacement because it discards location intent; keep 404 and do not mass-redirect.",GSC export 2026-06-21; last crawl 2026-06-13; dist=false; sitemap=false; noindex=n/a; internal_links=0; no matching page-level performance row; template=none found,medium,P3,none,false
https://ร้านรับซื้อโน๊ตบุ๊ค.com/รับซื้อโน๊ตบุ๊ค/เพชรบูรณ์/acer-predator-neo/,Not found (404),P04_LOCATION_X_MODEL,404 expected,false,false,false,,location_x_attribute,sell notebook in เพชรบูรณ์ by acer-predator-neo attribute,https://ร้านรับซื้อโน๊ตบุ๊ค.com/รับซื้อโน๊ตบุ๊ค/acer-predator-neo/,medium,KEEP_404,"A generic attribute page exists, but it is not an equivalent replacement because it discards location intent; keep 404 and do not mass-redirect.",GSC export 2026-06-21; last crawl 2026-06-13; dist=false; sitemap=false; noindex=n/a; internal_links=0; no matching page-level performance row; template=none found,medium,P3,none,false
https://ร้านรับซื้อโน๊ตบุ๊ค.com/รับซื้อโน๊ตบุ๊ค/ปราจีนบุรี/acer-aspire-5/,Not found (404),P04_LOCATION_X_MODEL,404 expected,false,false,false,,location_x_attribute,sell notebook in ปราจีนบุรี by acer-aspire-5 attribute,https://ร้านรับซื้อโน๊ตบุ๊ค.com/รับซื้อโน๊ตบุ๊ค/acer-aspire-5/,medium,KEEP_404,"A generic attribute page exists, but it is not an equivalent replacement because it discards location intent; keep 404 and do not mass-redirect.",GSC export 2026-06-21; last crawl 2026-06-13; dist=false; sitemap=false; noindex=n/a; internal_links=0; no matching page-level performance row; template=none found,medium,P3,none,false
https://ร้านรับซื้อโน๊ตบุ๊ค.com/รับซื้อโน๊ตบุ๊ค/รังสิต/asus-vivobook/,Not found (404),P04_LOCATION_X_MODEL,404 expected,false,false,false,,location_x_attribute,sell notebook in รังสิต by asus-vivobook attribute,https://ร้านรับซื้อโน๊ตบุ๊ค.com/รับซื้อโน๊ตบุ๊ค/asus-vivobook/,medium,KEEP_404,"A generic attribute page exists, but it is not an equivalent replacement because it discards location intent; keep 404 and do not mass-redirect.",GSC export 2026-06-21; last crawl 2026-06-13; dist=false; sitemap=false; noindex=n/a; internal_links=0; no matching page-level performance row; template=none found,medium,P3,none,false
https://ร้านรับซื้อโน๊ตบุ๊ค.com/รับซื้อโน๊ตบุ๊ค/สุพรรณบุรี/lenovo-loq-15-16/,Not found (404),P04_LOCATION_X_MODEL,404 expected,false,false,false,,location_x_attribute,sell notebook in สุพรรณบุรี by lenovo-loq-15-16 attribute,https://ร้านรับซื้อโน๊ตบุ๊ค.com/รับซื้อโน๊ตบุ๊ค/lenovo-loq-15-16/,medium,KEEP_404,"A generic attribute page exists, but it is not an equivalent replacement because it discards location intent; keep 404 and do not mass-redirect.",GSC export 2026-06-21; last crawl 2026-06-13; dist=false; sitemap=false; noindex=n/a; internal_links=0; no matching page-level performance row; template=none found,medium,P3,none,false
https://ร้านรับซื้อโน๊ตบุ๊ค.com/รับซื้อโน๊ตบุ๊ค/อุบลราชธานี/macbook-battery-health/,Not found (404),P04_LOCATION_X_MODEL,404 expected,false,false,false,,location_x_attribute,sell notebook in อุบลราชธานี by macbook-battery-health attribute,https://ร้านรับซื้อโน๊ตบุ๊ค.com/รับซื้อโน๊ตบุ๊ค/macbook-battery-health/,medium,KEEP_404,"A generic attribute page exists, but it is not an equivalent replacement because it discards location intent; keep 404 and do not mass-redirect.",GSC export 2026-06-21; last crawl 2026-06-13; dist=false; sitemap=false; noindex=n/a; internal_links=0; no matching page-level performance row; template=none found,medium,P3,none,false
https://ร้านรับซื้อโน๊ตบุ๊ค.com/รับซื้อโน๊ตบุ๊ค/สุราษฎร์ธานี/macbook-air-m4/,Not found (404),P04_LOCATION_X_MODEL,404 expected,false,false,false,,location_x_attribute,sell notebook in สุราษฎร์ธานี by macbook-air-m4 attribute,https://ร้านรับซื้อโน๊ตบุ๊ค.com/รับซื้อโน๊ตบุ๊ค/macbook-air-m4/,medium,KEEP_404,"A generic attribute page exists, but it is not an equivalent replacement because it discards location intent; keep 404 and do not mass-redirect.",GSC export 2026-06-21; last crawl 2026-06-13; dist=false; sitemap=false; noindex=n/a; internal_links=0; no matching page-level performance row; template=none found,medium,P3,none,false
https://ร้านรับซื้อโน๊ตบุ๊ค.com/รับซื้อโน๊ตบุ๊ค/ภูเก็ต/asus-rog-ally-x/,Not found (404),P04_LOCATION_X_MODEL,404 expected,false,false,false,,location_x_attribute,sell notebook in ภูเก็ต by asus-rog-ally-x attribute,https://ร้านรับซื้อโน๊ตบุ๊ค.com/รับซื้อโน๊ตบุ๊ค/asus-rog-ally-x/,medium,KEEP_404,"A generic attribute page exists, but it is not an equivalent replacement because it discards location intent; keep 404 and do not mass-redirect.",GSC export 2026-06-21; last crawl 2026-06-13; dist=false; sitemap=false; noindex=n/a; internal_links=0; no matching page-level performance row; template=none found,medium,P3,none,false
https://ร้านรับซื้อโน๊ตบุ๊ค.com/รับซื้อโน๊ตบุ๊ค/มุกดาหาร/msi-raider-18/,Not found (404),P04_LOCATION_X_MODEL,404 expected,false,false,false,,location_x_attribute,sell notebook in มุกดาหาร by msi-raider-18 attribute,https://ร้านรับซื้อโน๊ตบุ๊ค.com/รับซื้อโน๊ตบุ๊ค/msi-raider-18/,medium,KEEP_404,"A generic attribute page exists, but it is not an equivalent replacement because it discards location intent; keep 404 and do not mass-redirect.",GSC export 2026-06-21; last crawl 2026-06-13; dist=false; sitemap=false; noindex=n/a; internal_links=0; no matching page-level performance row; template=none found,medium,P3,none,false
https://ร้านรับซื้อโน๊ตบุ๊ค.com/รับซื้อโน๊ตบุ๊ค/ราชบุรี/msi-raider-18/,Not found (404),P04_LOCATION_X_MODEL,404 expected,false,false,false,,location_x_attribute,sell notebook in ราชบุรี by msi-raider-18 attribute,https://ร้านรับซื้อโน๊ตบุ๊ค.com/รับซื้อโน๊ตบุ๊ค/msi-raider-18/,medium,KEEP_404,"A generic attribute page exists, but it is not an equivalent replacement because it discards location intent; keep 404 and do not mass-redirect.",GSC export 2026-06-21; last crawl 2026-06-13; dist=false; sitemap=false; noindex=n/a; internal_links=0; no matching page-level performance row; template=none found,medium,P3,none,false
https://ร้านรับซื้อโน๊ตบุ๊ค.com/รับซื้อโน๊ตบุ๊ค/นครราชสีมา/msi-stealth-14/,Not found (404),P04_LOCATION_X_MODEL,404 expected,false,false,false,,location_x_attribute,sell notebook in นครราชสีมา by msi-stealth-14 attribute,https://ร้านรับซื้อโน๊ตบุ๊ค.com/รับซื้อโน๊ตบุ๊ค/msi-stealth-14/,medium,KEEP_404,"A generic attribute page exists, but it is not an equivalent replacement because it discards location intent; keep 404 and do not mass-redirect.",GSC export 2026-06-21; last crawl 2026-06-13; dist=false; sitemap=false; noindex=n/a; internal_links=0; no matching page-level performance row; template=none found,medium,P3,none,false
https://ร้านรับซื้อโน๊ตบุ๊ค.com/รับซื้อโน๊ตบุ๊ค/ห้วยขวาง/alienware-m15-r7-r8/,Not found (404),P04_LOCATION_X_MODEL,404 expected,false,false,false,,location_x_attribute,sell notebook in ห้วยขวาง by alienware-m15-r7-r8 attribute,https://ร้านรับซื้อโน๊ตบุ๊ค.com/รับซื้อโน๊ตบุ๊ค/alienware-m15-r7-r8/,medium,KEEP_404,"A generic attribute page exists, but it is not an equivalent replacement because it discards location intent; keep 404 and do not mass-redirect.",GSC export 2026-06-21; last crawl 2026-06-13; dist=false; sitemap=false; noindex=n/a; internal_links=0; no matching page-level performance row; template=none found,medium,P3,none,false
https://ร้านรับซื้อโน๊ตบุ๊ค.com/รับซื้อโน๊ตบุ๊ค/ปทุมธานี/macbook-pro-m1/,Not found (404),P04_LOCATION_X_MODEL,404 expected,false,false,false,,location_x_attribute,sell notebook in ปทุมธานี by macbook-pro-m1 attribute,https://ร้านรับซื้อโน๊ตบุ๊ค.com/รับซื้อโน๊ตบุ๊ค/macbook-pro-m1/,medium,KEEP_404,"A generic attribute page exists, but it is not an equivalent replacement because it discards location intent; keep 404 and do not mass-redirect.",GSC export 2026-06-21; last crawl 2026-06-13; dist=false; sitemap=false; noindex=n/a; internal_links=0; no matching page-level performance row; template=none found,medium,P3,none,false
https://ร้านรับซื้อโน๊ตบุ๊ค.com/รับซื้อโน๊ตบุ๊ค/ชลบุรี/lenovo-loq-15-16/,Not found (404),P04_LOCATION_X_MODEL,404 expected,false,false,false,,location_x_attribute,sell notebook in ชลบุรี by lenovo-loq-15-16 attribute,https://ร้านรับซื้อโน๊ตบุ๊ค.com/รับซื้อโน๊ตบุ๊ค/lenovo-loq-15-16/,medium,KEEP_404,"A generic attribute page exists, but it is not an equivalent replacement because it discards location intent; keep 404 and do not mass-redirect.",GSC export 2026-06-21; last crawl 2026-06-13; dist=false; sitemap=false; noindex=n/a; internal_links=0; no matching page-level performance row; template=none found,medium,P3,none,false
https://ร้านรับซื้อโน๊ตบุ๊ค.com/รับซื้อโน๊ตบุ๊ค/ชุมพร/acer-predator-triton/,Not found (404),P04_LOCATION_X_MODEL,404 expected,false,false,false,,location_x_attribute,sell notebook in ชุมพร by acer-predator-triton attribute,https://ร้านรับซื้อโน๊ตบุ๊ค.com/รับซื้อโน๊ตบุ๊ค/acer-predator-triton/,medium,KEEP_404,"A generic attribute page exists, but it is not an equivalent replacement because it discards location intent; keep 404 and do not mass-redirect.",GSC export 2026-06-21; last crawl 2026-06-13; dist=false; sitemap=false; noindex=n/a; internal_links=0; no matching page-level performance row; template=none found,medium,P3,none,false
https://ร้านรับซื้อโน๊ตบุ๊ค.com/รับซื้อโน๊ตบุ๊ค/สตูล/asus-zephyrus-g16/,Not found (404),P04_LOCATION_X_MODEL,404 expected,false,false,false,,location_x_attribute,sell notebook in สตูล by asus-zephyrus-g16 attribute,https://ร้านรับซื้อโน๊ตบุ๊ค.com/รับซื้อโน๊ตบุ๊ค/asus-zephyrus-g16/,medium,KEEP_404,"A generic attribute page exists, but it is not an equivalent replacement because it discards location intent; keep 404 and do not mass-redirect.",GSC export 2026-06-21; last crawl 2026-06-13; dist=false; sitemap=false; noindex=n/a; internal_links=0; no matching page-level performance row; template=none found,medium,P3,none,false
https://ร้านรับซื้อโน๊ตบุ๊ค.com/รับซื้อโน๊ตบุ๊ค/สมุทรสาคร/ร้อนจัดดับเอง/,Not found (404),P03_LOCATION_X_CONDITION,404 expected,false,false,false,,location_x_attribute,sell notebook in สมุทรสาคร by ร้อนจัดดับเอง attribute,https://ร้านรับซื้อโน๊ตบุ๊ค.com/รับซื้อโน๊ตบุ๊ค/ร้อนจัดดับเอง/,medium,KEEP_404,"A generic attribute page exists, but it is not an equivalent replacement because it discards location intent; keep 404 and do not mass-redirect.",GSC export 2026-06-21; last crawl 2026-06-13; dist=false; sitemap=false; noindex=n/a; internal_links=0; no matching page-level performance row; template=none found,medium,P3,none,false
https://ร้านรับซื้อโน๊ตบุ๊ค.com/รับซื้อโน๊ตบุ๊ค/จันทบุรี/lenovo-loq-15-16/,Not found (404),P04_LOCATION_X_MODEL,404 expected,false,false,false,,location_x_attribute,sell notebook in จันทบุรี by lenovo-loq-15-16 attribute,https://ร้านรับซื้อโน๊ตบุ๊ค.com/รับซื้อโน๊ตบุ๊ค/lenovo-loq-15-16/,medium,KEEP_404,"A generic attribute page exists, but it is not an equivalent replacement because it discards location intent; keep 404 and do not mass-redirect.",GSC export 2026-06-21; last crawl 2026-06-13; dist=false; sitemap=false; noindex=n/a; internal_links=0; no matching page-level performance row; template=none found,medium,P3,none,false
https://ร้านรับซื้อโน๊ตบุ๊ค.com/รับซื้อโน๊ตบุ๊ค/นนทบุรี/asus-zephyrus/,Not found (404),P04_LOCATION_X_MODEL,404 expected,false,false,false,,location_x_attribute,sell notebook in นนทบุรี by asus-zephyrus attribute,https://ร้านรับซื้อโน๊ตบุ๊ค.com/รับซื้อโน๊ตบุ๊ค/asus-zephyrus/,medium,KEEP_404,"A generic attribute page exists, but it is not an equivalent replacement because it discards location intent; keep 404 and do not mass-redirect.",GSC export 2026-06-21; last crawl 2026-06-13; dist=false; sitemap=false; noindex=n/a; internal_links=0; no matching page-level performance row; template=none found,medium,P3,none,false
https://ร้านรับซื้อโน๊ตบุ๊ค.com/รับซื้อโน๊ตบุ๊ค/รังสิต/acer-predator-triton/,Not found (404),P04_LOCATION_X_MODEL,404 expected,false,false,false,,location_x_attribute,sell notebook in รังสิต by acer-predator-triton attribute,https://ร้านรับซื้อโน๊ตบุ๊ค.com/รับซื้อโน๊ตบุ๊ค/acer-predator-triton/,medium,KEEP_404,"A generic attribute page exists, but it is not an equivalent replacement because it discards location intent; keep 404 and do not mass-redirect.",GSC export 2026-06-21; last crawl 2026-06-13; dist=false; sitemap=false; noindex=n/a; internal_links=0; no matching page-level performance row; template=none found,medium,P3,none,false
https://ร้านรับซื้อโน๊ตบุ๊ค.com/รับซื้อโน๊ตบุ๊ค/สุรินทร์/hp-spectre-x360/,Not found (404),P04_LOCATION_X_MODEL,404 expected,false,false,false,,location_x_attribute,sell notebook in สุรินทร์ by hp-spectre-x360 attribute,https://ร้านรับซื้อโน๊ตบุ๊ค.com/รับซื้อโน๊ตบุ๊ค/hp-spectre-x360/,medium,KEEP_404,"A generic attribute page exists, but it is not an equivalent replacement because it discards location intent; keep 404 and do not mass-redirect.",GSC export 2026-06-21; last crawl 2026-06-13; dist=false; sitemap=false; noindex=n/a; internal_links=0; no matching page-level performance row; template=none found,medium,P3,none,false
https://ร้านรับซื้อโน๊ตบุ๊ค.com/รับซื้อโน๊ตบุ๊ค/นครสวรรค์/macbook-air-m2/,Not found (404),P04_LOCATION_X_MODEL,404 expected,false,false,false,,location_x_attribute,sell notebook in นครสวรรค์ by macbook-air-m2 attribute,https://ร้านรับซื้อโน๊ตบุ๊ค.com/รับซื้อโน๊ตบุ๊ค/macbook-air-m2/,medium,KEEP_404,"A generic attribute page exists, but it is not an equivalent replacement because it discards location intent; keep 404 and do not mass-redirect.",GSC export 2026-06-21; last crawl 2026-06-13; dist=false; sitemap=false; noindex=n/a; internal_links=0; no matching page-level performance row; template=none found,medium,P3,none,false
https://ร้านรับซื้อโน๊ตบุ๊ค.com/รับซื้อโน๊ตบุ๊ค/สระแก้ว/acer-nitro-v/,Not found (404),P04_LOCATION_X_MODEL,404 expected,false,false,false,,location_x_attribute,sell notebook in สระแก้ว by acer-nitro-v attribute,https://ร้านรับซื้อโน๊ตบุ๊ค.com/รับซื้อโน๊ตบุ๊ค/acer-nitro-v/,medium,KEEP_404,"A generic attribute page exists, but it is not an equivalent replacement because it discards location intent; keep 404 and do not mass-redirect.",GSC export 2026-06-21; last crawl 2026-06-13; dist=false; sitemap=false; noindex=n/a; internal_links=0; no matching page-level performance row; template=none found,medium,P3,none,false
https://ร้านรับซื้อโน๊ตบุ๊ค.com/รับซื้อโน๊ตบุ๊ค/บุรีรัมย์/พัดลมดัง/,Not found (404),P04_LOCATION_X_MODEL,404 expected,false,false,false,,location_x_attribute,sell notebook in บุรีรัมย์ by พัดลมดัง attribute,https://ร้านรับซื้อโน๊ตบุ๊ค.com/รับซื้อโน๊ตบุ๊ค/พัดลมดัง/,medium,KEEP_404,"A generic attribute page exists, but it is not an equivalent replacement because it discards location intent; keep 404 and do not mass-redirect.",GSC export 2026-06-21; last crawl 2026-06-13; dist=false; sitemap=false; noindex=n/a; internal_links=0; no matching page-level performance row; template=none found,medium,P3,none,false
https://ร้านรับซื้อโน๊ตบุ๊ค.com/รับซื้อโน๊ตบุ๊ค/สกลนคร/asus-rog-strix/,Not found (404),P04_LOCATION_X_MODEL,404 expected,false,false,false,,location_x_attribute,sell notebook in สกลนคร by asus-rog-strix attribute,https://ร้านรับซื้อโน๊ตบุ๊ค.com/รับซื้อโน๊ตบุ๊ค/asus-rog-strix/,medium,KEEP_404,"A generic attribute page exists, but it is not an equivalent replacement because it discards location intent; keep 404 and do not mass-redirect.",GSC export 2026-06-21; last crawl 2026-06-13; dist=false; sitemap=false; noindex=n/a; internal_links=0; no matching page-level performance row; template=none found,medium,P3,none,false
https://ร้านรับซื้อโน๊ตบุ๊ค.com/รับซื้อโน๊ตบุ๊ค/เลย/acer-nitro-17/,Not found (404),P04_LOCATION_X_MODEL,404 expected,false,false,false,,location_x_attribute,sell notebook in เลย by acer-nitro-17 attribute,https://ร้านรับซื้อโน๊ตบุ๊ค.com/รับซื้อโน๊ตบุ๊ค/acer-nitro-17/,medium,KEEP_404,"A generic attribute page exists, but it is not an equivalent replacement because it discards location intent; keep 404 and do not mass-redirect.",GSC export 2026-06-21; last crawl 2026-06-13; dist=false; sitemap=false; noindex=n/a; internal_links=0; no matching page-level performance row; template=none found,medium,P3,none,false
https://ร้านรับซื้อโน๊ตบุ๊ค.com/รับซื้อโน๊ตบุ๊ค/เพชรบุรี/surface-pro/,Not found (404),P04_LOCATION_X_MODEL,404 expected,false,false,false,,location_x_attribute,sell notebook in เพชรบุรี by surface-pro attribute,https://ร้านรับซื้อโน๊ตบุ๊ค.com/รับซื้อโน๊ตบุ๊ค/surface-pro/,medium,KEEP_404,"A generic attribute page exists, but it is not an equivalent replacement because it discards location intent; keep 404 and do not mass-redirect.",GSC export 2026-06-21; last crawl 2026-06-13; dist=false; sitemap=false; noindex=n/a; internal_links=0; no matching page-level performance row; template=none found,medium,P3,none,false
https://ร้านรับซื้อโน๊ตบุ๊ค.com/รับซื้อโน๊ตบุ๊ค/นครสวรรค์/macbook-pro-16/,Not found (404),P04_LOCATION_X_MODEL,404 expected,false,false,false,,location_x_attribute,sell notebook in นครสวรรค์ by macbook-pro-16 attribute,https://ร้านรับซื้อโน๊ตบุ๊ค.com/รับซื้อโน๊ตบุ๊ค/macbook-pro-16/,medium,KEEP_404,"A generic attribute page exists, but it is not an equivalent replacement because it discards location intent; keep 404 and do not mass-redirect.",GSC export 2026-06-21; last crawl 2026-06-13; dist=false; sitemap=false; noindex=n/a; internal_links=0; no matching page-level performance row; template=none found,medium,P3,none,false
https://ร้านรับซื้อโน๊ตบุ๊ค.com/รับซื้อโน๊ตบุ๊ค/พัทลุง/samsung-galaxy-book/,Not found (404),P04_LOCATION_X_MODEL,404 expected,false,false,false,,location_x_attribute,sell notebook in พัทลุง by samsung-galaxy-book attribute,https://ร้านรับซื้อโน๊ตบุ๊ค.com/รับซื้อโน๊ตบุ๊ค/samsung-galaxy-book/,medium,KEEP_404,"A generic attribute page exists, but it is not an equivalent replacement because it discards location intent; keep 404 and do not mass-redirect.",GSC export 2026-06-21; last crawl 2026-06-13; dist=false; sitemap=false; noindex=n/a; internal_links=0; no matching page-level performance row; template=none found,medium,P3,none,false
https://ร้านรับซื้อโน๊ตบุ๊ค.com/รับซื้อโน๊ตบุ๊ค/อ่างทอง/asus-zephyrus-g14/,Not found (404),P04_LOCATION_X_MODEL,404 expected,false,false,false,,location_x_attribute,sell notebook in อ่างทอง by asus-zephyrus-g14 attribute,https://ร้านรับซื้อโน๊ตบุ๊ค.com/รับซื้อโน๊ตบุ๊ค/asus-zephyrus-g14/,medium,KEEP_404,"A generic attribute page exists, but it is not an equivalent replacement because it discards location intent; keep 404 and do not mass-redirect.",GSC export 2026-06-21; last crawl 2026-06-13; dist=false; sitemap=false; noindex=n/a; internal_links=0; no matching page-level performance row; template=none found,medium,P3,none,false
https://ร้านรับซื้อโน๊ตบุ๊ค.com/รับซื้อโน๊ตบุ๊ค/มหาสารคาม/ทัชแพดเสีย/,Not found (404),P03_LOCATION_X_CONDITION,404 expected,false,false,false,,location_x_attribute,sell notebook in มหาสารคาม by ทัชแพดเสีย attribute,https://ร้านรับซื้อโน๊ตบุ๊ค.com/รับซื้อโน๊ตบุ๊ค/ทัชแพดเสีย/,medium,KEEP_404,"A generic attribute page exists, but it is not an equivalent replacement because it discards location intent; keep 404 and do not mass-redirect.",GSC export 2026-06-21; last crawl 2026-06-13; dist=false; sitemap=false; noindex=n/a; internal_links=0; no matching page-level performance row; template=none found,medium,P3,none,false
https://ร้านรับซื้อโน๊ตบุ๊ค.com/รับซื้อโน๊ตบุ๊ค/ระยอง/asus-rog-ally-x/,Not found (404),P04_LOCATION_X_MODEL,404 expected,false,false,false,,location_x_attribute,sell notebook in ระยอง by asus-rog-ally-x attribute,https://ร้านรับซื้อโน๊ตบุ๊ค.com/รับซื้อโน๊ตบุ๊ค/asus-rog-ally-x/,medium,KEEP_404,"A generic attribute page exists, but it is not an equivalent replacement because it discards location intent; keep 404 and do not mass-redirect.",GSC export 2026-06-21; last crawl 2026-06-13; dist=false; sitemap=false; noindex=n/a; internal_links=0; no matching page-level performance row; template=none found,medium,P3,none,false
https://ร้านรับซื้อโน๊ตบุ๊ค.com/รับซื้อโน๊ตบุ๊ค/สมุทรสงคราม/ช่องหูฟังเสีย/,Not found (404),P03_LOCATION_X_CONDITION,404 expected,false,false,false,,location_x_attribute,sell notebook in สมุทรสงคราม by ช่องหูฟังเสีย attribute,https://ร้านรับซื้อโน๊ตบุ๊ค.com/รับซื้อโน๊ตบุ๊ค/ช่องหูฟังเสีย/,medium,KEEP_404,"A generic attribute page exists, but it is not an equivalent replacement because it discards location intent; keep 404 and do not mass-redirect.",GSC export 2026-06-21; last crawl 2026-06-13; dist=false; sitemap=false; noindex=n/a; internal_links=0; no matching page-level performance row; template=none found,medium,P3,none,false
https://ร้านรับซื้อโน๊ตบุ๊ค.com/รับซื้อโน๊ตบุ๊ค/นครพนม/macbook-pro-m2/,Not found (404),P04_LOCATION_X_MODEL,404 expected,false,false,false,,location_x_attribute,sell notebook in นครพนม by macbook-pro-m2 attribute,https://ร้านรับซื้อโน๊ตบุ๊ค.com/รับซื้อโน๊ตบุ๊ค/macbook-pro-m2/,medium,KEEP_404,"A generic attribute page exists, but it is not an equivalent replacement because it discards location intent; keep 404 and do not mass-redirect.",GSC export 2026-06-21; last crawl 2026-06-13; dist=false; sitemap=false; noindex=n/a; internal_links=0; no matching page-level performance row; template=none found,medium,P3,none,false
https://ร้านรับซื้อโน๊ตบุ๊ค.com/รับซื้อโน๊ตบุ๊ค/เชียงใหม่/asus-zephyrus/,Not found (404),P04_LOCATION_X_MODEL,404 expected,false,false,false,,location_x_attribute,sell notebook in เชียงใหม่ by asus-zephyrus attribute,https://ร้านรับซื้อโน๊ตบุ๊ค.com/รับซื้อโน๊ตบุ๊ค/asus-zephyrus/,medium,KEEP_404,"A generic attribute page exists, but it is not an equivalent replacement because it discards location intent; keep 404 and do not mass-redirect.",GSC export 2026-06-21; last crawl 2026-06-13; dist=false; sitemap=false; noindex=n/a; internal_links=0; no matching page-level performance row; template=none found,medium,P3,none,false
https://ร้านรับซื้อโน๊ตบุ๊ค.com/รับซื้อโน๊ตบุ๊ค/อำนาจเจริญ/msi-cyborg-15/,Not found (404),P04_LOCATION_X_MODEL,404 expected,false,false,false,,location_x_attribute,sell notebook in อำนาจเจริญ by msi-cyborg-15 attribute,https://ร้านรับซื้อโน๊ตบุ๊ค.com/รับซื้อโน๊ตบุ๊ค/msi-cyborg-15/,medium,KEEP_404,"A generic attribute page exists, but it is not an equivalent replacement because it discards location intent; keep 404 and do not mass-redirect.",GSC export 2026-06-21; last crawl 2026-06-13; dist=false; sitemap=false; noindex=n/a; internal_links=0; no matching page-level performance row; template=none found,medium,P3,none,false
https://ร้านรับซื้อโน๊ตบุ๊ค.com/รับซื้อโน๊ตบุ๊ค/นครพนม/lenovo-ideapad-3-5/,Not found (404),P04_LOCATION_X_MODEL,404 expected,false,false,false,,location_x_attribute,sell notebook in นครพนม by lenovo-ideapad-3-5 attribute,https://ร้านรับซื้อโน๊ตบุ๊ค.com/รับซื้อโน๊ตบุ๊ค/lenovo-ideapad-3-5/,medium,KEEP_404,"A generic attribute page exists, but it is not an equivalent replacement because it discards location intent; keep 404 and do not mass-redirect.",GSC export 2026-06-21; last crawl 2026-06-13; dist=false; sitemap=false; noindex=n/a; internal_links=0; no matching page-level performance row; template=none found,medium,P3,none,false
https://ร้านรับซื้อโน๊ตบุ๊ค.com/รับซื้อโน๊ตบุ๊ค/กาฬสินธุ์/ssd-เสีย/,Not found (404),P03_LOCATION_X_CONDITION,404 expected,false,false,false,,location_x_attribute,sell notebook in กาฬสินธุ์ by ssd-เสีย attribute,https://ร้านรับซื้อโน๊ตบุ๊ค.com/รับซื้อโน๊ตบุ๊ค/ssd-เสีย/,medium,KEEP_404,"A generic attribute page exists, but it is not an equivalent replacement because it discards location intent; keep 404 and do not mass-redirect.",GSC export 2026-06-21; last crawl 2026-06-13; dist=false; sitemap=false; noindex=n/a; internal_links=0; no matching page-level performance row; template=none found,medium,P3,none,false
https://ร้านรับซื้อโน๊ตบุ๊ค.com/รับซื้อโน๊ตบุ๊ค/มหาสารคาม/ลำโพงเสีย/,Not found (404),P03_LOCATION_X_CONDITION,404 expected,false,false,false,,location_x_attribute,sell notebook in มหาสารคาม by ลำโพงเสีย attribute,https://ร้านรับซื้อโน๊ตบุ๊ค.com/รับซื้อโน๊ตบุ๊ค/ลำโพงเสีย/,medium,KEEP_404,"A generic attribute page exists, but it is not an equivalent replacement because it discards location intent; keep 404 and do not mass-redirect.",GSC export 2026-06-21; last crawl 2026-06-13; dist=false; sitemap=false; noindex=n/a; internal_links=0; no matching page-level performance row; template=none found,medium,P3,none,false
https://ร้านรับซื้อโน๊ตบุ๊ค.com/รับซื้อโน๊ตบุ๊ค/นนทบุรี/พอร์ต-usb-เสีย/,Not found (404),P03_LOCATION_X_CONDITION,404 expected,false,false,false,,location_x_attribute,sell notebook in นนทบุรี by พอร์ต-usb-เสีย attribute,https://ร้านรับซื้อโน๊ตบุ๊ค.com/รับซื้อโน๊ตบุ๊ค/พอร์ต-usb-เสีย/,medium,KEEP_404,"A generic attribute page exists, but it is not an equivalent replacement because it discards location intent; keep 404 and do not mass-redirect.",GSC export 2026-06-21; last crawl 2026-06-13; dist=false; sitemap=false; noindex=n/a; internal_links=0; no matching page-level performance row; template=none found,medium,P3,none,false
https://ร้านรับซื้อโน๊ตบุ๊ค.com/รับซื้อโน๊ตบุ๊ค/อุบลราชธานี/acer-nitro-17/,Not found (404),P04_LOCATION_X_MODEL,404 expected,false,false,false,,location_x_attribute,sell notebook in อุบลราชธานี by acer-nitro-17 attribute,https://ร้านรับซื้อโน๊ตบุ๊ค.com/รับซื้อโน๊ตบุ๊ค/acer-nitro-17/,medium,KEEP_404,"A generic attribute page exists, but it is not an equivalent replacement because it discards location intent; keep 404 and do not mass-redirect.",GSC export 2026-06-21; last crawl 2026-06-13; dist=false; sitemap=false; noindex=n/a; internal_links=0; no matching page-level performance row; template=none found,medium,P3,none,false
https://ร้านรับซื้อโน๊ตบุ๊ค.com/รับซื้อโน๊ตบุ๊ค/ราชบุรี/thinkpad-e14-e15/,Not found (404),P04_LOCATION_X_MODEL,404 expected,false,false,false,,location_x_attribute,sell notebook in ราชบุรี by thinkpad-e14-e15 attribute,https://ร้านรับซื้อโน๊ตบุ๊ค.com/รับซื้อโน๊ตบุ๊ค/thinkpad-e14-e15/,medium,KEEP_404,"A generic attribute page exists, but it is not an equivalent replacement because it discards location intent; keep 404 and do not mass-redirect.",GSC export 2026-06-21; last crawl 2026-06-13; dist=false; sitemap=false; noindex=n/a; internal_links=0; no matching page-level performance row; template=none found,medium,P3,none,false
https://ร้านรับซื้อโน๊ตบุ๊ค.com/รับซื้อโน๊ตบุ๊ค/ลำพูน/macbook-air-m4/,Not found (404),P04_LOCATION_X_MODEL,404 expected,false,false,false,,location_x_attribute,sell notebook in ลำพูน by macbook-air-m4 attribute,https://ร้านรับซื้อโน๊ตบุ๊ค.com/รับซื้อโน๊ตบุ๊ค/macbook-air-m4/,medium,KEEP_404,"A generic attribute page exists, but it is not an equivalent replacement because it discards location intent; keep 404 and do not mass-redirect.",GSC export 2026-06-21; last crawl 2026-06-13; dist=false; sitemap=false; noindex=n/a; internal_links=0; no matching page-level performance row; template=none found,medium,P3,none,false
https://ร้านรับซื้อโน๊ตบุ๊ค.com/รับซื้อโน๊ตบุ๊ค/นครพนม/ค้างบ่อย/,Not found (404),P04_LOCATION_X_MODEL,404 expected,false,false,false,,location_x_attribute,sell notebook in นครพนม by ค้างบ่อย attribute,https://ร้านรับซื้อโน๊ตบุ๊ค.com/รับซื้อโน๊ตบุ๊ค/ค้างบ่อย/,medium,KEEP_404,"A generic attribute page exists, but it is not an equivalent replacement because it discards location intent; keep 404 and do not mass-redirect.",GSC export 2026-06-21; last crawl 2026-06-13; dist=false; sitemap=false; noindex=n/a; internal_links=0; no matching page-level performance row; template=none found,medium,P3,none,false
https://ร้านรับซื้อโน๊ตบุ๊ค.com/รับซื้อโน๊ตบุ๊ค/หาดใหญ่/gigabyte-aorus/,Not found (404),P04_LOCATION_X_MODEL,404 expected,false,false,false,,location_x_attribute,sell notebook in หาดใหญ่ by gigabyte-aorus attribute,https://ร้านรับซื้อโน๊ตบุ๊ค.com/รับซื้อโน๊ตบุ๊ค/gigabyte-aorus/,medium,KEEP_404,"A generic attribute page exists, but it is not an equivalent replacement because it discards location intent; keep 404 and do not mass-redirect.",GSC export 2026-06-21; last crawl 2026-06-13; dist=false; sitemap=false; noindex=n/a; internal_links=0; no matching page-level performance row; template=none found,medium,P3,none,false
https://ร้านรับซื้อโน๊ตบุ๊ค.com/รับซื้อโน๊ตบุ๊ค/กระบี่/macbook-keyboard-issue/,Not found (404),P04_LOCATION_X_MODEL,404 expected,false,false,false,,location_x_attribute,sell notebook in กระบี่ by macbook-keyboard-issue attribute,https://ร้านรับซื้อโน๊ตบุ๊ค.com/รับซื้อโน๊ตบุ๊ค/macbook-keyboard-issue/,medium,KEEP_404,"A generic attribute page exists, but it is not an equivalent replacement because it discards location intent; keep 404 and do not mass-redirect.",GSC export 2026-06-21; last crawl 2026-06-13; dist=false; sitemap=false; noindex=n/a; internal_links=0; no matching page-level performance row; template=none found,medium,P3,none,false
https://ร้านรับซื้อโน๊ตบุ๊ค.com/รับซื้อโน๊ตบุ๊ค/สมุทรสงคราม/acer-aspire-5/,Not found (404),P04_LOCATION_X_MODEL,404 expected,false,false,false,,location_x_attribute,sell notebook in สมุทรสงคราม by acer-aspire-5 attribute,https://ร้านรับซื้อโน๊ตบุ๊ค.com/รับซื้อโน๊ตบุ๊ค/acer-aspire-5/,medium,KEEP_404,"A generic attribute page exists, but it is not an equivalent replacement because it discards location intent; keep 404 and do not mass-redirect.",GSC export 2026-06-21; last crawl 2026-06-13; dist=false; sitemap=false; noindex=n/a; internal_links=0; no matching page-level performance row; template=none found,medium,P3,none,false
https://ร้านรับซื้อโน๊ตบุ๊ค.com/รับซื้อโน๊ตบุ๊ค/พระราม2/ช่องหูฟังเสีย/,Not found (404),P03_LOCATION_X_CONDITION,404 expected,false,false,false,,location_x_attribute,sell notebook in พระราม2 by ช่องหูฟังเสีย attribute,https://ร้านรับซื้อโน๊ตบุ๊ค.com/รับซื้อโน๊ตบุ๊ค/ช่องหูฟังเสีย/,medium,KEEP_404,"A generic attribute page exists, but it is not an equivalent replacement because it discards location intent; keep 404 and do not mass-redirect.",GSC export 2026-06-21; last crawl 2026-06-13; dist=false; sitemap=false; noindex=n/a; internal_links=0; no matching page-level performance row; template=none found,medium,P3,none,false
https://ร้านรับซื้อโน๊ตบุ๊ค.com/รับซื้อโน๊ตบุ๊ค/ปราจีนบุรี/thinkpad-e14-e15/,Not found (404),P04_LOCATION_X_MODEL,404 expected,false,false,false,,location_x_attribute,sell notebook in ปราจีนบุรี by thinkpad-e14-e15 attribute,https://ร้านรับซื้อโน๊ตบุ๊ค.com/รับซื้อโน๊ตบุ๊ค/thinkpad-e14-e15/,medium,KEEP_404,"A generic attribute page exists, but it is not an equivalent replacement because it discards location intent; keep 404 and do not mass-redirect.",GSC export 2026-06-21; last crawl 2026-06-13; dist=false; sitemap=false; noindex=n/a; internal_links=0; no matching page-level performance row; template=none found,medium,P3,none,false
https://ร้านรับซื้อโน๊ตบุ๊ค.com/รับซื้อโน๊ตบุ๊ค/นครปฐม/hdmi-เสีย/,Not found (404),P03_LOCATION_X_CONDITION,404 expected,false,false,false,,location_x_attribute,sell notebook in นครปฐม by hdmi-เสีย attribute,https://ร้านรับซื้อโน๊ตบุ๊ค.com/รับซื้อโน๊ตบุ๊ค/hdmi-เสีย/,medium,KEEP_404,"A generic attribute page exists, but it is not an equivalent replacement because it discards location intent; keep 404 and do not mass-redirect.",GSC export 2026-06-21; last crawl 2026-06-13; dist=false; sitemap=false; noindex=n/a; internal_links=0; no matching page-level performance row; template=none found,medium,P3,none,false
https://ร้านรับซื้อโน๊ตบุ๊ค.com/รับซื้อโน๊ตบุ๊ค/สุรินทร์/asus-zephyrus-g16/,Not found (404),P04_LOCATION_X_MODEL,404 expected,false,false,false,,location_x_attribute,sell notebook in สุรินทร์ by asus-zephyrus-g16 attribute,https://ร้านรับซื้อโน๊ตบุ๊ค.com/รับซื้อโน๊ตบุ๊ค/asus-zephyrus-g16/,medium,KEEP_404,"A generic attribute page exists, but it is not an equivalent replacement because it discards location intent; keep 404 and do not mass-redirect.",GSC export 2026-06-21; last crawl 2026-06-13; dist=false; sitemap=false; noindex=n/a; internal_links=0; no matching page-level performance row; template=none found,medium,P3,none,false
https://ร้านรับซื้อโน๊ตบุ๊ค.com/รับซื้อโน๊ตบุ๊ค/ปัตตานี/macbook-air-m2/,Not found (404),P04_LOCATION_X_MODEL,404 expected,false,false,false,,location_x_attribute,sell notebook in ปัตตานี by macbook-air-m2 attribute,https://ร้านรับซื้อโน๊ตบุ๊ค.com/รับซื้อโน๊ตบุ๊ค/macbook-air-m2/,medium,KEEP_404,"A generic attribute page exists, but it is not an equivalent replacement because it discards location intent; keep 404 and do not mass-redirect.",GSC export 2026-06-21; last crawl 2026-06-13; dist=false; sitemap=false; noindex=n/a; internal_links=0; no matching page-level performance row; template=none found,medium,P3,none,false
https://ร้านรับซื้อโน๊ตบุ๊ค.com/รับซื้อโน๊ตบุ๊ค/สุรินทร์/ssd-เสีย/,Not found (404),P03_LOCATION_X_CONDITION,404 expected,false,false,false,,location_x_attribute,sell notebook in สุรินทร์ by ssd-เสีย attribute,https://ร้านรับซื้อโน๊ตบุ๊ค.com/รับซื้อโน๊ตบุ๊ค/ssd-เสีย/,medium,KEEP_404,"A generic attribute page exists, but it is not an equivalent replacement because it discards location intent; keep 404 and do not mass-redirect.",GSC export 2026-06-21; last crawl 2026-06-13; dist=false; sitemap=false; noindex=n/a; internal_links=0; no matching page-level performance row; template=none found,medium,P3,none,false
https://ร้านรับซื้อโน๊ตบุ๊ค.com/รับซื้อโน๊ตบุ๊ค/นครปฐม/dell-inspiron-15/,Not found (404),P04_LOCATION_X_MODEL,404 expected,false,false,false,,location_x_attribute,sell notebook in นครปฐม by dell-inspiron-15 attribute,https://ร้านรับซื้อโน๊ตบุ๊ค.com/รับซื้อโน๊ตบุ๊ค/dell-inspiron-15/,medium,KEEP_404,"A generic attribute page exists, but it is not an equivalent replacement because it discards location intent; keep 404 and do not mass-redirect.",GSC export 2026-06-21; last crawl 2026-06-13; dist=false; sitemap=false; noindex=n/a; internal_links=0; no matching page-level performance row; template=none found,medium,P3,none,false
https://ร้านรับซื้อโน๊ตบุ๊ค.com/รับซื้อโน๊ตบุ๊ค/เพชรบุรี/บอดี้แตก/,Not found (404),P03_LOCATION_X_CONDITION,404 expected,false,false,false,,location_x_attribute,sell notebook in เพชรบุรี by บอดี้แตก attribute,https://ร้านรับซื้อโน๊ตบุ๊ค.com/รับซื้อโน๊ตบุ๊ค/บอดี้แตก/,medium,KEEP_404,"A generic attribute page exists, but it is not an equivalent replacement because it discards location intent; keep 404 and do not mass-redirect.",GSC export 2026-06-21; last crawl 2026-06-13; dist=false; sitemap=false; noindex=n/a; internal_links=0; no matching page-level performance row; template=none found,medium,P3,none,false
https://ร้านรับซื้อโน๊ตบุ๊ค.com/รับซื้อโน๊ตบุ๊ค/สมุทรปราการ/msi-stealth-14/,Not found (404),P04_LOCATION_X_MODEL,404 expected,false,false,false,,location_x_attribute,sell notebook in สมุทรปราการ by msi-stealth-14 attribute,https://ร้านรับซื้อโน๊ตบุ๊ค.com/รับซื้อโน๊ตบุ๊ค/msi-stealth-14/,medium,KEEP_404,"A generic attribute page exists, but it is not an equivalent replacement because it discards location intent; keep 404 and do not mass-redirect.",GSC export 2026-06-21; last crawl 2026-06-13; dist=false; sitemap=false; noindex=n/a; internal_links=0; no matching page-level performance row; template=none found,medium,P3,none,false
https://ร้านรับซื้อโน๊ตบุ๊ค.com/รับซื้อโน๊ตบุ๊ค/กาญจนบุรี/macbook-air-m5/,Not found (404),P04_LOCATION_X_MODEL,404 expected,false,false,false,,location_x_attribute,sell notebook in กาญจนบุรี by macbook-air-m5 attribute,https://ร้านรับซื้อโน๊ตบุ๊ค.com/รับซื้อโน๊ตบุ๊ค/macbook-air-m5/,medium,KEEP_404,"A generic attribute page exists, but it is not an equivalent replacement because it discards location intent; keep 404 and do not mass-redirect.",GSC export 2026-06-21; last crawl 2026-06-13; dist=false; sitemap=false; noindex=n/a; internal_links=0; no matching page-level performance row; template=none found,medium,P3,none,false
https://ร้านรับซื้อโน๊ตบุ๊ค.com/รับซื้อโน๊ตบุ๊ค/ชุมพร/lenovo-thinkbook/,Not found (404),P04_LOCATION_X_MODEL,404 expected,false,false,false,,location_x_attribute,sell notebook in ชุมพร by lenovo-thinkbook attribute,https://ร้านรับซื้อโน๊ตบุ๊ค.com/รับซื้อโน๊ตบุ๊ค/lenovo-thinkbook/,medium,KEEP_404,"A generic attribute page exists, but it is not an equivalent replacement because it discards location intent; keep 404 and do not mass-redirect.",GSC export 2026-06-21; last crawl 2026-06-13; dist=false; sitemap=false; noindex=n/a; internal_links=0; no matching page-level performance row; template=none found,medium,P3,none,false
https://ร้านรับซื้อโน๊ตบุ๊ค.com/รับซื้อโน๊ตบุ๊ค/นครปฐม/บูตวน/,Not found (404),P03_LOCATION_X_CONDITION,404 expected,false,false,false,,location_x_attribute,sell notebook in นครปฐม by บูตวน attribute,https://ร้านรับซื้อโน๊ตบุ๊ค.com/รับซื้อโน๊ตบุ๊ค/บูตวน/,medium,KEEP_404,"A generic attribute page exists, but it is not an equivalent replacement because it discards location intent; keep 404 and do not mass-redirect.",GSC export 2026-06-21; last crawl 2026-06-13; dist=false; sitemap=false; noindex=n/a; internal_links=0; no matching page-level performance row; template=none found,medium,P3,none,false
https://ร้านรับซื้อโน๊ตบุ๊ค.com/รับซื้อโน๊ตบุ๊ค/อยุธยา/บอดี้แตก/,Not found (404),P03_LOCATION_X_CONDITION,404 expected,false,false,false,,location_x_attribute,sell notebook in อยุธยา by บอดี้แตก attribute,https://ร้านรับซื้อโน๊ตบุ๊ค.com/รับซื้อโน๊ตบุ๊ค/บอดี้แตก/,medium,KEEP_404,"A generic attribute page exists, but it is not an equivalent replacement because it discards location intent; keep 404 and do not mass-redirect.",GSC export 2026-06-21; last crawl 2026-06-13; dist=false; sitemap=false; noindex=n/a; internal_links=0; no matching page-level performance row; template=none found,medium,P3,none,false
https://ร้านรับซื้อโน๊ตบุ๊ค.com/รับซื้อโน๊ตบุ๊ค/สระบุรี/razer/,Not found (404),P04_LOCATION_X_MODEL,404 expected,false,false,false,,location_x_attribute,sell notebook in สระบุรี by razer attribute,https://ร้านรับซื้อโน๊ตบุ๊ค.com/รับซื้อโน๊ตบุ๊ค/razer/,medium,KEEP_404,"A generic attribute page exists, but it is not an equivalent replacement because it discards location intent; keep 404 and do not mass-redirect.",GSC export 2026-06-21; last crawl 2026-06-13; dist=false; sitemap=false; noindex=n/a; internal_links=0; no matching page-level performance row; template=none found,medium,P3,none,false
https://ร้านรับซื้อโน๊ตบุ๊ค.com/รับซื้อโน๊ตบุ๊ค/แพร่/ทัชแพดเสีย/,Not found (404),P03_LOCATION_X_CONDITION,404 expected,false,false,false,,location_x_attribute,sell notebook in แพร่ by ทัชแพดเสีย attribute,https://ร้านรับซื้อโน๊ตบุ๊ค.com/รับซื้อโน๊ตบุ๊ค/ทัชแพดเสีย/,medium,KEEP_404,"A generic attribute page exists, but it is not an equivalent replacement because it discards location intent; keep 404 and do not mass-redirect.",GSC export 2026-06-21; last crawl 2026-06-13; dist=false; sitemap=false; noindex=n/a; internal_links=0; no matching page-level performance row; template=none found,medium,P3,none,false
https://ร้านรับซื้อโน๊ตบุ๊ค.com/รับซื้อโน๊ตบุ๊ค/มุกดาหาร/hp-probook/,Not found (404),P04_LOCATION_X_MODEL,404 expected,false,false,false,,location_x_attribute,sell notebook in มุกดาหาร by hp-probook attribute,https://ร้านรับซื้อโน๊ตบุ๊ค.com/รับซื้อโน๊ตบุ๊ค/hp-probook/,medium,KEEP_404,"A generic attribute page exists, but it is not an equivalent replacement because it discards location intent; keep 404 and do not mass-redirect.",GSC export 2026-06-21; last crawl 2026-06-13; dist=false; sitemap=false; noindex=n/a; internal_links=0; no matching page-level performance row; template=none found,medium,P3,none,false
https://ร้านรับซื้อโน๊ตบุ๊ค.com/รับซื้อโน๊ตบุ๊ค/จันทบุรี/พอร์ต-type-c-เสีย/,Not found (404),P03_LOCATION_X_CONDITION,404 expected,false,false,false,,location_x_attribute,sell notebook in จันทบุรี by พอร์ต-type-c-เสีย attribute,https://ร้านรับซื้อโน๊ตบุ๊ค.com/รับซื้อโน๊ตบุ๊ค/พอร์ต-type-c-เสีย/,medium,KEEP_404,"A generic attribute page exists, but it is not an equivalent replacement because it discards location intent; keep 404 and do not mass-redirect.",GSC export 2026-06-21; last crawl 2026-06-13; dist=false; sitemap=false; noindex=n/a; internal_links=0; no matching page-level performance row; template=none found,medium,P3,none,false
https://ร้านรับซื้อโน๊ตบุ๊ค.com/รับซื้อโน๊ตบุ๊ค/ระยอง/ฝาหลังบวม/,Not found (404),P03_LOCATION_X_CONDITION,404 expected,false,false,false,,location_x_attribute,sell notebook in ระยอง by ฝาหลังบวม attribute,https://ร้านรับซื้อโน๊ตบุ๊ค.com/รับซื้อโน๊ตบุ๊ค/ฝาหลังบวม/,medium,KEEP_404,"A generic attribute page exists, but it is not an equivalent replacement because it discards location intent; keep 404 and do not mass-redirect.",GSC export 2026-06-21; last crawl 2026-06-13; dist=false; sitemap=false; noindex=n/a; internal_links=0; no matching page-level performance row; template=none found,medium,P3,none,false
https://ร้านรับซื้อโน๊ตบุ๊ค.com/รับซื้อโน๊ตบุ๊ค/ปัตตานี/huawei/,Not found (404),P04_LOCATION_X_MODEL,404 expected,false,false,false,,location_x_attribute,sell notebook in ปัตตานี by huawei attribute,https://ร้านรับซื้อโน๊ตบุ๊ค.com/รับซื้อโน๊ตบุ๊ค/huawei/,medium,KEEP_404,"A generic attribute page exists, but it is not an equivalent replacement because it discards location intent; keep 404 and do not mass-redirect.",GSC export 2026-06-21; last crawl 2026-06-13; dist=false; sitemap=false; noindex=n/a; internal_links=0; no matching page-level performance row; template=none found,medium,P3,none,false
https://ร้านรับซื้อโน๊ตบุ๊ค.com/รับซื้อโน๊ตบุ๊ค/ราชบุรี/dell-g15-g16/,Not found (404),P04_LOCATION_X_MODEL,404 expected,false,false,false,,location_x_attribute,sell notebook in ราชบุรี by dell-g15-g16 attribute,https://ร้านรับซื้อโน๊ตบุ๊ค.com/รับซื้อโน๊ตบุ๊ค/dell-g15-g16/,medium,KEEP_404,"A generic attribute page exists, but it is not an equivalent replacement because it discards location intent; keep 404 and do not mass-redirect.",GSC export 2026-06-21; last crawl 2026-06-13; dist=false; sitemap=false; noindex=n/a; internal_links=0; no matching page-level performance row; template=none found,medium,P3,none,false
https://ร้านรับซื้อโน๊ตบุ๊ค.com/รับซื้อโน๊ตบุ๊ค/พระราม2/macbook-air-13/,Not found (404),P04_LOCATION_X_MODEL,404 expected,false,false,false,,location_x_attribute,sell notebook in พระราม2 by macbook-air-13 attribute,https://ร้านรับซื้อโน๊ตบุ๊ค.com/รับซื้อโน๊ตบุ๊ค/macbook-air-13/,medium,KEEP_404,"A generic attribute page exists, but it is not an equivalent replacement because it discards location intent; keep 404 and do not mass-redirect.",GSC export 2026-06-21; last crawl 2026-06-13; dist=false; sitemap=false; noindex=n/a; internal_links=0; no matching page-level performance row; template=none found,medium,P3,none,false
https://ร้านรับซื้อโน๊ตบุ๊ค.com/รับซื้อโน๊ตบุ๊ค/น่าน/gigabyte-aorus/,Not found (404),P04_LOCATION_X_MODEL,404 expected,false,false,false,,location_x_attribute,sell notebook in น่าน by gigabyte-aorus attribute,https://ร้านรับซื้อโน๊ตบุ๊ค.com/รับซื้อโน๊ตบุ๊ค/gigabyte-aorus/,medium,KEEP_404,"A generic attribute page exists, but it is not an equivalent replacement because it discards location intent; keep 404 and do not mass-redirect.",GSC export 2026-06-21; last crawl 2026-06-13; dist=false; sitemap=false; noindex=n/a; internal_links=0; no matching page-level performance row; template=none found,medium,P3,none,false
https://ร้านรับซื้อโน๊ตบุ๊ค.com/รับซื้อโน๊ตบุ๊ค/กาฬสินธุ์/surface-laptop-go/,Not found (404),P04_LOCATION_X_MODEL,404 expected,false,false,false,,location_x_attribute,sell notebook in กาฬสินธุ์ by surface-laptop-go attribute,https://ร้านรับซื้อโน๊ตบุ๊ค.com/รับซื้อโน๊ตบุ๊ค/surface-laptop-go/,medium,KEEP_404,"A generic attribute page exists, but it is not an equivalent replacement because it discards location intent; keep 404 and do not mass-redirect.",GSC export 2026-06-21; last crawl 2026-06-13; dist=false; sitemap=false; noindex=n/a; internal_links=0; no matching page-level performance row; template=none found,medium,P3,none,false
https://ร้านรับซื้อโน๊ตบุ๊ค.com/รับซื้อโน๊ตบุ๊ค/นครนายก/macbook-air-13/,Not found (404),P04_LOCATION_X_MODEL,404 expected,false,false,false,,location_x_attribute,sell notebook in นครนายก by macbook-air-13 attribute,https://ร้านรับซื้อโน๊ตบุ๊ค.com/รับซื้อโน๊ตบุ๊ค/macbook-air-13/,medium,KEEP_404,"A generic attribute page exists, but it is not an equivalent replacement because it discards location intent; keep 404 and do not mass-redirect.",GSC export 2026-06-21; last crawl 2026-06-13; dist=false; sitemap=false; noindex=n/a; internal_links=0; no matching page-level performance row; template=none found,medium,P3,none,false
https://ร้านรับซื้อโน๊ตบุ๊ค.com/รับซื้อโน๊ตบุ๊ค/มหาสารคาม/lenovo-legion-5/,Not found (404),P04_LOCATION_X_MODEL,404 expected,false,false,false,,location_x_attribute,sell notebook in มหาสารคาม by lenovo-legion-5 attribute,https://ร้านรับซื้อโน๊ตบุ๊ค.com/รับซื้อโน๊ตบุ๊ค/lenovo-legion-5/,medium,KEEP_404,"A generic attribute page exists, but it is not an equivalent replacement because it discards location intent; keep 404 and do not mass-redirect.",GSC export 2026-06-21; last crawl 2026-06-13; dist=false; sitemap=false; noindex=n/a; internal_links=0; no matching page-level performance row; template=none found,medium,P3,none,false
https://ร้านรับซื้อโน๊ตบุ๊ค.com/รับซื้อโน๊ตบุ๊ค/หนองบัวลำภู/alienware-m18/,Not found (404),P04_LOCATION_X_MODEL,404 expected,false,false,false,,location_x_attribute,sell notebook in หนองบัวลำภู by alienware-m18 attribute,https://ร้านรับซื้อโน๊ตบุ๊ค.com/รับซื้อโน๊ตบุ๊ค/alienware-m18/,medium,KEEP_404,"A generic attribute page exists, but it is not an equivalent replacement because it discards location intent; keep 404 and do not mass-redirect.",GSC export 2026-06-21; last crawl 2026-06-13; dist=false; sitemap=false; noindex=n/a; internal_links=0; no matching page-level performance row; template=none found,medium,P3,none,false
https://ร้านรับซื้อโน๊ตบุ๊ค.com/รับซื้อโน๊ตบุ๊ค/กาญจนบุรี/lenovo-loq-15-16/,Not found (404),P04_LOCATION_X_MODEL,404 expected,false,false,false,,location_x_attribute,sell notebook in กาญจนบุรี by lenovo-loq-15-16 attribute,https://ร้านรับซื้อโน๊ตบุ๊ค.com/รับซื้อโน๊ตบุ๊ค/lenovo-loq-15-16/,medium,KEEP_404,"A generic attribute page exists, but it is not an equivalent replacement because it discards location intent; keep 404 and do not mass-redirect.",GSC export 2026-06-21; last crawl 2026-06-13; dist=false; sitemap=false; noindex=n/a; internal_links=0; no matching page-level performance row; template=none found,medium,P3,none,false
https://ร้านรับซื้อโน๊ตบุ๊ค.com/รับซื้อโน๊ตบุ๊ค/ลำพูน/macbook-air-m3/,Not found (404),P04_LOCATION_X_MODEL,404 expected,false,false,false,,location_x_attribute,sell notebook in ลำพูน by macbook-air-m3 attribute,https://ร้านรับซื้อโน๊ตบุ๊ค.com/รับซื้อโน๊ตบุ๊ค/macbook-air-m3/,medium,KEEP_404,"A generic attribute page exists, but it is not an equivalent replacement because it discards location intent; keep 404 and do not mass-redirect.",GSC export 2026-06-21; last crawl 2026-06-13; dist=false; sitemap=false; noindex=n/a; internal_links=0; no matching page-level performance row; template=none found,medium,P3,none,false
https://ร้านรับซื้อโน๊ตบุ๊ค.com/รับซื้อโน๊ตบุ๊ค/กรุงเทพ/macbook-pro-m1/,Not found (404),P04_LOCATION_X_MODEL,404 expected,false,false,false,,location_x_attribute,sell notebook in กรุงเทพ by macbook-pro-m1 attribute,https://ร้านรับซื้อโน๊ตบุ๊ค.com/รับซื้อโน๊ตบุ๊ค/macbook-pro-m1/,medium,KEEP_404,"A generic attribute page exists, but it is not an equivalent replacement because it discards location intent; keep 404 and do not mass-redirect.",GSC export 2026-06-21; last crawl 2026-06-13; dist=false; sitemap=false; noindex=n/a; internal_links=0; no matching page-level performance row; template=none found,medium,P3,none,false
https://ร้านรับซื้อโน๊ตบุ๊ค.com/รับซื้อโน๊ตบุ๊ค/ชัยภูมิ/กล้องเสีย/,Not found (404),P03_LOCATION_X_CONDITION,404 expected,false,false,false,,location_x_attribute,sell notebook in ชัยภูมิ by กล้องเสีย attribute,https://ร้านรับซื้อโน๊ตบุ๊ค.com/รับซื้อโน๊ตบุ๊ค/กล้องเสีย/,medium,KEEP_404,"A generic attribute page exists, but it is not an equivalent replacement because it discards location intent; keep 404 and do not mass-redirect.",GSC export 2026-06-21; last crawl 2026-06-13; dist=false; sitemap=false; noindex=n/a; internal_links=0; no matching page-level performance row; template=none found,medium,P3,none,false
https://ร้านรับซื้อโน๊ตบุ๊ค.com/รับซื้อโน๊ตบุ๊ค/นครปฐม/razer/,Not found (404),P04_LOCATION_X_MODEL,404 expected,false,false,false,,location_x_attribute,sell notebook in นครปฐม by razer attribute,https://ร้านรับซื้อโน๊ตบุ๊ค.com/รับซื้อโน๊ตบุ๊ค/razer/,medium,KEEP_404,"A generic attribute page exists, but it is not an equivalent replacement because it discards location intent; keep 404 and do not mass-redirect.",GSC export 2026-06-21; last crawl 2026-06-13; dist=false; sitemap=false; noindex=n/a; internal_links=0; no matching page-level performance row; template=none found,medium,P3,none,false
https://ร้านรับซื้อโน๊ตบุ๊ค.com/รับซื้อโน๊ตบุ๊ค/ภาคอีสาน/dell-latitude/,Not found (404),P04_LOCATION_X_MODEL,404 expected,false,false,false,,location_x_attribute,sell notebook in ภาคอีสาน by dell-latitude attribute,https://ร้านรับซื้อโน๊ตบุ๊ค.com/รับซื้อโน๊ตบุ๊ค/dell-latitude/,medium,KEEP_404,"A generic attribute page exists, but it is not an equivalent replacement because it discards location intent; keep 404 and do not mass-redirect.",GSC export 2026-06-21; last crawl 2026-06-13; dist=false; sitemap=false; noindex=n/a; internal_links=0; no matching page-level performance row; template=none found,medium,P3,none,false
https://ร้านรับซื้อโน๊ตบุ๊ค.com/รับซื้อโน๊ตบุ๊ค/พระราม2/huawei/,Not found (404),P04_LOCATION_X_MODEL,404 expected,false,false,false,,location_x_attribute,sell notebook in พระราม2 by huawei attribute,https://ร้านรับซื้อโน๊ตบุ๊ค.com/รับซื้อโน๊ตบุ๊ค/huawei/,medium,KEEP_404,"A generic attribute page exists, but it is not an equivalent replacement because it discards location intent; keep 404 and do not mass-redirect.",GSC export 2026-06-21; last crawl 2026-06-13; dist=false; sitemap=false; noindex=n/a; internal_links=0; no matching page-level performance row; template=none found,medium,P3,none,false
https://ร้านรับซื้อโน๊ตบุ๊ค.com/รับซื้อโน๊ตบุ๊ค/เลย/acer-nitro-v/,Not found (404),P04_LOCATION_X_MODEL,404 expected,false,false,false,,location_x_attribute,sell notebook in เลย by acer-nitro-v attribute,https://ร้านรับซื้อโน๊ตบุ๊ค.com/รับซื้อโน๊ตบุ๊ค/acer-nitro-v/,medium,KEEP_404,"A generic attribute page exists, but it is not an equivalent replacement because it discards location intent; keep 404 and do not mass-redirect.",GSC export 2026-06-21; last crawl 2026-06-13; dist=false; sitemap=false; noindex=n/a; internal_links=0; no matching page-level performance row; template=none found,medium,P3,none,false
https://ร้านรับซื้อโน๊ตบุ๊ค.com/รับซื้อโน๊ตบุ๊ค/พังงา/msi-katana-15/,Not found (404),P04_LOCATION_X_MODEL,404 expected,false,false,false,,location_x_attribute,sell notebook in พังงา by msi-katana-15 attribute,https://ร้านรับซื้อโน๊ตบุ๊ค.com/รับซื้อโน๊ตบุ๊ค/msi-katana-15/,medium,KEEP_404,"A generic attribute page exists, but it is not an equivalent replacement because it discards location intent; keep 404 and do not mass-redirect.",GSC export 2026-06-21; last crawl 2026-06-13; dist=false; sitemap=false; noindex=n/a; internal_links=0; no matching page-level performance row; template=none found,medium,P3,none,false
https://ร้านรับซื้อโน๊ตบุ๊ค.com/รับซื้อโน๊ตบุ๊ค/ปัตตานี/macbook-pro-m1/,Not found (404),P04_LOCATION_X_MODEL,404 expected,false,false,false,,location_x_attribute,sell notebook in ปัตตานี by macbook-pro-m1 attribute,https://ร้านรับซื้อโน๊ตบุ๊ค.com/รับซื้อโน๊ตบุ๊ค/macbook-pro-m1/,medium,KEEP_404,"A generic attribute page exists, but it is not an equivalent replacement because it discards location intent; keep 404 and do not mass-redirect.",GSC export 2026-06-21; last crawl 2026-06-13; dist=false; sitemap=false; noindex=n/a; internal_links=0; no matching page-level performance row; template=none found,medium,P3,none,false
https://ร้านรับซื้อโน๊ตบุ๊ค.com/รับซื้อโน๊ตบุ๊ค/ระยอง/พัดลมดัง/,Not found (404),P04_LOCATION_X_MODEL,404 expected,false,false,false,,location_x_attribute,sell notebook in ระยอง by พัดลมดัง attribute,https://ร้านรับซื้อโน๊ตบุ๊ค.com/รับซื้อโน๊ตบุ๊ค/พัดลมดัง/,medium,KEEP_404,"A generic attribute page exists, but it is not an equivalent replacement because it discards location intent; keep 404 and do not mass-redirect.",GSC export 2026-06-21; last crawl 2026-06-13; dist=false; sitemap=false; noindex=n/a; internal_links=0; no matching page-level performance row; template=none found,medium,P3,none,false
https://ร้านรับซื้อโน๊ตบุ๊ค.com/รับซื้อโน๊ตบุ๊ค/ลำปาง/dell-vostro/,Not found (404),P04_LOCATION_X_MODEL,404 expected,false,false,false,,location_x_attribute,sell notebook in ลำปาง by dell-vostro attribute,https://ร้านรับซื้อโน๊ตบุ๊ค.com/รับซื้อโน๊ตบุ๊ค/dell-vostro/,medium,KEEP_404,"A generic attribute page exists, but it is not an equivalent replacement because it discards location intent; keep 404 and do not mass-redirect.",GSC export 2026-06-21; last crawl 2026-06-13; dist=false; sitemap=false; noindex=n/a; internal_links=0; no matching page-level performance row; template=none found,medium,P3,none,false
https://ร้านรับซื้อโน๊ตบุ๊ค.com/รับซื้อโน๊ตบุ๊ค/สตูล/บอดี้แตก/,Not found (404),P03_LOCATION_X_CONDITION,404 expected,false,false,false,,location_x_attribute,sell notebook in สตูล by บอดี้แตก attribute,https://ร้านรับซื้อโน๊ตบุ๊ค.com/รับซื้อโน๊ตบุ๊ค/บอดี้แตก/,medium,KEEP_404,"A generic attribute page exists, but it is not an equivalent replacement because it discards location intent; keep 404 and do not mass-redirect.",GSC export 2026-06-21; last crawl 2026-06-13; dist=false; sitemap=false; noindex=n/a; internal_links=0; no matching page-level performance row; template=none found,medium,P3,none,false
https://ร้านรับซื้อโน๊ตบุ๊ค.com/รับซื้อโน๊ตบุ๊ค/อุทัยธานี/asus-rog-flow/,Not found (404),P04_LOCATION_X_MODEL,404 expected,false,false,false,,location_x_attribute,sell notebook in อุทัยธานี by asus-rog-flow attribute,https://ร้านรับซื้อโน๊ตบุ๊ค.com/รับซื้อโน๊ตบุ๊ค/asus-rog-flow/,medium,KEEP_404,"A generic attribute page exists, but it is not an equivalent replacement because it discards location intent; keep 404 and do not mass-redirect.",GSC export 2026-06-21; last crawl 2026-06-13; dist=false; sitemap=false; noindex=n/a; internal_links=0; no matching page-level performance row; template=none found,medium,P3,none,false
https://ร้านรับซื้อโน๊ตบุ๊ค.com/รับซื้อโน๊ตบุ๊ค/นนทบุรี/macbook-pro-m1/,Not found (404),P04_LOCATION_X_MODEL,404 expected,false,false,false,,location_x_attribute,sell notebook in นนทบุรี by macbook-pro-m1 attribute,https://ร้านรับซื้อโน๊ตบุ๊ค.com/รับซื้อโน๊ตบุ๊ค/macbook-pro-m1/,medium,KEEP_404,"A generic attribute page exists, but it is not an equivalent replacement because it discards location intent; keep 404 and do not mass-redirect.",GSC export 2026-06-21; last crawl 2026-06-13; dist=false; sitemap=false; noindex=n/a; internal_links=0; no matching page-level performance row; template=none found,medium,P3,none,false
https://ร้านรับซื้อโน๊ตบุ๊ค.com/รับซื้อโน๊ตบุ๊ค/ร้อยเอ็ด/hp-probook/,Not found (404),P04_LOCATION_X_MODEL,404 expected,false,false,false,,location_x_attribute,sell notebook in ร้อยเอ็ด by hp-probook attribute,https://ร้านรับซื้อโน๊ตบุ๊ค.com/รับซื้อโน๊ตบุ๊ค/hp-probook/,medium,KEEP_404,"A generic attribute page exists, but it is not an equivalent replacement because it discards location intent; keep 404 and do not mass-redirect.",GSC export 2026-06-21; last crawl 2026-06-13; dist=false; sitemap=false; noindex=n/a; internal_links=0; no matching page-level performance row; template=none found,medium,P3,none,false
https://ร้านรับซื้อโน๊ตบุ๊ค.com/รับซื้อโน๊ตบุ๊ค/อุทัยธานี/hp-omen-17/,Not found (404),P04_LOCATION_X_MODEL,404 expected,false,false,false,,location_x_attribute,sell notebook in อุทัยธานี by hp-omen-17 attribute,https://ร้านรับซื้อโน๊ตบุ๊ค.com/รับซื้อโน๊ตบุ๊ค/hp-omen-17/,medium,KEEP_404,"A generic attribute page exists, but it is not an equivalent replacement because it discards location intent; keep 404 and do not mass-redirect.",GSC export 2026-06-21; last crawl 2026-06-13; dist=false; sitemap=false; noindex=n/a; internal_links=0; no matching page-level performance row; template=none found,medium,P3,none,false
https://ร้านรับซื้อโน๊ตบุ๊ค.com/รับซื้อโน๊ตบุ๊ค/เชียงใหม่/huawei-matebook/,Not found (404),P04_LOCATION_X_MODEL,404 expected,false,false,false,,location_x_attribute,sell notebook in เชียงใหม่ by huawei-matebook attribute,https://ร้านรับซื้อโน๊ตบุ๊ค.com/รับซื้อโน๊ตบุ๊ค/huawei-matebook/,medium,KEEP_404,"A generic attribute page exists, but it is not an equivalent replacement because it discards location intent; keep 404 and do not mass-redirect.",GSC export 2026-06-21; last crawl 2026-06-13; dist=false; sitemap=false; noindex=n/a; internal_links=0; no matching page-level performance row; template=none found,medium,P3,none,false
https://ร้านรับซื้อโน๊ตบุ๊ค.com/รับซื้อโน๊ตบุ๊ค/ลำพูน/hdmi-เสีย/,Not found (404),P03_LOCATION_X_CONDITION,404 expected,false,false,false,,location_x_attribute,sell notebook in ลำพูน by hdmi-เสีย attribute,https://ร้านรับซื้อโน๊ตบุ๊ค.com/รับซื้อโน๊ตบุ๊ค/hdmi-เสีย/,medium,KEEP_404,"A generic attribute page exists, but it is not an equivalent replacement because it discards location intent; keep 404 and do not mass-redirect.",GSC export 2026-06-21; last crawl 2026-06-13; dist=false; sitemap=false; noindex=n/a; internal_links=0; no matching page-level performance row; template=none found,medium,P3,none,false
https://ร้านรับซื้อโน๊ตบุ๊ค.com/รับซื้อโน๊ตบุ๊ค/นครศรีธรรมราช/gigabyte-aorus/,Not found (404),P04_LOCATION_X_MODEL,404 expected,false,false,false,,location_x_attribute,sell notebook in นครศรีธรรมราช by gigabyte-aorus attribute,https://ร้านรับซื้อโน๊ตบุ๊ค.com/รับซื้อโน๊ตบุ๊ค/gigabyte-aorus/,medium,KEEP_404,"A generic attribute page exists, but it is not an equivalent replacement because it discards location intent; keep 404 and do not mass-redirect.",GSC export 2026-06-21; last crawl 2026-06-13; dist=false; sitemap=false; noindex=n/a; internal_links=0; no matching page-level performance row; template=none found,medium,P3,none,false
https://ร้านรับซื้อโน๊ตบุ๊ค.com/รับซื้อโน๊ตบุ๊ค/สุราษฎร์ธานี/msi-cyborg-15/,Not found (404),P04_LOCATION_X_MODEL,404 expected,false,false,false,,location_x_attribute,sell notebook in สุราษฎร์ธานี by msi-cyborg-15 attribute,https://ร้านรับซื้อโน๊ตบุ๊ค.com/รับซื้อโน๊ตบุ๊ค/msi-cyborg-15/,medium,KEEP_404,"A generic attribute page exists, but it is not an equivalent replacement because it discards location intent; keep 404 and do not mass-redirect.",GSC export 2026-06-21; last crawl 2026-06-13; dist=false; sitemap=false; noindex=n/a; internal_links=0; no matching page-level performance row; template=none found,medium,P3,none,false
https://ร้านรับซื้อโน๊ตบุ๊ค.com/รับซื้อโน๊ตบุ๊ค/หนองบัวลำภู/macbook-keyboard-issue/,Not found (404),P04_LOCATION_X_MODEL,404 expected,false,false,false,,location_x_attribute,sell notebook in หนองบัวลำภู by macbook-keyboard-issue attribute,https://ร้านรับซื้อโน๊ตบุ๊ค.com/รับซื้อโน๊ตบุ๊ค/macbook-keyboard-issue/,medium,KEEP_404,"A generic attribute page exists, but it is not an equivalent replacement because it discards location intent; keep 404 and do not mass-redirect.",GSC export 2026-06-21; last crawl 2026-06-13; dist=false; sitemap=false; noindex=n/a; internal_links=0; no matching page-level performance row; template=none found,medium,P3,none,false
https://ร้านรับซื้อโน๊ตบุ๊ค.com/รับซื้อโน๊ตบุ๊ค/เพชรบูรณ์/thinkpad-e14-e15/,Not found (404),P04_LOCATION_X_MODEL,404 expected,false,false,false,,location_x_attribute,sell notebook in เพชรบูรณ์ by thinkpad-e14-e15 attribute,https://ร้านรับซื้อโน๊ตบุ๊ค.com/รับซื้อโน๊ตบุ๊ค/thinkpad-e14-e15/,medium,KEEP_404,"A generic attribute page exists, but it is not an equivalent replacement because it discards location intent; keep 404 and do not mass-redirect.",GSC export 2026-06-21; last crawl 2026-06-13; dist=false; sitemap=false; noindex=n/a; internal_links=0; no matching page-level performance row; template=none found,medium,P3,none,false
https://ร้านรับซื้อโน๊ตบุ๊ค.com/รับซื้อโน๊ตบุ๊ค/ปัตตานี/asus-tuf-a15-f15/,Not found (404),P04_LOCATION_X_MODEL,404 expected,false,false,false,,location_x_attribute,sell notebook in ปัตตานี by asus-tuf-a15-f15 attribute,https://ร้านรับซื้อโน๊ตบุ๊ค.com/รับซื้อโน๊ตบุ๊ค/asus-tuf-a15-f15/,medium,KEEP_404,"A generic attribute page exists, but it is not an equivalent replacement because it discards location intent; keep 404 and do not mass-redirect.",GSC export 2026-06-21; last crawl 2026-06-13; dist=false; sitemap=false; noindex=n/a; internal_links=0; no matching page-level performance row; template=none found,medium,P3,none,false
https://ร้านรับซื้อโน๊ตบุ๊ค.com/รับซื้อโน๊ตบุ๊ค/อำนาจเจริญ/huawei-matebook/,Not found (404),P04_LOCATION_X_MODEL,404 expected,false,false,false,,location_x_attribute,sell notebook in อำนาจเจริญ by huawei-matebook attribute,https://ร้านรับซื้อโน๊ตบุ๊ค.com/รับซื้อโน๊ตบุ๊ค/huawei-matebook/,medium,KEEP_404,"A generic attribute page exists, but it is not an equivalent replacement because it discards location intent; keep 404 and do not mass-redirect.",GSC export 2026-06-21; last crawl 2026-06-13; dist=false; sitemap=false; noindex=n/a; internal_links=0; no matching page-level performance row; template=none found,medium,P3,none,false
https://ร้านรับซื้อโน๊ตบุ๊ค.com/รับซื้อโน๊ตบุ๊ค/กรุงเทพ/razer/,Not found (404),P04_LOCATION_X_MODEL,404 expected,false,false,false,,location_x_attribute,sell notebook in กรุงเทพ by razer attribute,https://ร้านรับซื้อโน๊ตบุ๊ค.com/รับซื้อโน๊ตบุ๊ค/razer/,medium,KEEP_404,"A generic attribute page exists, but it is not an equivalent replacement because it discards location intent; keep 404 and do not mass-redirect.",GSC export 2026-06-21; last crawl 2026-06-13; dist=false; sitemap=false; noindex=n/a; internal_links=0; no matching page-level performance row; template=none found,medium,P3,none,false
https://ร้านรับซื้อโน๊ตบุ๊ค.com/รับซื้อโน๊ตบุ๊ค/พัทยา/thinkpad-t14/,Not found (404),P04_LOCATION_X_MODEL,404 expected,false,false,false,,location_x_attribute,sell notebook in พัทยา by thinkpad-t14 attribute,https://ร้านรับซื้อโน๊ตบุ๊ค.com/รับซื้อโน๊ตบุ๊ค/thinkpad-t14/,medium,KEEP_404,"A generic attribute page exists, but it is not an equivalent replacement because it discards location intent; keep 404 and do not mass-redirect.",GSC export 2026-06-21; last crawl 2026-06-13; dist=false; sitemap=false; noindex=n/a; internal_links=0; no matching page-level performance row; template=none found,medium,P3,none,false
https://ร้านรับซื้อโน๊ตบุ๊ค.com/รับซื้อโน๊ตบุ๊ค/เชียงราย/asus-vivobook/,Not found (404),P04_LOCATION_X_MODEL,404 expected,false,false,false,,location_x_attribute,sell notebook in เชียงราย by asus-vivobook attribute,https://ร้านรับซื้อโน๊ตบุ๊ค.com/รับซื้อโน๊ตบุ๊ค/asus-vivobook/,medium,KEEP_404,"A generic attribute page exists, but it is not an equivalent replacement because it discards location intent; keep 404 and do not mass-redirect.",GSC export 2026-06-21; last crawl 2026-06-13; dist=false; sitemap=false; noindex=n/a; internal_links=0; no matching page-level performance row; template=none found,medium,P3,none,false
https://ร้านรับซื้อโน๊ตบุ๊ค.com/รับซื้อโน๊ตบุ๊ค/สกลนคร/lenovo-yoga/,Not found (404),P04_LOCATION_X_MODEL,404 expected,false,false,false,,location_x_attribute,sell notebook in สกลนคร by lenovo-yoga attribute,https://ร้านรับซื้อโน๊ตบุ๊ค.com/รับซื้อโน๊ตบุ๊ค/lenovo-yoga/,medium,KEEP_404,"A generic attribute page exists, but it is not an equivalent replacement because it discards location intent; keep 404 and do not mass-redirect.",GSC export 2026-06-21; last crawl 2026-06-13; dist=false; sitemap=false; noindex=n/a; internal_links=0; no matching page-level performance row; template=none found,medium,P3,none,false
https://ร้านรับซื้อโน๊ตบุ๊ค.com/รับซื้อโน๊ตบุ๊ค/แม่ฮ่องสอน/alienware-m18/,Not found (404),P04_LOCATION_X_MODEL,404 expected,false,false,false,,location_x_attribute,sell notebook in แม่ฮ่องสอน by alienware-m18 attribute,https://ร้านรับซื้อโน๊ตบุ๊ค.com/รับซื้อโน๊ตบุ๊ค/alienware-m18/,medium,KEEP_404,"A generic attribute page exists, but it is not an equivalent replacement because it discards location intent; keep 404 and do not mass-redirect.",GSC export 2026-06-21; last crawl 2026-06-13; dist=false; sitemap=false; noindex=n/a; internal_links=0; no matching page-level performance row; template=none found,medium,P3,none,false
https://ร้านรับซื้อโน๊ตบุ๊ค.com/รับซื้อโน๊ตบุ๊ค/สระบุรี/จอมีเส้น/,Not found (404),P04_LOCATION_X_MODEL,404 expected,false,false,false,,location_x_attribute,sell notebook in สระบุรี by จอมีเส้น attribute,https://ร้านรับซื้อโน๊ตบุ๊ค.com/รับซื้อโน๊ตบุ๊ค/จอมีเส้น/,medium,KEEP_404,"A generic attribute page exists, but it is not an equivalent replacement because it discards location intent; keep 404 and do not mass-redirect.",GSC export 2026-06-21; last crawl 2026-06-13; dist=false; sitemap=false; noindex=n/a; internal_links=0; no matching page-level performance row; template=none found,medium,P3,none,false
https://ร้านรับซื้อโน๊ตบุ๊ค.com/รับซื้อโน๊ตบุ๊ค/สุรินทร์/dell-latitude/,Not found (404),P04_LOCATION_X_MODEL,404 expected,false,false,false,,location_x_attribute,sell notebook in สุรินทร์ by dell-latitude attribute,https://ร้านรับซื้อโน๊ตบุ๊ค.com/รับซื้อโน๊ตบุ๊ค/dell-latitude/,medium,KEEP_404,"A generic attribute page exists, but it is not an equivalent replacement because it discards location intent; keep 404 and do not mass-redirect.",GSC export 2026-06-21; last crawl 2026-06-13; dist=false; sitemap=false; noindex=n/a; internal_links=0; no matching page-level performance row; template=none found,medium,P3,none,false
https://ร้านรับซื้อโน๊ตบุ๊ค.com/รับซื้อโน๊ตบุ๊ค/กรุงเทพ/macbook-no-box-no-receipt/,Not found (404),P04_LOCATION_X_MODEL,404 expected,false,false,false,,location_x_attribute,sell notebook in กรุงเทพ by macbook-no-box-no-receipt attribute,https://ร้านรับซื้อโน๊ตบุ๊ค.com/รับซื้อโน๊ตบุ๊ค/macbook-no-box-no-receipt/,medium,KEEP_404,"A generic attribute page exists, but it is not an equivalent replacement because it discards location intent; keep 404 and do not mass-redirect.",GSC export 2026-06-21; last crawl 2026-06-12; dist=false; sitemap=false; noindex=n/a; internal_links=0; no matching page-level performance row; template=none found,medium,P3,none,false
https://ร้านรับซื้อโน๊ตบุ๊ค.com/รับซื้อโน๊ตบุ๊ค/ตราด/dell-xps-13-15/,Not found (404),P04_LOCATION_X_MODEL,404 expected,false,false,false,,location_x_attribute,sell notebook in ตราด by dell-xps-13-15 attribute,https://ร้านรับซื้อโน๊ตบุ๊ค.com/รับซื้อโน๊ตบุ๊ค/dell-xps-13-15/,medium,KEEP_404,"A generic attribute page exists, but it is not an equivalent replacement because it discards location intent; keep 404 and do not mass-redirect.",GSC export 2026-06-21; last crawl 2026-06-12; dist=false; sitemap=false; noindex=n/a; internal_links=0; no matching page-level performance row; template=none found,medium,P3,none,false
https://ร้านรับซื้อโน๊ตบุ๊ค.com/รับซื้อโน๊ตบุ๊ค/สุรินทร์/asus-vivobook/,Not found (404),P04_LOCATION_X_MODEL,404 expected,false,false,false,,location_x_attribute,sell notebook in สุรินทร์ by asus-vivobook attribute,https://ร้านรับซื้อโน๊ตบุ๊ค.com/รับซื้อโน๊ตบุ๊ค/asus-vivobook/,medium,KEEP_404,"A generic attribute page exists, but it is not an equivalent replacement because it discards location intent; keep 404 and do not mass-redirect.",GSC export 2026-06-21; last crawl 2026-06-12; dist=false; sitemap=false; noindex=n/a; internal_links=0; no matching page-level performance row; template=none found,medium,P3,none,false
https://ร้านรับซื้อโน๊ตบุ๊ค.com/รับซื้อโน๊ตบุ๊ค/พัทยา/lenovo-thinkbook/,Not found (404),P04_LOCATION_X_MODEL,404 expected,false,false,false,,location_x_attribute,sell notebook in พัทยา by lenovo-thinkbook attribute,https://ร้านรับซื้อโน๊ตบุ๊ค.com/รับซื้อโน๊ตบุ๊ค/lenovo-thinkbook/,medium,KEEP_404,"A generic attribute page exists, but it is not an equivalent replacement because it discards location intent; keep 404 and do not mass-redirect.",GSC export 2026-06-21; last crawl 2026-06-12; dist=false; sitemap=false; noindex=n/a; internal_links=0; no matching page-level performance row; template=none found,medium,P3,none,false
https://ร้านรับซื้อโน๊ตบุ๊ค.com/รับซื้อโน๊ตบุ๊ค/ระนอง/honor-magicbook/,Not found (404),P04_LOCATION_X_MODEL,404 expected,false,false,false,,location_x_attribute,sell notebook in ระนอง by honor-magicbook attribute,https://ร้านรับซื้อโน๊ตบุ๊ค.com/รับซื้อโน๊ตบุ๊ค/honor-magicbook/,medium,KEEP_404,"A generic attribute page exists, but it is not an equivalent replacement because it discards location intent; keep 404 and do not mass-redirect.",GSC export 2026-06-21; last crawl 2026-06-12; dist=false; sitemap=false; noindex=n/a; internal_links=0; no matching page-level performance row; template=none found,medium,P3,none,false
https://ร้านรับซื้อโน๊ตบุ๊ค.com/รับซื้อโน๊ตบุ๊ค/ตราด/asus-zephyrus-g16/,Not found (404),P04_LOCATION_X_MODEL,404 expected,false,false,false,,location_x_attribute,sell notebook in ตราด by asus-zephyrus-g16 attribute,https://ร้านรับซื้อโน๊ตบุ๊ค.com/รับซื้อโน๊ตบุ๊ค/asus-zephyrus-g16/,medium,KEEP_404,"A generic attribute page exists, but it is not an equivalent replacement because it discards location intent; keep 404 and do not mass-redirect.",GSC export 2026-06-21; last crawl 2026-06-12; dist=false; sitemap=false; noindex=n/a; internal_links=0; no matching page-level performance row; template=none found,medium,P3,none,false
https://ร้านรับซื้อโน๊ตบุ๊ค.com/รับซื้อโน๊ตบุ๊ค/พิจิตร/honor-magicbook/,Not found (404),P04_LOCATION_X_MODEL,404 expected,false,false,false,,location_x_attribute,sell notebook in พิจิตร by honor-magicbook attribute,https://ร้านรับซื้อโน๊ตบุ๊ค.com/รับซื้อโน๊ตบุ๊ค/honor-magicbook/,medium,KEEP_404,"A generic attribute page exists, but it is not an equivalent replacement because it discards location intent; keep 404 and do not mass-redirect.",GSC export 2026-06-21; last crawl 2026-06-12; dist=false; sitemap=false; noindex=n/a; internal_links=0; no matching page-level performance row; template=none found,medium,P3,none,false
https://ร้านรับซื้อโน๊ตบุ๊ค.com/รับซื้อโน๊ตบุ๊ค/บางนา/lenovo-legion-slim/,Not found (404),P04_LOCATION_X_MODEL,404 expected,false,false,false,,location_x_attribute,sell notebook in บางนา by lenovo-legion-slim attribute,https://ร้านรับซื้อโน๊ตบุ๊ค.com/รับซื้อโน๊ตบุ๊ค/lenovo-legion-slim/,medium,KEEP_404,"A generic attribute page exists, but it is not an equivalent replacement because it discards location intent; keep 404 and do not mass-redirect.",GSC export 2026-06-21; last crawl 2026-06-12; dist=false; sitemap=false; noindex=n/a; internal_links=0; no matching page-level performance row; template=none found,medium,P3,none,false
https://ร้านรับซื้อโน๊ตบุ๊ค.com/รับซื้อโน๊ตบุ๊ค/กรุงเทพ/macbook-air-m2/,Not found (404),P04_LOCATION_X_MODEL,404 expected,false,false,false,,location_x_attribute,sell notebook in กรุงเทพ by macbook-air-m2 attribute,https://ร้านรับซื้อโน๊ตบุ๊ค.com/รับซื้อโน๊ตบุ๊ค/macbook-air-m2/,medium,KEEP_404,"A generic attribute page exists, but it is not an equivalent replacement because it discards location intent; keep 404 and do not mass-redirect.",GSC export 2026-06-21; last crawl 2026-06-12; dist=false; sitemap=false; noindex=n/a; internal_links=0; no matching page-level performance row; template=none found,medium,P3,none,false
https://ร้านรับซื้อโน๊ตบุ๊ค.com/รับซื้อโน๊ตบุ๊ค/ลำปาง/lenovo-legion-pro-7/,Not found (404),P04_LOCATION_X_MODEL,404 expected,false,false,false,,location_x_attribute,sell notebook in ลำปาง by lenovo-legion-pro-7 attribute,https://ร้านรับซื้อโน๊ตบุ๊ค.com/รับซื้อโน๊ตบุ๊ค/lenovo-legion-pro-7/,medium,KEEP_404,"A generic attribute page exists, but it is not an equivalent replacement because it discards location intent; keep 404 and do not mass-redirect.",GSC export 2026-06-21; last crawl 2026-06-12; dist=false; sitemap=false; noindex=n/a; internal_links=0; no matching page-level performance row; template=none found,medium,P3,none,false
https://ร้านรับซื้อโน๊ตบุ๊ค.com/รับซื้อโน๊ตบุ๊ค/หนองคาย/macbook-battery-swollen/,Not found (404),P04_LOCATION_X_MODEL,404 expected,false,false,false,,location_x_attribute,sell notebook in หนองคาย by macbook-battery-swollen attribute,https://ร้านรับซื้อโน๊ตบุ๊ค.com/รับซื้อโน๊ตบุ๊ค/macbook-battery-swollen/,medium,KEEP_404,"A generic attribute page exists, but it is not an equivalent replacement because it discards location intent; keep 404 and do not mass-redirect.",GSC export 2026-06-21; last crawl 2026-06-12; dist=false; sitemap=false; noindex=n/a; internal_links=0; no matching page-level performance row; template=none found,medium,P3,none,false
https://ร้านรับซื้อโน๊ตบุ๊ค.com/รับซื้อโน๊ตบุ๊ค/ตาก/huawei/,Not found (404),P04_LOCATION_X_MODEL,404 expected,false,false,false,,location_x_attribute,sell notebook in ตาก by huawei attribute,https://ร้านรับซื้อโน๊ตบุ๊ค.com/รับซื้อโน๊ตบุ๊ค/huawei/,medium,KEEP_404,"A generic attribute page exists, but it is not an equivalent replacement because it discards location intent; keep 404 and do not mass-redirect.",GSC export 2026-06-21; last crawl 2026-06-12; dist=false; sitemap=false; noindex=n/a; internal_links=0; no matching page-level performance row; template=none found,medium,P3,none,false
https://ร้านรับซื้อโน๊ตบุ๊ค.com/รับซื้อโน๊ตบุ๊ค/เชียงใหม่/lenovo-legion-pro-7/,Not found (404),P04_LOCATION_X_MODEL,404 expected,false,false,false,,location_x_attribute,sell notebook in เชียงใหม่ by lenovo-legion-pro-7 attribute,https://ร้านรับซื้อโน๊ตบุ๊ค.com/รับซื้อโน๊ตบุ๊ค/lenovo-legion-pro-7/,medium,KEEP_404,"A generic attribute page exists, but it is not an equivalent replacement because it discards location intent; keep 404 and do not mass-redirect.",GSC export 2026-06-21; last crawl 2026-06-12; dist=false; sitemap=false; noindex=n/a; internal_links=0; no matching page-level performance row; template=none found,medium,P3,none,false
https://ร้านรับซื้อโน๊ตบุ๊ค.com/รับซื้อโน๊ตบุ๊ค/ระนอง/alienware-m16/,Not found (404),P04_LOCATION_X_MODEL,404 expected,false,false,false,,location_x_attribute,sell notebook in ระนอง by alienware-m16 attribute,https://ร้านรับซื้อโน๊ตบุ๊ค.com/รับซื้อโน๊ตบุ๊ค/alienware-m16/,medium,KEEP_404,"A generic attribute page exists, but it is not an equivalent replacement because it discards location intent; keep 404 and do not mass-redirect.",GSC export 2026-06-21; last crawl 2026-06-12; dist=false; sitemap=false; noindex=n/a; internal_links=0; no matching page-level performance row; template=none found,medium,P3,none,false
https://ร้านรับซื้อโน๊ตบุ๊ค.com/รับซื้อโน๊ตบุ๊ค/ลาดพร้าว/dell-inspiron-15/,Not found (404),P04_LOCATION_X_MODEL,404 expected,false,false,false,,location_x_attribute,sell notebook in ลาดพร้าว by dell-inspiron-15 attribute,https://ร้านรับซื้อโน๊ตบุ๊ค.com/รับซื้อโน๊ตบุ๊ค/dell-inspiron-15/,medium,KEEP_404,"A generic attribute page exists, but it is not an equivalent replacement because it discards location intent; keep 404 and do not mass-redirect.",GSC export 2026-06-21; last crawl 2026-06-12; dist=false; sitemap=false; noindex=n/a; internal_links=0; no matching page-level performance row; template=none found,medium,P3,none,false
https://ร้านรับซื้อโน๊ตบุ๊ค.com/รับซื้อโน๊ตบุ๊ค/ยะลา/ค้างบ่อย/,Not found (404),P04_LOCATION_X_MODEL,404 expected,false,false,false,,location_x_attribute,sell notebook in ยะลา by ค้างบ่อย attribute,https://ร้านรับซื้อโน๊ตบุ๊ค.com/รับซื้อโน๊ตบุ๊ค/ค้างบ่อย/,medium,KEEP_404,"A generic attribute page exists, but it is not an equivalent replacement because it discards location intent; keep 404 and do not mass-redirect.",GSC export 2026-06-21; last crawl 2026-06-12; dist=false; sitemap=false; noindex=n/a; internal_links=0; no matching page-level performance row; template=none found,medium,P3,none,false
https://ร้านรับซื้อโน๊ตบุ๊ค.com/รับซื้อโน๊ตบุ๊ค/ห้วยขวาง/surface-book/,Not found (404),P04_LOCATION_X_MODEL,404 expected,false,false,false,,location_x_attribute,sell notebook in ห้วยขวาง by surface-book attribute,https://ร้านรับซื้อโน๊ตบุ๊ค.com/รับซื้อโน๊ตบุ๊ค/surface-book/,medium,KEEP_404,"A generic attribute page exists, but it is not an equivalent replacement because it discards location intent; keep 404 and do not mass-redirect.",GSC export 2026-06-21; last crawl 2026-06-12; dist=false; sitemap=false; noindex=n/a; internal_links=0; no matching page-level performance row; template=none found,medium,P3,none,false
https://ร้านรับซื้อโน๊ตบุ๊ค.com/รับซื้อโน๊ตบุ๊ค/ลาดพร้าว/macbook-air-13/,Not found (404),P04_LOCATION_X_MODEL,404 expected,false,false,false,,location_x_attribute,sell notebook in ลาดพร้าว by macbook-air-13 attribute,https://ร้านรับซื้อโน๊ตบุ๊ค.com/รับซื้อโน๊ตบุ๊ค/macbook-air-13/,medium,KEEP_404,"A generic attribute page exists, but it is not an equivalent replacement because it discards location intent; keep 404 and do not mass-redirect.",GSC export 2026-06-21; last crawl 2026-06-12; dist=false; sitemap=false; noindex=n/a; internal_links=0; no matching page-level performance row; template=none found,medium,P3,none,false
https://ร้านรับซื้อโน๊ตบุ๊ค.com/รับซื้อโน๊ตบุ๊ค/ตราด/hp-omen-transcend/,Not found (404),P04_LOCATION_X_MODEL,404 expected,false,false,false,,location_x_attribute,sell notebook in ตราด by hp-omen-transcend attribute,https://ร้านรับซื้อโน๊ตบุ๊ค.com/รับซื้อโน๊ตบุ๊ค/hp-omen-transcend/,medium,KEEP_404,"A generic attribute page exists, but it is not an equivalent replacement because it discards location intent; keep 404 and do not mass-redirect.",GSC export 2026-06-21; last crawl 2026-06-12; dist=false; sitemap=false; noindex=n/a; internal_links=0; no matching page-level performance row; template=none found,medium,P3,none,false
https://ร้านรับซื้อโน๊ตบุ๊ค.com/รับซื้อโน๊ตบุ๊ค/ปัตตานี/พอร์ต-usb-เสีย/,Not found (404),P03_LOCATION_X_CONDITION,404 expected,false,false,false,,location_x_attribute,sell notebook in ปัตตานี by พอร์ต-usb-เสีย attribute,https://ร้านรับซื้อโน๊ตบุ๊ค.com/รับซื้อโน๊ตบุ๊ค/พอร์ต-usb-เสีย/,medium,KEEP_404,"A generic attribute page exists, but it is not an equivalent replacement because it discards location intent; keep 404 and do not mass-redirect.",GSC export 2026-06-21; last crawl 2026-06-12; dist=false; sitemap=false; noindex=n/a; internal_links=0; no matching page-level performance row; template=none found,medium,P3,none,false
https://ร้านรับซื้อโน๊ตบุ๊ค.com/รับซื้อโน๊ตบุ๊ค/พัทลุง/dell-g15-g16/,Not found (404),P04_LOCATION_X_MODEL,404 expected,false,false,false,,location_x_attribute,sell notebook in พัทลุง by dell-g15-g16 attribute,https://ร้านรับซื้อโน๊ตบุ๊ค.com/รับซื้อโน๊ตบุ๊ค/dell-g15-g16/,medium,KEEP_404,"A generic attribute page exists, but it is not an equivalent replacement because it discards location intent; keep 404 and do not mass-redirect.",GSC export 2026-06-21; last crawl 2026-06-12; dist=false; sitemap=false; noindex=n/a; internal_links=0; no matching page-level performance row; template=none found,medium,P3,none,false
https://ร้านรับซื้อโน๊ตบุ๊ค.com/รับซื้อโน๊ตบุ๊ค/อ่างทอง/hp-omen-17/,Not found (404),P04_LOCATION_X_MODEL,404 expected,false,false,false,,location_x_attribute,sell notebook in อ่างทอง by hp-omen-17 attribute,https://ร้านรับซื้อโน๊ตบุ๊ค.com/รับซื้อโน๊ตบุ๊ค/hp-omen-17/,medium,KEEP_404,"A generic attribute page exists, but it is not an equivalent replacement because it discards location intent; keep 404 and do not mass-redirect.",GSC export 2026-06-21; last crawl 2026-06-12; dist=false; sitemap=false; noindex=n/a; internal_links=0; no matching page-level performance row; template=none found,medium,P3,none,false
https://ร้านรับซื้อโน๊ตบุ๊ค.com/รับซื้อโน๊ตบุ๊ค/มุกดาหาร/macbook-pro-14/,Not found (404),P04_LOCATION_X_MODEL,404 expected,false,false,false,,location_x_attribute,sell notebook in มุกดาหาร by macbook-pro-14 attribute,https://ร้านรับซื้อโน๊ตบุ๊ค.com/รับซื้อโน๊ตบุ๊ค/macbook-pro-14/,medium,KEEP_404,"A generic attribute page exists, but it is not an equivalent replacement because it discards location intent; keep 404 and do not mass-redirect.",GSC export 2026-06-21; last crawl 2026-06-12; dist=false; sitemap=false; noindex=n/a; internal_links=0; no matching page-level performance row; template=none found,medium,P3,none,false
https://ร้านรับซื้อโน๊ตบุ๊ค.com/รับซื้อโน๊ตบุ๊ค/บึงกาฬ/asus-expertbook/,Not found (404),P04_LOCATION_X_MODEL,404 expected,false,false,false,,location_x_attribute,sell notebook in บึงกาฬ by asus-expertbook attribute,https://ร้านรับซื้อโน๊ตบุ๊ค.com/รับซื้อโน๊ตบุ๊ค/asus-expertbook/,medium,KEEP_404,"A generic attribute page exists, but it is not an equivalent replacement because it discards location intent; keep 404 and do not mass-redirect.",GSC export 2026-06-21; last crawl 2026-06-12; dist=false; sitemap=false; noindex=n/a; internal_links=0; no matching page-level performance row; template=none found,medium,P3,none,false
https://ร้านรับซื้อโน๊ตบุ๊ค.com/รับซื้อโน๊ตบุ๊ค/สกลนคร/ลำโพงเสีย/,Not found (404),P03_LOCATION_X_CONDITION,404 expected,false,false,false,,location_x_attribute,sell notebook in สกลนคร by ลำโพงเสีย attribute,https://ร้านรับซื้อโน๊ตบุ๊ค.com/รับซื้อโน๊ตบุ๊ค/ลำโพงเสีย/,medium,KEEP_404,"A generic attribute page exists, but it is not an equivalent replacement because it discards location intent; keep 404 and do not mass-redirect.",GSC export 2026-06-21; last crawl 2026-06-12; dist=false; sitemap=false; noindex=n/a; internal_links=0; no matching page-level performance row; template=none found,medium,P3,none,false
https://ร้านรับซื้อโน๊ตบุ๊ค.com/รับซื้อโน๊ตบุ๊ค/นครสวรรค์/acer-predator-triton/,Not found (404),P04_LOCATION_X_MODEL,404 expected,false,false,false,,location_x_attribute,sell notebook in นครสวรรค์ by acer-predator-triton attribute,https://ร้านรับซื้อโน๊ตบุ๊ค.com/รับซื้อโน๊ตบุ๊ค/acer-predator-triton/,medium,KEEP_404,"A generic attribute page exists, but it is not an equivalent replacement because it discards location intent; keep 404 and do not mass-redirect.",GSC export 2026-06-21; last crawl 2026-06-12; dist=false; sitemap=false; noindex=n/a; internal_links=0; no matching page-level performance row; template=none found,medium,P3,none,false
https://ร้านรับซื้อโน๊ตบุ๊ค.com/รับซื้อโน๊ตบุ๊ค/พระราม2/hp-victus-16/,Not found (404),P04_LOCATION_X_MODEL,404 expected,false,false,false,,location_x_attribute,sell notebook in พระราม2 by hp-victus-16 attribute,https://ร้านรับซื้อโน๊ตบุ๊ค.com/รับซื้อโน๊ตบุ๊ค/hp-victus-16/,medium,KEEP_404,"A generic attribute page exists, but it is not an equivalent replacement because it discards location intent; keep 404 and do not mass-redirect.",GSC export 2026-06-21; last crawl 2026-06-12; dist=false; sitemap=false; noindex=n/a; internal_links=0; no matching page-level performance row; template=none found,medium,P3,none,false
https://ร้านรับซื้อโน๊ตบุ๊ค.com/รับซื้อโน๊ตบุ๊ค/ระยอง/macbook-air-m2/,Not found (404),P04_LOCATION_X_MODEL,404 expected,false,false,false,,location_x_attribute,sell notebook in ระยอง by macbook-air-m2 attribute,https://ร้านรับซื้อโน๊ตบุ๊ค.com/รับซื้อโน๊ตบุ๊ค/macbook-air-m2/,medium,KEEP_404,"A generic attribute page exists, but it is not an equivalent replacement because it discards location intent; keep 404 and do not mass-redirect.",GSC export 2026-06-21; last crawl 2026-06-12; dist=false; sitemap=false; noindex=n/a; internal_links=0; no matching page-level performance row; template=none found,medium,P3,none,false
https://ร้านรับซื้อโน๊ตบุ๊ค.com/รับซื้อโน๊ตบุ๊ค/ลาดพร้าว/thinkpad-x1-carbon/,Not found (404),P04_LOCATION_X_MODEL,404 expected,false,false,false,,location_x_attribute,sell notebook in ลาดพร้าว by thinkpad-x1-carbon attribute,https://ร้านรับซื้อโน๊ตบุ๊ค.com/รับซื้อโน๊ตบุ๊ค/thinkpad-x1-carbon/,medium,KEEP_404,"A generic attribute page exists, but it is not an equivalent replacement because it discards location intent; keep 404 and do not mass-redirect.",GSC export 2026-06-21; last crawl 2026-06-12; dist=false; sitemap=false; noindex=n/a; internal_links=0; no matching page-level performance row; template=none found,medium,P3,none,false
https://ร้านรับซื้อโน๊ตบุ๊ค.com/รับซื้อโน๊ตบุ๊ค/สกลนคร/macbook-keyboard-issue/,Not found (404),P04_LOCATION_X_MODEL,404 expected,false,false,false,,location_x_attribute,sell notebook in สกลนคร by macbook-keyboard-issue attribute,https://ร้านรับซื้อโน๊ตบุ๊ค.com/รับซื้อโน๊ตบุ๊ค/macbook-keyboard-issue/,medium,KEEP_404,"A generic attribute page exists, but it is not an equivalent replacement because it discards location intent; keep 404 and do not mass-redirect.",GSC export 2026-06-21; last crawl 2026-06-12; dist=false; sitemap=false; noindex=n/a; internal_links=0; no matching page-level performance row; template=none found,medium,P3,none,false
https://ร้านรับซื้อโน๊ตบุ๊ค.com/รับซื้อโน๊ตบุ๊ค/ศรีสะเกษ/dell-xps-13-15/,Not found (404),P04_LOCATION_X_MODEL,404 expected,false,false,false,,location_x_attribute,sell notebook in ศรีสะเกษ by dell-xps-13-15 attribute,https://ร้านรับซื้อโน๊ตบุ๊ค.com/รับซื้อโน๊ตบุ๊ค/dell-xps-13-15/,medium,KEEP_404,"A generic attribute page exists, but it is not an equivalent replacement because it discards location intent; keep 404 and do not mass-redirect.",GSC export 2026-06-21; last crawl 2026-06-12; dist=false; sitemap=false; noindex=n/a; internal_links=0; no matching page-level performance row; template=none found,medium,P3,none,false
https://ร้านรับซื้อโน๊ตบุ๊ค.com/รับซื้อโน๊ตบุ๊ค/กรุงเทพ/macbook-air-m1/,Not found (404),P04_LOCATION_X_MODEL,404 expected,false,false,false,,location_x_attribute,sell notebook in กรุงเทพ by macbook-air-m1 attribute,https://ร้านรับซื้อโน๊ตบุ๊ค.com/รับซื้อโน๊ตบุ๊ค/macbook-air-m1/,medium,KEEP_404,"A generic attribute page exists, but it is not an equivalent replacement because it discards location intent; keep 404 and do not mass-redirect.",GSC export 2026-06-21; last crawl 2026-06-12; dist=false; sitemap=false; noindex=n/a; internal_links=0; no matching page-level performance row; template=none found,medium,P3,none,false
https://ร้านรับซื้อโน๊ตบุ๊ค.com/รับซื้อโน๊ตบุ๊ค/นนทบุรี/asus-zephyrus-g14/,Not found (404),P04_LOCATION_X_MODEL,404 expected,false,false,false,,location_x_attribute,sell notebook in นนทบุรี by asus-zephyrus-g14 attribute,https://ร้านรับซื้อโน๊ตบุ๊ค.com/รับซื้อโน๊ตบุ๊ค/asus-zephyrus-g14/,medium,KEEP_404,"A generic attribute page exists, but it is not an equivalent replacement because it discards location intent; keep 404 and do not mass-redirect.",GSC export 2026-06-21; last crawl 2026-06-12; dist=false; sitemap=false; noindex=n/a; internal_links=0; no matching page-level performance row; template=none found,medium,P3,none,false
https://ร้านรับซื้อโน๊ตบุ๊ค.com/รับซื้อโน๊ตบุ๊ค/สมุทรปราการ/macbook-charge-port/,Not found (404),P04_LOCATION_X_MODEL,404 expected,false,false,false,,location_x_attribute,sell notebook in สมุทรปราการ by macbook-charge-port attribute,https://ร้านรับซื้อโน๊ตบุ๊ค.com/รับซื้อโน๊ตบุ๊ค/macbook-charge-port/,medium,KEEP_404,"A generic attribute page exists, but it is not an equivalent replacement because it discards location intent; keep 404 and do not mass-redirect.",GSC export 2026-06-21; last crawl 2026-06-12; dist=false; sitemap=false; noindex=n/a; internal_links=0; no matching page-level performance row; template=none found,medium,P3,none,false
https://ร้านรับซื้อโน๊ตบุ๊ค.com/รับซื้อโน๊ตบุ๊ค/กาฬสินธุ์/macbook-battery-health/,Not found (404),P04_LOCATION_X_MODEL,404 expected,false,false,false,,location_x_attribute,sell notebook in กาฬสินธุ์ by macbook-battery-health attribute,https://ร้านรับซื้อโน๊ตบุ๊ค.com/รับซื้อโน๊ตบุ๊ค/macbook-battery-health/,medium,KEEP_404,"A generic attribute page exists, but it is not an equivalent replacement because it discards location intent; keep 404 and do not mass-redirect.",GSC export 2026-06-21; last crawl 2026-06-12; dist=false; sitemap=false; noindex=n/a; internal_links=0; no matching page-level performance row; template=none found,medium,P3,none,false
https://ร้านรับซื้อโน๊ตบุ๊ค.com/รับซื้อโน๊ตบุ๊ค/ตรัง/รีสตาร์ทเอง/,Not found (404),P03_LOCATION_X_CONDITION,404 expected,false,false,false,,location_x_attribute,sell notebook in ตรัง by รีสตาร์ทเอง attribute,https://ร้านรับซื้อโน๊ตบุ๊ค.com/รับซื้อโน๊ตบุ๊ค/รีสตาร์ทเอง/,medium,KEEP_404,"A generic attribute page exists, but it is not an equivalent replacement because it discards location intent; keep 404 and do not mass-redirect.",GSC export 2026-06-21; last crawl 2026-06-12; dist=false; sitemap=false; noindex=n/a; internal_links=0; no matching page-level performance row; template=none found,medium,P3,none,false
https://ร้านรับซื้อโน๊ตบุ๊ค.com/รับซื้อโน๊ตบุ๊ค/หาดใหญ่/hdmi-เสีย/,Not found (404),P03_LOCATION_X_CONDITION,404 expected,false,false,false,,location_x_attribute,sell notebook in หาดใหญ่ by hdmi-เสีย attribute,https://ร้านรับซื้อโน๊ตบุ๊ค.com/รับซื้อโน๊ตบุ๊ค/hdmi-เสีย/,medium,KEEP_404,"A generic attribute page exists, but it is not an equivalent replacement because it discards location intent; keep 404 and do not mass-redirect.",GSC export 2026-06-21; last crawl 2026-06-12; dist=false; sitemap=false; noindex=n/a; internal_links=0; no matching page-level performance row; template=none found,medium,P3,none,false
https://ร้านรับซื้อโน๊ตบุ๊ค.com/รับซื้อโน๊ตบุ๊ค/พิจิตร/acer-predator-triton/,Not found (404),P04_LOCATION_X_MODEL,404 expected,false,false,false,,location_x_attribute,sell notebook in พิจิตร by acer-predator-triton attribute,https://ร้านรับซื้อโน๊ตบุ๊ค.com/รับซื้อโน๊ตบุ๊ค/acer-predator-triton/,medium,KEEP_404,"A generic attribute page exists, but it is not an equivalent replacement because it discards location intent; keep 404 and do not mass-redirect.",GSC export 2026-06-21; last crawl 2026-06-12; dist=false; sitemap=false; noindex=n/a; internal_links=0; no matching page-level performance row; template=none found,medium,P3,none,false
https://ร้านรับซื้อโน๊ตบุ๊ค.com/รับซื้อโน๊ตบุ๊ค/ลำพูน/macbook-cycle-count/,Not found (404),P04_LOCATION_X_MODEL,404 expected,false,false,false,,location_x_attribute,sell notebook in ลำพูน by macbook-cycle-count attribute,https://ร้านรับซื้อโน๊ตบุ๊ค.com/รับซื้อโน๊ตบุ๊ค/macbook-cycle-count/,medium,KEEP_404,"A generic attribute page exists, but it is not an equivalent replacement because it discards location intent; keep 404 and do not mass-redirect.",GSC export 2026-06-21; last crawl 2026-06-12; dist=false; sitemap=false; noindex=n/a; internal_links=0; no matching page-level performance row; template=none found,medium,P3,none,false
https://ร้านรับซื้อโน๊ตบุ๊ค.com/รับซื้อโน๊ตบุ๊ค/จันทบุรี/จอมีเส้น/,Not found (404),P04_LOCATION_X_MODEL,404 expected,false,false,false,,location_x_attribute,sell notebook in จันทบุรี by จอมีเส้น attribute,https://ร้านรับซื้อโน๊ตบุ๊ค.com/รับซื้อโน๊ตบุ๊ค/จอมีเส้น/,medium,KEEP_404,"A generic attribute page exists, but it is not an equivalent replacement because it discards location intent; keep 404 and do not mass-redirect.",GSC export 2026-06-21; last crawl 2026-06-12; dist=false; sitemap=false; noindex=n/a; internal_links=0; no matching page-level performance row; template=none found,medium,P3,none,false
https://ร้านรับซื้อโน๊ตบุ๊ค.com/รับซื้อโน๊ตบุ๊ค/ฉะเชิงเทรา/lenovo-yoga/,Not found (404),P04_LOCATION_X_MODEL,404 expected,false,false,false,,location_x_attribute,sell notebook in ฉะเชิงเทรา by lenovo-yoga attribute,https://ร้านรับซื้อโน๊ตบุ๊ค.com/รับซื้อโน๊ตบุ๊ค/lenovo-yoga/,medium,KEEP_404,"A generic attribute page exists, but it is not an equivalent replacement because it discards location intent; keep 404 and do not mass-redirect.",GSC export 2026-06-21; last crawl 2026-06-12; dist=false; sitemap=false; noindex=n/a; internal_links=0; no matching page-level performance row; template=none found,medium,P3,none,false
https://ร้านรับซื้อโน๊ตบุ๊ค.com/รับซื้อโน๊ตบุ๊ค/เชียงราย/hp-omen-16/,Not found (404),P04_LOCATION_X_MODEL,404 expected,false,false,false,,location_x_attribute,sell notebook in เชียงราย by hp-omen-16 attribute,https://ร้านรับซื้อโน๊ตบุ๊ค.com/รับซื้อโน๊ตบุ๊ค/hp-omen-16/,medium,KEEP_404,"A generic attribute page exists, but it is not an equivalent replacement because it discards location intent; keep 404 and do not mass-redirect.",GSC export 2026-06-21; last crawl 2026-06-12; dist=false; sitemap=false; noindex=n/a; internal_links=0; no matching page-level performance row; template=none found,medium,P3,none,false
https://ร้านรับซื้อโน๊ตบุ๊ค.com/รับซื้อโน๊ตบุ๊ค/หนองบัวลำภู/hp-omen-transcend/,Not found (404),P04_LOCATION_X_MODEL,404 expected,false,false,false,,location_x_attribute,sell notebook in หนองบัวลำภู by hp-omen-transcend attribute,https://ร้านรับซื้อโน๊ตบุ๊ค.com/รับซื้อโน๊ตบุ๊ค/hp-omen-transcend/,medium,KEEP_404,"A generic attribute page exists, but it is not an equivalent replacement because it discards location intent; keep 404 and do not mass-redirect.",GSC export 2026-06-21; last crawl 2026-06-12; dist=false; sitemap=false; noindex=n/a; internal_links=0; no matching page-level performance row; template=none found,medium,P3,none,false
https://ร้านรับซื้อโน๊ตบุ๊ค.com/รับซื้อโน๊ตบุ๊ค/สระบุรี/alienware-m16/,Not found (404),P04_LOCATION_X_MODEL,404 expected,false,false,false,,location_x_attribute,sell notebook in สระบุรี by alienware-m16 attribute,https://ร้านรับซื้อโน๊ตบุ๊ค.com/รับซื้อโน๊ตบุ๊ค/alienware-m16/,medium,KEEP_404,"A generic attribute page exists, but it is not an equivalent replacement because it discards location intent; keep 404 and do not mass-redirect.",GSC export 2026-06-21; last crawl 2026-06-12; dist=false; sitemap=false; noindex=n/a; internal_links=0; no matching page-level performance row; template=none found,medium,P3,none,false
https://ร้านรับซื้อโน๊ตบุ๊ค.com/รับซื้อโน๊ตบุ๊ค/หนองบัวลำภู/lenovo-ideapad-3-5/,Not found (404),P04_LOCATION_X_MODEL,404 expected,false,false,false,,location_x_attribute,sell notebook in หนองบัวลำภู by lenovo-ideapad-3-5 attribute,https://ร้านรับซื้อโน๊ตบุ๊ค.com/รับซื้อโน๊ตบุ๊ค/lenovo-ideapad-3-5/,medium,KEEP_404,"A generic attribute page exists, but it is not an equivalent replacement because it discards location intent; keep 404 and do not mass-redirect.",GSC export 2026-06-21; last crawl 2026-06-12; dist=false; sitemap=false; noindex=n/a; internal_links=0; no matching page-level performance row; template=none found,medium,P3,none,false
https://ร้านรับซื้อโน๊ตบุ๊ค.com/รับซื้อโน๊ตบุ๊ค/หนองคาย/wifi-ไม่ติด/,Not found (404),P03_LOCATION_X_CONDITION,404 expected,false,false,false,,location_x_attribute,sell notebook in หนองคาย by wifi-ไม่ติด attribute,https://ร้านรับซื้อโน๊ตบุ๊ค.com/รับซื้อโน๊ตบุ๊ค/wifi-ไม่ติด/,medium,KEEP_404,"A generic attribute page exists, but it is not an equivalent replacement because it discards location intent; keep 404 and do not mass-redirect.",GSC export 2026-06-21; last crawl 2026-06-12; dist=false; sitemap=false; noindex=n/a; internal_links=0; no matching page-level performance row; template=none found,medium,P3,none,false
https://ร้านรับซื้อโน๊ตบุ๊ค.com/รับซื้อโน๊ตบุ๊ค/น่าน/asus-rog-strix/,Not found (404),P04_LOCATION_X_MODEL,404 expected,false,false,false,,location_x_attribute,sell notebook in น่าน by asus-rog-strix attribute,https://ร้านรับซื้อโน๊ตบุ๊ค.com/รับซื้อโน๊ตบุ๊ค/asus-rog-strix/,medium,KEEP_404,"A generic attribute page exists, but it is not an equivalent replacement because it discards location intent; keep 404 and do not mass-redirect.",GSC export 2026-06-21; last crawl 2026-06-12; dist=false; sitemap=false; noindex=n/a; internal_links=0; no matching page-level performance row; template=none found,medium,P3,none,false
https://ร้านรับซื้อโน๊ตบุ๊ค.com/รับซื้อโน๊ตบุ๊ค/หาดใหญ่/acer-predator-neo/,Not found (404),P04_LOCATION_X_MODEL,404 expected,false,false,false,,location_x_attribute,sell notebook in หาดใหญ่ by acer-predator-neo attribute,https://ร้านรับซื้อโน๊ตบุ๊ค.com/รับซื้อโน๊ตบุ๊ค/acer-predator-neo/,medium,KEEP_404,"A generic attribute page exists, but it is not an equivalent replacement because it discards location intent; keep 404 and do not mass-redirect.",GSC export 2026-06-21; last crawl 2026-06-12; dist=false; sitemap=false; noindex=n/a; internal_links=0; no matching page-level performance row; template=none found,medium,P3,none,false
https://ร้านรับซื้อโน๊ตบุ๊ค.com/รับซื้อโน๊ตบุ๊ค/ระยอง/macbook-battery-swollen/,Not found (404),P04_LOCATION_X_MODEL,404 expected,false,false,false,,location_x_attribute,sell notebook in ระยอง by macbook-battery-swollen attribute,https://ร้านรับซื้อโน๊ตบุ๊ค.com/รับซื้อโน๊ตบุ๊ค/macbook-battery-swollen/,medium,KEEP_404,"A generic attribute page exists, but it is not an equivalent replacement because it discards location intent; keep 404 and do not mass-redirect.",GSC export 2026-06-21; last crawl 2026-06-12; dist=false; sitemap=false; noindex=n/a; internal_links=0; no matching page-level performance row; template=none found,medium,P3,none,false
https://ร้านรับซื้อโน๊ตบุ๊ค.com/รับซื้อโน๊ตบุ๊ค/อ่างทอง/macbook-pro-m4/,Not found (404),P04_LOCATION_X_MODEL,404 expected,false,false,false,,location_x_attribute,sell notebook in อ่างทอง by macbook-pro-m4 attribute,https://ร้านรับซื้อโน๊ตบุ๊ค.com/รับซื้อโน๊ตบุ๊ค/macbook-pro-m4/,medium,KEEP_404,"A generic attribute page exists, but it is not an equivalent replacement because it discards location intent; keep 404 and do not mass-redirect.",GSC export 2026-06-21; last crawl 2026-06-12; dist=false; sitemap=false; noindex=n/a; internal_links=0; no matching page-level performance row; template=none found,medium,P3,none,false
https://ร้านรับซื้อโน๊ตบุ๊ค.com/รับซื้อโน๊ตบุ๊ค/พัทลุง/hp-victus-15/,Not found (404),P04_LOCATION_X_MODEL,404 expected,false,false,false,,location_x_attribute,sell notebook in พัทลุง by hp-victus-15 attribute,https://ร้านรับซื้อโน๊ตบุ๊ค.com/รับซื้อโน๊ตบุ๊ค/hp-victus-15/,medium,KEEP_404,"A generic attribute page exists, but it is not an equivalent replacement because it discards location intent; keep 404 and do not mass-redirect.",GSC export 2026-06-21; last crawl 2026-06-12; dist=false; sitemap=false; noindex=n/a; internal_links=0; no matching page-level performance row; template=none found,medium,P3,none,false
https://ร้านรับซื้อโน๊ตบุ๊ค.com/รับซื้อโน๊ตบุ๊ค/มุกดาหาร/asus-zephyrus/,Not found (404),P04_LOCATION_X_MODEL,404 expected,false,false,false,,location_x_attribute,sell notebook in มุกดาหาร by asus-zephyrus attribute,https://ร้านรับซื้อโน๊ตบุ๊ค.com/รับซื้อโน๊ตบุ๊ค/asus-zephyrus/,medium,KEEP_404,"A generic attribute page exists, but it is not an equivalent replacement because it discards location intent; keep 404 and do not mass-redirect.",GSC export 2026-06-21; last crawl 2026-06-12; dist=false; sitemap=false; noindex=n/a; internal_links=0; no matching page-level performance row; template=none found,medium,P3,none,false
https://ร้านรับซื้อโน๊ตบุ๊ค.com/รับซื้อโน๊ตบุ๊ค/อุดรธานี/macbook-battery-health/,Not found (404),P04_LOCATION_X_MODEL,404 expected,false,false,false,,location_x_attribute,sell notebook in อุดรธานี by macbook-battery-health attribute,https://ร้านรับซื้อโน๊ตบุ๊ค.com/รับซื้อโน๊ตบุ๊ค/macbook-battery-health/,medium,KEEP_404,"A generic attribute page exists, but it is not an equivalent replacement because it discards location intent; keep 404 and do not mass-redirect.",GSC export 2026-06-21; last crawl 2026-06-12; dist=false; sitemap=false; noindex=n/a; internal_links=0; no matching page-level performance row; template=none found,medium,P3,none,false
https://ร้านรับซื้อโน๊ตบุ๊ค.com/รับซื้อโน๊ตบุ๊ค/พระราม2/wifi-ไม่ติด/,Not found (404),P03_LOCATION_X_CONDITION,404 expected,false,false,false,,location_x_attribute,sell notebook in พระราม2 by wifi-ไม่ติด attribute,https://ร้านรับซื้อโน๊ตบุ๊ค.com/รับซื้อโน๊ตบุ๊ค/wifi-ไม่ติด/,medium,KEEP_404,"A generic attribute page exists, but it is not an equivalent replacement because it discards location intent; keep 404 and do not mass-redirect.",GSC export 2026-06-21; last crawl 2026-06-12; dist=false; sitemap=false; noindex=n/a; internal_links=0; no matching page-level performance row; template=none found,medium,P3,none,false
https://ร้านรับซื้อโน๊ตบุ๊ค.com/รับซื้อโน๊ตบุ๊ค/รังสิต/asus-zephyrus-g16/,Not found (404),P04_LOCATION_X_MODEL,404 expected,false,false,false,,location_x_attribute,sell notebook in รังสิต by asus-zephyrus-g16 attribute,https://ร้านรับซื้อโน๊ตบุ๊ค.com/รับซื้อโน๊ตบุ๊ค/asus-zephyrus-g16/,medium,KEEP_404,"A generic attribute page exists, but it is not an equivalent replacement because it discards location intent; keep 404 and do not mass-redirect.",GSC export 2026-06-21; last crawl 2026-06-12; dist=false; sitemap=false; noindex=n/a; internal_links=0; no matching page-level performance row; template=none found,medium,P3,none,false
https://ร้านรับซื้อโน๊ตบุ๊ค.com/รับซื้อโน๊ตบุ๊ค/เลย/macbook-air-m1/,Not found (404),P04_LOCATION_X_MODEL,404 expected,false,false,false,,location_x_attribute,sell notebook in เลย by macbook-air-m1 attribute,https://ร้านรับซื้อโน๊ตบุ๊ค.com/รับซื้อโน๊ตบุ๊ค/macbook-air-m1/,medium,KEEP_404,"A generic attribute page exists, but it is not an equivalent replacement because it discards location intent; keep 404 and do not mass-redirect.",GSC export 2026-06-21; last crawl 2026-06-12; dist=false; sitemap=false; noindex=n/a; internal_links=0; no matching page-level performance row; template=none found,medium,P3,none,false
https://ร้านรับซื้อโน๊ตบุ๊ค.com/รับซื้อโน๊ตบุ๊ค/ตราด/samsung-galaxy-book/,Not found (404),P04_LOCATION_X_MODEL,404 expected,false,false,false,,location_x_attribute,sell notebook in ตราด by samsung-galaxy-book attribute,https://ร้านรับซื้อโน๊ตบุ๊ค.com/รับซื้อโน๊ตบุ๊ค/samsung-galaxy-book/,medium,KEEP_404,"A generic attribute page exists, but it is not an equivalent replacement because it discards location intent; keep 404 and do not mass-redirect.",GSC export 2026-06-21; last crawl 2026-06-12; dist=false; sitemap=false; noindex=n/a; internal_links=0; no matching page-level performance row; template=none found,medium,P3,none,false
https://ร้านรับซื้อโน๊ตบุ๊ค.com/รับซื้อโน๊ตบุ๊ค/ลำพูน/lenovo-legion-pro/,Not found (404),P04_LOCATION_X_MODEL,404 expected,false,false,false,,location_x_attribute,sell notebook in ลำพูน by lenovo-legion-pro attribute,https://ร้านรับซื้อโน๊ตบุ๊ค.com/รับซื้อโน๊ตบุ๊ค/lenovo-legion-pro/,medium,KEEP_404,"A generic attribute page exists, but it is not an equivalent replacement because it discards location intent; keep 404 and do not mass-redirect.",GSC export 2026-06-21; last crawl 2026-06-12; dist=false; sitemap=false; noindex=n/a; internal_links=0; no matching page-level performance row; template=none found,medium,P3,none,false
https://ร้านรับซื้อโน๊ตบุ๊ค.com/รับซื้อโน๊ตบุ๊ค/ลาดพร้าว/lenovo-legion-pro-7/,Not found (404),P04_LOCATION_X_MODEL,404 expected,false,false,false,,location_x_attribute,sell notebook in ลาดพร้าว by lenovo-legion-pro-7 attribute,https://ร้านรับซื้อโน๊ตบุ๊ค.com/รับซื้อโน๊ตบุ๊ค/lenovo-legion-pro-7/,medium,KEEP_404,"A generic attribute page exists, but it is not an equivalent replacement because it discards location intent; keep 404 and do not mass-redirect.",GSC export 2026-06-21; last crawl 2026-06-12; dist=false; sitemap=false; noindex=n/a; internal_links=0; no matching page-level performance row; template=none found,medium,P3,none,false
https://ร้านรับซื้อโน๊ตบุ๊ค.com/รับซื้อโน๊ตบุ๊ค/สระแก้ว/lenovo-ideapad-3-5/,Not found (404),P04_LOCATION_X_MODEL,404 expected,false,false,false,,location_x_attribute,sell notebook in สระแก้ว by lenovo-ideapad-3-5 attribute,https://ร้านรับซื้อโน๊ตบุ๊ค.com/รับซื้อโน๊ตบุ๊ค/lenovo-ideapad-3-5/,medium,KEEP_404,"A generic attribute page exists, but it is not an equivalent replacement because it discards location intent; keep 404 and do not mass-redirect.",GSC export 2026-06-21; last crawl 2026-06-12; dist=false; sitemap=false; noindex=n/a; internal_links=0; no matching page-level performance row; template=none found,medium,P3,none,false
https://ร้านรับซื้อโน๊ตบุ๊ค.com/รับซื้อโน๊ตบุ๊ค/ปราจีนบุรี/acer-nitro-v/,Not found (404),P04_LOCATION_X_MODEL,404 expected,false,false,false,,location_x_attribute,sell notebook in ปราจีนบุรี by acer-nitro-v attribute,https://ร้านรับซื้อโน๊ตบุ๊ค.com/รับซื้อโน๊ตบุ๊ค/acer-nitro-v/,medium,KEEP_404,"A generic attribute page exists, but it is not an equivalent replacement because it discards location intent; keep 404 and do not mass-redirect.",GSC export 2026-06-21; last crawl 2026-06-12; dist=false; sitemap=false; noindex=n/a; internal_links=0; no matching page-level performance row; template=none found,medium,P3,none,false
https://ร้านรับซื้อโน๊ตบุ๊ค.com/รับซื้อโน๊ตบุ๊ค/สมุทรสงคราม/lenovo-legion-slim/,Not found (404),P04_LOCATION_X_MODEL,404 expected,false,false,false,,location_x_attribute,sell notebook in สมุทรสงคราม by lenovo-legion-slim attribute,https://ร้านรับซื้อโน๊ตบุ๊ค.com/รับซื้อโน๊ตบุ๊ค/lenovo-legion-slim/,medium,KEEP_404,"A generic attribute page exists, but it is not an equivalent replacement because it discards location intent; keep 404 and do not mass-redirect.",GSC export 2026-06-21; last crawl 2026-06-12; dist=false; sitemap=false; noindex=n/a; internal_links=0; no matching page-level performance row; template=none found,medium,P3,none,false
https://ร้านรับซื้อโน๊ตบุ๊ค.com/รับซื้อโน๊ตบุ๊ค/พระราม2/macbook-air-m2/,Not found (404),P04_LOCATION_X_MODEL,404 expected,false,false,false,,location_x_attribute,sell notebook in พระราม2 by macbook-air-m2 attribute,https://ร้านรับซื้อโน๊ตบุ๊ค.com/รับซื้อโน๊ตบุ๊ค/macbook-air-m2/,medium,KEEP_404,"A generic attribute page exists, but it is not an equivalent replacement because it discards location intent; keep 404 and do not mass-redirect.",GSC export 2026-06-21; last crawl 2026-06-12; dist=false; sitemap=false; noindex=n/a; internal_links=0; no matching page-level performance row; template=none found,medium,P3,none,false
https://ร้านรับซื้อโน๊ตบุ๊ค.com/รับซื้อโน๊ตบุ๊ค/ยะลา/asus-zephyrus-g14/,Not found (404),P04_LOCATION_X_MODEL,404 expected,false,false,false,,location_x_attribute,sell notebook in ยะลา by asus-zephyrus-g14 attribute,https://ร้านรับซื้อโน๊ตบุ๊ค.com/รับซื้อโน๊ตบุ๊ค/asus-zephyrus-g14/,medium,KEEP_404,"A generic attribute page exists, but it is not an equivalent replacement because it discards location intent; keep 404 and do not mass-redirect.",GSC export 2026-06-21; last crawl 2026-06-12; dist=false; sitemap=false; noindex=n/a; internal_links=0; no matching page-level performance row; template=none found,medium,P3,none,false
https://ร้านรับซื้อโน๊ตบุ๊ค.com/รับซื้อโน๊ตบุ๊ค/นครสวรรค์/macbook-pro-14/,Not found (404),P04_LOCATION_X_MODEL,404 expected,false,false,false,,location_x_attribute,sell notebook in นครสวรรค์ by macbook-pro-14 attribute,https://ร้านรับซื้อโน๊ตบุ๊ค.com/รับซื้อโน๊ตบุ๊ค/macbook-pro-14/,medium,KEEP_404,"A generic attribute page exists, but it is not an equivalent replacement because it discards location intent; keep 404 and do not mass-redirect.",GSC export 2026-06-21; last crawl 2026-06-12; dist=false; sitemap=false; noindex=n/a; internal_links=0; no matching page-level performance row; template=none found,medium,P3,none,false
https://ร้านรับซื้อโน๊ตบุ๊ค.com/รับซื้อโน๊ตบุ๊ค/นครพนม/macbook-pro-m5/,Not found (404),P04_LOCATION_X_MODEL,404 expected,false,false,false,,location_x_attribute,sell notebook in นครพนม by macbook-pro-m5 attribute,https://ร้านรับซื้อโน๊ตบุ๊ค.com/รับซื้อโน๊ตบุ๊ค/macbook-pro-m5/,medium,KEEP_404,"A generic attribute page exists, but it is not an equivalent replacement because it discards location intent; keep 404 and do not mass-redirect.",GSC export 2026-06-21; last crawl 2026-06-12; dist=false; sitemap=false; noindex=n/a; internal_links=0; no matching page-level performance row; template=none found,medium,P3,none,false
https://ร้านรับซื้อโน๊ตบุ๊ค.com/รับซื้อโน๊ตบุ๊ค/ปราจีนบุรี/lenovo-legion-slim/,Not found (404),P04_LOCATION_X_MODEL,404 expected,false,false,false,,location_x_attribute,sell notebook in ปราจีนบุรี by lenovo-legion-slim attribute,https://ร้านรับซื้อโน๊ตบุ๊ค.com/รับซื้อโน๊ตบุ๊ค/lenovo-legion-slim/,medium,KEEP_404,"A generic attribute page exists, but it is not an equivalent replacement because it discards location intent; keep 404 and do not mass-redirect.",GSC export 2026-06-21; last crawl 2026-06-12; dist=false; sitemap=false; noindex=n/a; internal_links=0; no matching page-level performance row; template=none found,medium,P3,none,false
https://ร้านรับซื้อโน๊ตบุ๊ค.com/รับซื้อโน๊ตบุ๊ค/ตรัง/พอร์ตแลนเสีย/,Not found (404),P03_LOCATION_X_CONDITION,404 expected,false,false,false,,location_x_attribute,sell notebook in ตรัง by พอร์ตแลนเสีย attribute,https://ร้านรับซื้อโน๊ตบุ๊ค.com/รับซื้อโน๊ตบุ๊ค/พอร์ตแลนเสีย/,medium,KEEP_404,"A generic attribute page exists, but it is not an equivalent replacement because it discards location intent; keep 404 and do not mass-redirect.",GSC export 2026-06-21; last crawl 2026-06-12; dist=false; sitemap=false; noindex=n/a; internal_links=0; no matching page-level performance row; template=none found,medium,P3,none,false
https://ร้านรับซื้อโน๊ตบุ๊ค.com/รับซื้อโน๊ตบุ๊ค/ปัตตานี/acer-nitro-v/,Not found (404),P04_LOCATION_X_MODEL,404 expected,false,false,false,,location_x_attribute,sell notebook in ปัตตานี by acer-nitro-v attribute,https://ร้านรับซื้อโน๊ตบุ๊ค.com/รับซื้อโน๊ตบุ๊ค/acer-nitro-v/,medium,KEEP_404,"A generic attribute page exists, but it is not an equivalent replacement because it discards location intent; keep 404 and do not mass-redirect.",GSC export 2026-06-21; last crawl 2026-06-12; dist=false; sitemap=false; noindex=n/a; internal_links=0; no matching page-level performance row; template=none found,medium,P3,none,false
https://ร้านรับซื้อโน๊ตบุ๊ค.com/รับซื้อโน๊ตบุ๊ค/ศรีสะเกษ/msi-stealth-14/,Not found (404),P04_LOCATION_X_MODEL,404 expected,false,false,false,,location_x_attribute,sell notebook in ศรีสะเกษ by msi-stealth-14 attribute,https://ร้านรับซื้อโน๊ตบุ๊ค.com/รับซื้อโน๊ตบุ๊ค/msi-stealth-14/,medium,KEEP_404,"A generic attribute page exists, but it is not an equivalent replacement because it discards location intent; keep 404 and do not mass-redirect.",GSC export 2026-06-21; last crawl 2026-06-12; dist=false; sitemap=false; noindex=n/a; internal_links=0; no matching page-level performance row; template=none found,medium,P3,none,false
https://ร้านรับซื้อโน๊ตบุ๊ค.com/รับซื้อโน๊ตบุ๊ค/ฉะเชิงเทรา/surface-pro/,Not found (404),P04_LOCATION_X_MODEL,404 expected,false,false,false,,location_x_attribute,sell notebook in ฉะเชิงเทรา by surface-pro attribute,https://ร้านรับซื้อโน๊ตบุ๊ค.com/รับซื้อโน๊ตบุ๊ค/surface-pro/,medium,KEEP_404,"A generic attribute page exists, but it is not an equivalent replacement because it discards location intent; keep 404 and do not mass-redirect.",GSC export 2026-06-21; last crawl 2026-06-12; dist=false; sitemap=false; noindex=n/a; internal_links=0; no matching page-level performance row; template=none found,medium,P3,none,false
https://ร้านรับซื้อโน๊ตบุ๊ค.com/รับซื้อโน๊ตบุ๊ค/หนองคาย/lenovo-legion-5/,Not found (404),P04_LOCATION_X_MODEL,404 expected,false,false,false,,location_x_attribute,sell notebook in หนองคาย by lenovo-legion-5 attribute,https://ร้านรับซื้อโน๊ตบุ๊ค.com/รับซื้อโน๊ตบุ๊ค/lenovo-legion-5/,medium,KEEP_404,"A generic attribute page exists, but it is not an equivalent replacement because it discards location intent; keep 404 and do not mass-redirect.",GSC export 2026-06-21; last crawl 2026-06-12; dist=false; sitemap=false; noindex=n/a; internal_links=0; no matching page-level performance row; template=none found,medium,P3,none,false
https://ร้านรับซื้อโน๊ตบุ๊ค.com/รับซื้อโน๊ตบุ๊ค/มหาสารคาม/hp-victus-16/,Not found (404),P04_LOCATION_X_MODEL,404 expected,false,false,false,,location_x_attribute,sell notebook in มหาสารคาม by hp-victus-16 attribute,https://ร้านรับซื้อโน๊ตบุ๊ค.com/รับซื้อโน๊ตบุ๊ค/hp-victus-16/,medium,KEEP_404,"A generic attribute page exists, but it is not an equivalent replacement because it discards location intent; keep 404 and do not mass-redirect.",GSC export 2026-06-21; last crawl 2026-06-12; dist=false; sitemap=false; noindex=n/a; internal_links=0; no matching page-level performance row; template=none found,medium,P3,none,false
https://ร้านรับซื้อโน๊ตบุ๊ค.com/รับซื้อโน๊ตบุ๊ค/ร้อยเอ็ด/macbook-air-m2/,Not found (404),P04_LOCATION_X_MODEL,404 expected,false,false,false,,location_x_attribute,sell notebook in ร้อยเอ็ด by macbook-air-m2 attribute,https://ร้านรับซื้อโน๊ตบุ๊ค.com/รับซื้อโน๊ตบุ๊ค/macbook-air-m2/,medium,KEEP_404,"A generic attribute page exists, but it is not an equivalent replacement because it discards location intent; keep 404 and do not mass-redirect.",GSC export 2026-06-21; last crawl 2026-06-12; dist=false; sitemap=false; noindex=n/a; internal_links=0; no matching page-level performance row; template=none found,medium,P3,none,false
https://ร้านรับซื้อโน๊ตบุ๊ค.com/รับซื้อโน๊ตบุ๊ค/บางนา/hp-elitebook/,Not found (404),P04_LOCATION_X_MODEL,404 expected,false,false,false,,location_x_attribute,sell notebook in บางนา by hp-elitebook attribute,https://ร้านรับซื้อโน๊ตบุ๊ค.com/รับซื้อโน๊ตบุ๊ค/hp-elitebook/,medium,KEEP_404,"A generic attribute page exists, but it is not an equivalent replacement because it discards location intent; keep 404 and do not mass-redirect.",GSC export 2026-06-21; last crawl 2026-06-12; dist=false; sitemap=false; noindex=n/a; internal_links=0; no matching page-level performance row; template=none found,medium,P3,none,false
https://ร้านรับซื้อโน๊ตบุ๊ค.com/รับซื้อโน๊ตบุ๊ค/นนทบุรี/asus-vivobook/,Not found (404),P04_LOCATION_X_MODEL,404 expected,false,false,false,,location_x_attribute,sell notebook in นนทบุรี by asus-vivobook attribute,https://ร้านรับซื้อโน๊ตบุ๊ค.com/รับซื้อโน๊ตบุ๊ค/asus-vivobook/,medium,KEEP_404,"A generic attribute page exists, but it is not an equivalent replacement because it discards location intent; keep 404 and do not mass-redirect.",GSC export 2026-06-21; last crawl 2026-06-12; dist=false; sitemap=false; noindex=n/a; internal_links=0; no matching page-level performance row; template=none found,medium,P3,none,false
https://ร้านรับซื้อโน๊ตบุ๊ค.com/รับซื้อโน๊ตบุ๊ค/อุตรดิตถ์/hp-victus-16/,Not found (404),P04_LOCATION_X_MODEL,404 expected,false,false,false,,location_x_attribute,sell notebook in อุตรดิตถ์ by hp-victus-16 attribute,https://ร้านรับซื้อโน๊ตบุ๊ค.com/รับซื้อโน๊ตบุ๊ค/hp-victus-16/,medium,KEEP_404,"A generic attribute page exists, but it is not an equivalent replacement because it discards location intent; keep 404 and do not mass-redirect.",GSC export 2026-06-21; last crawl 2026-06-12; dist=false; sitemap=false; noindex=n/a; internal_links=0; no matching page-level performance row; template=none found,medium,P3,none,false
https://ร้านรับซื้อโน๊ตบุ๊ค.com/รับซื้อโน๊ตบุ๊ค/อำนาจเจริญ/รีสตาร์ทเอง/,Not found (404),P03_LOCATION_X_CONDITION,404 expected,false,false,false,,location_x_attribute,sell notebook in อำนาจเจริญ by รีสตาร์ทเอง attribute,https://ร้านรับซื้อโน๊ตบุ๊ค.com/รับซื้อโน๊ตบุ๊ค/รีสตาร์ทเอง/,medium,KEEP_404,"A generic attribute page exists, but it is not an equivalent replacement because it discards location intent; keep 404 and do not mass-redirect.",GSC export 2026-06-21; last crawl 2026-06-12; dist=false; sitemap=false; noindex=n/a; internal_links=0; no matching page-level performance row; template=none found,medium,P3,none,false
https://ร้านรับซื้อโน๊ตบุ๊ค.com/รับซื้อโน๊ตบุ๊ค/นราธิวาส/msi-cyborg-15/,Not found (404),P04_LOCATION_X_MODEL,404 expected,false,false,false,,location_x_attribute,sell notebook in นราธิวาส by msi-cyborg-15 attribute,https://ร้านรับซื้อโน๊ตบุ๊ค.com/รับซื้อโน๊ตบุ๊ค/msi-cyborg-15/,medium,KEEP_404,"A generic attribute page exists, but it is not an equivalent replacement because it discards location intent; keep 404 and do not mass-redirect.",GSC export 2026-06-21; last crawl 2026-06-12; dist=false; sitemap=false; noindex=n/a; internal_links=0; no matching page-level performance row; template=none found,medium,P3,none,false
https://ร้านรับซื้อโน๊ตบุ๊ค.com/รับซื้อโน๊ตบุ๊ค/น่าน/acer-predator-helios/,Not found (404),P04_LOCATION_X_MODEL,404 expected,false,false,false,,location_x_attribute,sell notebook in น่าน by acer-predator-helios attribute,https://ร้านรับซื้อโน๊ตบุ๊ค.com/รับซื้อโน๊ตบุ๊ค/acer-predator-helios/,medium,KEEP_404,"A generic attribute page exists, but it is not an equivalent replacement because it discards location intent; keep 404 and do not mass-redirect.",GSC export 2026-06-21; last crawl 2026-06-12; dist=false; sitemap=false; noindex=n/a; internal_links=0; no matching page-level performance row; template=none found,medium,P3,none,false
https://ร้านรับซื้อโน๊ตบุ๊ค.com/รับซื้อโน๊ตบุ๊ค/สิงห์บุรี/กล้องเสีย/,Not found (404),P03_LOCATION_X_CONDITION,404 expected,false,false,false,,location_x_attribute,sell notebook in สิงห์บุรี by กล้องเสีย attribute,https://ร้านรับซื้อโน๊ตบุ๊ค.com/รับซื้อโน๊ตบุ๊ค/กล้องเสีย/,medium,KEEP_404,"A generic attribute page exists, but it is not an equivalent replacement because it discards location intent; keep 404 and do not mass-redirect.",GSC export 2026-06-21; last crawl 2026-06-12; dist=false; sitemap=false; noindex=n/a; internal_links=0; no matching page-level performance row; template=none found,medium,P3,none,false
https://ร้านรับซื้อโน๊ตบุ๊ค.com/รับซื้อโน๊ตบุ๊ค/ยโสธร/macbook-air-15/,Not found (404),P04_LOCATION_X_MODEL,404 expected,false,false,false,,location_x_attribute,sell notebook in ยโสธร by macbook-air-15 attribute,https://ร้านรับซื้อโน๊ตบุ๊ค.com/รับซื้อโน๊ตบุ๊ค/macbook-air-15/,medium,KEEP_404,"A generic attribute page exists, but it is not an equivalent replacement because it discards location intent; keep 404 and do not mass-redirect.",GSC export 2026-06-21; last crawl 2026-06-12; dist=false; sitemap=false; noindex=n/a; internal_links=0; no matching page-level performance row; template=none found,medium,P3,none,false
https://ร้านรับซื้อโน๊ตบุ๊ค.com/รับซื้อโน๊ตบุ๊ค/สระบุรี/msi-vector-16-hx/,Not found (404),P04_LOCATION_X_MODEL,404 expected,false,false,false,,location_x_attribute,sell notebook in สระบุรี by msi-vector-16-hx attribute,https://ร้านรับซื้อโน๊ตบุ๊ค.com/รับซื้อโน๊ตบุ๊ค/msi-vector-16-hx/,medium,KEEP_404,"A generic attribute page exists, but it is not an equivalent replacement because it discards location intent; keep 404 and do not mass-redirect.",GSC export 2026-06-21; last crawl 2026-06-12; dist=false; sitemap=false; noindex=n/a; internal_links=0; no matching page-level performance row; template=none found,medium,P3,none,false
https://ร้านรับซื้อโน๊ตบุ๊ค.com/รับซื้อโน๊ตบุ๊ค/ชัยภูมิ/asus-zephyrus-g16/,Not found (404),P04_LOCATION_X_MODEL,404 expected,false,false,false,,location_x_attribute,sell notebook in ชัยภูมิ by asus-zephyrus-g16 attribute,https://ร้านรับซื้อโน๊ตบุ๊ค.com/รับซื้อโน๊ตบุ๊ค/asus-zephyrus-g16/,medium,KEEP_404,"A generic attribute page exists, but it is not an equivalent replacement because it discards location intent; keep 404 and do not mass-redirect.",GSC export 2026-06-21; last crawl 2026-06-12; dist=false; sitemap=false; noindex=n/a; internal_links=0; no matching page-level performance row; template=none found,medium,P3,none,false
https://ร้านรับซื้อโน๊ตบุ๊ค.com/รับซื้อโน๊ตบุ๊ค/บึงกาฬ/asus-rog-strix/,Not found (404),P04_LOCATION_X_MODEL,404 expected,false,false,false,,location_x_attribute,sell notebook in บึงกาฬ by asus-rog-strix attribute,https://ร้านรับซื้อโน๊ตบุ๊ค.com/รับซื้อโน๊ตบุ๊ค/asus-rog-strix/,medium,KEEP_404,"A generic attribute page exists, but it is not an equivalent replacement because it discards location intent; keep 404 and do not mass-redirect.",GSC export 2026-06-21; last crawl 2026-06-12; dist=false; sitemap=false; noindex=n/a; internal_links=0; no matching page-level performance row; template=none found,medium,P3,none,false
https://ร้านรับซื้อโน๊ตบุ๊ค.com/รับซื้อโน๊ตบุ๊ค/สงขลา/asus-zephyrus-g14/,Not found (404),P04_LOCATION_X_MODEL,404 expected,false,false,false,,location_x_attribute,sell notebook in สงขลา by asus-zephyrus-g14 attribute,https://ร้านรับซื้อโน๊ตบุ๊ค.com/รับซื้อโน๊ตบุ๊ค/asus-zephyrus-g14/,medium,KEEP_404,"A generic attribute page exists, but it is not an equivalent replacement because it discards location intent; keep 404 and do not mass-redirect.",GSC export 2026-06-21; last crawl 2026-06-12; dist=false; sitemap=false; noindex=n/a; internal_links=0; no matching page-level performance row; template=none found,medium,P3,none,false
https://ร้านรับซื้อโน๊ตบุ๊ค.com/รับซื้อโน๊ตบุ๊ค/ร้อยเอ็ด/พอร์ต-usb-เสีย/,Not found (404),P03_LOCATION_X_CONDITION,404 expected,false,false,false,,location_x_attribute,sell notebook in ร้อยเอ็ด by พอร์ต-usb-เสีย attribute,https://ร้านรับซื้อโน๊ตบุ๊ค.com/รับซื้อโน๊ตบุ๊ค/พอร์ต-usb-เสีย/,medium,KEEP_404,"A generic attribute page exists, but it is not an equivalent replacement because it discards location intent; keep 404 and do not mass-redirect.",GSC export 2026-06-21; last crawl 2026-06-12; dist=false; sitemap=false; noindex=n/a; internal_links=0; no matching page-level performance row; template=none found,medium,P3,none,false
https://ร้านรับซื้อโน๊ตบุ๊ค.com/รับซื้อโน๊ตบุ๊ค/รามคำแหง/ช่องหูฟังเสีย/,Not found (404),P03_LOCATION_X_CONDITION,404 expected,false,false,false,,location_x_attribute,sell notebook in รามคำแหง by ช่องหูฟังเสีย attribute,https://ร้านรับซื้อโน๊ตบุ๊ค.com/รับซื้อโน๊ตบุ๊ค/ช่องหูฟังเสีย/,medium,KEEP_404,"A generic attribute page exists, but it is not an equivalent replacement because it discards location intent; keep 404 and do not mass-redirect.",GSC export 2026-06-21; last crawl 2026-06-12; dist=false; sitemap=false; noindex=n/a; internal_links=0; no matching page-level performance row; template=none found,medium,P3,none,false
https://ร้านรับซื้อโน๊ตบุ๊ค.com/รับซื้อโน๊ตบุ๊ค/ปทุมธานี/hp-victus-17/,Not found (404),P04_LOCATION_X_MODEL,404 expected,false,false,false,,location_x_attribute,sell notebook in ปทุมธานี by hp-victus-17 attribute,https://ร้านรับซื้อโน๊ตบุ๊ค.com/รับซื้อโน๊ตบุ๊ค/hp-victus-17/,medium,KEEP_404,"A generic attribute page exists, but it is not an equivalent replacement because it discards location intent; keep 404 and do not mass-redirect.",GSC export 2026-06-21; last crawl 2026-06-12; dist=false; sitemap=false; noindex=n/a; internal_links=0; no matching page-level performance row; template=none found,medium,P3,none,false
https://ร้านรับซื้อโน๊ตบุ๊ค.com/รับซื้อโน๊ตบุ๊ค/ปทุมธานี/macbook-air-m4/,Not found (404),P04_LOCATION_X_MODEL,404 expected,false,false,false,,location_x_attribute,sell notebook in ปทุมธานี by macbook-air-m4 attribute,https://ร้านรับซื้อโน๊ตบุ๊ค.com/รับซื้อโน๊ตบุ๊ค/macbook-air-m4/,medium,KEEP_404,"A generic attribute page exists, but it is not an equivalent replacement because it discards location intent; keep 404 and do not mass-redirect.",GSC export 2026-06-21; last crawl 2026-06-12; dist=false; sitemap=false; noindex=n/a; internal_links=0; no matching page-level performance row; template=none found,medium,P3,none,false
https://ร้านรับซื้อโน๊ตบุ๊ค.com/รับซื้อโน๊ตบุ๊ค/เพชรบุรี/macbook-keyboard-issue/,Not found (404),P04_LOCATION_X_MODEL,404 expected,false,false,false,,location_x_attribute,sell notebook in เพชรบุรี by macbook-keyboard-issue attribute,https://ร้านรับซื้อโน๊ตบุ๊ค.com/รับซื้อโน๊ตบุ๊ค/macbook-keyboard-issue/,medium,KEEP_404,"A generic attribute page exists, but it is not an equivalent replacement because it discards location intent; keep 404 and do not mass-redirect.",GSC export 2026-06-21; last crawl 2026-06-12; dist=false; sitemap=false; noindex=n/a; internal_links=0; no matching page-level performance row; template=none found,medium,P3,none,false
https://ร้านรับซื้อโน๊ตบุ๊ค.com/รับซื้อโน๊ตบุ๊ค/อุบลราชธานี/กล้องเสีย/,Not found (404),P03_LOCATION_X_CONDITION,404 expected,false,false,false,,location_x_attribute,sell notebook in อุบลราชธานี by กล้องเสีย attribute,https://ร้านรับซื้อโน๊ตบุ๊ค.com/รับซื้อโน๊ตบุ๊ค/กล้องเสีย/,medium,KEEP_404,"A generic attribute page exists, but it is not an equivalent replacement because it discards location intent; keep 404 and do not mass-redirect.",GSC export 2026-06-21; last crawl 2026-06-12; dist=false; sitemap=false; noindex=n/a; internal_links=0; no matching page-level performance row; template=none found,medium,P3,none,false
https://ร้านรับซื้อโน๊ตบุ๊ค.com/รับซื้อโน๊ตบุ๊ค/พัทลุง/acer-travelmate/,Not found (404),P04_LOCATION_X_MODEL,404 expected,false,false,false,,location_x_attribute,sell notebook in พัทลุง by acer-travelmate attribute,https://ร้านรับซื้อโน๊ตบุ๊ค.com/รับซื้อโน๊ตบุ๊ค/acer-travelmate/,medium,KEEP_404,"A generic attribute page exists, but it is not an equivalent replacement because it discards location intent; keep 404 and do not mass-redirect.",GSC export 2026-06-21; last crawl 2026-06-12; dist=false; sitemap=false; noindex=n/a; internal_links=0; no matching page-level performance row; template=none found,medium,P3,none,false
https://ร้านรับซื้อโน๊ตบุ๊ค.com/รับซื้อโน๊ตบุ๊ค/ขอนแก่น/acer-nitro-16/,Not found (404),P04_LOCATION_X_MODEL,404 expected,false,false,false,,location_x_attribute,sell notebook in ขอนแก่น by acer-nitro-16 attribute,https://ร้านรับซื้อโน๊ตบุ๊ค.com/รับซื้อโน๊ตบุ๊ค/acer-nitro-16/,medium,KEEP_404,"A generic attribute page exists, but it is not an equivalent replacement because it discards location intent; keep 404 and do not mass-redirect.",GSC export 2026-06-21; last crawl 2026-06-12; dist=false; sitemap=false; noindex=n/a; internal_links=0; no matching page-level performance row; template=none found,medium,P3,none,false
https://ร้านรับซื้อโน๊ตบุ๊ค.com/รับซื้อโน๊ตบุ๊ค/ตราด/asus-zephyrus/,Not found (404),P04_LOCATION_X_MODEL,404 expected,false,false,false,,location_x_attribute,sell notebook in ตราด by asus-zephyrus attribute,https://ร้านรับซื้อโน๊ตบุ๊ค.com/รับซื้อโน๊ตบุ๊ค/asus-zephyrus/,medium,KEEP_404,"A generic attribute page exists, but it is not an equivalent replacement because it discards location intent; keep 404 and do not mass-redirect.",GSC export 2026-06-21; last crawl 2026-06-12; dist=false; sitemap=false; noindex=n/a; internal_links=0; no matching page-level performance row; template=none found,medium,P3,none,false
https://ร้านรับซื้อโน๊ตบุ๊ค.com/รับซื้อโน๊ตบุ๊ค/พระราม2/surface-book/,Not found (404),P04_LOCATION_X_MODEL,404 expected,false,false,false,,location_x_attribute,sell notebook in พระราม2 by surface-book attribute,https://ร้านรับซื้อโน๊ตบุ๊ค.com/รับซื้อโน๊ตบุ๊ค/surface-book/,medium,KEEP_404,"A generic attribute page exists, but it is not an equivalent replacement because it discards location intent; keep 404 and do not mass-redirect.",GSC export 2026-06-21; last crawl 2026-06-12; dist=false; sitemap=false; noindex=n/a; internal_links=0; no matching page-level performance row; template=none found,medium,P3,none,false
https://ร้านรับซื้อโน๊ตบุ๊ค.com/รับซื้อโน๊ตบุ๊ค/ชลบุรี/บอดี้แตก/,Not found (404),P03_LOCATION_X_CONDITION,404 expected,false,false,false,,location_x_attribute,sell notebook in ชลบุรี by บอดี้แตก attribute,https://ร้านรับซื้อโน๊ตบุ๊ค.com/รับซื้อโน๊ตบุ๊ค/บอดี้แตก/,medium,KEEP_404,"A generic attribute page exists, but it is not an equivalent replacement because it discards location intent; keep 404 and do not mass-redirect.",GSC export 2026-06-21; last crawl 2026-06-12; dist=false; sitemap=false; noindex=n/a; internal_links=0; no matching page-level performance row; template=none found,medium,P3,none,false
https://ร้านรับซื้อโน๊ตบุ๊ค.com/รับซื้อโน๊ตบุ๊ค/กำแพงเพชร/macbook-no-box-no-receipt/,Not found (404),P04_LOCATION_X_MODEL,404 expected,false,false,false,,location_x_attribute,sell notebook in กำแพงเพชร by macbook-no-box-no-receipt attribute,https://ร้านรับซื้อโน๊ตบุ๊ค.com/รับซื้อโน๊ตบุ๊ค/macbook-no-box-no-receipt/,medium,KEEP_404,"A generic attribute page exists, but it is not an equivalent replacement because it discards location intent; keep 404 and do not mass-redirect.",GSC export 2026-06-21; last crawl 2026-06-12; dist=false; sitemap=false; noindex=n/a; internal_links=0; no matching page-level performance row; template=none found,medium,P3,none,false
https://ร้านรับซื้อโน๊ตบุ๊ค.com/รับซื้อโน๊ตบุ๊ค/ระนอง/acer-nitro-16/,Not found (404),P04_LOCATION_X_MODEL,404 expected,false,false,false,,location_x_attribute,sell notebook in ระนอง by acer-nitro-16 attribute,https://ร้านรับซื้อโน๊ตบุ๊ค.com/รับซื้อโน๊ตบุ๊ค/acer-nitro-16/,medium,KEEP_404,"A generic attribute page exists, but it is not an equivalent replacement because it discards location intent; keep 404 and do not mass-redirect.",GSC export 2026-06-21; last crawl 2026-06-12; dist=false; sitemap=false; noindex=n/a; internal_links=0; no matching page-level performance row; template=none found,medium,P3,none,false
https://ร้านรับซื้อโน๊ตบุ๊ค.com/รับซื้อโน๊ตบุ๊ค/น่าน/hp-probook/,Not found (404),P04_LOCATION_X_MODEL,404 expected,false,false,false,,location_x_attribute,sell notebook in น่าน by hp-probook attribute,https://ร้านรับซื้อโน๊ตบุ๊ค.com/รับซื้อโน๊ตบุ๊ค/hp-probook/,medium,KEEP_404,"A generic attribute page exists, but it is not an equivalent replacement because it discards location intent; keep 404 and do not mass-redirect.",GSC export 2026-06-21; last crawl 2026-06-12; dist=false; sitemap=false; noindex=n/a; internal_links=0; no matching page-level performance row; template=none found,medium,P3,none,false
https://ร้านรับซื้อโน๊ตบุ๊ค.com/รับซื้อโน๊ตบุ๊ค/กาฬสินธุ์/msi-vector-16-hx/,Not found (404),P04_LOCATION_X_MODEL,404 expected,false,false,false,,location_x_attribute,sell notebook in กาฬสินธุ์ by msi-vector-16-hx attribute,https://ร้านรับซื้อโน๊ตบุ๊ค.com/รับซื้อโน๊ตบุ๊ค/msi-vector-16-hx/,medium,KEEP_404,"A generic attribute page exists, but it is not an equivalent replacement because it discards location intent; keep 404 and do not mass-redirect.",GSC export 2026-06-21; last crawl 2026-06-12; dist=false; sitemap=false; noindex=n/a; internal_links=0; no matching page-level performance row; template=none found,medium,P3,none,false
https://ร้านรับซื้อโน๊ตบุ๊ค.com/รับซื้อโน๊ตบุ๊ค/ศรีสะเกษ/macbook-pro-m5/,Not found (404),P04_LOCATION_X_MODEL,404 expected,false,false,false,,location_x_attribute,sell notebook in ศรีสะเกษ by macbook-pro-m5 attribute,https://ร้านรับซื้อโน๊ตบุ๊ค.com/รับซื้อโน๊ตบุ๊ค/macbook-pro-m5/,medium,KEEP_404,"A generic attribute page exists, but it is not an equivalent replacement because it discards location intent; keep 404 and do not mass-redirect.",GSC export 2026-06-21; last crawl 2026-06-12; dist=false; sitemap=false; noindex=n/a; internal_links=0; no matching page-level performance row; template=none found,medium,P3,none,false
https://ร้านรับซื้อโน๊ตบุ๊ค.com/รับซื้อโน๊ตบุ๊ค/นครปฐม/บอดี้แตก/,Not found (404),P03_LOCATION_X_CONDITION,404 expected,false,false,false,,location_x_attribute,sell notebook in นครปฐม by บอดี้แตก attribute,https://ร้านรับซื้อโน๊ตบุ๊ค.com/รับซื้อโน๊ตบุ๊ค/บอดี้แตก/,medium,KEEP_404,"A generic attribute page exists, but it is not an equivalent replacement because it discards location intent; keep 404 and do not mass-redirect.",GSC export 2026-06-21; last crawl 2026-06-12; dist=false; sitemap=false; noindex=n/a; internal_links=0; no matching page-level performance row; template=none found,medium,P3,none,false
https://ร้านรับซื้อโน๊ตบุ๊ค.com/รับซื้อโน๊ตบุ๊ค/พิจิตร/msi-katana-15/,Not found (404),P04_LOCATION_X_MODEL,404 expected,false,false,false,,location_x_attribute,sell notebook in พิจิตร by msi-katana-15 attribute,https://ร้านรับซื้อโน๊ตบุ๊ค.com/รับซื้อโน๊ตบุ๊ค/msi-katana-15/,medium,KEEP_404,"A generic attribute page exists, but it is not an equivalent replacement because it discards location intent; keep 404 and do not mass-redirect.",GSC export 2026-06-21; last crawl 2026-06-12; dist=false; sitemap=false; noindex=n/a; internal_links=0; no matching page-level performance row; template=none found,medium,P3,none,false
https://ร้านรับซื้อโน๊ตบุ๊ค.com/รับซื้อโน๊ตบุ๊ค/ศรีสะเกษ/macbook-battery-health/,Not found (404),P04_LOCATION_X_MODEL,404 expected,false,false,false,,location_x_attribute,sell notebook in ศรีสะเกษ by macbook-battery-health attribute,https://ร้านรับซื้อโน๊ตบุ๊ค.com/รับซื้อโน๊ตบุ๊ค/macbook-battery-health/,medium,KEEP_404,"A generic attribute page exists, but it is not an equivalent replacement because it discards location intent; keep 404 and do not mass-redirect.",GSC export 2026-06-21; last crawl 2026-06-12; dist=false; sitemap=false; noindex=n/a; internal_links=0; no matching page-level performance row; template=none found,medium,P3,none,false
https://ร้านรับซื้อโน๊ตบุ๊ค.com/รับซื้อโน๊ตบุ๊ค/กาญจนบุรี/msi-stealth-14/,Not found (404),P04_LOCATION_X_MODEL,404 expected,false,false,false,,location_x_attribute,sell notebook in กาญจนบุรี by msi-stealth-14 attribute,https://ร้านรับซื้อโน๊ตบุ๊ค.com/รับซื้อโน๊ตบุ๊ค/msi-stealth-14/,medium,KEEP_404,"A generic attribute page exists, but it is not an equivalent replacement because it discards location intent; keep 404 and do not mass-redirect.",GSC export 2026-06-21; last crawl 2026-06-12; dist=false; sitemap=false; noindex=n/a; internal_links=0; no matching page-level performance row; template=none found,medium,P3,none,false
https://ร้านรับซื้อโน๊ตบุ๊ค.com/รับซื้อโน๊ตบุ๊ค/ขอนแก่น/macbook-air-15/,Not found (404),P04_LOCATION_X_MODEL,404 expected,false,false,false,,location_x_attribute,sell notebook in ขอนแก่น by macbook-air-15 attribute,https://ร้านรับซื้อโน๊ตบุ๊ค.com/รับซื้อโน๊ตบุ๊ค/macbook-air-15/,medium,KEEP_404,"A generic attribute page exists, but it is not an equivalent replacement because it discards location intent; keep 404 and do not mass-redirect.",GSC export 2026-06-21; last crawl 2026-06-12; dist=false; sitemap=false; noindex=n/a; internal_links=0; no matching page-level performance row; template=none found,medium,P3,none,false
https://ร้านรับซื้อโน๊ตบุ๊ค.com/รับซื้อโน๊ตบุ๊ค/พระราม2/macbook-pro-14/,Not found (404),P04_LOCATION_X_MODEL,404 expected,false,false,false,,location_x_attribute,sell notebook in พระราม2 by macbook-pro-14 attribute,https://ร้านรับซื้อโน๊ตบุ๊ค.com/รับซื้อโน๊ตบุ๊ค/macbook-pro-14/,medium,KEEP_404,"A generic attribute page exists, but it is not an equivalent replacement because it discards location intent; keep 404 and do not mass-redirect.",GSC export 2026-06-21; last crawl 2026-06-12; dist=false; sitemap=false; noindex=n/a; internal_links=0; no matching page-level performance row; template=none found,medium,P3,none,false
https://ร้านรับซื้อโน๊ตบุ๊ค.com/รับซื้อโน๊ตบุ๊ค/สุรินทร์/thinkpad-e14-e15/,Not found (404),P04_LOCATION_X_MODEL,404 expected,false,false,false,,location_x_attribute,sell notebook in สุรินทร์ by thinkpad-e14-e15 attribute,https://ร้านรับซื้อโน๊ตบุ๊ค.com/รับซื้อโน๊ตบุ๊ค/thinkpad-e14-e15/,medium,KEEP_404,"A generic attribute page exists, but it is not an equivalent replacement because it discards location intent; keep 404 and do not mass-redirect.",GSC export 2026-06-21; last crawl 2026-06-12; dist=false; sitemap=false; noindex=n/a; internal_links=0; no matching page-level performance row; template=none found,medium,P3,none,false
https://ร้านรับซื้อโน๊ตบุ๊ค.com/รับซื้อโน๊ตบุ๊ค/นครสวรรค์/msi-vector-16-hx/,Not found (404),P04_LOCATION_X_MODEL,404 expected,false,false,false,,location_x_attribute,sell notebook in นครสวรรค์ by msi-vector-16-hx attribute,https://ร้านรับซื้อโน๊ตบุ๊ค.com/รับซื้อโน๊ตบุ๊ค/msi-vector-16-hx/,medium,KEEP_404,"A generic attribute page exists, but it is not an equivalent replacement because it discards location intent; keep 404 and do not mass-redirect.",GSC export 2026-06-21; last crawl 2026-06-12; dist=false; sitemap=false; noindex=n/a; internal_links=0; no matching page-level performance row; template=none found,medium,P3,none,false
https://ร้านรับซื้อโน๊ตบุ๊ค.com/รับซื้อโน๊ตบุ๊ค/นครนายก/dell-xps-13-15/,Not found (404),P04_LOCATION_X_MODEL,404 expected,false,false,false,,location_x_attribute,sell notebook in นครนายก by dell-xps-13-15 attribute,https://ร้านรับซื้อโน๊ตบุ๊ค.com/รับซื้อโน๊ตบุ๊ค/dell-xps-13-15/,medium,KEEP_404,"A generic attribute page exists, but it is not an equivalent replacement because it discards location intent; keep 404 and do not mass-redirect.",GSC export 2026-06-21; last crawl 2026-06-12; dist=false; sitemap=false; noindex=n/a; internal_links=0; no matching page-level performance row; template=none found,medium,P3,none,false
https://ร้านรับซื้อโน๊ตบุ๊ค.com/รับซื้อโน๊ตบุ๊ค/ระยอง/macbook-air-m5/,Not found (404),P04_LOCATION_X_MODEL,404 expected,false,false,false,,location_x_attribute,sell notebook in ระยอง by macbook-air-m5 attribute,https://ร้านรับซื้อโน๊ตบุ๊ค.com/รับซื้อโน๊ตบุ๊ค/macbook-air-m5/,medium,KEEP_404,"A generic attribute page exists, but it is not an equivalent replacement because it discards location intent; keep 404 and do not mass-redirect.",GSC export 2026-06-21; last crawl 2026-06-12; dist=false; sitemap=false; noindex=n/a; internal_links=0; no matching page-level performance row; template=none found,medium,P3,none,false
https://ร้านรับซื้อโน๊ตบุ๊ค.com/รับซื้อโน๊ตบุ๊ค/ภูเก็ต/lenovo-thinkbook/,Not found (404),P04_LOCATION_X_MODEL,404 expected,false,false,false,,location_x_attribute,sell notebook in ภูเก็ต by lenovo-thinkbook attribute,https://ร้านรับซื้อโน๊ตบุ๊ค.com/รับซื้อโน๊ตบุ๊ค/lenovo-thinkbook/,medium,KEEP_404,"A generic attribute page exists, but it is not an equivalent replacement because it discards location intent; keep 404 and do not mass-redirect.",GSC export 2026-06-21; last crawl 2026-06-12; dist=false; sitemap=false; noindex=n/a; internal_links=0; no matching page-level performance row; template=none found,medium,P3,none,false
https://ร้านรับซื้อโน๊ตบุ๊ค.com/รับซื้อโน๊ตบุ๊ค/ราชบุรี/ฝาหลังบวม/,Not found (404),P03_LOCATION_X_CONDITION,404 expected,false,false,false,,location_x_attribute,sell notebook in ราชบุรี by ฝาหลังบวม attribute,https://ร้านรับซื้อโน๊ตบุ๊ค.com/รับซื้อโน๊ตบุ๊ค/ฝาหลังบวม/,medium,KEEP_404,"A generic attribute page exists, but it is not an equivalent replacement because it discards location intent; keep 404 and do not mass-redirect.",GSC export 2026-06-21; last crawl 2026-06-12; dist=false; sitemap=false; noindex=n/a; internal_links=0; no matching page-level performance row; template=none found,medium,P3,none,false
https://ร้านรับซื้อโน๊ตบุ๊ค.com/รับซื้อโน๊ตบุ๊ค/แพร่/hp-spectre-x360/,Not found (404),P04_LOCATION_X_MODEL,404 expected,false,false,false,,location_x_attribute,sell notebook in แพร่ by hp-spectre-x360 attribute,https://ร้านรับซื้อโน๊ตบุ๊ค.com/รับซื้อโน๊ตบุ๊ค/hp-spectre-x360/,medium,KEEP_404,"A generic attribute page exists, but it is not an equivalent replacement because it discards location intent; keep 404 and do not mass-redirect.",GSC export 2026-06-21; last crawl 2026-06-12; dist=false; sitemap=false; noindex=n/a; internal_links=0; no matching page-level performance row; template=none found,medium,P3,none,false
https://ร้านรับซื้อโน๊ตบุ๊ค.com/รับซื้อโน๊ตบุ๊ค/น่าน/macbook-air-m2/,Not found (404),P04_LOCATION_X_MODEL,404 expected,false,false,false,,location_x_attribute,sell notebook in น่าน by macbook-air-m2 attribute,https://ร้านรับซื้อโน๊ตบุ๊ค.com/รับซื้อโน๊ตบุ๊ค/macbook-air-m2/,medium,KEEP_404,"A generic attribute page exists, but it is not an equivalent replacement because it discards location intent; keep 404 and do not mass-redirect.",GSC export 2026-06-21; last crawl 2026-06-12; dist=false; sitemap=false; noindex=n/a; internal_links=0; no matching page-level performance row; template=none found,medium,P3,none,false
https://ร้านรับซื้อโน๊ตบุ๊ค.com/รับซื้อโน๊ตบุ๊ค/สระแก้ว/จอไม่ติดแต่เครื่องติด/,Not found (404),P03_LOCATION_X_CONDITION,404 expected,false,false,false,,location_x_attribute,sell notebook in สระแก้ว by จอไม่ติดแต่เครื่องติด attribute,https://ร้านรับซื้อโน๊ตบุ๊ค.com/รับซื้อโน๊ตบุ๊ค/จอไม่ติดแต่เครื่องติด/,medium,KEEP_404,"A generic attribute page exists, but it is not an equivalent replacement because it discards location intent; keep 404 and do not mass-redirect.",GSC export 2026-06-21; last crawl 2026-06-12; dist=false; sitemap=false; noindex=n/a; internal_links=0; no matching page-level performance row; template=none found,medium,P3,none,false
https://ร้านรับซื้อโน๊ตบุ๊ค.com/รับซื้อโน๊ตบุ๊ค/แพร่/macbook-cycle-count/,Not found (404),P04_LOCATION_X_MODEL,404 expected,false,false,false,,location_x_attribute,sell notebook in แพร่ by macbook-cycle-count attribute,https://ร้านรับซื้อโน๊ตบุ๊ค.com/รับซื้อโน๊ตบุ๊ค/macbook-cycle-count/,medium,KEEP_404,"A generic attribute page exists, but it is not an equivalent replacement because it discards location intent; keep 404 and do not mass-redirect.",GSC export 2026-06-21; last crawl 2026-06-12; dist=false; sitemap=false; noindex=n/a; internal_links=0; no matching page-level performance row; template=none found,medium,P3,none,false
https://ร้านรับซื้อโน๊ตบุ๊ค.com/รับซื้อโน๊ตบุ๊ค/ชัยนาท/thinkpad-x1-carbon/,Not found (404),P04_LOCATION_X_MODEL,404 expected,false,false,false,,location_x_attribute,sell notebook in ชัยนาท by thinkpad-x1-carbon attribute,https://ร้านรับซื้อโน๊ตบุ๊ค.com/รับซื้อโน๊ตบุ๊ค/thinkpad-x1-carbon/,medium,KEEP_404,"A generic attribute page exists, but it is not an equivalent replacement because it discards location intent; keep 404 and do not mass-redirect.",GSC export 2026-06-21; last crawl 2026-06-12; dist=false; sitemap=false; noindex=n/a; internal_links=0; no matching page-level performance row; template=none found,medium,P3,none,false
https://ร้านรับซื้อโน๊ตบุ๊ค.com/รับซื้อโน๊ตบุ๊ค/สตูล/macbook-cycle-count/,Not found (404),P04_LOCATION_X_MODEL,404 expected,false,false,false,,location_x_attribute,sell notebook in สตูล by macbook-cycle-count attribute,https://ร้านรับซื้อโน๊ตบุ๊ค.com/รับซื้อโน๊ตบุ๊ค/macbook-cycle-count/,medium,KEEP_404,"A generic attribute page exists, but it is not an equivalent replacement because it discards location intent; keep 404 and do not mass-redirect.",GSC export 2026-06-21; last crawl 2026-06-12; dist=false; sitemap=false; noindex=n/a; internal_links=0; no matching page-level performance row; template=none found,medium,P3,none,false
https://ร้านรับซื้อโน๊ตบุ๊ค.com/รับซื้อโน๊ตบุ๊ค/ราชบุรี/ช่องหูฟังเสีย/,Not found (404),P03_LOCATION_X_CONDITION,404 expected,false,false,false,,location_x_attribute,sell notebook in ราชบุรี by ช่องหูฟังเสีย attribute,https://ร้านรับซื้อโน๊ตบุ๊ค.com/รับซื้อโน๊ตบุ๊ค/ช่องหูฟังเสีย/,medium,KEEP_404,"A generic attribute page exists, but it is not an equivalent replacement because it discards location intent; keep 404 and do not mass-redirect.",GSC export 2026-06-21; last crawl 2026-06-12; dist=false; sitemap=false; noindex=n/a; internal_links=0; no matching page-level performance row; template=none found,medium,P3,none,false
https://ร้านรับซื้อโน๊ตบุ๊ค.com/รับซื้อโน๊ตบุ๊ค/กำแพงเพชร/hp-omen-transcend/,Not found (404),P04_LOCATION_X_MODEL,404 expected,false,false,false,,location_x_attribute,sell notebook in กำแพงเพชร by hp-omen-transcend attribute,https://ร้านรับซื้อโน๊ตบุ๊ค.com/รับซื้อโน๊ตบุ๊ค/hp-omen-transcend/,medium,KEEP_404,"A generic attribute page exists, but it is not an equivalent replacement because it discards location intent; keep 404 and do not mass-redirect.",GSC export 2026-06-21; last crawl 2026-06-12; dist=false; sitemap=false; noindex=n/a; internal_links=0; no matching page-level performance row; template=none found,medium,P3,none,false
https://ร้านรับซื้อโน๊ตบุ๊ค.com/รับซื้อโน๊ตบุ๊ค/ราชบุรี/alienware-m15-r7-r8/,Not found (404),P04_LOCATION_X_MODEL,404 expected,false,false,false,,location_x_attribute,sell notebook in ราชบุรี by alienware-m15-r7-r8 attribute,https://ร้านรับซื้อโน๊ตบุ๊ค.com/รับซื้อโน๊ตบุ๊ค/alienware-m15-r7-r8/,medium,KEEP_404,"A generic attribute page exists, but it is not an equivalent replacement because it discards location intent; keep 404 and do not mass-redirect.",GSC export 2026-06-21; last crawl 2026-06-12; dist=false; sitemap=false; noindex=n/a; internal_links=0; no matching page-level performance row; template=none found,medium,P3,none,false
https://ร้านรับซื้อโน๊ตบุ๊ค.com/รับซื้อโน๊ตบุ๊ค/รามคำแหง/macbook-pro-14/,Not found (404),P04_LOCATION_X_MODEL,404 expected,false,false,false,,location_x_attribute,sell notebook in รามคำแหง by macbook-pro-14 attribute,https://ร้านรับซื้อโน๊ตบุ๊ค.com/รับซื้อโน๊ตบุ๊ค/macbook-pro-14/,medium,KEEP_404,"A generic attribute page exists, but it is not an equivalent replacement because it discards location intent; keep 404 and do not mass-redirect.",GSC export 2026-06-21; last crawl 2026-06-12; dist=false; sitemap=false; noindex=n/a; internal_links=0; no matching page-level performance row; template=none found,medium,P3,none,false
https://ร้านรับซื้อโน๊ตบุ๊ค.com/รับซื้อโน๊ตบุ๊ค/เชียงใหม่/macbook-pro-16/,Not found (404),P04_LOCATION_X_MODEL,404 expected,false,false,false,,location_x_attribute,sell notebook in เชียงใหม่ by macbook-pro-16 attribute,https://ร้านรับซื้อโน๊ตบุ๊ค.com/รับซื้อโน๊ตบุ๊ค/macbook-pro-16/,medium,KEEP_404,"A generic attribute page exists, but it is not an equivalent replacement because it discards location intent; keep 404 and do not mass-redirect.",GSC export 2026-06-21; last crawl 2026-06-12; dist=false; sitemap=false; noindex=n/a; internal_links=0; no matching page-level performance row; template=none found,medium,P3,none,false
https://ร้านรับซื้อโน๊ตบุ๊ค.com/รับซื้อโน๊ตบุ๊ค/อยุธยา/macbook-screen-crack/,Not found (404),P04_LOCATION_X_MODEL,404 expected,false,false,false,,location_x_attribute,sell notebook in อยุธยา by macbook-screen-crack attribute,https://ร้านรับซื้อโน๊ตบุ๊ค.com/รับซื้อโน๊ตบุ๊ค/macbook-screen-crack/,medium,KEEP_404,"A generic attribute page exists, but it is not an equivalent replacement because it discards location intent; keep 404 and do not mass-redirect.",GSC export 2026-06-21; last crawl 2026-06-12; dist=false; sitemap=false; noindex=n/a; internal_links=0; no matching page-level performance row; template=none found,medium,P3,none,false
https://ร้านรับซื้อโน๊ตบุ๊ค.com/รับซื้อโน๊ตบุ๊ค/นครปฐม/lenovo-legion-5/,Not found (404),P04_LOCATION_X_MODEL,404 expected,false,false,false,,location_x_attribute,sell notebook in นครปฐม by lenovo-legion-5 attribute,https://ร้านรับซื้อโน๊ตบุ๊ค.com/รับซื้อโน๊ตบุ๊ค/lenovo-legion-5/,medium,KEEP_404,"A generic attribute page exists, but it is not an equivalent replacement because it discards location intent; keep 404 and do not mass-redirect.",GSC export 2026-06-21; last crawl 2026-06-12; dist=false; sitemap=false; noindex=n/a; internal_links=0; no matching page-level performance row; template=none found,medium,P3,none,false
https://ร้านรับซื้อโน๊ตบุ๊ค.com/รับซื้อโน๊ตบุ๊ค/ชัยนาท/macbook-cycle-count/,Not found (404),P04_LOCATION_X_MODEL,404 expected,false,false,false,,location_x_attribute,sell notebook in ชัยนาท by macbook-cycle-count attribute,https://ร้านรับซื้อโน๊ตบุ๊ค.com/รับซื้อโน๊ตบุ๊ค/macbook-cycle-count/,medium,KEEP_404,"A generic attribute page exists, but it is not an equivalent replacement because it discards location intent; keep 404 and do not mass-redirect.",GSC export 2026-06-21; last crawl 2026-06-12; dist=false; sitemap=false; noindex=n/a; internal_links=0; no matching page-level performance row; template=none found,medium,P3,none,false
https://ร้านรับซื้อโน๊ตบุ๊ค.com/รับซื้อโน๊ตบุ๊ค/ระนอง/asus-zephyrus-g16/,Not found (404),P04_LOCATION_X_MODEL,404 expected,false,false,false,,location_x_attribute,sell notebook in ระนอง by asus-zephyrus-g16 attribute,https://ร้านรับซื้อโน๊ตบุ๊ค.com/รับซื้อโน๊ตบุ๊ค/asus-zephyrus-g16/,medium,KEEP_404,"A generic attribute page exists, but it is not an equivalent replacement because it discards location intent; keep 404 and do not mass-redirect.",GSC export 2026-06-21; last crawl 2026-06-12; dist=false; sitemap=false; noindex=n/a; internal_links=0; no matching page-level performance row; template=none found,medium,P3,none,false
https://ร้านรับซื้อโน๊ตบุ๊ค.com/รับซื้อโน๊ตบุ๊ค/แม่ฮ่องสอน/hp-elitebook/,Not found (404),P04_LOCATION_X_MODEL,404 expected,false,false,false,,location_x_attribute,sell notebook in แม่ฮ่องสอน by hp-elitebook attribute,https://ร้านรับซื้อโน๊ตบุ๊ค.com/รับซื้อโน๊ตบุ๊ค/hp-elitebook/,medium,KEEP_404,"A generic attribute page exists, but it is not an equivalent replacement because it discards location intent; keep 404 and do not mass-redirect.",GSC export 2026-06-21; last crawl 2026-06-12; dist=false; sitemap=false; noindex=n/a; internal_links=0; no matching page-level performance row; template=none found,medium,P3,none,false
https://ร้านรับซื้อโน๊ตบุ๊ค.com/รับซื้อโน๊ตบุ๊ค/น่าน/surface-pro/,Not found (404),P04_LOCATION_X_MODEL,404 expected,false,false,false,,location_x_attribute,sell notebook in น่าน by surface-pro attribute,https://ร้านรับซื้อโน๊ตบุ๊ค.com/รับซื้อโน๊ตบุ๊ค/surface-pro/,medium,KEEP_404,"A generic attribute page exists, but it is not an equivalent replacement because it discards location intent; keep 404 and do not mass-redirect.",GSC export 2026-06-21; last crawl 2026-06-12; dist=false; sitemap=false; noindex=n/a; internal_links=0; no matching page-level performance row; template=none found,medium,P3,none,false
https://ร้านรับซื้อโน๊ตบุ๊ค.com/รับซื้อโน๊ตบุ๊ค/นครราชสีมา/hp-victus-16/,Not found (404),P04_LOCATION_X_MODEL,404 expected,false,false,false,,location_x_attribute,sell notebook in นครราชสีมา by hp-victus-16 attribute,https://ร้านรับซื้อโน๊ตบุ๊ค.com/รับซื้อโน๊ตบุ๊ค/hp-victus-16/,medium,KEEP_404,"A generic attribute page exists, but it is not an equivalent replacement because it discards location intent; keep 404 and do not mass-redirect.",GSC export 2026-06-21; last crawl 2026-06-12; dist=false; sitemap=false; noindex=n/a; internal_links=0; no matching page-level performance row; template=none found,medium,P3,none,false
https://ร้านรับซื้อโน๊ตบุ๊ค.com/รับซื้อโน๊ตบุ๊ค/ระยอง/hp-victus-17/,Not found (404),P04_LOCATION_X_MODEL,404 expected,false,false,false,,location_x_attribute,sell notebook in ระยอง by hp-victus-17 attribute,https://ร้านรับซื้อโน๊ตบุ๊ค.com/รับซื้อโน๊ตบุ๊ค/hp-victus-17/,medium,KEEP_404,"A generic attribute page exists, but it is not an equivalent replacement because it discards location intent; keep 404 and do not mass-redirect.",GSC export 2026-06-21; last crawl 2026-06-12; dist=false; sitemap=false; noindex=n/a; internal_links=0; no matching page-level performance row; template=none found,medium,P3,none,false
https://ร้านรับซื้อโน๊ตบุ๊ค.com/รับซื้อโน๊ตบุ๊ค/รังสิต/macbook-air-15/,Not found (404),P04_LOCATION_X_MODEL,404 expected,false,false,false,,location_x_attribute,sell notebook in รังสิต by macbook-air-15 attribute,https://ร้านรับซื้อโน๊ตบุ๊ค.com/รับซื้อโน๊ตบุ๊ค/macbook-air-15/,medium,KEEP_404,"A generic attribute page exists, but it is not an equivalent replacement because it discards location intent; keep 404 and do not mass-redirect.",GSC export 2026-06-21; last crawl 2026-06-12; dist=false; sitemap=false; noindex=n/a; internal_links=0; no matching page-level performance row; template=none found,medium,P3,none,false
https://ร้านรับซื้อโน๊ตบุ๊ค.com/รับซื้อโน๊ตบุ๊ค/แพร่/asus-rog-strix/,Not found (404),P04_LOCATION_X_MODEL,404 expected,false,false,false,,location_x_attribute,sell notebook in แพร่ by asus-rog-strix attribute,https://ร้านรับซื้อโน๊ตบุ๊ค.com/รับซื้อโน๊ตบุ๊ค/asus-rog-strix/,medium,KEEP_404,"A generic attribute page exists, but it is not an equivalent replacement because it discards location intent; keep 404 and do not mass-redirect.",GSC export 2026-06-21; last crawl 2026-06-12; dist=false; sitemap=false; noindex=n/a; internal_links=0; no matching page-level performance row; template=none found,medium,P3,none,false
https://ร้านรับซื้อโน๊ตบุ๊ค.com/รับซื้อโน๊ตบุ๊ค/ร้อยเอ็ด/msi-vector-16-hx/,Not found (404),P04_LOCATION_X_MODEL,404 expected,false,false,false,,location_x_attribute,sell notebook in ร้อยเอ็ด by msi-vector-16-hx attribute,https://ร้านรับซื้อโน๊ตบุ๊ค.com/รับซื้อโน๊ตบุ๊ค/msi-vector-16-hx/,medium,KEEP_404,"A generic attribute page exists, but it is not an equivalent replacement because it discards location intent; keep 404 and do not mass-redirect.",GSC export 2026-06-21; last crawl 2026-06-12; dist=false; sitemap=false; noindex=n/a; internal_links=0; no matching page-level performance row; template=none found,medium,P3,none,false
https://ร้านรับซื้อโน๊ตบุ๊ค.com/รับซื้อโน๊ตบุ๊ค/แพร่/รีสตาร์ทเอง/,Not found (404),P03_LOCATION_X_CONDITION,404 expected,false,false,false,,location_x_attribute,sell notebook in แพร่ by รีสตาร์ทเอง attribute,https://ร้านรับซื้อโน๊ตบุ๊ค.com/รับซื้อโน๊ตบุ๊ค/รีสตาร์ทเอง/,medium,KEEP_404,"A generic attribute page exists, but it is not an equivalent replacement because it discards location intent; keep 404 and do not mass-redirect.",GSC export 2026-06-21; last crawl 2026-06-12; dist=false; sitemap=false; noindex=n/a; internal_links=0; no matching page-level performance row; template=none found,medium,P3,none,false
https://ร้านรับซื้อโน๊ตบุ๊ค.com/รับซื้อโน๊ตบุ๊ค/แม่ฮ่องสอน/acer-travelmate/,Not found (404),P04_LOCATION_X_MODEL,404 expected,false,false,false,,location_x_attribute,sell notebook in แม่ฮ่องสอน by acer-travelmate attribute,https://ร้านรับซื้อโน๊ตบุ๊ค.com/รับซื้อโน๊ตบุ๊ค/acer-travelmate/,medium,KEEP_404,"A generic attribute page exists, but it is not an equivalent replacement because it discards location intent; keep 404 and do not mass-redirect.",GSC export 2026-06-21; last crawl 2026-06-12; dist=false; sitemap=false; noindex=n/a; internal_links=0; no matching page-level performance row; template=none found,medium,P3,none,false
https://ร้านรับซื้อโน๊ตบุ๊ค.com/รับซื้อโน๊ตบุ๊ค/ภาคอีสาน/macbook-air-13/,Not found (404),P04_LOCATION_X_MODEL,404 expected,false,false,false,,location_x_attribute,sell notebook in ภาคอีสาน by macbook-air-13 attribute,https://ร้านรับซื้อโน๊ตบุ๊ค.com/รับซื้อโน๊ตบุ๊ค/macbook-air-13/,medium,KEEP_404,"A generic attribute page exists, but it is not an equivalent replacement because it discards location intent; keep 404 and do not mass-redirect.",GSC export 2026-06-21; last crawl 2026-06-12; dist=false; sitemap=false; noindex=n/a; internal_links=0; no matching page-level performance row; template=none found,medium,P3,none,false
https://ร้านรับซื้อโน๊ตบุ๊ค.com/รับซื้อโน๊ตบุ๊ค/ใกล้ฉัน/macbook-air-m4/,Not found (404),P04_LOCATION_X_MODEL,404 expected,false,false,false,,location_x_attribute,sell notebook in ใกล้ฉัน by macbook-air-m4 attribute,https://ร้านรับซื้อโน๊ตบุ๊ค.com/รับซื้อโน๊ตบุ๊ค/macbook-air-m4/,medium,KEEP_404,"A generic attribute page exists, but it is not an equivalent replacement because it discards location intent; keep 404 and do not mass-redirect.",GSC export 2026-06-21; last crawl 2026-06-12; dist=false; sitemap=false; noindex=n/a; internal_links=0; no matching page-level performance row; template=none found,medium,P3,none,false
https://ร้านรับซื้อโน๊ตบุ๊ค.com/รับซื้อโน๊ตบุ๊ค/อุทัยธานี/ร้อนจัดดับเอง/,Not found (404),P03_LOCATION_X_CONDITION,404 expected,false,false,false,,location_x_attribute,sell notebook in อุทัยธานี by ร้อนจัดดับเอง attribute,https://ร้านรับซื้อโน๊ตบุ๊ค.com/รับซื้อโน๊ตบุ๊ค/ร้อนจัดดับเอง/,medium,KEEP_404,"A generic attribute page exists, but it is not an equivalent replacement because it discards location intent; keep 404 and do not mass-redirect.",GSC export 2026-06-21; last crawl 2026-06-12; dist=false; sitemap=false; noindex=n/a; internal_links=0; no matching page-level performance row; template=none found,medium,P3,none,false
https://ร้านรับซื้อโน๊ตบุ๊ค.com/รับซื้อโน๊ตบุ๊ค/ลาดพร้าว/macbook-no-box-no-receipt/,Not found (404),P04_LOCATION_X_MODEL,404 expected,false,false,false,,location_x_attribute,sell notebook in ลาดพร้าว by macbook-no-box-no-receipt attribute,https://ร้านรับซื้อโน๊ตบุ๊ค.com/รับซื้อโน๊ตบุ๊ค/macbook-no-box-no-receipt/,medium,KEEP_404,"A generic attribute page exists, but it is not an equivalent replacement because it discards location intent; keep 404 and do not mass-redirect.",GSC export 2026-06-21; last crawl 2026-06-12; dist=false; sitemap=false; noindex=n/a; internal_links=0; no matching page-level performance row; template=none found,medium,P3,none,false
https://ร้านรับซื้อโน๊ตบุ๊ค.com/รับซื้อโน๊ตบุ๊ค/กำแพงเพชร/ช่องหูฟังเสีย/,Not found (404),P03_LOCATION_X_CONDITION,404 expected,false,false,false,,location_x_attribute,sell notebook in กำแพงเพชร by ช่องหูฟังเสีย attribute,https://ร้านรับซื้อโน๊ตบุ๊ค.com/รับซื้อโน๊ตบุ๊ค/ช่องหูฟังเสีย/,medium,KEEP_404,"A generic attribute page exists, but it is not an equivalent replacement because it discards location intent; keep 404 and do not mass-redirect.",GSC export 2026-06-21; last crawl 2026-06-12; dist=false; sitemap=false; noindex=n/a; internal_links=0; no matching page-level performance row; template=none found,medium,P3,none,false
https://ร้านรับซื้อโน๊ตบุ๊ค.com/รับซื้อโน๊ตบุ๊ค/เลย/razer-blade/,Not found (404),P04_LOCATION_X_MODEL,404 expected,false,false,false,,location_x_attribute,sell notebook in เลย by razer-blade attribute,https://ร้านรับซื้อโน๊ตบุ๊ค.com/รับซื้อโน๊ตบุ๊ค/razer-blade/,medium,KEEP_404,"A generic attribute page exists, but it is not an equivalent replacement because it discards location intent; keep 404 and do not mass-redirect.",GSC export 2026-06-21; last crawl 2026-06-12; dist=false; sitemap=false; noindex=n/a; internal_links=0; no matching page-level performance row; template=none found,medium,P3,none,false
https://ร้านรับซื้อโน๊ตบุ๊ค.com/รับซื้อโน๊ตบุ๊ค/อุตรดิตถ์/macbook-battery-swollen/,Not found (404),P04_LOCATION_X_MODEL,404 expected,false,false,false,,location_x_attribute,sell notebook in อุตรดิตถ์ by macbook-battery-swollen attribute,https://ร้านรับซื้อโน๊ตบุ๊ค.com/รับซื้อโน๊ตบุ๊ค/macbook-battery-swollen/,medium,KEEP_404,"A generic attribute page exists, but it is not an equivalent replacement because it discards location intent; keep 404 and do not mass-redirect.",GSC export 2026-06-21; last crawl 2026-06-12; dist=false; sitemap=false; noindex=n/a; internal_links=0; no matching page-level performance row; template=none found,medium,P3,none,false
https://ร้านรับซื้อโน๊ตบุ๊ค.com/รับซื้อโน๊ตบุ๊ค/นครปฐม/lenovo-thinkbook/,Not found (404),P04_LOCATION_X_MODEL,404 expected,false,false,false,,location_x_attribute,sell notebook in นครปฐม by lenovo-thinkbook attribute,https://ร้านรับซื้อโน๊ตบุ๊ค.com/รับซื้อโน๊ตบุ๊ค/lenovo-thinkbook/,medium,KEEP_404,"A generic attribute page exists, but it is not an equivalent replacement because it discards location intent; keep 404 and do not mass-redirect.",GSC export 2026-06-21; last crawl 2026-06-12; dist=false; sitemap=false; noindex=n/a; internal_links=0; no matching page-level performance row; template=none found,medium,P3,none,false
https://ร้านรับซื้อโน๊ตบุ๊ค.com/รับซื้อโน๊ตบุ๊ค/ร้อยเอ็ด/macbook-pro-m2/,Not found (404),P04_LOCATION_X_MODEL,404 expected,false,false,false,,location_x_attribute,sell notebook in ร้อยเอ็ด by macbook-pro-m2 attribute,https://ร้านรับซื้อโน๊ตบุ๊ค.com/รับซื้อโน๊ตบุ๊ค/macbook-pro-m2/,medium,KEEP_404,"A generic attribute page exists, but it is not an equivalent replacement because it discards location intent; keep 404 and do not mass-redirect.",GSC export 2026-06-21; last crawl 2026-06-12; dist=false; sitemap=false; noindex=n/a; internal_links=0; no matching page-level performance row; template=none found,medium,P3,none,false
https://ร้านรับซื้อโน๊ตบุ๊ค.com/รับซื้อโน๊ตบุ๊ค/สตูล/dell-vostro/,Not found (404),P04_LOCATION_X_MODEL,404 expected,false,false,false,,location_x_attribute,sell notebook in สตูล by dell-vostro attribute,https://ร้านรับซื้อโน๊ตบุ๊ค.com/รับซื้อโน๊ตบุ๊ค/dell-vostro/,medium,KEEP_404,"A generic attribute page exists, but it is not an equivalent replacement because it discards location intent; keep 404 and do not mass-redirect.",GSC export 2026-06-21; last crawl 2026-06-12; dist=false; sitemap=false; noindex=n/a; internal_links=0; no matching page-level performance row; template=none found,medium,P3,none,false
https://ร้านรับซื้อโน๊ตบุ๊ค.com/รับซื้อโน๊ตบุ๊ค/ฉะเชิงเทรา/macbook-cycle-count/,Not found (404),P04_LOCATION_X_MODEL,404 expected,false,false,false,,location_x_attribute,sell notebook in ฉะเชิงเทรา by macbook-cycle-count attribute,https://ร้านรับซื้อโน๊ตบุ๊ค.com/รับซื้อโน๊ตบุ๊ค/macbook-cycle-count/,medium,KEEP_404,"A generic attribute page exists, but it is not an equivalent replacement because it discards location intent; keep 404 and do not mass-redirect.",GSC export 2026-06-21; last crawl 2026-06-12; dist=false; sitemap=false; noindex=n/a; internal_links=0; no matching page-level performance row; template=none found,medium,P3,none,false
https://ร้านรับซื้อโน๊ตบุ๊ค.com/รับซื้อโน๊ตบุ๊ค/อุทัยธานี/พอร์ต-type-c-เสีย/,Not found (404),P03_LOCATION_X_CONDITION,404 expected,false,false,false,,location_x_attribute,sell notebook in อุทัยธานี by พอร์ต-type-c-เสีย attribute,https://ร้านรับซื้อโน๊ตบุ๊ค.com/รับซื้อโน๊ตบุ๊ค/พอร์ต-type-c-เสีย/,medium,KEEP_404,"A generic attribute page exists, but it is not an equivalent replacement because it discards location intent; keep 404 and do not mass-redirect.",GSC export 2026-06-21; last crawl 2026-06-12; dist=false; sitemap=false; noindex=n/a; internal_links=0; no matching page-level performance row; template=none found,medium,P3,none,false
https://ร้านรับซื้อโน๊ตบุ๊ค.com/รับซื้อโน๊ตบุ๊ค/บางนา/acer-predator-triton/,Not found (404),P04_LOCATION_X_MODEL,404 expected,false,false,false,,location_x_attribute,sell notebook in บางนา by acer-predator-triton attribute,https://ร้านรับซื้อโน๊ตบุ๊ค.com/รับซื้อโน๊ตบุ๊ค/acer-predator-triton/,medium,KEEP_404,"A generic attribute page exists, but it is not an equivalent replacement because it discards location intent; keep 404 and do not mass-redirect.",GSC export 2026-06-21; last crawl 2026-06-12; dist=false; sitemap=false; noindex=n/a; internal_links=0; no matching page-level performance row; template=none found,medium,P3,none,false
https://ร้านรับซื้อโน๊ตบุ๊ค.com/รับซื้อโน๊ตบุ๊ค/น่าน/macbook-air-m5/,Not found (404),P04_LOCATION_X_MODEL,404 expected,false,false,false,,location_x_attribute,sell notebook in น่าน by macbook-air-m5 attribute,https://ร้านรับซื้อโน๊ตบุ๊ค.com/รับซื้อโน๊ตบุ๊ค/macbook-air-m5/,medium,KEEP_404,"A generic attribute page exists, but it is not an equivalent replacement because it discards location intent; keep 404 and do not mass-redirect.",GSC export 2026-06-21; last crawl 2026-06-12; dist=false; sitemap=false; noindex=n/a; internal_links=0; no matching page-level performance row; template=none found,medium,P3,none,false
https://ร้านรับซื้อโน๊ตบุ๊ค.com/รับซื้อโน๊ตบุ๊ค/ภาคอีสาน/msi-stealth-14/,Not found (404),P04_LOCATION_X_MODEL,404 expected,false,false,false,,location_x_attribute,sell notebook in ภาคอีสาน by msi-stealth-14 attribute,https://ร้านรับซื้อโน๊ตบุ๊ค.com/รับซื้อโน๊ตบุ๊ค/msi-stealth-14/,medium,KEEP_404,"A generic attribute page exists, but it is not an equivalent replacement because it discards location intent; keep 404 and do not mass-redirect.",GSC export 2026-06-21; last crawl 2026-06-12; dist=false; sitemap=false; noindex=n/a; internal_links=0; no matching page-level performance row; template=none found,medium,P3,none,false
https://ร้านรับซื้อโน๊ตบุ๊ค.com/รับซื้อโน๊ตบุ๊ค/อุทัยธานี/asus-zephyrus-g14/,Not found (404),P04_LOCATION_X_MODEL,404 expected,false,false,false,,location_x_attribute,sell notebook in อุทัยธานี by asus-zephyrus-g14 attribute,https://ร้านรับซื้อโน๊ตบุ๊ค.com/รับซื้อโน๊ตบุ๊ค/asus-zephyrus-g14/,medium,KEEP_404,"A generic attribute page exists, but it is not an equivalent replacement because it discards location intent; keep 404 and do not mass-redirect.",GSC export 2026-06-21; last crawl 2026-06-12; dist=false; sitemap=false; noindex=n/a; internal_links=0; no matching page-level performance row; template=none found,medium,P3,none,false
https://ร้านรับซื้อโน๊ตบุ๊ค.com/รับซื้อโน๊ตบุ๊ค/บางนา/hp-probook/,Not found (404),P04_LOCATION_X_MODEL,404 expected,false,false,false,,location_x_attribute,sell notebook in บางนา by hp-probook attribute,https://ร้านรับซื้อโน๊ตบุ๊ค.com/รับซื้อโน๊ตบุ๊ค/hp-probook/,medium,KEEP_404,"A generic attribute page exists, but it is not an equivalent replacement because it discards location intent; keep 404 and do not mass-redirect.",GSC export 2026-06-21; last crawl 2026-06-12; dist=false; sitemap=false; noindex=n/a; internal_links=0; no matching page-level performance row; template=none found,medium,P3,none,false
https://ร้านรับซื้อโน๊ตบุ๊ค.com/รับซื้อโน๊ตบุ๊ค/สิงห์บุรี/huawei/,Not found (404),P04_LOCATION_X_MODEL,404 expected,false,false,false,,location_x_attribute,sell notebook in สิงห์บุรี by huawei attribute,https://ร้านรับซื้อโน๊ตบุ๊ค.com/รับซื้อโน๊ตบุ๊ค/huawei/,medium,KEEP_404,"A generic attribute page exists, but it is not an equivalent replacement because it discards location intent; keep 404 and do not mass-redirect.",GSC export 2026-06-21; last crawl 2026-06-12; dist=false; sitemap=false; noindex=n/a; internal_links=0; no matching page-level performance row; template=none found,medium,P3,none,false
https://ร้านรับซื้อโน๊ตบุ๊ค.com/รับซื้อโน๊ตบุ๊ค/กำแพงเพชร/acer-nitro-v/,Not found (404),P04_LOCATION_X_MODEL,404 expected,false,false,false,,location_x_attribute,sell notebook in กำแพงเพชร by acer-nitro-v attribute,https://ร้านรับซื้อโน๊ตบุ๊ค.com/รับซื้อโน๊ตบุ๊ค/acer-nitro-v/,medium,KEEP_404,"A generic attribute page exists, but it is not an equivalent replacement because it discards location intent; keep 404 and do not mass-redirect.",GSC export 2026-06-21; last crawl 2026-06-12; dist=false; sitemap=false; noindex=n/a; internal_links=0; no matching page-level performance row; template=none found,medium,P3,none,false
https://ร้านรับซื้อโน๊ตบุ๊ค.com/รับซื้อโน๊ตบุ๊ค/กรุงเทพ/hp-omen-16/,Not found (404),P04_LOCATION_X_MODEL,404 expected,false,false,false,,location_x_attribute,sell notebook in กรุงเทพ by hp-omen-16 attribute,https://ร้านรับซื้อโน๊ตบุ๊ค.com/รับซื้อโน๊ตบุ๊ค/hp-omen-16/,medium,KEEP_404,"A generic attribute page exists, but it is not an equivalent replacement because it discards location intent; keep 404 and do not mass-redirect.",GSC export 2026-06-21; last crawl 2026-06-12; dist=false; sitemap=false; noindex=n/a; internal_links=0; no matching page-level performance row; template=none found,medium,P3,none,false
https://ร้านรับซื้อโน๊ตบุ๊ค.com/รับซื้อโน๊ตบุ๊ค/ประจวบคีรีขันธ์/msi-katana-15/,Not found (404),P04_LOCATION_X_MODEL,404 expected,false,false,false,,location_x_attribute,sell notebook in ประจวบคีรีขันธ์ by msi-katana-15 attribute,https://ร้านรับซื้อโน๊ตบุ๊ค.com/รับซื้อโน๊ตบุ๊ค/msi-katana-15/,medium,KEEP_404,"A generic attribute page exists, but it is not an equivalent replacement because it discards location intent; keep 404 and do not mass-redirect.",GSC export 2026-06-21; last crawl 2026-06-12; dist=false; sitemap=false; noindex=n/a; internal_links=0; no matching page-level performance row; template=none found,medium,P3,none,false
https://ร้านรับซื้อโน๊ตบุ๊ค.com/รับซื้อโน๊ตบุ๊ค/จันทบุรี/razer-blade/,Not found (404),P04_LOCATION_X_MODEL,404 expected,false,false,false,,location_x_attribute,sell notebook in จันทบุรี by razer-blade attribute,https://ร้านรับซื้อโน๊ตบุ๊ค.com/รับซื้อโน๊ตบุ๊ค/razer-blade/,medium,KEEP_404,"A generic attribute page exists, but it is not an equivalent replacement because it discards location intent; keep 404 and do not mass-redirect.",GSC export 2026-06-21; last crawl 2026-06-12; dist=false; sitemap=false; noindex=n/a; internal_links=0; no matching page-level performance row; template=none found,medium,P3,none,false
https://ร้านรับซื้อโน๊ตบุ๊ค.com/รับซื้อโน๊ตบุ๊ค/กาญจนบุรี/macbook-battery-health/,Not found (404),P04_LOCATION_X_MODEL,404 expected,false,false,false,,location_x_attribute,sell notebook in กาญจนบุรี by macbook-battery-health attribute,https://ร้านรับซื้อโน๊ตบุ๊ค.com/รับซื้อโน๊ตบุ๊ค/macbook-battery-health/,medium,KEEP_404,"A generic attribute page exists, but it is not an equivalent replacement because it discards location intent; keep 404 and do not mass-redirect.",GSC export 2026-06-21; last crawl 2026-06-12; dist=false; sitemap=false; noindex=n/a; internal_links=0; no matching page-level performance row; template=none found,medium,P3,none,false
https://ร้านรับซื้อโน๊ตบุ๊ค.com/รับซื้อโน๊ตบุ๊ค/ชัยนาท/honor-magicbook/,Not found (404),P04_LOCATION_X_MODEL,404 expected,false,false,false,,location_x_attribute,sell notebook in ชัยนาท by honor-magicbook attribute,https://ร้านรับซื้อโน๊ตบุ๊ค.com/รับซื้อโน๊ตบุ๊ค/honor-magicbook/,medium,KEEP_404,"A generic attribute page exists, but it is not an equivalent replacement because it discards location intent; keep 404 and do not mass-redirect.",GSC export 2026-06-21; last crawl 2026-06-12; dist=false; sitemap=false; noindex=n/a; internal_links=0; no matching page-level performance row; template=none found,medium,P3,none,false
https://ร้านรับซื้อโน๊ตบุ๊ค.com/รับซื้อโน๊ตบุ๊ค/เลย/macbook-air-15/,Not found (404),P04_LOCATION_X_MODEL,404 expected,false,false,false,,location_x_attribute,sell notebook in เลย by macbook-air-15 attribute,https://ร้านรับซื้อโน๊ตบุ๊ค.com/รับซื้อโน๊ตบุ๊ค/macbook-air-15/,medium,KEEP_404,"A generic attribute page exists, but it is not an equivalent replacement because it discards location intent; keep 404 and do not mass-redirect.",GSC export 2026-06-21; last crawl 2026-06-12; dist=false; sitemap=false; noindex=n/a; internal_links=0; no matching page-level performance row; template=none found,medium,P3,none,false
https://ร้านรับซื้อโน๊ตบุ๊ค.com/รับซื้อโน๊ตบุ๊ค/กาฬสินธุ์/thinkpad-x1-carbon/,Not found (404),P04_LOCATION_X_MODEL,404 expected,false,false,false,,location_x_attribute,sell notebook in กาฬสินธุ์ by thinkpad-x1-carbon attribute,https://ร้านรับซื้อโน๊ตบุ๊ค.com/รับซื้อโน๊ตบุ๊ค/thinkpad-x1-carbon/,medium,KEEP_404,"A generic attribute page exists, but it is not an equivalent replacement because it discards location intent; keep 404 and do not mass-redirect.",GSC export 2026-06-21; last crawl 2026-06-12; dist=false; sitemap=false; noindex=n/a; internal_links=0; no matching page-level performance row; template=none found,medium,P3,none,false
https://ร้านรับซื้อโน๊ตบุ๊ค.com/รับซื้อโน๊ตบุ๊ค/เชียงราย/msi-vector-16-hx/,Not found (404),P04_LOCATION_X_MODEL,404 expected,false,false,false,,location_x_attribute,sell notebook in เชียงราย by msi-vector-16-hx attribute,https://ร้านรับซื้อโน๊ตบุ๊ค.com/รับซื้อโน๊ตบุ๊ค/msi-vector-16-hx/,medium,KEEP_404,"A generic attribute page exists, but it is not an equivalent replacement because it discards location intent; keep 404 and do not mass-redirect.",GSC export 2026-06-21; last crawl 2026-06-12; dist=false; sitemap=false; noindex=n/a; internal_links=0; no matching page-level performance row; template=none found,medium,P3,none,false
https://ร้านรับซื้อโน๊ตบุ๊ค.com/รับซื้อโน๊ตบุ๊ค/กาฬสินธุ์/asus-zephyrus-g16/,Not found (404),P04_LOCATION_X_MODEL,404 expected,false,false,false,,location_x_attribute,sell notebook in กาฬสินธุ์ by asus-zephyrus-g16 attribute,https://ร้านรับซื้อโน๊ตบุ๊ค.com/รับซื้อโน๊ตบุ๊ค/asus-zephyrus-g16/,medium,KEEP_404,"A generic attribute page exists, but it is not an equivalent replacement because it discards location intent; keep 404 and do not mass-redirect.",GSC export 2026-06-21; last crawl 2026-06-12; dist=false; sitemap=false; noindex=n/a; internal_links=0; no matching page-level performance row; template=none found,medium,P3,none,false
https://ร้านรับซื้อโน๊ตบุ๊ค.com/รับซื้อโน๊ตบุ๊ค/กาญจนบุรี/บูตวน/,Not found (404),P03_LOCATION_X_CONDITION,404 expected,false,false,false,,location_x_attribute,sell notebook in กาญจนบุรี by บูตวน attribute,https://ร้านรับซื้อโน๊ตบุ๊ค.com/รับซื้อโน๊ตบุ๊ค/บูตวน/,medium,KEEP_404,"A generic attribute page exists, but it is not an equivalent replacement because it discards location intent; keep 404 and do not mass-redirect.",GSC export 2026-06-21; last crawl 2026-06-12; dist=false; sitemap=false; noindex=n/a; internal_links=0; no matching page-level performance row; template=none found,medium,P3,none,false
https://ร้านรับซื้อโน๊ตบุ๊ค.com/รับซื้อโน๊ตบุ๊ค/พัทลุง/macbook-battery-swollen/,Not found (404),P04_LOCATION_X_MODEL,404 expected,false,false,false,,location_x_attribute,sell notebook in พัทลุง by macbook-battery-swollen attribute,https://ร้านรับซื้อโน๊ตบุ๊ค.com/รับซื้อโน๊ตบุ๊ค/macbook-battery-swollen/,medium,KEEP_404,"A generic attribute page exists, but it is not an equivalent replacement because it discards location intent; keep 404 and do not mass-redirect.",GSC export 2026-06-21; last crawl 2026-06-12; dist=false; sitemap=false; noindex=n/a; internal_links=0; no matching page-level performance row; template=none found,medium,P3,none,false
https://ร้านรับซื้อโน๊ตบุ๊ค.com/รับซื้อโน๊ตบุ๊ค/อุทัยธานี/thinkpad-e14-e15/,Not found (404),P04_LOCATION_X_MODEL,404 expected,false,false,false,,location_x_attribute,sell notebook in อุทัยธานี by thinkpad-e14-e15 attribute,https://ร้านรับซื้อโน๊ตบุ๊ค.com/รับซื้อโน๊ตบุ๊ค/thinkpad-e14-e15/,medium,KEEP_404,"A generic attribute page exists, but it is not an equivalent replacement because it discards location intent; keep 404 and do not mass-redirect.",GSC export 2026-06-21; last crawl 2026-06-12; dist=false; sitemap=false; noindex=n/a; internal_links=0; no matching page-level performance row; template=none found,medium,P3,none,false
https://ร้านรับซื้อโน๊ตบุ๊ค.com/รับซื้อโน๊ตบุ๊ค/สมุทรสงคราม/lenovo-legion-pro-7/,Not found (404),P04_LOCATION_X_MODEL,404 expected,false,false,false,,location_x_attribute,sell notebook in สมุทรสงคราม by lenovo-legion-pro-7 attribute,https://ร้านรับซื้อโน๊ตบุ๊ค.com/รับซื้อโน๊ตบุ๊ค/lenovo-legion-pro-7/,medium,KEEP_404,"A generic attribute page exists, but it is not an equivalent replacement because it discards location intent; keep 404 and do not mass-redirect.",GSC export 2026-06-21; last crawl 2026-06-12; dist=false; sitemap=false; noindex=n/a; internal_links=0; no matching page-level performance row; template=none found,medium,P3,none,false
https://ร้านรับซื้อโน๊ตบุ๊ค.com/รับซื้อโน๊ตบุ๊ค/ขอนแก่น/hdmi-เสีย/,Not found (404),P03_LOCATION_X_CONDITION,404 expected,false,false,false,,location_x_attribute,sell notebook in ขอนแก่น by hdmi-เสีย attribute,https://ร้านรับซื้อโน๊ตบุ๊ค.com/รับซื้อโน๊ตบุ๊ค/hdmi-เสีย/,medium,KEEP_404,"A generic attribute page exists, but it is not an equivalent replacement because it discards location intent; keep 404 and do not mass-redirect.",GSC export 2026-06-21; last crawl 2026-06-12; dist=false; sitemap=false; noindex=n/a; internal_links=0; no matching page-level performance row; template=none found,medium,P3,none,false
https://ร้านรับซื้อโน๊ตบุ๊ค.com/รับซื้อโน๊ตบุ๊ค/ฉะเชิงเทรา/lenovo-legion-slim/,Not found (404),P04_LOCATION_X_MODEL,404 expected,false,false,false,,location_x_attribute,sell notebook in ฉะเชิงเทรา by lenovo-legion-slim attribute,https://ร้านรับซื้อโน๊ตบุ๊ค.com/รับซื้อโน๊ตบุ๊ค/lenovo-legion-slim/,medium,KEEP_404,"A generic attribute page exists, but it is not an equivalent replacement because it discards location intent; keep 404 and do not mass-redirect.",GSC export 2026-06-21; last crawl 2026-06-12; dist=false; sitemap=false; noindex=n/a; internal_links=0; no matching page-level performance row; template=none found,medium,P3,none,false
https://ร้านรับซื้อโน๊ตบุ๊ค.com/รับซื้อโน๊ตบุ๊ค/พระราม2/macbook-screen-crack/,Not found (404),P04_LOCATION_X_MODEL,404 expected,false,false,false,,location_x_attribute,sell notebook in พระราม2 by macbook-screen-crack attribute,https://ร้านรับซื้อโน๊ตบุ๊ค.com/รับซื้อโน๊ตบุ๊ค/macbook-screen-crack/,medium,KEEP_404,"A generic attribute page exists, but it is not an equivalent replacement because it discards location intent; keep 404 and do not mass-redirect.",GSC export 2026-06-21; last crawl 2026-06-12; dist=false; sitemap=false; noindex=n/a; internal_links=0; no matching page-level performance row; template=none found,medium,P3,none,false
https://ร้านรับซื้อโน๊ตบุ๊ค.com/รับซื้อโน๊ตบุ๊ค/ใกล้ฉัน/พอร์ต-type-c-เสีย/,Not found (404),P03_LOCATION_X_CONDITION,404 expected,false,false,false,,location_x_attribute,sell notebook in ใกล้ฉัน by พอร์ต-type-c-เสีย attribute,https://ร้านรับซื้อโน๊ตบุ๊ค.com/รับซื้อโน๊ตบุ๊ค/พอร์ต-type-c-เสีย/,medium,KEEP_404,"A generic attribute page exists, but it is not an equivalent replacement because it discards location intent; keep 404 and do not mass-redirect.",GSC export 2026-06-21; last crawl 2026-06-12; dist=false; sitemap=false; noindex=n/a; internal_links=0; no matching page-level performance row; template=none found,medium,P3,none,false
https://ร้านรับซื้อโน๊ตบุ๊ค.com/รับซื้อโน๊ตบุ๊ค/สุโขทัย/บอดี้แตก/,Not found (404),P03_LOCATION_X_CONDITION,404 expected,false,false,false,,location_x_attribute,sell notebook in สุโขทัย by บอดี้แตก attribute,https://ร้านรับซื้อโน๊ตบุ๊ค.com/รับซื้อโน๊ตบุ๊ค/บอดี้แตก/,medium,KEEP_404,"A generic attribute page exists, but it is not an equivalent replacement because it discards location intent; keep 404 and do not mass-redirect.",GSC export 2026-06-21; last crawl 2026-06-12; dist=false; sitemap=false; noindex=n/a; internal_links=0; no matching page-level performance row; template=none found,medium,P3,none,false
https://ร้านรับซื้อโน๊ตบุ๊ค.com/รับซื้อโน๊ตบุ๊ค/ร้อยเอ็ด/lenovo-legion-pro/,Not found (404),P04_LOCATION_X_MODEL,404 expected,false,false,false,,location_x_attribute,sell notebook in ร้อยเอ็ด by lenovo-legion-pro attribute,https://ร้านรับซื้อโน๊ตบุ๊ค.com/รับซื้อโน๊ตบุ๊ค/lenovo-legion-pro/,medium,KEEP_404,"A generic attribute page exists, but it is not an equivalent replacement because it discards location intent; keep 404 and do not mass-redirect.",GSC export 2026-06-21; last crawl 2026-06-12; dist=false; sitemap=false; noindex=n/a; internal_links=0; no matching page-level performance row; template=none found,medium,P3,none,false
https://ร้านรับซื้อโน๊ตบุ๊ค.com/รับซื้อโน๊ตบุ๊ค/ปราจีนบุรี/acer-predator-triton/,Not found (404),P04_LOCATION_X_MODEL,404 expected,false,false,false,,location_x_attribute,sell notebook in ปราจีนบุรี by acer-predator-triton attribute,https://ร้านรับซื้อโน๊ตบุ๊ค.com/รับซื้อโน๊ตบุ๊ค/acer-predator-triton/,medium,KEEP_404,"A generic attribute page exists, but it is not an equivalent replacement because it discards location intent; keep 404 and do not mass-redirect.",GSC export 2026-06-21; last crawl 2026-06-12; dist=false; sitemap=false; noindex=n/a; internal_links=0; no matching page-level performance row; template=none found,medium,P3,none,false
https://ร้านรับซื้อโน๊ตบุ๊ค.com/รับซื้อโน๊ตบุ๊ค/พัทยา/msi-modern/,Not found (404),P04_LOCATION_X_MODEL,404 expected,false,false,false,,location_x_attribute,sell notebook in พัทยา by msi-modern attribute,https://ร้านรับซื้อโน๊ตบุ๊ค.com/รับซื้อโน๊ตบุ๊ค/msi-modern/,medium,KEEP_404,"A generic attribute page exists, but it is not an equivalent replacement because it discards location intent; keep 404 and do not mass-redirect.",GSC export 2026-06-21; last crawl 2026-06-12; dist=false; sitemap=false; noindex=n/a; internal_links=0; no matching page-level performance row; template=none found,medium,P3,none,false
https://ร้านรับซื้อโน๊ตบุ๊ค.com/รับซื้อโน๊ตบุ๊ค/กำแพงเพชร/surface-laptop-go/,Not found (404),P04_LOCATION_X_MODEL,404 expected,false,false,false,,location_x_attribute,sell notebook in กำแพงเพชร by surface-laptop-go attribute,https://ร้านรับซื้อโน๊ตบุ๊ค.com/รับซื้อโน๊ตบุ๊ค/surface-laptop-go/,medium,KEEP_404,"A generic attribute page exists, but it is not an equivalent replacement because it discards location intent; keep 404 and do not mass-redirect.",GSC export 2026-06-21; last crawl 2026-06-12; dist=false; sitemap=false; noindex=n/a; internal_links=0; no matching page-level performance row; template=none found,medium,P3,none,false
https://ร้านรับซื้อโน๊ตบุ๊ค.com/รับซื้อโน๊ตบุ๊ค/อ่างทอง/acer-aspire-5/,Not found (404),P04_LOCATION_X_MODEL,404 expected,false,false,false,,location_x_attribute,sell notebook in อ่างทอง by acer-aspire-5 attribute,https://ร้านรับซื้อโน๊ตบุ๊ค.com/รับซื้อโน๊ตบุ๊ค/acer-aspire-5/,medium,KEEP_404,"A generic attribute page exists, but it is not an equivalent replacement because it discards location intent; keep 404 and do not mass-redirect.",GSC export 2026-06-21; last crawl 2026-06-12; dist=false; sitemap=false; noindex=n/a; internal_links=0; no matching page-level performance row; template=none found,medium,P3,none,false
https://ร้านรับซื้อโน๊ตบุ๊ค.com/รับซื้อโน๊ตบุ๊ค/ขอนแก่น/macbook-pro-m5/,Not found (404),P04_LOCATION_X_MODEL,404 expected,false,false,false,,location_x_attribute,sell notebook in ขอนแก่น by macbook-pro-m5 attribute,https://ร้านรับซื้อโน๊ตบุ๊ค.com/รับซื้อโน๊ตบุ๊ค/macbook-pro-m5/,medium,KEEP_404,"A generic attribute page exists, but it is not an equivalent replacement because it discards location intent; keep 404 and do not mass-redirect.",GSC export 2026-06-21; last crawl 2026-06-12; dist=false; sitemap=false; noindex=n/a; internal_links=0; no matching page-level performance row; template=none found,medium,P3,none,false
https://ร้านรับซื้อโน๊ตบุ๊ค.com/รับซื้อโน๊ตบุ๊ค/สมุทรสาคร/ค้างบ่อย/,Not found (404),P04_LOCATION_X_MODEL,404 expected,false,false,false,,location_x_attribute,sell notebook in สมุทรสาคร by ค้างบ่อย attribute,https://ร้านรับซื้อโน๊ตบุ๊ค.com/รับซื้อโน๊ตบุ๊ค/ค้างบ่อย/,medium,KEEP_404,"A generic attribute page exists, but it is not an equivalent replacement because it discards location intent; keep 404 and do not mass-redirect.",GSC export 2026-06-21; last crawl 2026-06-12; dist=false; sitemap=false; noindex=n/a; internal_links=0; no matching page-level performance row; template=none found,medium,P3,none,false
https://ร้านรับซื้อโน๊ตบุ๊ค.com/รับซื้อโน๊ตบุ๊ค/อุบลราชธานี/alienware-m18/,Not found (404),P04_LOCATION_X_MODEL,404 expected,false,false,false,,location_x_attribute,sell notebook in อุบลราชธานี by alienware-m18 attribute,https://ร้านรับซื้อโน๊ตบุ๊ค.com/รับซื้อโน๊ตบุ๊ค/alienware-m18/,medium,KEEP_404,"A generic attribute page exists, but it is not an equivalent replacement because it discards location intent; keep 404 and do not mass-redirect.",GSC export 2026-06-21; last crawl 2026-06-12; dist=false; sitemap=false; noindex=n/a; internal_links=0; no matching page-level performance row; template=none found,medium,P3,none,false
https://ร้านรับซื้อโน๊ตบุ๊ค.com/รับซื้อโน๊ตบุ๊ค/สุโขทัย/msi-modern/,Not found (404),P04_LOCATION_X_MODEL,404 expected,false,false,false,,location_x_attribute,sell notebook in สุโขทัย by msi-modern attribute,https://ร้านรับซื้อโน๊ตบุ๊ค.com/รับซื้อโน๊ตบุ๊ค/msi-modern/,medium,KEEP_404,"A generic attribute page exists, but it is not an equivalent replacement because it discards location intent; keep 404 and do not mass-redirect.",GSC export 2026-06-21; last crawl 2026-06-12; dist=false; sitemap=false; noindex=n/a; internal_links=0; no matching page-level performance row; template=none found,medium,P3,none,false
https://ร้านรับซื้อโน๊ตบุ๊ค.com/รับซื้อโน๊ตบุ๊ค/สกลนคร/hp-omen-17/,Not found (404),P04_LOCATION_X_MODEL,404 expected,false,false,false,,location_x_attribute,sell notebook in สกลนคร by hp-omen-17 attribute,https://ร้านรับซื้อโน๊ตบุ๊ค.com/รับซื้อโน๊ตบุ๊ค/hp-omen-17/,medium,KEEP_404,"A generic attribute page exists, but it is not an equivalent replacement because it discards location intent; keep 404 and do not mass-redirect.",GSC export 2026-06-21; last crawl 2026-06-12; dist=false; sitemap=false; noindex=n/a; internal_links=0; no matching page-level performance row; template=none found,medium,P3,none,false
https://ร้านรับซื้อโน๊ตบุ๊ค.com/รับซื้อโน๊ตบุ๊ค/ยะลา/msi-vector-16-hx/,Not found (404),P04_LOCATION_X_MODEL,404 expected,false,false,false,,location_x_attribute,sell notebook in ยะลา by msi-vector-16-hx attribute,https://ร้านรับซื้อโน๊ตบุ๊ค.com/รับซื้อโน๊ตบุ๊ค/msi-vector-16-hx/,medium,KEEP_404,"A generic attribute page exists, but it is not an equivalent replacement because it discards location intent; keep 404 and do not mass-redirect.",GSC export 2026-06-21; last crawl 2026-06-12; dist=false; sitemap=false; noindex=n/a; internal_links=0; no matching page-level performance row; template=none found,medium,P3,none,false
https://ร้านรับซื้อโน๊ตบุ๊ค.com/รับซื้อโน๊ตบุ๊ค/ปราจีนบุรี/wifi-ไม่ติด/,Not found (404),P03_LOCATION_X_CONDITION,404 expected,false,false,false,,location_x_attribute,sell notebook in ปราจีนบุรี by wifi-ไม่ติด attribute,https://ร้านรับซื้อโน๊ตบุ๊ค.com/รับซื้อโน๊ตบุ๊ค/wifi-ไม่ติด/,medium,KEEP_404,"A generic attribute page exists, but it is not an equivalent replacement because it discards location intent; keep 404 and do not mass-redirect.",GSC export 2026-06-21; last crawl 2026-06-12; dist=false; sitemap=false; noindex=n/a; internal_links=0; no matching page-level performance row; template=none found,medium,P3,none,false
https://ร้านรับซื้อโน๊ตบุ๊ค.com/รับซื้อโน๊ตบุ๊ค/เลย/macbook-no-box-no-receipt/,Not found (404),P04_LOCATION_X_MODEL,404 expected,false,false,false,,location_x_attribute,sell notebook in เลย by macbook-no-box-no-receipt attribute,https://ร้านรับซื้อโน๊ตบุ๊ค.com/รับซื้อโน๊ตบุ๊ค/macbook-no-box-no-receipt/,medium,KEEP_404,"A generic attribute page exists, but it is not an equivalent replacement because it discards location intent; keep 404 and do not mass-redirect.",GSC export 2026-06-21; last crawl 2026-06-12; dist=false; sitemap=false; noindex=n/a; internal_links=0; no matching page-level performance row; template=none found,medium,P3,none,false
https://ร้านรับซื้อโน๊ตบุ๊ค.com/รับซื้อโน๊ตบุ๊ค/กาฬสินธุ์/hdmi-เสีย/,Not found (404),P03_LOCATION_X_CONDITION,404 expected,false,false,false,,location_x_attribute,sell notebook in กาฬสินธุ์ by hdmi-เสีย attribute,https://ร้านรับซื้อโน๊ตบุ๊ค.com/รับซื้อโน๊ตบุ๊ค/hdmi-เสีย/,medium,KEEP_404,"A generic attribute page exists, but it is not an equivalent replacement because it discards location intent; keep 404 and do not mass-redirect.",GSC export 2026-06-21; last crawl 2026-06-12; dist=false; sitemap=false; noindex=n/a; internal_links=0; no matching page-level performance row; template=none found,medium,P3,none,false
https://ร้านรับซื้อโน๊ตบุ๊ค.com/รับซื้อโน๊ตบุ๊ค/สมุทรสาคร/alienware-m15-r7-r8/,Not found (404),P04_LOCATION_X_MODEL,404 expected,false,false,false,,location_x_attribute,sell notebook in สมุทรสาคร by alienware-m15-r7-r8 attribute,https://ร้านรับซื้อโน๊ตบุ๊ค.com/รับซื้อโน๊ตบุ๊ค/alienware-m15-r7-r8/,medium,KEEP_404,"A generic attribute page exists, but it is not an equivalent replacement because it discards location intent; keep 404 and do not mass-redirect.",GSC export 2026-06-21; last crawl 2026-06-12; dist=false; sitemap=false; noindex=n/a; internal_links=0; no matching page-level performance row; template=none found,medium,P3,none,false
https://ร้านรับซื้อโน๊ตบุ๊ค.com/รับซื้อโน๊ตบุ๊ค/พิษณุโลก/lenovo-ideapad-3-5/,Not found (404),P04_LOCATION_X_MODEL,404 expected,false,false,false,,location_x_attribute,sell notebook in พิษณุโลก by lenovo-ideapad-3-5 attribute,https://ร้านรับซื้อโน๊ตบุ๊ค.com/รับซื้อโน๊ตบุ๊ค/lenovo-ideapad-3-5/,medium,KEEP_404,"A generic attribute page exists, but it is not an equivalent replacement because it discards location intent; keep 404 and do not mass-redirect.",GSC export 2026-06-21; last crawl 2026-06-12; dist=false; sitemap=false; noindex=n/a; internal_links=0; no matching page-level performance row; template=none found,medium,P3,none,false
https://ร้านรับซื้อโน๊ตบุ๊ค.com/รับซื้อโน๊ตบุ๊ค/ราชบุรี/hp-omen-transcend/,Not found (404),P04_LOCATION_X_MODEL,404 expected,false,false,false,,location_x_attribute,sell notebook in ราชบุรี by hp-omen-transcend attribute,https://ร้านรับซื้อโน๊ตบุ๊ค.com/รับซื้อโน๊ตบุ๊ค/hp-omen-transcend/,medium,KEEP_404,"A generic attribute page exists, but it is not an equivalent replacement because it discards location intent; keep 404 and do not mass-redirect.",GSC export 2026-06-21; last crawl 2026-06-12; dist=false; sitemap=false; noindex=n/a; internal_links=0; no matching page-level performance row; template=none found,medium,P3,none,false
https://ร้านรับซื้อโน๊ตบุ๊ค.com/รับซื้อโน๊ตบุ๊ค/สตูล/dell-latitude/,Not found (404),P04_LOCATION_X_MODEL,404 expected,false,false,false,,location_x_attribute,sell notebook in สตูล by dell-latitude attribute,https://ร้านรับซื้อโน๊ตบุ๊ค.com/รับซื้อโน๊ตบุ๊ค/dell-latitude/,medium,KEEP_404,"A generic attribute page exists, but it is not an equivalent replacement because it discards location intent; keep 404 and do not mass-redirect.",GSC export 2026-06-21; last crawl 2026-06-12; dist=false; sitemap=false; noindex=n/a; internal_links=0; no matching page-level performance row; template=none found,medium,P3,none,false
https://ร้านรับซื้อโน๊ตบุ๊ค.com/รับซื้อโน๊ตบุ๊ค/สุโขทัย/hp-probook/,Not found (404),P04_LOCATION_X_MODEL,404 expected,false,false,false,,location_x_attribute,sell notebook in สุโขทัย by hp-probook attribute,https://ร้านรับซื้อโน๊ตบุ๊ค.com/รับซื้อโน๊ตบุ๊ค/hp-probook/,medium,KEEP_404,"A generic attribute page exists, but it is not an equivalent replacement because it discards location intent; keep 404 and do not mass-redirect.",GSC export 2026-06-21; last crawl 2026-06-12; dist=false; sitemap=false; noindex=n/a; internal_links=0; no matching page-level performance row; template=none found,medium,P3,none,false
https://ร้านรับซื้อโน๊ตบุ๊ค.com/รับซื้อโน๊ตบุ๊ค/พิษณุโลก/lenovo-yoga/,Not found (404),P04_LOCATION_X_MODEL,404 expected,false,false,false,,location_x_attribute,sell notebook in พิษณุโลก by lenovo-yoga attribute,https://ร้านรับซื้อโน๊ตบุ๊ค.com/รับซื้อโน๊ตบุ๊ค/lenovo-yoga/,medium,KEEP_404,"A generic attribute page exists, but it is not an equivalent replacement because it discards location intent; keep 404 and do not mass-redirect.",GSC export 2026-06-21; last crawl 2026-06-12; dist=false; sitemap=false; noindex=n/a; internal_links=0; no matching page-level performance row; template=none found,medium,P3,none,false
https://ร้านรับซื้อโน๊ตบุ๊ค.com/รับซื้อโน๊ตบุ๊ค/ปราจีนบุรี/macbook-air-m2/,Not found (404),P04_LOCATION_X_MODEL,404 expected,false,false,false,,location_x_attribute,sell notebook in ปราจีนบุรี by macbook-air-m2 attribute,https://ร้านรับซื้อโน๊ตบุ๊ค.com/รับซื้อโน๊ตบุ๊ค/macbook-air-m2/,medium,KEEP_404,"A generic attribute page exists, but it is not an equivalent replacement because it discards location intent; keep 404 and do not mass-redirect.",GSC export 2026-06-21; last crawl 2026-06-12; dist=false; sitemap=false; noindex=n/a; internal_links=0; no matching page-level performance row; template=none found,medium,P3,none,false
https://ร้านรับซื้อโน๊ตบุ๊ค.com/รับซื้อโน๊ตบุ๊ค/ลำพูน/razer-blade/,Not found (404),P04_LOCATION_X_MODEL,404 expected,false,false,false,,location_x_attribute,sell notebook in ลำพูน by razer-blade attribute,https://ร้านรับซื้อโน๊ตบุ๊ค.com/รับซื้อโน๊ตบุ๊ค/razer-blade/,medium,KEEP_404,"A generic attribute page exists, but it is not an equivalent replacement because it discards location intent; keep 404 and do not mass-redirect.",GSC export 2026-06-21; last crawl 2026-06-12; dist=false; sitemap=false; noindex=n/a; internal_links=0; no matching page-level performance row; template=none found,medium,P3,none,false
https://ร้านรับซื้อโน๊ตบุ๊ค.com/รับซื้อโน๊ตบุ๊ค/หนองคาย/lenovo-loq-15-16/,Not found (404),P04_LOCATION_X_MODEL,404 expected,false,false,false,,location_x_attribute,sell notebook in หนองคาย by lenovo-loq-15-16 attribute,https://ร้านรับซื้อโน๊ตบุ๊ค.com/รับซื้อโน๊ตบุ๊ค/lenovo-loq-15-16/,medium,KEEP_404,"A generic attribute page exists, but it is not an equivalent replacement because it discards location intent; keep 404 and do not mass-redirect.",GSC export 2026-06-21; last crawl 2026-06-12; dist=false; sitemap=false; noindex=n/a; internal_links=0; no matching page-level performance row; template=none found,medium,P3,none,false
https://ร้านรับซื้อโน๊ตบุ๊ค.com/รับซื้อโน๊ตบุ๊ค/เชียงใหม่/honor/,Not found (404),P04_LOCATION_X_MODEL,404 expected,false,false,false,,location_x_attribute,sell notebook in เชียงใหม่ by honor attribute,https://ร้านรับซื้อโน๊ตบุ๊ค.com/รับซื้อโน๊ตบุ๊ค/honor/,medium,KEEP_404,"A generic attribute page exists, but it is not an equivalent replacement because it discards location intent; keep 404 and do not mass-redirect.",GSC export 2026-06-21; last crawl 2026-06-12; dist=false; sitemap=false; noindex=n/a; internal_links=0; no matching page-level performance row; template=none found,medium,P3,none,false
https://ร้านรับซื้อโน๊ตบุ๊ค.com/รับซื้อโน๊ตบุ๊ค/เชียงใหม่/razer/,Not found (404),P04_LOCATION_X_MODEL,404 expected,false,false,false,,location_x_attribute,sell notebook in เชียงใหม่ by razer attribute,https://ร้านรับซื้อโน๊ตบุ๊ค.com/รับซื้อโน๊ตบุ๊ค/razer/,medium,KEEP_404,"A generic attribute page exists, but it is not an equivalent replacement because it discards location intent; keep 404 and do not mass-redirect.",GSC export 2026-06-21; last crawl 2026-06-12; dist=false; sitemap=false; noindex=n/a; internal_links=0; no matching page-level performance row; template=none found,medium,P3,none,false
https://ร้านรับซื้อโน๊ตบุ๊ค.com/รับซื้อโน๊ตบุ๊ค/สุราษฎร์ธานี/asus-rog-flow/,Not found (404),P04_LOCATION_X_MODEL,404 expected,false,false,false,,location_x_attribute,sell notebook in สุราษฎร์ธานี by asus-rog-flow attribute,https://ร้านรับซื้อโน๊ตบุ๊ค.com/รับซื้อโน๊ตบุ๊ค/asus-rog-flow/,medium,KEEP_404,"A generic attribute page exists, but it is not an equivalent replacement because it discards location intent; keep 404 and do not mass-redirect.",GSC export 2026-06-21; last crawl 2026-06-12; dist=false; sitemap=false; noindex=n/a; internal_links=0; no matching page-level performance row; template=none found,medium,P3,none,false
https://ร้านรับซื้อโน๊ตบุ๊ค.com/รับซื้อโน๊ตบุ๊ค/ศรีสะเกษ/hp-spectre-x360/,Not found (404),P04_LOCATION_X_MODEL,404 expected,false,false,false,,location_x_attribute,sell notebook in ศรีสะเกษ by hp-spectre-x360 attribute,https://ร้านรับซื้อโน๊ตบุ๊ค.com/รับซื้อโน๊ตบุ๊ค/hp-spectre-x360/,medium,KEEP_404,"A generic attribute page exists, but it is not an equivalent replacement because it discards location intent; keep 404 and do not mass-redirect.",GSC export 2026-06-21; last crawl 2026-06-12; dist=false; sitemap=false; noindex=n/a; internal_links=0; no matching page-level performance row; template=none found,medium,P3,none,false
https://ร้านรับซื้อโน๊ตบุ๊ค.com/รับซื้อโน๊ตบุ๊ค/ชุมพร/lenovo-loq-15-16/,Not found (404),P04_LOCATION_X_MODEL,404 expected,false,false,false,,location_x_attribute,sell notebook in ชุมพร by lenovo-loq-15-16 attribute,https://ร้านรับซื้อโน๊ตบุ๊ค.com/รับซื้อโน๊ตบุ๊ค/lenovo-loq-15-16/,medium,KEEP_404,"A generic attribute page exists, but it is not an equivalent replacement because it discards location intent; keep 404 and do not mass-redirect.",GSC export 2026-06-21; last crawl 2026-06-12; dist=false; sitemap=false; noindex=n/a; internal_links=0; no matching page-level performance row; template=none found,medium,P3,none,false
https://ร้านรับซื้อโน๊ตบุ๊ค.com/รับซื้อโน๊ตบุ๊ค/บางนา/lenovo-legion-5/,Not found (404),P04_LOCATION_X_MODEL,404 expected,false,false,false,,location_x_attribute,sell notebook in บางนา by lenovo-legion-5 attribute,https://ร้านรับซื้อโน๊ตบุ๊ค.com/รับซื้อโน๊ตบุ๊ค/lenovo-legion-5/,medium,KEEP_404,"A generic attribute page exists, but it is not an equivalent replacement because it discards location intent; keep 404 and do not mass-redirect.",GSC export 2026-06-21; last crawl 2026-06-12; dist=false; sitemap=false; noindex=n/a; internal_links=0; no matching page-level performance row; template=none found,medium,P3,none,false
https://ร้านรับซื้อโน๊ตบุ๊ค.com/รับซื้อโน๊ตบุ๊ค/พระราม2/macbook-air-m1/,Not found (404),P04_LOCATION_X_MODEL,404 expected,false,false,false,,location_x_attribute,sell notebook in พระราม2 by macbook-air-m1 attribute,https://ร้านรับซื้อโน๊ตบุ๊ค.com/รับซื้อโน๊ตบุ๊ค/macbook-air-m1/,medium,KEEP_404,"A generic attribute page exists, but it is not an equivalent replacement because it discards location intent; keep 404 and do not mass-redirect.",GSC export 2026-06-21; last crawl 2026-06-12; dist=false; sitemap=false; noindex=n/a; internal_links=0; no matching page-level performance row; template=none found,medium,P3,none,false
https://ร้านรับซื้อโน๊ตบุ๊ค.com/รับซื้อโน๊ตบุ๊ค/จันทบุรี/macbook-pro-m2/,Not found (404),P04_LOCATION_X_MODEL,404 expected,false,false,false,,location_x_attribute,sell notebook in จันทบุรี by macbook-pro-m2 attribute,https://ร้านรับซื้อโน๊ตบุ๊ค.com/รับซื้อโน๊ตบุ๊ค/macbook-pro-m2/,medium,KEEP_404,"A generic attribute page exists, but it is not an equivalent replacement because it discards location intent; keep 404 and do not mass-redirect.",GSC export 2026-06-21; last crawl 2026-06-12; dist=false; sitemap=false; noindex=n/a; internal_links=0; no matching page-level performance row; template=none found,medium,P3,none,false
https://ร้านรับซื้อโน๊ตบุ๊ค.com/รับซื้อโน๊ตบุ๊ค/ปัตตานี/macbook-pro-m2/,Not found (404),P04_LOCATION_X_MODEL,404 expected,false,false,false,,location_x_attribute,sell notebook in ปัตตานี by macbook-pro-m2 attribute,https://ร้านรับซื้อโน๊ตบุ๊ค.com/รับซื้อโน๊ตบุ๊ค/macbook-pro-m2/,medium,KEEP_404,"A generic attribute page exists, but it is not an equivalent replacement because it discards location intent; keep 404 and do not mass-redirect.",GSC export 2026-06-21; last crawl 2026-06-12; dist=false; sitemap=false; noindex=n/a; internal_links=0; no matching page-level performance row; template=none found,medium,P3,none,false
https://ร้านรับซื้อโน๊ตบุ๊ค.com/รับซื้อโน๊ตบุ๊ค/เชียงราย/macbook-pro-14/,Not found (404),P04_LOCATION_X_MODEL,404 expected,false,false,false,,location_x_attribute,sell notebook in เชียงราย by macbook-pro-14 attribute,https://ร้านรับซื้อโน๊ตบุ๊ค.com/รับซื้อโน๊ตบุ๊ค/macbook-pro-14/,medium,KEEP_404,"A generic attribute page exists, but it is not an equivalent replacement because it discards location intent; keep 404 and do not mass-redirect.",GSC export 2026-06-21; last crawl 2026-06-12; dist=false; sitemap=false; noindex=n/a; internal_links=0; no matching page-level performance row; template=none found,medium,P3,none,false
https://ร้านรับซื้อโน๊ตบุ๊ค.com/รับซื้อโน๊ตบุ๊ค/พิษณุโลก/razer-blade/,Not found (404),P04_LOCATION_X_MODEL,404 expected,false,false,false,,location_x_attribute,sell notebook in พิษณุโลก by razer-blade attribute,https://ร้านรับซื้อโน๊ตบุ๊ค.com/รับซื้อโน๊ตบุ๊ค/razer-blade/,medium,KEEP_404,"A generic attribute page exists, but it is not an equivalent replacement because it discards location intent; keep 404 and do not mass-redirect.",GSC export 2026-06-21; last crawl 2026-06-12; dist=false; sitemap=false; noindex=n/a; internal_links=0; no matching page-level performance row; template=none found,medium,P3,none,false
https://ร้านรับซื้อโน๊ตบุ๊ค.com/รับซื้อโน๊ตบุ๊ค/อุบลราชธานี/macbook-pro-m4/,Not found (404),P04_LOCATION_X_MODEL,404 expected,false,false,false,,location_x_attribute,sell notebook in อุบลราชธานี by macbook-pro-m4 attribute,https://ร้านรับซื้อโน๊ตบุ๊ค.com/รับซื้อโน๊ตบุ๊ค/macbook-pro-m4/,medium,KEEP_404,"A generic attribute page exists, but it is not an equivalent replacement because it discards location intent; keep 404 and do not mass-redirect.",GSC export 2026-06-21; last crawl 2026-06-12; dist=false; sitemap=false; noindex=n/a; internal_links=0; no matching page-level performance row; template=none found,medium,P3,none,false
https://ร้านรับซื้อโน๊ตบุ๊ค.com/รับซื้อโน๊ตบุ๊ค/สกลนคร/macbook-battery-health/,Not found (404),P04_LOCATION_X_MODEL,404 expected,false,false,false,,location_x_attribute,sell notebook in สกลนคร by macbook-battery-health attribute,https://ร้านรับซื้อโน๊ตบุ๊ค.com/รับซื้อโน๊ตบุ๊ค/macbook-battery-health/,medium,KEEP_404,"A generic attribute page exists, but it is not an equivalent replacement because it discards location intent; keep 404 and do not mass-redirect.",GSC export 2026-06-21; last crawl 2026-06-12; dist=false; sitemap=false; noindex=n/a; internal_links=0; no matching page-level performance row; template=none found,medium,P3,none,false
https://ร้านรับซื้อโน๊ตบุ๊ค.com/รับซื้อโน๊ตบุ๊ค/สุโขทัย/ลำโพงเสีย/,Not found (404),P03_LOCATION_X_CONDITION,404 expected,false,false,false,,location_x_attribute,sell notebook in สุโขทัย by ลำโพงเสีย attribute,https://ร้านรับซื้อโน๊ตบุ๊ค.com/รับซื้อโน๊ตบุ๊ค/ลำโพงเสีย/,medium,KEEP_404,"A generic attribute page exists, but it is not an equivalent replacement because it discards location intent; keep 404 and do not mass-redirect.",GSC export 2026-06-21; last crawl 2026-06-12; dist=false; sitemap=false; noindex=n/a; internal_links=0; no matching page-level performance row; template=none found,medium,P3,none,false
https://ร้านรับซื้อโน๊ตบุ๊ค.com/รับซื้อโน๊ตบุ๊ค/ปัตตานี/msi-modern/,Not found (404),P04_LOCATION_X_MODEL,404 expected,false,false,false,,location_x_attribute,sell notebook in ปัตตานี by msi-modern attribute,https://ร้านรับซื้อโน๊ตบุ๊ค.com/รับซื้อโน๊ตบุ๊ค/msi-modern/,medium,KEEP_404,"A generic attribute page exists, but it is not an equivalent replacement because it discards location intent; keep 404 and do not mass-redirect.",GSC export 2026-06-21; last crawl 2026-06-12; dist=false; sitemap=false; noindex=n/a; internal_links=0; no matching page-level performance row; template=none found,medium,P3,none,false
https://ร้านรับซื้อโน๊ตบุ๊ค.com/รับซื้อโน๊ตบุ๊ค/มหาสารคาม/macbook-pro-m2/,Not found (404),P04_LOCATION_X_MODEL,404 expected,false,false,false,,location_x_attribute,sell notebook in มหาสารคาม by macbook-pro-m2 attribute,https://ร้านรับซื้อโน๊ตบุ๊ค.com/รับซื้อโน๊ตบุ๊ค/macbook-pro-m2/,medium,KEEP_404,"A generic attribute page exists, but it is not an equivalent replacement because it discards location intent; keep 404 and do not mass-redirect.",GSC export 2026-06-21; last crawl 2026-06-12; dist=false; sitemap=false; noindex=n/a; internal_links=0; no matching page-level performance row; template=none found,medium,P3,none,false
https://ร้านรับซื้อโน๊ตบุ๊ค.com/รับซื้อโน๊ตบุ๊ค/ชลบุรี/acer-nitro-16/,Not found (404),P04_LOCATION_X_MODEL,404 expected,false,false,false,,location_x_attribute,sell notebook in ชลบุรี by acer-nitro-16 attribute,https://ร้านรับซื้อโน๊ตบุ๊ค.com/รับซื้อโน๊ตบุ๊ค/acer-nitro-16/,medium,KEEP_404,"A generic attribute page exists, but it is not an equivalent replacement because it discards location intent; keep 404 and do not mass-redirect.",GSC export 2026-06-21; last crawl 2026-06-12; dist=false; sitemap=false; noindex=n/a; internal_links=0; no matching page-level performance row; template=none found,medium,P3,none,false
https://ร้านรับซื้อโน๊ตบุ๊ค.com/รับซื้อโน๊ตบุ๊ค/สมุทรปราการ/ทัชแพดเสีย/,Not found (404),P03_LOCATION_X_CONDITION,404 expected,false,false,false,,location_x_attribute,sell notebook in สมุทรปราการ by ทัชแพดเสีย attribute,https://ร้านรับซื้อโน๊ตบุ๊ค.com/รับซื้อโน๊ตบุ๊ค/ทัชแพดเสีย/,medium,KEEP_404,"A generic attribute page exists, but it is not an equivalent replacement because it discards location intent; keep 404 and do not mass-redirect.",GSC export 2026-06-21; last crawl 2026-06-12; dist=false; sitemap=false; noindex=n/a; internal_links=0; no matching page-level performance row; template=none found,medium,P3,none,false
https://ร้านรับซื้อโน๊ตบุ๊ค.com/รับซื้อโน๊ตบุ๊ค/ห้วยขวาง/macbook-screen-crack/,Not found (404),P04_LOCATION_X_MODEL,404 expected,false,false,false,,location_x_attribute,sell notebook in ห้วยขวาง by macbook-screen-crack attribute,https://ร้านรับซื้อโน๊ตบุ๊ค.com/รับซื้อโน๊ตบุ๊ค/macbook-screen-crack/,medium,KEEP_404,"A generic attribute page exists, but it is not an equivalent replacement because it discards location intent; keep 404 and do not mass-redirect.",GSC export 2026-06-21; last crawl 2026-06-12; dist=false; sitemap=false; noindex=n/a; internal_links=0; no matching page-level performance row; template=none found,medium,P3,none,false
https://ร้านรับซื้อโน๊ตบุ๊ค.com/รับซื้อโน๊ตบุ๊ค/รังสิต/macbook-pro-16/,Not found (404),P04_LOCATION_X_MODEL,404 expected,false,false,false,,location_x_attribute,sell notebook in รังสิต by macbook-pro-16 attribute,https://ร้านรับซื้อโน๊ตบุ๊ค.com/รับซื้อโน๊ตบุ๊ค/macbook-pro-16/,medium,KEEP_404,"A generic attribute page exists, but it is not an equivalent replacement because it discards location intent; keep 404 and do not mass-redirect.",GSC export 2026-06-21; last crawl 2026-06-12; dist=false; sitemap=false; noindex=n/a; internal_links=0; no matching page-level performance row; template=none found,medium,P3,none,false
https://ร้านรับซื้อโน๊ตบุ๊ค.com/รับซื้อโน๊ตบุ๊ค/พัทยา/hp-victus-16/,Not found (404),P04_LOCATION_X_MODEL,404 expected,false,false,false,,location_x_attribute,sell notebook in พัทยา by hp-victus-16 attribute,https://ร้านรับซื้อโน๊ตบุ๊ค.com/รับซื้อโน๊ตบุ๊ค/hp-victus-16/,medium,KEEP_404,"A generic attribute page exists, but it is not an equivalent replacement because it discards location intent; keep 404 and do not mass-redirect.",GSC export 2026-06-21; last crawl 2026-06-12; dist=false; sitemap=false; noindex=n/a; internal_links=0; no matching page-level performance row; template=none found,medium,P3,none,false
https://ร้านรับซื้อโน๊ตบุ๊ค.com/รับซื้อโน๊ตบุ๊ค/มุกดาหาร/alienware-m18/,Not found (404),P04_LOCATION_X_MODEL,404 expected,false,false,false,,location_x_attribute,sell notebook in มุกดาหาร by alienware-m18 attribute,https://ร้านรับซื้อโน๊ตบุ๊ค.com/รับซื้อโน๊ตบุ๊ค/alienware-m18/,medium,KEEP_404,"A generic attribute page exists, but it is not an equivalent replacement because it discards location intent; keep 404 and do not mass-redirect.",GSC export 2026-06-21; last crawl 2026-06-12; dist=false; sitemap=false; noindex=n/a; internal_links=0; no matching page-level performance row; template=none found,medium,P3,none,false
https://ร้านรับซื้อโน๊ตบุ๊ค.com/รับซื้อโน๊ตบุ๊ค/ยโสธร/บลูทูธใช้ไม่ได้/,Not found (404),P04_LOCATION_X_MODEL,404 expected,false,false,false,,location_x_attribute,sell notebook in ยโสธร by บลูทูธใช้ไม่ได้ attribute,https://ร้านรับซื้อโน๊ตบุ๊ค.com/รับซื้อโน๊ตบุ๊ค/บลูทูธใช้ไม่ได้/,medium,KEEP_404,"A generic attribute page exists, but it is not an equivalent replacement because it discards location intent; keep 404 and do not mass-redirect.",GSC export 2026-06-21; last crawl 2026-06-12; dist=false; sitemap=false; noindex=n/a; internal_links=0; no matching page-level performance row; template=none found,medium,P3,none,false
https://ร้านรับซื้อโน๊ตบุ๊ค.com/รับซื้อโน๊ตบุ๊ค/ปทุมธานี/alienware-x16/,Not found (404),P04_LOCATION_X_MODEL,404 expected,false,false,false,,location_x_attribute,sell notebook in ปทุมธานี by alienware-x16 attribute,https://ร้านรับซื้อโน๊ตบุ๊ค.com/รับซื้อโน๊ตบุ๊ค/alienware-x16/,medium,KEEP_404,"A generic attribute page exists, but it is not an equivalent replacement because it discards location intent; keep 404 and do not mass-redirect.",GSC export 2026-06-21; last crawl 2026-06-12; dist=false; sitemap=false; noindex=n/a; internal_links=0; no matching page-level performance row; template=none found,medium,P3,none,false
https://ร้านรับซื้อโน๊ตบุ๊ค.com/รับซื้อโน๊ตบุ๊ค/ภาคอีสาน/macbook-pro-m2/,Not found (404),P04_LOCATION_X_MODEL,404 expected,false,false,false,,location_x_attribute,sell notebook in ภาคอีสาน by macbook-pro-m2 attribute,https://ร้านรับซื้อโน๊ตบุ๊ค.com/รับซื้อโน๊ตบุ๊ค/macbook-pro-m2/,medium,KEEP_404,"A generic attribute page exists, but it is not an equivalent replacement because it discards location intent; keep 404 and do not mass-redirect.",GSC export 2026-06-21; last crawl 2026-06-12; dist=false; sitemap=false; noindex=n/a; internal_links=0; no matching page-level performance row; template=none found,medium,P3,none,false
https://ร้านรับซื้อโน๊ตบุ๊ค.com/รับซื้อโน๊ตบุ๊ค/นครพนม/macbook-air-15/,Not found (404),P04_LOCATION_X_MODEL,404 expected,false,false,false,,location_x_attribute,sell notebook in นครพนม by macbook-air-15 attribute,https://ร้านรับซื้อโน๊ตบุ๊ค.com/รับซื้อโน๊ตบุ๊ค/macbook-air-15/,medium,KEEP_404,"A generic attribute page exists, but it is not an equivalent replacement because it discards location intent; keep 404 and do not mass-redirect.",GSC export 2026-06-21; last crawl 2026-06-12; dist=false; sitemap=false; noindex=n/a; internal_links=0; no matching page-level performance row; template=none found,medium,P3,none,false
https://ร้านรับซื้อโน๊ตบุ๊ค.com/รับซื้อโน๊ตบุ๊ค/ระนอง/พอร์ตแลนเสีย/,Not found (404),P03_LOCATION_X_CONDITION,404 expected,false,false,false,,location_x_attribute,sell notebook in ระนอง by พอร์ตแลนเสีย attribute,https://ร้านรับซื้อโน๊ตบุ๊ค.com/รับซื้อโน๊ตบุ๊ค/พอร์ตแลนเสีย/,medium,KEEP_404,"A generic attribute page exists, but it is not an equivalent replacement because it discards location intent; keep 404 and do not mass-redirect.",GSC export 2026-06-21; last crawl 2026-06-12; dist=false; sitemap=false; noindex=n/a; internal_links=0; no matching page-level performance row; template=none found,medium,P3,none,false
https://ร้านรับซื้อโน๊ตบุ๊ค.com/รับซื้อโน๊ตบุ๊ค/หนองคาย/hp-elitebook/,Not found (404),P04_LOCATION_X_MODEL,404 expected,false,false,false,,location_x_attribute,sell notebook in หนองคาย by hp-elitebook attribute,https://ร้านรับซื้อโน๊ตบุ๊ค.com/รับซื้อโน๊ตบุ๊ค/hp-elitebook/,medium,KEEP_404,"A generic attribute page exists, but it is not an equivalent replacement because it discards location intent; keep 404 and do not mass-redirect.",GSC export 2026-06-21; last crawl 2026-06-12; dist=false; sitemap=false; noindex=n/a; internal_links=0; no matching page-level performance row; template=none found,medium,P3,none,false
https://ร้านรับซื้อโน๊ตบุ๊ค.com/รับซื้อโน๊ตบุ๊ค/พัทยา/acer-nitro-16/,Not found (404),P04_LOCATION_X_MODEL,404 expected,false,false,false,,location_x_attribute,sell notebook in พัทยา by acer-nitro-16 attribute,https://ร้านรับซื้อโน๊ตบุ๊ค.com/รับซื้อโน๊ตบุ๊ค/acer-nitro-16/,medium,KEEP_404,"A generic attribute page exists, but it is not an equivalent replacement because it discards location intent; keep 404 and do not mass-redirect.",GSC export 2026-06-21; last crawl 2026-06-12; dist=false; sitemap=false; noindex=n/a; internal_links=0; no matching page-level performance row; template=none found,medium,P3,none,false
https://ร้านรับซื้อโน๊ตบุ๊ค.com/รับซื้อโน๊ตบุ๊ค/หนองบัวลำภู/hp-elitebook/,Not found (404),P04_LOCATION_X_MODEL,404 expected,false,false,false,,location_x_attribute,sell notebook in หนองบัวลำภู by hp-elitebook attribute,https://ร้านรับซื้อโน๊ตบุ๊ค.com/รับซื้อโน๊ตบุ๊ค/hp-elitebook/,medium,KEEP_404,"A generic attribute page exists, but it is not an equivalent replacement because it discards location intent; keep 404 and do not mass-redirect.",GSC export 2026-06-21; last crawl 2026-06-12; dist=false; sitemap=false; noindex=n/a; internal_links=0; no matching page-level performance row; template=none found,medium,P3,none,false
https://ร้านรับซื้อโน๊ตบุ๊ค.com/รับซื้อโน๊ตบุ๊ค/ปราจีนบุรี/hp-probook/,Not found (404),P04_LOCATION_X_MODEL,404 expected,false,false,false,,location_x_attribute,sell notebook in ปราจีนบุรี by hp-probook attribute,https://ร้านรับซื้อโน๊ตบุ๊ค.com/รับซื้อโน๊ตบุ๊ค/hp-probook/,medium,KEEP_404,"A generic attribute page exists, but it is not an equivalent replacement because it discards location intent; keep 404 and do not mass-redirect.",GSC export 2026-06-21; last crawl 2026-06-12; dist=false; sitemap=false; noindex=n/a; internal_links=0; no matching page-level performance row; template=none found,medium,P3,none,false
https://ร้านรับซื้อโน๊ตบุ๊ค.com/รับซื้อโน๊ตบุ๊ค/นครราชสีมา/hp-probook/,Not found (404),P04_LOCATION_X_MODEL,404 expected,false,false,false,,location_x_attribute,sell notebook in นครราชสีมา by hp-probook attribute,https://ร้านรับซื้อโน๊ตบุ๊ค.com/รับซื้อโน๊ตบุ๊ค/hp-probook/,medium,KEEP_404,"A generic attribute page exists, but it is not an equivalent replacement because it discards location intent; keep 404 and do not mass-redirect.",GSC export 2026-06-21; last crawl 2026-06-12; dist=false; sitemap=false; noindex=n/a; internal_links=0; no matching page-level performance row; template=none found,medium,P3,none,false
https://ร้านรับซื้อโน๊ตบุ๊ค.com/รับซื้อโน๊ตบุ๊ค/สงขลา/macbook-pro-m4/,Not found (404),P04_LOCATION_X_MODEL,404 expected,false,false,false,,location_x_attribute,sell notebook in สงขลา by macbook-pro-m4 attribute,https://ร้านรับซื้อโน๊ตบุ๊ค.com/รับซื้อโน๊ตบุ๊ค/macbook-pro-m4/,medium,KEEP_404,"A generic attribute page exists, but it is not an equivalent replacement because it discards location intent; keep 404 and do not mass-redirect.",GSC export 2026-06-21; last crawl 2026-06-12; dist=false; sitemap=false; noindex=n/a; internal_links=0; no matching page-level performance row; template=none found,medium,P3,none,false
https://ร้านรับซื้อโน๊ตบุ๊ค.com/รับซื้อโน๊ตบุ๊ค/สระบุรี/acer-nitro-v/,Not found (404),P04_LOCATION_X_MODEL,404 expected,false,false,false,,location_x_attribute,sell notebook in สระบุรี by acer-nitro-v attribute,https://ร้านรับซื้อโน๊ตบุ๊ค.com/รับซื้อโน๊ตบุ๊ค/acer-nitro-v/,medium,KEEP_404,"A generic attribute page exists, but it is not an equivalent replacement because it discards location intent; keep 404 and do not mass-redirect.",GSC export 2026-06-21; last crawl 2026-06-12; dist=false; sitemap=false; noindex=n/a; internal_links=0; no matching page-level performance row; template=none found,medium,P3,none,false
https://ร้านรับซื้อโน๊ตบุ๊ค.com/รับซื้อโน๊ตบุ๊ค/เพชรบุรี/dell-inspiron-15/,Not found (404),P04_LOCATION_X_MODEL,404 expected,false,false,false,,location_x_attribute,sell notebook in เพชรบุรี by dell-inspiron-15 attribute,https://ร้านรับซื้อโน๊ตบุ๊ค.com/รับซื้อโน๊ตบุ๊ค/dell-inspiron-15/,medium,KEEP_404,"A generic attribute page exists, but it is not an equivalent replacement because it discards location intent; keep 404 and do not mass-redirect.",GSC export 2026-06-21; last crawl 2026-06-12; dist=false; sitemap=false; noindex=n/a; internal_links=0; no matching page-level performance row; template=none found,medium,P3,none,false
https://ร้านรับซื้อโน๊ตบุ๊ค.com/รับซื้อโน๊ตบุ๊ค/เชียงราย/asus-zephyrus/,Not found (404),P04_LOCATION_X_MODEL,404 expected,false,false,false,,location_x_attribute,sell notebook in เชียงราย by asus-zephyrus attribute,https://ร้านรับซื้อโน๊ตบุ๊ค.com/รับซื้อโน๊ตบุ๊ค/asus-zephyrus/,medium,KEEP_404,"A generic attribute page exists, but it is not an equivalent replacement because it discards location intent; keep 404 and do not mass-redirect.",GSC export 2026-06-21; last crawl 2026-06-12; dist=false; sitemap=false; noindex=n/a; internal_links=0; no matching page-level performance row; template=none found,medium,P3,none,false
https://ร้านรับซื้อโน๊ตบุ๊ค.com/รับซื้อโน๊ตบุ๊ค/พัทยา/ร้อนจัดดับเอง/,Not found (404),P03_LOCATION_X_CONDITION,404 expected,false,false,false,,location_x_attribute,sell notebook in พัทยา by ร้อนจัดดับเอง attribute,https://ร้านรับซื้อโน๊ตบุ๊ค.com/รับซื้อโน๊ตบุ๊ค/ร้อนจัดดับเอง/,medium,KEEP_404,"A generic attribute page exists, but it is not an equivalent replacement because it discards location intent; keep 404 and do not mass-redirect.",GSC export 2026-06-21; last crawl 2026-06-12; dist=false; sitemap=false; noindex=n/a; internal_links=0; no matching page-level performance row; template=none found,medium,P3,none,false
https://ร้านรับซื้อโน๊ตบุ๊ค.com/รับซื้อโน๊ตบุ๊ค/อุตรดิตถ์/macbook-air-m1/,Not found (404),P04_LOCATION_X_MODEL,404 expected,false,false,false,,location_x_attribute,sell notebook in อุตรดิตถ์ by macbook-air-m1 attribute,https://ร้านรับซื้อโน๊ตบุ๊ค.com/รับซื้อโน๊ตบุ๊ค/macbook-air-m1/,medium,KEEP_404,"A generic attribute page exists, but it is not an equivalent replacement because it discards location intent; keep 404 and do not mass-redirect.",GSC export 2026-06-21; last crawl 2026-06-12; dist=false; sitemap=false; noindex=n/a; internal_links=0; no matching page-level performance row; template=none found,medium,P3,none,false
https://ร้านรับซื้อโน๊ตบุ๊ค.com/รับซื้อโน๊ตบุ๊ค/ตราด/acer-predator-helios/,Not found (404),P04_LOCATION_X_MODEL,404 expected,false,false,false,,location_x_attribute,sell notebook in ตราด by acer-predator-helios attribute,https://ร้านรับซื้อโน๊ตบุ๊ค.com/รับซื้อโน๊ตบุ๊ค/acer-predator-helios/,medium,KEEP_404,"A generic attribute page exists, but it is not an equivalent replacement because it discards location intent; keep 404 and do not mass-redirect.",GSC export 2026-06-21; last crawl 2026-06-12; dist=false; sitemap=false; noindex=n/a; internal_links=0; no matching page-level performance row; template=none found,medium,P3,none,false
https://ร้านรับซื้อโน๊ตบุ๊ค.com/รับซื้อโน๊ตบุ๊ค/ปราจีนบุรี/acer-nitro-17/,Not found (404),P04_LOCATION_X_MODEL,404 expected,false,false,false,,location_x_attribute,sell notebook in ปราจีนบุรี by acer-nitro-17 attribute,https://ร้านรับซื้อโน๊ตบุ๊ค.com/รับซื้อโน๊ตบุ๊ค/acer-nitro-17/,medium,KEEP_404,"A generic attribute page exists, but it is not an equivalent replacement because it discards location intent; keep 404 and do not mass-redirect.",GSC export 2026-06-21; last crawl 2026-06-12; dist=false; sitemap=false; noindex=n/a; internal_links=0; no matching page-level performance row; template=none found,medium,P3,none,false
https://ร้านรับซื้อโน๊ตบุ๊ค.com/รับซื้อโน๊ตบุ๊ค/ลาดพร้าว/msi-stealth-14/,Not found (404),P04_LOCATION_X_MODEL,404 expected,false,false,false,,location_x_attribute,sell notebook in ลาดพร้าว by msi-stealth-14 attribute,https://ร้านรับซื้อโน๊ตบุ๊ค.com/รับซื้อโน๊ตบุ๊ค/msi-stealth-14/,medium,KEEP_404,"A generic attribute page exists, but it is not an equivalent replacement because it discards location intent; keep 404 and do not mass-redirect.",GSC export 2026-06-21; last crawl 2026-06-12; dist=false; sitemap=false; noindex=n/a; internal_links=0; no matching page-level performance row; template=none found,medium,P3,none,false
https://ร้านรับซื้อโน๊ตบุ๊ค.com/รับซื้อโน๊ตบุ๊ค/สมุทรสาคร/macbook-pro-m2/,Not found (404),P04_LOCATION_X_MODEL,404 expected,false,false,false,,location_x_attribute,sell notebook in สมุทรสาคร by macbook-pro-m2 attribute,https://ร้านรับซื้อโน๊ตบุ๊ค.com/รับซื้อโน๊ตบุ๊ค/macbook-pro-m2/,medium,KEEP_404,"A generic attribute page exists, but it is not an equivalent replacement because it discards location intent; keep 404 and do not mass-redirect.",GSC export 2026-06-21; last crawl 2026-06-12; dist=false; sitemap=false; noindex=n/a; internal_links=0; no matching page-level performance row; template=none found,medium,P3,none,false
https://ร้านรับซื้อโน๊ตบุ๊ค.com/รับซื้อโน๊ตบุ๊ค/บุรีรัมย์/hp-omen-transcend/,Not found (404),P04_LOCATION_X_MODEL,404 expected,false,false,false,,location_x_attribute,sell notebook in บุรีรัมย์ by hp-omen-transcend attribute,https://ร้านรับซื้อโน๊ตบุ๊ค.com/รับซื้อโน๊ตบุ๊ค/hp-omen-transcend/,medium,KEEP_404,"A generic attribute page exists, but it is not an equivalent replacement because it discards location intent; keep 404 and do not mass-redirect.",GSC export 2026-06-21; last crawl 2026-06-12; dist=false; sitemap=false; noindex=n/a; internal_links=0; no matching page-level performance row; template=none found,medium,P3,none,false
https://ร้านรับซื้อโน๊ตบุ๊ค.com/รับซื้อโน๊ตบุ๊ค/ลำปาง/alienware-m16/,Not found (404),P04_LOCATION_X_MODEL,404 expected,false,false,false,,location_x_attribute,sell notebook in ลำปาง by alienware-m16 attribute,https://ร้านรับซื้อโน๊ตบุ๊ค.com/รับซื้อโน๊ตบุ๊ค/alienware-m16/,medium,KEEP_404,"A generic attribute page exists, but it is not an equivalent replacement because it discards location intent; keep 404 and do not mass-redirect.",GSC export 2026-06-21; last crawl 2026-06-12; dist=false; sitemap=false; noindex=n/a; internal_links=0; no matching page-level performance row; template=none found,medium,P3,none,false
https://ร้านรับซื้อโน๊ตบุ๊ค.com/รับซื้อโน๊ตบุ๊ค/กระบี่/ssd-เสีย/,Not found (404),P03_LOCATION_X_CONDITION,404 expected,false,false,false,,location_x_attribute,sell notebook in กระบี่ by ssd-เสีย attribute,https://ร้านรับซื้อโน๊ตบุ๊ค.com/รับซื้อโน๊ตบุ๊ค/ssd-เสีย/,medium,KEEP_404,"A generic attribute page exists, but it is not an equivalent replacement because it discards location intent; keep 404 and do not mass-redirect.",GSC export 2026-06-21; last crawl 2026-06-12; dist=false; sitemap=false; noindex=n/a; internal_links=0; no matching page-level performance row; template=none found,medium,P3,none,false
https://ร้านรับซื้อโน๊ตบุ๊ค.com/รับซื้อโน๊ตบุ๊ค/เลย/hp-probook/,Not found (404),P04_LOCATION_X_MODEL,404 expected,false,false,false,,location_x_attribute,sell notebook in เลย by hp-probook attribute,https://ร้านรับซื้อโน๊ตบุ๊ค.com/รับซื้อโน๊ตบุ๊ค/hp-probook/,medium,KEEP_404,"A generic attribute page exists, but it is not an equivalent replacement because it discards location intent; keep 404 and do not mass-redirect.",GSC export 2026-06-21; last crawl 2026-06-12; dist=false; sitemap=false; noindex=n/a; internal_links=0; no matching page-level performance row; template=none found,medium,P3,none,false
https://ร้านรับซื้อโน๊ตบุ๊ค.com/รับซื้อโน๊ตบุ๊ค/นครศรีธรรมราช/บูตวน/,Not found (404),P03_LOCATION_X_CONDITION,404 expected,false,false,false,,location_x_attribute,sell notebook in นครศรีธรรมราช by บูตวน attribute,https://ร้านรับซื้อโน๊ตบุ๊ค.com/รับซื้อโน๊ตบุ๊ค/บูตวน/,medium,KEEP_404,"A generic attribute page exists, but it is not an equivalent replacement because it discards location intent; keep 404 and do not mass-redirect.",GSC export 2026-06-21; last crawl 2026-06-12; dist=false; sitemap=false; noindex=n/a; internal_links=0; no matching page-level performance row; template=none found,medium,P3,none,false
https://ร้านรับซื้อโน๊ตบุ๊ค.com/รับซื้อโน๊ตบุ๊ค/ชัยภูมิ/lenovo-legion-slim/,Not found (404),P04_LOCATION_X_MODEL,404 expected,false,false,false,,location_x_attribute,sell notebook in ชัยภูมิ by lenovo-legion-slim attribute,https://ร้านรับซื้อโน๊ตบุ๊ค.com/รับซื้อโน๊ตบุ๊ค/lenovo-legion-slim/,medium,KEEP_404,"A generic attribute page exists, but it is not an equivalent replacement because it discards location intent; keep 404 and do not mass-redirect.",GSC export 2026-06-21; last crawl 2026-06-12; dist=false; sitemap=false; noindex=n/a; internal_links=0; no matching page-level performance row; template=none found,medium,P3,none,false
https://ร้านรับซื้อโน๊ตบุ๊ค.com/รับซื้อโน๊ตบุ๊ค/บุรีรัมย์/samsung/,Not found (404),P04_LOCATION_X_MODEL,404 expected,false,false,false,,location_x_attribute,sell notebook in บุรีรัมย์ by samsung attribute,https://ร้านรับซื้อโน๊ตบุ๊ค.com/รับซื้อโน๊ตบุ๊ค/samsung/,medium,KEEP_404,"A generic attribute page exists, but it is not an equivalent replacement because it discards location intent; keep 404 and do not mass-redirect.",GSC export 2026-06-21; last crawl 2026-06-12; dist=false; sitemap=false; noindex=n/a; internal_links=0; no matching page-level performance row; template=none found,medium,P3,none,false
https://ร้านรับซื้อโน๊ตบุ๊ค.com/รับซื้อโน๊ตบุ๊ค/กำแพงเพชร/alienware-m15-r7-r8/,Not found (404),P04_LOCATION_X_MODEL,404 expected,false,false,false,,location_x_attribute,sell notebook in กำแพงเพชร by alienware-m15-r7-r8 attribute,https://ร้านรับซื้อโน๊ตบุ๊ค.com/รับซื้อโน๊ตบุ๊ค/alienware-m15-r7-r8/,medium,KEEP_404,"A generic attribute page exists, but it is not an equivalent replacement because it discards location intent; keep 404 and do not mass-redirect.",GSC export 2026-06-21; last crawl 2026-06-12; dist=false; sitemap=false; noindex=n/a; internal_links=0; no matching page-level performance row; template=none found,medium,P3,none,false
https://ร้านรับซื้อโน๊ตบุ๊ค.com/รับซื้อโน๊ตบุ๊ค/ระนอง/macbook-pro-14/,Not found (404),P04_LOCATION_X_MODEL,404 expected,false,false,false,,location_x_attribute,sell notebook in ระนอง by macbook-pro-14 attribute,https://ร้านรับซื้อโน๊ตบุ๊ค.com/รับซื้อโน๊ตบุ๊ค/macbook-pro-14/,medium,KEEP_404,"A generic attribute page exists, but it is not an equivalent replacement because it discards location intent; keep 404 and do not mass-redirect.",GSC export 2026-06-21; last crawl 2026-06-12; dist=false; sitemap=false; noindex=n/a; internal_links=0; no matching page-level performance row; template=none found,medium,P3,none,false
https://ร้านรับซื้อโน๊ตบุ๊ค.com/รับซื้อโน๊ตบุ๊ค/นครศรีธรรมราช/huawei-matebook/,Not found (404),P04_LOCATION_X_MODEL,404 expected,false,false,false,,location_x_attribute,sell notebook in นครศรีธรรมราช by huawei-matebook attribute,https://ร้านรับซื้อโน๊ตบุ๊ค.com/รับซื้อโน๊ตบุ๊ค/huawei-matebook/,medium,KEEP_404,"A generic attribute page exists, but it is not an equivalent replacement because it discards location intent; keep 404 and do not mass-redirect.",GSC export 2026-06-21; last crawl 2026-06-12; dist=false; sitemap=false; noindex=n/a; internal_links=0; no matching page-level performance row; template=none found,medium,P3,none,false
https://ร้านรับซื้อโน๊ตบุ๊ค.com/รับซื้อโน๊ตบุ๊ค/นครนายก/hp-envy-x360/,Not found (404),P04_LOCATION_X_MODEL,404 expected,false,false,false,,location_x_attribute,sell notebook in นครนายก by hp-envy-x360 attribute,https://ร้านรับซื้อโน๊ตบุ๊ค.com/รับซื้อโน๊ตบุ๊ค/hp-envy-x360/,medium,KEEP_404,"A generic attribute page exists, but it is not an equivalent replacement because it discards location intent; keep 404 and do not mass-redirect.",GSC export 2026-06-21; last crawl 2026-06-12; dist=false; sitemap=false; noindex=n/a; internal_links=0; no matching page-level performance row; template=none found,medium,P3,none,false
https://ร้านรับซื้อโน๊ตบุ๊ค.com/รับซื้อโน๊ตบุ๊ค/พระราม2/honor-magicbook/,Not found (404),P04_LOCATION_X_MODEL,404 expected,false,false,false,,location_x_attribute,sell notebook in พระราม2 by honor-magicbook attribute,https://ร้านรับซื้อโน๊ตบุ๊ค.com/รับซื้อโน๊ตบุ๊ค/honor-magicbook/,medium,KEEP_404,"A generic attribute page exists, but it is not an equivalent replacement because it discards location intent; keep 404 and do not mass-redirect.",GSC export 2026-06-21; last crawl 2026-06-12; dist=false; sitemap=false; noindex=n/a; internal_links=0; no matching page-level performance row; template=none found,medium,P3,none,false
https://ร้านรับซื้อโน๊ตบุ๊ค.com/รับซื้อโน๊ตบุ๊ค/ชัยภูมิ/hp-omen-transcend/,Not found (404),P04_LOCATION_X_MODEL,404 expected,false,false,false,,location_x_attribute,sell notebook in ชัยภูมิ by hp-omen-transcend attribute,https://ร้านรับซื้อโน๊ตบุ๊ค.com/รับซื้อโน๊ตบุ๊ค/hp-omen-transcend/,medium,KEEP_404,"A generic attribute page exists, but it is not an equivalent replacement because it discards location intent; keep 404 and do not mass-redirect.",GSC export 2026-06-21; last crawl 2026-06-12; dist=false; sitemap=false; noindex=n/a; internal_links=0; no matching page-level performance row; template=none found,medium,P3,none,false
https://ร้านรับซื้อโน๊ตบุ๊ค.com/รับซื้อโน๊ตบุ๊ค/นครราชสีมา/macbook-charge-port/,Not found (404),P04_LOCATION_X_MODEL,404 expected,false,false,false,,location_x_attribute,sell notebook in นครราชสีมา by macbook-charge-port attribute,https://ร้านรับซื้อโน๊ตบุ๊ค.com/รับซื้อโน๊ตบุ๊ค/macbook-charge-port/,medium,KEEP_404,"A generic attribute page exists, but it is not an equivalent replacement because it discards location intent; keep 404 and do not mass-redirect.",GSC export 2026-06-21; last crawl 2026-06-12; dist=false; sitemap=false; noindex=n/a; internal_links=0; no matching page-level performance row; template=none found,medium,P3,none,false
https://ร้านรับซื้อโน๊ตบุ๊ค.com/รับซื้อโน๊ตบุ๊ค/ปัตตานี/honor/,Not found (404),P04_LOCATION_X_MODEL,404 expected,false,false,false,,location_x_attribute,sell notebook in ปัตตานี by honor attribute,https://ร้านรับซื้อโน๊ตบุ๊ค.com/รับซื้อโน๊ตบุ๊ค/honor/,medium,KEEP_404,"A generic attribute page exists, but it is not an equivalent replacement because it discards location intent; keep 404 and do not mass-redirect.",GSC export 2026-06-21; last crawl 2026-06-12; dist=false; sitemap=false; noindex=n/a; internal_links=0; no matching page-level performance row; template=none found,medium,P3,none,false
https://ร้านรับซื้อโน๊ตบุ๊ค.com/รับซื้อโน๊ตบุ๊ค/ลำพูน/ค้างบ่อย/,Not found (404),P04_LOCATION_X_MODEL,404 expected,false,false,false,,location_x_attribute,sell notebook in ลำพูน by ค้างบ่อย attribute,https://ร้านรับซื้อโน๊ตบุ๊ค.com/รับซื้อโน๊ตบุ๊ค/ค้างบ่อย/,medium,KEEP_404,"A generic attribute page exists, but it is not an equivalent replacement because it discards location intent; keep 404 and do not mass-redirect.",GSC export 2026-06-21; last crawl 2026-06-12; dist=false; sitemap=false; noindex=n/a; internal_links=0; no matching page-level performance row; template=none found,medium,P3,none,false
https://ร้านรับซื้อโน๊ตบุ๊ค.com/รับซื้อโน๊ตบุ๊ค/พิจิตร/msi-vector-16-hx/,Not found (404),P04_LOCATION_X_MODEL,404 expected,false,false,false,,location_x_attribute,sell notebook in พิจิตร by msi-vector-16-hx attribute,https://ร้านรับซื้อโน๊ตบุ๊ค.com/รับซื้อโน๊ตบุ๊ค/msi-vector-16-hx/,medium,KEEP_404,"A generic attribute page exists, but it is not an equivalent replacement because it discards location intent; keep 404 and do not mass-redirect.",GSC export 2026-06-21; last crawl 2026-06-12; dist=false; sitemap=false; noindex=n/a; internal_links=0; no matching page-level performance row; template=none found,medium,P3,none,false
https://ร้านรับซื้อโน๊ตบุ๊ค.com/รับซื้อโน๊ตบุ๊ค/ภาคอีสาน/macbook-pro-16/,Not found (404),P04_LOCATION_X_MODEL,404 expected,false,false,false,,location_x_attribute,sell notebook in ภาคอีสาน by macbook-pro-16 attribute,https://ร้านรับซื้อโน๊ตบุ๊ค.com/รับซื้อโน๊ตบุ๊ค/macbook-pro-16/,medium,KEEP_404,"A generic attribute page exists, but it is not an equivalent replacement because it discards location intent; keep 404 and do not mass-redirect.",GSC export 2026-06-21; last crawl 2026-06-12; dist=false; sitemap=false; noindex=n/a; internal_links=0; no matching page-level performance row; template=none found,medium,P3,none,false
https://ร้านรับซื้อโน๊ตบุ๊ค.com/รับซื้อโน๊ตบุ๊ค/อุบลราชธานี/asus-vivobook/,Not found (404),P04_LOCATION_X_MODEL,404 expected,false,false,false,,location_x_attribute,sell notebook in อุบลราชธานี by asus-vivobook attribute,https://ร้านรับซื้อโน๊ตบุ๊ค.com/รับซื้อโน๊ตบุ๊ค/asus-vivobook/,medium,KEEP_404,"A generic attribute page exists, but it is not an equivalent replacement because it discards location intent; keep 404 and do not mass-redirect.",GSC export 2026-06-21; last crawl 2026-06-12; dist=false; sitemap=false; noindex=n/a; internal_links=0; no matching page-level performance row; template=none found,medium,P3,none,false
https://ร้านรับซื้อโน๊ตบุ๊ค.com/รับซื้อโน๊ตบุ๊ค/ปัตตานี/ช่องหูฟังเสีย/,Not found (404),P03_LOCATION_X_CONDITION,404 expected,false,false,false,,location_x_attribute,sell notebook in ปัตตานี by ช่องหูฟังเสีย attribute,https://ร้านรับซื้อโน๊ตบุ๊ค.com/รับซื้อโน๊ตบุ๊ค/ช่องหูฟังเสีย/,medium,KEEP_404,"A generic attribute page exists, but it is not an equivalent replacement because it discards location intent; keep 404 and do not mass-redirect.",GSC export 2026-06-21; last crawl 2026-06-12; dist=false; sitemap=false; noindex=n/a; internal_links=0; no matching page-level performance row; template=none found,medium,P3,none,false
https://ร้านรับซื้อโน๊ตบุ๊ค.com/รับซื้อโน๊ตบุ๊ค/นครสวรรค์/surface-book/,Not found (404),P04_LOCATION_X_MODEL,404 expected,false,false,false,,location_x_attribute,sell notebook in นครสวรรค์ by surface-book attribute,https://ร้านรับซื้อโน๊ตบุ๊ค.com/รับซื้อโน๊ตบุ๊ค/surface-book/,medium,KEEP_404,"A generic attribute page exists, but it is not an equivalent replacement because it discards location intent; keep 404 and do not mass-redirect.",GSC export 2026-06-21; last crawl 2026-06-12; dist=false; sitemap=false; noindex=n/a; internal_links=0; no matching page-level performance row; template=none found,medium,P3,none,false
https://ร้านรับซื้อโน๊ตบุ๊ค.com/รับซื้อโน๊ตบุ๊ค/อุบลราชธานี/dell-g15-g16/,Not found (404),P04_LOCATION_X_MODEL,404 expected,false,false,false,,location_x_attribute,sell notebook in อุบลราชธานี by dell-g15-g16 attribute,https://ร้านรับซื้อโน๊ตบุ๊ค.com/รับซื้อโน๊ตบุ๊ค/dell-g15-g16/,medium,KEEP_404,"A generic attribute page exists, but it is not an equivalent replacement because it discards location intent; keep 404 and do not mass-redirect.",GSC export 2026-06-21; last crawl 2026-06-12; dist=false; sitemap=false; noindex=n/a; internal_links=0; no matching page-level performance row; template=none found,medium,P3,none,false
https://ร้านรับซื้อโน๊ตบุ๊ค.com/รับซื้อโน๊ตบุ๊ค/มุกดาหาร/surface-pro/,Not found (404),P04_LOCATION_X_MODEL,404 expected,false,false,false,,location_x_attribute,sell notebook in มุกดาหาร by surface-pro attribute,https://ร้านรับซื้อโน๊ตบุ๊ค.com/รับซื้อโน๊ตบุ๊ค/surface-pro/,medium,KEEP_404,"A generic attribute page exists, but it is not an equivalent replacement because it discards location intent; keep 404 and do not mass-redirect.",GSC export 2026-06-21; last crawl 2026-06-12; dist=false; sitemap=false; noindex=n/a; internal_links=0; no matching page-level performance row; template=none found,medium,P3,none,false
https://ร้านรับซื้อโน๊ตบุ๊ค.com/รับซื้อโน๊ตบุ๊ค/สงขลา/acer-nitro-v/,Not found (404),P04_LOCATION_X_MODEL,404 expected,false,false,false,,location_x_attribute,sell notebook in สงขลา by acer-nitro-v attribute,https://ร้านรับซื้อโน๊ตบุ๊ค.com/รับซื้อโน๊ตบุ๊ค/acer-nitro-v/,medium,KEEP_404,"A generic attribute page exists, but it is not an equivalent replacement because it discards location intent; keep 404 and do not mass-redirect.",GSC export 2026-06-21; last crawl 2026-06-12; dist=false; sitemap=false; noindex=n/a; internal_links=0; no matching page-level performance row; template=none found,medium,P3,none,false
https://ร้านรับซื้อโน๊ตบุ๊ค.com/รับซื้อโน๊ตบุ๊ค/สตูล/macbook-air-13/,Not found (404),P04_LOCATION_X_MODEL,404 expected,false,false,false,,location_x_attribute,sell notebook in สตูล by macbook-air-13 attribute,https://ร้านรับซื้อโน๊ตบุ๊ค.com/รับซื้อโน๊ตบุ๊ค/macbook-air-13/,medium,KEEP_404,"A generic attribute page exists, but it is not an equivalent replacement because it discards location intent; keep 404 and do not mass-redirect.",GSC export 2026-06-21; last crawl 2026-06-12; dist=false; sitemap=false; noindex=n/a; internal_links=0; no matching page-level performance row; template=none found,medium,P3,none,false
https://ร้านรับซื้อโน๊ตบุ๊ค.com/รับซื้อโน๊ตบุ๊ค/สงขลา/lenovo-ideapad-3-5/,Not found (404),P04_LOCATION_X_MODEL,404 expected,false,false,false,,location_x_attribute,sell notebook in สงขลา by lenovo-ideapad-3-5 attribute,https://ร้านรับซื้อโน๊ตบุ๊ค.com/รับซื้อโน๊ตบุ๊ค/lenovo-ideapad-3-5/,medium,KEEP_404,"A generic attribute page exists, but it is not an equivalent replacement because it discards location intent; keep 404 and do not mass-redirect.",GSC export 2026-06-21; last crawl 2026-06-12; dist=false; sitemap=false; noindex=n/a; internal_links=0; no matching page-level performance row; template=none found,medium,P3,none,false
https://ร้านรับซื้อโน๊ตบุ๊ค.com/รับซื้อโน๊ตบุ๊ค/สุรินทร์/samsung-galaxy-book/,Not found (404),P04_LOCATION_X_MODEL,404 expected,false,false,false,,location_x_attribute,sell notebook in สุรินทร์ by samsung-galaxy-book attribute,https://ร้านรับซื้อโน๊ตบุ๊ค.com/รับซื้อโน๊ตบุ๊ค/samsung-galaxy-book/,medium,KEEP_404,"A generic attribute page exists, but it is not an equivalent replacement because it discards location intent; keep 404 and do not mass-redirect.",GSC export 2026-06-21; last crawl 2026-06-12; dist=false; sitemap=false; noindex=n/a; internal_links=0; no matching page-level performance row; template=none found,medium,P3,none,false
https://ร้านรับซื้อโน๊ตบุ๊ค.com/รับซื้อโน๊ตบุ๊ค/สมุทรสงคราม/hdmi-เสีย/,Not found (404),P03_LOCATION_X_CONDITION,404 expected,false,false,false,,location_x_attribute,sell notebook in สมุทรสงคราม by hdmi-เสีย attribute,https://ร้านรับซื้อโน๊ตบุ๊ค.com/รับซื้อโน๊ตบุ๊ค/hdmi-เสีย/,medium,KEEP_404,"A generic attribute page exists, but it is not an equivalent replacement because it discards location intent; keep 404 and do not mass-redirect.",GSC export 2026-06-21; last crawl 2026-06-12; dist=false; sitemap=false; noindex=n/a; internal_links=0; no matching page-level performance row; template=none found,medium,P3,none,false
https://ร้านรับซื้อโน๊ตบุ๊ค.com/รับซื้อโน๊ตบุ๊ค/ห้วยขวาง/asus-rog-strix/,Not found (404),P04_LOCATION_X_MODEL,404 expected,false,false,false,,location_x_attribute,sell notebook in ห้วยขวาง by asus-rog-strix attribute,https://ร้านรับซื้อโน๊ตบุ๊ค.com/รับซื้อโน๊ตบุ๊ค/asus-rog-strix/,medium,KEEP_404,"A generic attribute page exists, but it is not an equivalent replacement because it discards location intent; keep 404 and do not mass-redirect.",GSC export 2026-06-21; last crawl 2026-06-12; dist=false; sitemap=false; noindex=n/a; internal_links=0; no matching page-level performance row; template=none found,medium,P3,none,false
https://ร้านรับซื้อโน๊ตบุ๊ค.com/รับซื้อโน๊ตบุ๊ค/สุราษฎร์ธานี/lenovo-legion-pro/,Not found (404),P04_LOCATION_X_MODEL,404 expected,false,false,false,,location_x_attribute,sell notebook in สุราษฎร์ธานี by lenovo-legion-pro attribute,https://ร้านรับซื้อโน๊ตบุ๊ค.com/รับซื้อโน๊ตบุ๊ค/lenovo-legion-pro/,medium,KEEP_404,"A generic attribute page exists, but it is not an equivalent replacement because it discards location intent; keep 404 and do not mass-redirect.",GSC export 2026-06-21; last crawl 2026-06-12; dist=false; sitemap=false; noindex=n/a; internal_links=0; no matching page-level performance row; template=none found,medium,P3,none,false
https://ร้านรับซื้อโน๊ตบุ๊ค.com/รับซื้อโน๊ตบุ๊ค/สุราษฎร์ธานี/msi-vector-16-hx/,Not found (404),P04_LOCATION_X_MODEL,404 expected,false,false,false,,location_x_attribute,sell notebook in สุราษฎร์ธานี by msi-vector-16-hx attribute,https://ร้านรับซื้อโน๊ตบุ๊ค.com/รับซื้อโน๊ตบุ๊ค/msi-vector-16-hx/,medium,KEEP_404,"A generic attribute page exists, but it is not an equivalent replacement because it discards location intent; keep 404 and do not mass-redirect.",GSC export 2026-06-21; last crawl 2026-06-12; dist=false; sitemap=false; noindex=n/a; internal_links=0; no matching page-level performance row; template=none found,medium,P3,none,false
https://ร้านรับซื้อโน๊ตบุ๊ค.com/รับซื้อโน๊ตบุ๊ค/ใกล้ฉัน/asus-rog-strix/,Not found (404),P04_LOCATION_X_MODEL,404 expected,false,false,false,,location_x_attribute,sell notebook in ใกล้ฉัน by asus-rog-strix attribute,https://ร้านรับซื้อโน๊ตบุ๊ค.com/รับซื้อโน๊ตบุ๊ค/asus-rog-strix/,medium,KEEP_404,"A generic attribute page exists, but it is not an equivalent replacement because it discards location intent; keep 404 and do not mass-redirect.",GSC export 2026-06-21; last crawl 2026-06-12; dist=false; sitemap=false; noindex=n/a; internal_links=0; no matching page-level performance row; template=none found,medium,P3,none,false
https://ร้านรับซื้อโน๊ตบุ๊ค.com/รับซื้อโน๊ตบุ๊ค/พระราม2/asus-zephyrus-g16/,Not found (404),P04_LOCATION_X_MODEL,404 expected,false,false,false,,location_x_attribute,sell notebook in พระราม2 by asus-zephyrus-g16 attribute,https://ร้านรับซื้อโน๊ตบุ๊ค.com/รับซื้อโน๊ตบุ๊ค/asus-zephyrus-g16/,medium,KEEP_404,"A generic attribute page exists, but it is not an equivalent replacement because it discards location intent; keep 404 and do not mass-redirect.",GSC export 2026-06-21; last crawl 2026-06-12; dist=false; sitemap=false; noindex=n/a; internal_links=0; no matching page-level performance row; template=none found,medium,P3,none,false
https://ร้านรับซื้อโน๊ตบุ๊ค.com/รับซื้อโน๊ตบุ๊ค/พิจิตร/dell-vostro/,Not found (404),P04_LOCATION_X_MODEL,404 expected,false,false,false,,location_x_attribute,sell notebook in พิจิตร by dell-vostro attribute,https://ร้านรับซื้อโน๊ตบุ๊ค.com/รับซื้อโน๊ตบุ๊ค/dell-vostro/,medium,KEEP_404,"A generic attribute page exists, but it is not an equivalent replacement because it discards location intent; keep 404 and do not mass-redirect.",GSC export 2026-06-21; last crawl 2026-06-12; dist=false; sitemap=false; noindex=n/a; internal_links=0; no matching page-level performance row; template=none found,medium,P3,none,false
https://ร้านรับซื้อโน๊ตบุ๊ค.com/รับซื้อโน๊ตบุ๊ค/ปทุมธานี/hp-pavilion/,Not found (404),P04_LOCATION_X_MODEL,404 expected,false,false,false,,location_x_attribute,sell notebook in ปทุมธานี by hp-pavilion attribute,https://ร้านรับซื้อโน๊ตบุ๊ค.com/รับซื้อโน๊ตบุ๊ค/hp-pavilion/,medium,KEEP_404,"A generic attribute page exists, but it is not an equivalent replacement because it discards location intent; keep 404 and do not mass-redirect.",GSC export 2026-06-21; last crawl 2026-06-12; dist=false; sitemap=false; noindex=n/a; internal_links=0; no matching page-level performance row; template=none found,medium,P3,none,false
https://ร้านรับซื้อโน๊ตบุ๊ค.com/รับซื้อโน๊ตบุ๊ค/ลาดพร้าว/macbook-pro-m5/,Not found (404),P04_LOCATION_X_MODEL,404 expected,false,false,false,,location_x_attribute,sell notebook in ลาดพร้าว by macbook-pro-m5 attribute,https://ร้านรับซื้อโน๊ตบุ๊ค.com/รับซื้อโน๊ตบุ๊ค/macbook-pro-m5/,medium,KEEP_404,"A generic attribute page exists, but it is not an equivalent replacement because it discards location intent; keep 404 and do not mass-redirect.",GSC export 2026-06-21; last crawl 2026-06-12; dist=false; sitemap=false; noindex=n/a; internal_links=0; no matching page-level performance row; template=none found,medium,P3,none,false
https://ร้านรับซื้อโน๊ตบุ๊ค.com/รับซื้อโน๊ตบุ๊ค/มหาสารคาม/macbook-pro-m4/,Not found (404),P04_LOCATION_X_MODEL,404 expected,false,false,false,,location_x_attribute,sell notebook in มหาสารคาม by macbook-pro-m4 attribute,https://ร้านรับซื้อโน๊ตบุ๊ค.com/รับซื้อโน๊ตบุ๊ค/macbook-pro-m4/,medium,KEEP_404,"A generic attribute page exists, but it is not an equivalent replacement because it discards location intent; keep 404 and do not mass-redirect.",GSC export 2026-06-21; last crawl 2026-06-12; dist=false; sitemap=false; noindex=n/a; internal_links=0; no matching page-level performance row; template=none found,medium,P3,none,false
https://ร้านรับซื้อโน๊ตบุ๊ค.com/รับซื้อโน๊ตบุ๊ค/ลพบุรี/gigabyte/,Not found (404),P04_LOCATION_X_MODEL,404 expected,false,false,false,,location_x_attribute,sell notebook in ลพบุรี by gigabyte attribute,https://ร้านรับซื้อโน๊ตบุ๊ค.com/รับซื้อโน๊ตบุ๊ค/gigabyte/,medium,KEEP_404,"A generic attribute page exists, but it is not an equivalent replacement because it discards location intent; keep 404 and do not mass-redirect.",GSC export 2026-06-21; last crawl 2026-06-12; dist=false; sitemap=false; noindex=n/a; internal_links=0; no matching page-level performance row; template=none found,medium,P3,none,false
https://ร้านรับซื้อโน๊ตบุ๊ค.com/รับซื้อโน๊ตบุ๊ค/ชัยนาท/razer-blade/,Not found (404),P04_LOCATION_X_MODEL,404 expected,false,false,false,,location_x_attribute,sell notebook in ชัยนาท by razer-blade attribute,https://ร้านรับซื้อโน๊ตบุ๊ค.com/รับซื้อโน๊ตบุ๊ค/razer-blade/,medium,KEEP_404,"A generic attribute page exists, but it is not an equivalent replacement because it discards location intent; keep 404 and do not mass-redirect.",GSC export 2026-06-21; last crawl 2026-06-12; dist=false; sitemap=false; noindex=n/a; internal_links=0; no matching page-level performance row; template=none found,medium,P3,none,false
https://ร้านรับซื้อโน๊ตบุ๊ค.com/รับซื้อโน๊ตบุ๊ค/น่าน/dell-xps-13-15/,Not found (404),P04_LOCATION_X_MODEL,404 expected,false,false,false,,location_x_attribute,sell notebook in น่าน by dell-xps-13-15 attribute,https://ร้านรับซื้อโน๊ตบุ๊ค.com/รับซื้อโน๊ตบุ๊ค/dell-xps-13-15/,medium,KEEP_404,"A generic attribute page exists, but it is not an equivalent replacement because it discards location intent; keep 404 and do not mass-redirect.",GSC export 2026-06-21; last crawl 2026-06-12; dist=false; sitemap=false; noindex=n/a; internal_links=0; no matching page-level performance row; template=none found,medium,P3,none,false
https://ร้านรับซื้อโน๊ตบุ๊ค.com/รับซื้อโน๊ตบุ๊ค/อยุธยา/alienware-m15-r7-r8/,Not found (404),P04_LOCATION_X_MODEL,404 expected,false,false,false,,location_x_attribute,sell notebook in อยุธยา by alienware-m15-r7-r8 attribute,https://ร้านรับซื้อโน๊ตบุ๊ค.com/รับซื้อโน๊ตบุ๊ค/alienware-m15-r7-r8/,medium,KEEP_404,"A generic attribute page exists, but it is not an equivalent replacement because it discards location intent; keep 404 and do not mass-redirect.",GSC export 2026-06-21; last crawl 2026-06-12; dist=false; sitemap=false; noindex=n/a; internal_links=0; no matching page-level performance row; template=none found,medium,P3,none,false
https://ร้านรับซื้อโน๊ตบุ๊ค.com/รับซื้อโน๊ตบุ๊ค/สุโขทัย/asus-rog-strix/,Not found (404),P04_LOCATION_X_MODEL,404 expected,false,false,false,,location_x_attribute,sell notebook in สุโขทัย by asus-rog-strix attribute,https://ร้านรับซื้อโน๊ตบุ๊ค.com/รับซื้อโน๊ตบุ๊ค/asus-rog-strix/,medium,KEEP_404,"A generic attribute page exists, but it is not an equivalent replacement because it discards location intent; keep 404 and do not mass-redirect.",GSC export 2026-06-21; last crawl 2026-06-12; dist=false; sitemap=false; noindex=n/a; internal_links=0; no matching page-level performance row; template=none found,medium,P3,none,false
https://ร้านรับซื้อโน๊ตบุ๊ค.com/รับซื้อโน๊ตบุ๊ค/เชียงราย/asus-expertbook/,Not found (404),P04_LOCATION_X_MODEL,404 expected,false,false,false,,location_x_attribute,sell notebook in เชียงราย by asus-expertbook attribute,https://ร้านรับซื้อโน๊ตบุ๊ค.com/รับซื้อโน๊ตบุ๊ค/asus-expertbook/,medium,KEEP_404,"A generic attribute page exists, but it is not an equivalent replacement because it discards location intent; keep 404 and do not mass-redirect.",GSC export 2026-06-21; last crawl 2026-06-12; dist=false; sitemap=false; noindex=n/a; internal_links=0; no matching page-level performance row; template=none found,medium,P3,none,false
https://ร้านรับซื้อโน๊ตบุ๊ค.com/รับซื้อโน๊ตบุ๊ค/สุราษฎร์ธานี/macbook-air-m3/,Not found (404),P04_LOCATION_X_MODEL,404 expected,false,false,false,,location_x_attribute,sell notebook in สุราษฎร์ธานี by macbook-air-m3 attribute,https://ร้านรับซื้อโน๊ตบุ๊ค.com/รับซื้อโน๊ตบุ๊ค/macbook-air-m3/,medium,KEEP_404,"A generic attribute page exists, but it is not an equivalent replacement because it discards location intent; keep 404 and do not mass-redirect.",GSC export 2026-06-21; last crawl 2026-06-12; dist=false; sitemap=false; noindex=n/a; internal_links=0; no matching page-level performance row; template=none found,medium,P3,none,false
https://ร้านรับซื้อโน๊ตบุ๊ค.com/รับซื้อโน๊ตบุ๊ค/กำแพงเพชร/thinkpad-e14-e15/,Not found (404),P04_LOCATION_X_MODEL,404 expected,false,false,false,,location_x_attribute,sell notebook in กำแพงเพชร by thinkpad-e14-e15 attribute,https://ร้านรับซื้อโน๊ตบุ๊ค.com/รับซื้อโน๊ตบุ๊ค/thinkpad-e14-e15/,medium,KEEP_404,"A generic attribute page exists, but it is not an equivalent replacement because it discards location intent; keep 404 and do not mass-redirect.",GSC export 2026-06-21; last crawl 2026-06-12; dist=false; sitemap=false; noindex=n/a; internal_links=0; no matching page-level performance row; template=none found,medium,P3,none,false
https://ร้านรับซื้อโน๊ตบุ๊ค.com/รับซื้อโน๊ตบุ๊ค/บุรีรัมย์/hp-envy-x360/,Not found (404),P04_LOCATION_X_MODEL,404 expected,false,false,false,,location_x_attribute,sell notebook in บุรีรัมย์ by hp-envy-x360 attribute,https://ร้านรับซื้อโน๊ตบุ๊ค.com/รับซื้อโน๊ตบุ๊ค/hp-envy-x360/,medium,KEEP_404,"A generic attribute page exists, but it is not an equivalent replacement because it discards location intent; keep 404 and do not mass-redirect.",GSC export 2026-06-21; last crawl 2026-06-12; dist=false; sitemap=false; noindex=n/a; internal_links=0; no matching page-level performance row; template=none found,medium,P3,none,false
https://ร้านรับซื้อโน๊ตบุ๊ค.com/รับซื้อโน๊ตบุ๊ค/ยะลา/msi-stealth-14/,Not found (404),P04_LOCATION_X_MODEL,404 expected,false,false,false,,location_x_attribute,sell notebook in ยะลา by msi-stealth-14 attribute,https://ร้านรับซื้อโน๊ตบุ๊ค.com/รับซื้อโน๊ตบุ๊ค/msi-stealth-14/,medium,KEEP_404,"A generic attribute page exists, but it is not an equivalent replacement because it discards location intent; keep 404 and do not mass-redirect.",GSC export 2026-06-21; last crawl 2026-06-12; dist=false; sitemap=false; noindex=n/a; internal_links=0; no matching page-level performance row; template=none found,medium,P3,none,false
https://ร้านรับซื้อโน๊ตบุ๊ค.com/รับซื้อโน๊ตบุ๊ค/กระบี่/lenovo-thinkbook/,Not found (404),P04_LOCATION_X_MODEL,404 expected,false,false,false,,location_x_attribute,sell notebook in กระบี่ by lenovo-thinkbook attribute,https://ร้านรับซื้อโน๊ตบุ๊ค.com/รับซื้อโน๊ตบุ๊ค/lenovo-thinkbook/,medium,KEEP_404,"A generic attribute page exists, but it is not an equivalent replacement because it discards location intent; keep 404 and do not mass-redirect.",GSC export 2026-06-21; last crawl 2026-06-12; dist=false; sitemap=false; noindex=n/a; internal_links=0; no matching page-level performance row; template=none found,medium,P3,none,false
https://ร้านรับซื้อโน๊ตบุ๊ค.com/รับซื้อโน๊ตบุ๊ค/สตูล/hp-omen-transcend/,Not found (404),P04_LOCATION_X_MODEL,404 expected,false,false,false,,location_x_attribute,sell notebook in สตูล by hp-omen-transcend attribute,https://ร้านรับซื้อโน๊ตบุ๊ค.com/รับซื้อโน๊ตบุ๊ค/hp-omen-transcend/,medium,KEEP_404,"A generic attribute page exists, but it is not an equivalent replacement because it discards location intent; keep 404 and do not mass-redirect.",GSC export 2026-06-21; last crawl 2026-06-12; dist=false; sitemap=false; noindex=n/a; internal_links=0; no matching page-level performance row; template=none found,medium,P3,none,false
https://ร้านรับซื้อโน๊ตบุ๊ค.com/รับซื้อโน๊ตบุ๊ค/แม่ฮ่องสอน/hp-omen-17/,Not found (404),P04_LOCATION_X_MODEL,404 expected,false,false,false,,location_x_attribute,sell notebook in แม่ฮ่องสอน by hp-omen-17 attribute,https://ร้านรับซื้อโน๊ตบุ๊ค.com/รับซื้อโน๊ตบุ๊ค/hp-omen-17/,medium,KEEP_404,"A generic attribute page exists, but it is not an equivalent replacement because it discards location intent; keep 404 and do not mass-redirect.",GSC export 2026-06-21; last crawl 2026-06-12; dist=false; sitemap=false; noindex=n/a; internal_links=0; no matching page-level performance row; template=none found,medium,P3,none,false
https://ร้านรับซื้อโน๊ตบุ๊ค.com/รับซื้อโน๊ตบุ๊ค/ปทุมธานี/macbook-pro-14/,Not found (404),P04_LOCATION_X_MODEL,404 expected,false,false,false,,location_x_attribute,sell notebook in ปทุมธานี by macbook-pro-14 attribute,https://ร้านรับซื้อโน๊ตบุ๊ค.com/รับซื้อโน๊ตบุ๊ค/macbook-pro-14/,medium,KEEP_404,"A generic attribute page exists, but it is not an equivalent replacement because it discards location intent; keep 404 and do not mass-redirect.",GSC export 2026-06-21; last crawl 2026-06-12; dist=false; sitemap=false; noindex=n/a; internal_links=0; no matching page-level performance row; template=none found,medium,P3,none,false
https://ร้านรับซื้อโน๊ตบุ๊ค.com/รับซื้อโน๊ตบุ๊ค/พะเยา/บอดี้แตก/,Not found (404),P03_LOCATION_X_CONDITION,404 expected,false,false,false,,location_x_attribute,sell notebook in พะเยา by บอดี้แตก attribute,https://ร้านรับซื้อโน๊ตบุ๊ค.com/รับซื้อโน๊ตบุ๊ค/บอดี้แตก/,medium,KEEP_404,"A generic attribute page exists, but it is not an equivalent replacement because it discards location intent; keep 404 and do not mass-redirect.",GSC export 2026-06-21; last crawl 2026-06-12; dist=false; sitemap=false; noindex=n/a; internal_links=0; no matching page-level performance row; template=none found,medium,P3,none,false
https://ร้านรับซื้อโน๊ตบุ๊ค.com/รับซื้อโน๊ตบุ๊ค/ปัตตานี/macbook-air-m4/,Not found (404),P04_LOCATION_X_MODEL,404 expected,false,false,false,,location_x_attribute,sell notebook in ปัตตานี by macbook-air-m4 attribute,https://ร้านรับซื้อโน๊ตบุ๊ค.com/รับซื้อโน๊ตบุ๊ค/macbook-air-m4/,medium,KEEP_404,"A generic attribute page exists, but it is not an equivalent replacement because it discards location intent; keep 404 and do not mass-redirect.",GSC export 2026-06-21; last crawl 2026-06-12; dist=false; sitemap=false; noindex=n/a; internal_links=0; no matching page-level performance row; template=none found,medium,P3,none,false
https://ร้านรับซื้อโน๊ตบุ๊ค.com/รับซื้อโน๊ตบุ๊ค/ลาดพร้าว/asus-zephyrus-g14/,Not found (404),P04_LOCATION_X_MODEL,404 expected,false,false,false,,location_x_attribute,sell notebook in ลาดพร้าว by asus-zephyrus-g14 attribute,https://ร้านรับซื้อโน๊ตบุ๊ค.com/รับซื้อโน๊ตบุ๊ค/asus-zephyrus-g14/,medium,KEEP_404,"A generic attribute page exists, but it is not an equivalent replacement because it discards location intent; keep 404 and do not mass-redirect.",GSC export 2026-06-21; last crawl 2026-06-12; dist=false; sitemap=false; noindex=n/a; internal_links=0; no matching page-level performance row; template=none found,medium,P3,none,false
https://ร้านรับซื้อโน๊ตบุ๊ค.com/รับซื้อโน๊ตบุ๊ค/รามคำแหง/ทัชแพดเสีย/,Not found (404),P03_LOCATION_X_CONDITION,404 expected,false,false,false,,location_x_attribute,sell notebook in รามคำแหง by ทัชแพดเสีย attribute,https://ร้านรับซื้อโน๊ตบุ๊ค.com/รับซื้อโน๊ตบุ๊ค/ทัชแพดเสีย/,medium,KEEP_404,"A generic attribute page exists, but it is not an equivalent replacement because it discards location intent; keep 404 and do not mass-redirect.",GSC export 2026-06-21; last crawl 2026-06-12; dist=false; sitemap=false; noindex=n/a; internal_links=0; no matching page-level performance row; template=none found,medium,P3,none,false
https://ร้านรับซื้อโน๊ตบุ๊ค.com/รับซื้อโน๊ตบุ๊ค/พัทยา/dell-g15-g16/,Not found (404),P04_LOCATION_X_MODEL,404 expected,false,false,false,,location_x_attribute,sell notebook in พัทยา by dell-g15-g16 attribute,https://ร้านรับซื้อโน๊ตบุ๊ค.com/รับซื้อโน๊ตบุ๊ค/dell-g15-g16/,medium,KEEP_404,"A generic attribute page exists, but it is not an equivalent replacement because it discards location intent; keep 404 and do not mass-redirect.",GSC export 2026-06-21; last crawl 2026-06-12; dist=false; sitemap=false; noindex=n/a; internal_links=0; no matching page-level performance row; template=none found,medium,P3,none,false
https://ร้านรับซื้อโน๊ตบุ๊ค.com/รับซื้อโน๊ตบุ๊ค/อุดรธานี/acer-nitro-16/,Not found (404),P04_LOCATION_X_MODEL,404 expected,false,false,false,,location_x_attribute,sell notebook in อุดรธานี by acer-nitro-16 attribute,https://ร้านรับซื้อโน๊ตบุ๊ค.com/รับซื้อโน๊ตบุ๊ค/acer-nitro-16/,medium,KEEP_404,"A generic attribute page exists, but it is not an equivalent replacement because it discards location intent; keep 404 and do not mass-redirect.",GSC export 2026-06-21; last crawl 2026-06-12; dist=false; sitemap=false; noindex=n/a; internal_links=0; no matching page-level performance row; template=none found,medium,P3,none,false
https://ร้านรับซื้อโน๊ตบุ๊ค.com/รับซื้อโน๊ตบุ๊ค/นราธิวาส/msi-stealth-16/,Not found (404),P04_LOCATION_X_MODEL,404 expected,false,false,false,,location_x_attribute,sell notebook in นราธิวาส by msi-stealth-16 attribute,https://ร้านรับซื้อโน๊ตบุ๊ค.com/รับซื้อโน๊ตบุ๊ค/msi-stealth-16/,medium,KEEP_404,"A generic attribute page exists, but it is not an equivalent replacement because it discards location intent; keep 404 and do not mass-redirect.",GSC export 2026-06-21; last crawl 2026-06-12; dist=false; sitemap=false; noindex=n/a; internal_links=0; no matching page-level performance row; template=none found,medium,P3,none,false
https://ร้านรับซื้อโน๊ตบุ๊ค.com/รับซื้อโน๊ตบุ๊ค/ชุมพร/macbook-air-m4/,Not found (404),P04_LOCATION_X_MODEL,404 expected,false,false,false,,location_x_attribute,sell notebook in ชุมพร by macbook-air-m4 attribute,https://ร้านรับซื้อโน๊ตบุ๊ค.com/รับซื้อโน๊ตบุ๊ค/macbook-air-m4/,medium,KEEP_404,"A generic attribute page exists, but it is not an equivalent replacement because it discards location intent; keep 404 and do not mass-redirect.",GSC export 2026-06-21; last crawl 2026-06-12; dist=false; sitemap=false; noindex=n/a; internal_links=0; no matching page-level performance row; template=none found,medium,P3,none,false
https://ร้านรับซื้อโน๊ตบุ๊ค.com/รับซื้อโน๊ตบุ๊ค/สมุทรสงคราม/macbook-air-15/,Not found (404),P04_LOCATION_X_MODEL,404 expected,false,false,false,,location_x_attribute,sell notebook in สมุทรสงคราม by macbook-air-15 attribute,https://ร้านรับซื้อโน๊ตบุ๊ค.com/รับซื้อโน๊ตบุ๊ค/macbook-air-15/,medium,KEEP_404,"A generic attribute page exists, but it is not an equivalent replacement because it discards location intent; keep 404 and do not mass-redirect.",GSC export 2026-06-21; last crawl 2026-06-12; dist=false; sitemap=false; noindex=n/a; internal_links=0; no matching page-level performance row; template=none found,medium,P3,none,false
https://ร้านรับซื้อโน๊ตบุ๊ค.com/รับซื้อโน๊ตบุ๊ค/ขอนแก่น/samsung-galaxy-book/,Not found (404),P04_LOCATION_X_MODEL,404 expected,false,false,false,,location_x_attribute,sell notebook in ขอนแก่น by samsung-galaxy-book attribute,https://ร้านรับซื้อโน๊ตบุ๊ค.com/รับซื้อโน๊ตบุ๊ค/samsung-galaxy-book/,medium,KEEP_404,"A generic attribute page exists, but it is not an equivalent replacement because it discards location intent; keep 404 and do not mass-redirect.",GSC export 2026-06-21; last crawl 2026-06-12; dist=false; sitemap=false; noindex=n/a; internal_links=0; no matching page-level performance row; template=none found,medium,P3,none,false
https://ร้านรับซื้อโน๊ตบุ๊ค.com/รับซื้อโน๊ตบุ๊ค/สระบุรี/macbook-pro-16/,Not found (404),P04_LOCATION_X_MODEL,404 expected,false,false,false,,location_x_attribute,sell notebook in สระบุรี by macbook-pro-16 attribute,https://ร้านรับซื้อโน๊ตบุ๊ค.com/รับซื้อโน๊ตบุ๊ค/macbook-pro-16/,medium,KEEP_404,"A generic attribute page exists, but it is not an equivalent replacement because it discards location intent; keep 404 and do not mass-redirect.",GSC export 2026-06-21; last crawl 2026-06-12; dist=false; sitemap=false; noindex=n/a; internal_links=0; no matching page-level performance row; template=none found,medium,P3,none,false
https://ร้านรับซื้อโน๊ตบุ๊ค.com/รับซื้อโน๊ตบุ๊ค/บางนา/lenovo-yoga/,Not found (404),P04_LOCATION_X_MODEL,404 expected,false,false,false,,location_x_attribute,sell notebook in บางนา by lenovo-yoga attribute,https://ร้านรับซื้อโน๊ตบุ๊ค.com/รับซื้อโน๊ตบุ๊ค/lenovo-yoga/,medium,KEEP_404,"A generic attribute page exists, but it is not an equivalent replacement because it discards location intent; keep 404 and do not mass-redirect.",GSC export 2026-06-21; last crawl 2026-06-12; dist=false; sitemap=false; noindex=n/a; internal_links=0; no matching page-level performance row; template=none found,medium,P3,none,false
https://ร้านรับซื้อโน๊ตบุ๊ค.com/รับซื้อโน๊ตบุ๊ค/เชียงราย/hp-victus-15/,Not found (404),P04_LOCATION_X_MODEL,404 expected,false,false,false,,location_x_attribute,sell notebook in เชียงราย by hp-victus-15 attribute,https://ร้านรับซื้อโน๊ตบุ๊ค.com/รับซื้อโน๊ตบุ๊ค/hp-victus-15/,medium,KEEP_404,"A generic attribute page exists, but it is not an equivalent replacement because it discards location intent; keep 404 and do not mass-redirect.",GSC export 2026-06-21; last crawl 2026-06-12; dist=false; sitemap=false; noindex=n/a; internal_links=0; no matching page-level performance row; template=none found,medium,P3,none,false
https://ร้านรับซื้อโน๊ตบุ๊ค.com/รับซื้อโน๊ตบุ๊ค/อำนาจเจริญ/dell-g15-g16/,Not found (404),P04_LOCATION_X_MODEL,404 expected,false,false,false,,location_x_attribute,sell notebook in อำนาจเจริญ by dell-g15-g16 attribute,https://ร้านรับซื้อโน๊ตบุ๊ค.com/รับซื้อโน๊ตบุ๊ค/dell-g15-g16/,medium,KEEP_404,"A generic attribute page exists, but it is not an equivalent replacement because it discards location intent; keep 404 and do not mass-redirect.",GSC export 2026-06-21; last crawl 2026-06-12; dist=false; sitemap=false; noindex=n/a; internal_links=0; no matching page-level performance row; template=none found,medium,P3,none,false
https://ร้านรับซื้อโน๊ตบุ๊ค.com/รับซื้อโน๊ตบุ๊ค/ระยอง/บลูทูธใช้ไม่ได้/,Not found (404),P04_LOCATION_X_MODEL,404 expected,false,false,false,,location_x_attribute,sell notebook in ระยอง by บลูทูธใช้ไม่ได้ attribute,https://ร้านรับซื้อโน๊ตบุ๊ค.com/รับซื้อโน๊ตบุ๊ค/บลูทูธใช้ไม่ได้/,medium,KEEP_404,"A generic attribute page exists, but it is not an equivalent replacement because it discards location intent; keep 404 and do not mass-redirect.",GSC export 2026-06-21; last crawl 2026-06-12; dist=false; sitemap=false; noindex=n/a; internal_links=0; no matching page-level performance row; template=none found,medium,P3,none,false
https://ร้านรับซื้อโน๊ตบุ๊ค.com/รับซื้อโน๊ตบุ๊ค/กาญจนบุรี/alienware-m16/,Not found (404),P04_LOCATION_X_MODEL,404 expected,false,false,false,,location_x_attribute,sell notebook in กาญจนบุรี by alienware-m16 attribute,https://ร้านรับซื้อโน๊ตบุ๊ค.com/รับซื้อโน๊ตบุ๊ค/alienware-m16/,medium,KEEP_404,"A generic attribute page exists, but it is not an equivalent replacement because it discards location intent; keep 404 and do not mass-redirect.",GSC export 2026-06-21; last crawl 2026-06-12; dist=false; sitemap=false; noindex=n/a; internal_links=0; no matching page-level performance row; template=none found,medium,P3,none,false
https://ร้านรับซื้อโน๊ตบุ๊ค.com/รับซื้อโน๊ตบุ๊ค/รามคำแหง/พัดลมดัง/,Not found (404),P04_LOCATION_X_MODEL,404 expected,false,false,false,,location_x_attribute,sell notebook in รามคำแหง by พัดลมดัง attribute,https://ร้านรับซื้อโน๊ตบุ๊ค.com/รับซื้อโน๊ตบุ๊ค/พัดลมดัง/,medium,KEEP_404,"A generic attribute page exists, but it is not an equivalent replacement because it discards location intent; keep 404 and do not mass-redirect.",GSC export 2026-06-21; last crawl 2026-06-12; dist=false; sitemap=false; noindex=n/a; internal_links=0; no matching page-level performance row; template=none found,medium,P3,none,false
https://ร้านรับซื้อโน๊ตบุ๊ค.com/รับซื้อโน๊ตบุ๊ค/เชียงราย/alienware-m16/,Not found (404),P04_LOCATION_X_MODEL,404 expected,false,false,false,,location_x_attribute,sell notebook in เชียงราย by alienware-m16 attribute,https://ร้านรับซื้อโน๊ตบุ๊ค.com/รับซื้อโน๊ตบุ๊ค/alienware-m16/,medium,KEEP_404,"A generic attribute page exists, but it is not an equivalent replacement because it discards location intent; keep 404 and do not mass-redirect.",GSC export 2026-06-21; last crawl 2026-06-12; dist=false; sitemap=false; noindex=n/a; internal_links=0; no matching page-level performance row; template=none found,medium,P3,none,false
https://ร้านรับซื้อโน๊ตบุ๊ค.com/รับซื้อโน๊ตบุ๊ค/พัทลุง/lenovo-loq-15-16/,Not found (404),P04_LOCATION_X_MODEL,404 expected,false,false,false,,location_x_attribute,sell notebook in พัทลุง by lenovo-loq-15-16 attribute,https://ร้านรับซื้อโน๊ตบุ๊ค.com/รับซื้อโน๊ตบุ๊ค/lenovo-loq-15-16/,medium,KEEP_404,"A generic attribute page exists, but it is not an equivalent replacement because it discards location intent; keep 404 and do not mass-redirect.",GSC export 2026-06-21; last crawl 2026-06-12; dist=false; sitemap=false; noindex=n/a; internal_links=0; no matching page-level performance row; template=none found,medium,P3,none,false
https://ร้านรับซื้อโน๊ตบุ๊ค.com/รับซื้อโน๊ตบุ๊ค/ภูเก็ต/lenovo-ideapad-3-5/,Not found (404),P04_LOCATION_X_MODEL,404 expected,false,false,false,,location_x_attribute,sell notebook in ภูเก็ต by lenovo-ideapad-3-5 attribute,https://ร้านรับซื้อโน๊ตบุ๊ค.com/รับซื้อโน๊ตบุ๊ค/lenovo-ideapad-3-5/,medium,KEEP_404,"A generic attribute page exists, but it is not an equivalent replacement because it discards location intent; keep 404 and do not mass-redirect.",GSC export 2026-06-21; last crawl 2026-06-12; dist=false; sitemap=false; noindex=n/a; internal_links=0; no matching page-level performance row; template=none found,medium,P3,none,false
https://ร้านรับซื้อโน๊ตบุ๊ค.com/รับซื้อโน๊ตบุ๊ค/มหาสารคาม/asus-tuf-a15-f15/,Not found (404),P04_LOCATION_X_MODEL,404 expected,false,false,false,,location_x_attribute,sell notebook in มหาสารคาม by asus-tuf-a15-f15 attribute,https://ร้านรับซื้อโน๊ตบุ๊ค.com/รับซื้อโน๊ตบุ๊ค/asus-tuf-a15-f15/,medium,KEEP_404,"A generic attribute page exists, but it is not an equivalent replacement because it discards location intent; keep 404 and do not mass-redirect.",GSC export 2026-06-21; last crawl 2026-06-12; dist=false; sitemap=false; noindex=n/a; internal_links=0; no matching page-level performance row; template=none found,medium,P3,none,false
https://ร้านรับซื้อโน๊ตบุ๊ค.com/รับซื้อโน๊ตบุ๊ค/ชลบุรี/hp-probook/,Not found (404),P04_LOCATION_X_MODEL,404 expected,false,false,false,,location_x_attribute,sell notebook in ชลบุรี by hp-probook attribute,https://ร้านรับซื้อโน๊ตบุ๊ค.com/รับซื้อโน๊ตบุ๊ค/hp-probook/,medium,KEEP_404,"A generic attribute page exists, but it is not an equivalent replacement because it discards location intent; keep 404 and do not mass-redirect.",GSC export 2026-06-21; last crawl 2026-06-12; dist=false; sitemap=false; noindex=n/a; internal_links=0; no matching page-level performance row; template=none found,medium,P3,none,false
https://ร้านรับซื้อโน๊ตบุ๊ค.com/รับซื้อโน๊ตบุ๊ค/กระบี่/msi-raider-18/,Not found (404),P04_LOCATION_X_MODEL,404 expected,false,false,false,,location_x_attribute,sell notebook in กระบี่ by msi-raider-18 attribute,https://ร้านรับซื้อโน๊ตบุ๊ค.com/รับซื้อโน๊ตบุ๊ค/msi-raider-18/,medium,KEEP_404,"A generic attribute page exists, but it is not an equivalent replacement because it discards location intent; keep 404 and do not mass-redirect.",GSC export 2026-06-21; last crawl 2026-06-12; dist=false; sitemap=false; noindex=n/a; internal_links=0; no matching page-level performance row; template=none found,medium,P3,none,false
https://ร้านรับซื้อโน๊ตบุ๊ค.com/รับซื้อโน๊ตบุ๊ค/บางนา/macbook-battery-health/,Not found (404),P04_LOCATION_X_MODEL,404 expected,false,false,false,,location_x_attribute,sell notebook in บางนา by macbook-battery-health attribute,https://ร้านรับซื้อโน๊ตบุ๊ค.com/รับซื้อโน๊ตบุ๊ค/macbook-battery-health/,medium,KEEP_404,"A generic attribute page exists, but it is not an equivalent replacement because it discards location intent; keep 404 and do not mass-redirect.",GSC export 2026-06-21; last crawl 2026-06-12; dist=false; sitemap=false; noindex=n/a; internal_links=0; no matching page-level performance row; template=none found,medium,P3,none,false
https://ร้านรับซื้อโน๊ตบุ๊ค.com/รับซื้อโน๊ตบุ๊ค/เพชรบุรี/lenovo-yoga/,Not found (404),P04_LOCATION_X_MODEL,404 expected,false,false,false,,location_x_attribute,sell notebook in เพชรบุรี by lenovo-yoga attribute,https://ร้านรับซื้อโน๊ตบุ๊ค.com/รับซื้อโน๊ตบุ๊ค/lenovo-yoga/,medium,KEEP_404,"A generic attribute page exists, but it is not an equivalent replacement because it discards location intent; keep 404 and do not mass-redirect.",GSC export 2026-06-21; last crawl 2026-06-12; dist=false; sitemap=false; noindex=n/a; internal_links=0; no matching page-level performance row; template=none found,medium,P3,none,false
https://ร้านรับซื้อโน๊ตบุ๊ค.com/รับซื้อโน๊ตบุ๊ค/บางนา/asus-rog-strix/,Not found (404),P04_LOCATION_X_MODEL,404 expected,false,false,false,,location_x_attribute,sell notebook in บางนา by asus-rog-strix attribute,https://ร้านรับซื้อโน๊ตบุ๊ค.com/รับซื้อโน๊ตบุ๊ค/asus-rog-strix/,medium,KEEP_404,"A generic attribute page exists, but it is not an equivalent replacement because it discards location intent; keep 404 and do not mass-redirect.",GSC export 2026-06-21; last crawl 2026-06-12; dist=false; sitemap=false; noindex=n/a; internal_links=0; no matching page-level performance row; template=none found,medium,P3,none,false
https://ร้านรับซื้อโน๊ตบุ๊ค.com/รับซื้อโน๊ตบุ๊ค/พังงา/ค้างบ่อย/,Not found (404),P04_LOCATION_X_MODEL,404 expected,false,false,false,,location_x_attribute,sell notebook in พังงา by ค้างบ่อย attribute,https://ร้านรับซื้อโน๊ตบุ๊ค.com/รับซื้อโน๊ตบุ๊ค/ค้างบ่อย/,medium,KEEP_404,"A generic attribute page exists, but it is not an equivalent replacement because it discards location intent; keep 404 and do not mass-redirect.",GSC export 2026-06-21; last crawl 2026-06-12; dist=false; sitemap=false; noindex=n/a; internal_links=0; no matching page-level performance row; template=none found,medium,P3,none,false
https://ร้านรับซื้อโน๊ตบุ๊ค.com/รับซื้อโน๊ตบุ๊ค/เลย/พอร์ต-usb-เสีย/,Not found (404),P03_LOCATION_X_CONDITION,404 expected,false,false,false,,location_x_attribute,sell notebook in เลย by พอร์ต-usb-เสีย attribute,https://ร้านรับซื้อโน๊ตบุ๊ค.com/รับซื้อโน๊ตบุ๊ค/พอร์ต-usb-เสีย/,medium,KEEP_404,"A generic attribute page exists, but it is not an equivalent replacement because it discards location intent; keep 404 and do not mass-redirect.",GSC export 2026-06-21; last crawl 2026-06-12; dist=false; sitemap=false; noindex=n/a; internal_links=0; no matching page-level performance row; template=none found,medium,P3,none,false
https://ร้านรับซื้อโน๊ตบุ๊ค.com/รับซื้อโน๊ตบุ๊ค/ชุมพร/macbook-air-15/,Not found (404),P04_LOCATION_X_MODEL,404 expected,false,false,false,,location_x_attribute,sell notebook in ชุมพร by macbook-air-15 attribute,https://ร้านรับซื้อโน๊ตบุ๊ค.com/รับซื้อโน๊ตบุ๊ค/macbook-air-15/,medium,KEEP_404,"A generic attribute page exists, but it is not an equivalent replacement because it discards location intent; keep 404 and do not mass-redirect.",GSC export 2026-06-21; last crawl 2026-06-12; dist=false; sitemap=false; noindex=n/a; internal_links=0; no matching page-level performance row; template=none found,medium,P3,none,false
https://ร้านรับซื้อโน๊ตบุ๊ค.com/รับซื้อโน๊ตบุ๊ค/ยโสธร/hp-victus-16/,Not found (404),P04_LOCATION_X_MODEL,404 expected,false,false,false,,location_x_attribute,sell notebook in ยโสธร by hp-victus-16 attribute,https://ร้านรับซื้อโน๊ตบุ๊ค.com/รับซื้อโน๊ตบุ๊ค/hp-victus-16/,medium,KEEP_404,"A generic attribute page exists, but it is not an equivalent replacement because it discards location intent; keep 404 and do not mass-redirect.",GSC export 2026-06-21; last crawl 2026-06-12; dist=false; sitemap=false; noindex=n/a; internal_links=0; no matching page-level performance row; template=none found,medium,P3,none,false
https://ร้านรับซื้อโน๊ตบุ๊ค.com/รับซื้อโน๊ตบุ๊ค/ชัยนาท/บลูทูธใช้ไม่ได้/,Not found (404),P04_LOCATION_X_MODEL,404 expected,false,false,false,,location_x_attribute,sell notebook in ชัยนาท by บลูทูธใช้ไม่ได้ attribute,https://ร้านรับซื้อโน๊ตบุ๊ค.com/รับซื้อโน๊ตบุ๊ค/บลูทูธใช้ไม่ได้/,medium,KEEP_404,"A generic attribute page exists, but it is not an equivalent replacement because it discards location intent; keep 404 and do not mass-redirect.",GSC export 2026-06-21; last crawl 2026-06-12; dist=false; sitemap=false; noindex=n/a; internal_links=0; no matching page-level performance row; template=none found,medium,P3,none,false
https://ร้านรับซื้อโน๊ตบุ๊ค.com/รับซื้อโน๊ตบุ๊ค/ลาดพร้าว/hp-omen-17/,Not found (404),P04_LOCATION_X_MODEL,404 expected,false,false,false,,location_x_attribute,sell notebook in ลาดพร้าว by hp-omen-17 attribute,https://ร้านรับซื้อโน๊ตบุ๊ค.com/รับซื้อโน๊ตบุ๊ค/hp-omen-17/,medium,KEEP_404,"A generic attribute page exists, but it is not an equivalent replacement because it discards location intent; keep 404 and do not mass-redirect.",GSC export 2026-06-21; last crawl 2026-06-12; dist=false; sitemap=false; noindex=n/a; internal_links=0; no matching page-level performance row; template=none found,medium,P3,none,false
https://ร้านรับซื้อโน๊ตบุ๊ค.com/รับซื้อโน๊ตบุ๊ค/ภูเก็ต/acer-travelmate/,Not found (404),P04_LOCATION_X_MODEL,404 expected,false,false,false,,location_x_attribute,sell notebook in ภูเก็ต by acer-travelmate attribute,https://ร้านรับซื้อโน๊ตบุ๊ค.com/รับซื้อโน๊ตบุ๊ค/acer-travelmate/,medium,KEEP_404,"A generic attribute page exists, but it is not an equivalent replacement because it discards location intent; keep 404 and do not mass-redirect.",GSC export 2026-06-21; last crawl 2026-06-12; dist=false; sitemap=false; noindex=n/a; internal_links=0; no matching page-level performance row; template=none found,medium,P3,none,false
https://ร้านรับซื้อโน๊ตบุ๊ค.com/รับซื้อโน๊ตบุ๊ค/ประจวบคีรีขันธ์/macbook-pro-m1/,Not found (404),P04_LOCATION_X_MODEL,404 expected,false,false,false,,location_x_attribute,sell notebook in ประจวบคีรีขันธ์ by macbook-pro-m1 attribute,https://ร้านรับซื้อโน๊ตบุ๊ค.com/รับซื้อโน๊ตบุ๊ค/macbook-pro-m1/,medium,KEEP_404,"A generic attribute page exists, but it is not an equivalent replacement because it discards location intent; keep 404 and do not mass-redirect.",GSC export 2026-06-21; last crawl 2026-06-12; dist=false; sitemap=false; noindex=n/a; internal_links=0; no matching page-level performance row; template=none found,medium,P3,none,false
https://ร้านรับซื้อโน๊ตบุ๊ค.com/รับซื้อโน๊ตบุ๊ค/บุรีรัมย์/lenovo-legion-pro-7/,Not found (404),P04_LOCATION_X_MODEL,404 expected,false,false,false,,location_x_attribute,sell notebook in บุรีรัมย์ by lenovo-legion-pro-7 attribute,https://ร้านรับซื้อโน๊ตบุ๊ค.com/รับซื้อโน๊ตบุ๊ค/lenovo-legion-pro-7/,medium,KEEP_404,"A generic attribute page exists, but it is not an equivalent replacement because it discards location intent; keep 404 and do not mass-redirect.",GSC export 2026-06-21; last crawl 2026-06-12; dist=false; sitemap=false; noindex=n/a; internal_links=0; no matching page-level performance row; template=none found,medium,P3,none,false
https://ร้านรับซื้อโน๊ตบุ๊ค.com/รับซื้อโน๊ตบุ๊ค/จันทบุรี/hp-elitebook/,Not found (404),P04_LOCATION_X_MODEL,404 expected,false,false,false,,location_x_attribute,sell notebook in จันทบุรี by hp-elitebook attribute,https://ร้านรับซื้อโน๊ตบุ๊ค.com/รับซื้อโน๊ตบุ๊ค/hp-elitebook/,medium,KEEP_404,"A generic attribute page exists, but it is not an equivalent replacement because it discards location intent; keep 404 and do not mass-redirect.",GSC export 2026-06-21; last crawl 2026-06-12; dist=false; sitemap=false; noindex=n/a; internal_links=0; no matching page-level performance row; template=none found,medium,P3,none,false
https://ร้านรับซื้อโน๊ตบุ๊ค.com/รับซื้อโน๊ตบุ๊ค/นครราชสีมา/บอดี้แตก/,Not found (404),P03_LOCATION_X_CONDITION,404 expected,false,false,false,,location_x_attribute,sell notebook in นครราชสีมา by บอดี้แตก attribute,https://ร้านรับซื้อโน๊ตบุ๊ค.com/รับซื้อโน๊ตบุ๊ค/บอดี้แตก/,medium,KEEP_404,"A generic attribute page exists, but it is not an equivalent replacement because it discards location intent; keep 404 and do not mass-redirect.",GSC export 2026-06-21; last crawl 2026-06-12; dist=false; sitemap=false; noindex=n/a; internal_links=0; no matching page-level performance row; template=none found,medium,P3,none,false
https://ร้านรับซื้อโน๊ตบุ๊ค.com/รับซื้อโน๊ตบุ๊ค/ลพบุรี/surface-laptop-go/,Not found (404),P04_LOCATION_X_MODEL,404 expected,false,false,false,,location_x_attribute,sell notebook in ลพบุรี by surface-laptop-go attribute,https://ร้านรับซื้อโน๊ตบุ๊ค.com/รับซื้อโน๊ตบุ๊ค/surface-laptop-go/,medium,KEEP_404,"A generic attribute page exists, but it is not an equivalent replacement because it discards location intent; keep 404 and do not mass-redirect.",GSC export 2026-06-21; last crawl 2026-06-12; dist=false; sitemap=false; noindex=n/a; internal_links=0; no matching page-level performance row; template=none found,medium,P3,none,false
https://ร้านรับซื้อโน๊ตบุ๊ค.com/รับซื้อโน๊ตบุ๊ค/พัทลุง/macbook-battery-health/,Not found (404),P04_LOCATION_X_MODEL,404 expected,false,false,false,,location_x_attribute,sell notebook in พัทลุง by macbook-battery-health attribute,https://ร้านรับซื้อโน๊ตบุ๊ค.com/รับซื้อโน๊ตบุ๊ค/macbook-battery-health/,medium,KEEP_404,"A generic attribute page exists, but it is not an equivalent replacement because it discards location intent; keep 404 and do not mass-redirect.",GSC export 2026-06-21; last crawl 2026-06-12; dist=false; sitemap=false; noindex=n/a; internal_links=0; no matching page-level performance row; template=none found,medium,P3,none,false
https://ร้านรับซื้อโน๊ตบุ๊ค.com/รับซื้อโน๊ตบุ๊ค/ลำพูน/thinkpad-e14-e15/,Not found (404),P04_LOCATION_X_MODEL,404 expected,false,false,false,,location_x_attribute,sell notebook in ลำพูน by thinkpad-e14-e15 attribute,https://ร้านรับซื้อโน๊ตบุ๊ค.com/รับซื้อโน๊ตบุ๊ค/thinkpad-e14-e15/,medium,KEEP_404,"A generic attribute page exists, but it is not an equivalent replacement because it discards location intent; keep 404 and do not mass-redirect.",GSC export 2026-06-21; last crawl 2026-06-12; dist=false; sitemap=false; noindex=n/a; internal_links=0; no matching page-level performance row; template=none found,medium,P3,none,false
https://ร้านรับซื้อโน๊ตบุ๊ค.com/รับซื้อโน๊ตบุ๊ค/หนองบัวลำภู/acer-predator-neo/,Not found (404),P04_LOCATION_X_MODEL,404 expected,false,false,false,,location_x_attribute,sell notebook in หนองบัวลำภู by acer-predator-neo attribute,https://ร้านรับซื้อโน๊ตบุ๊ค.com/รับซื้อโน๊ตบุ๊ค/acer-predator-neo/,medium,KEEP_404,"A generic attribute page exists, but it is not an equivalent replacement because it discards location intent; keep 404 and do not mass-redirect.",GSC export 2026-06-21; last crawl 2026-06-12; dist=false; sitemap=false; noindex=n/a; internal_links=0; no matching page-level performance row; template=none found,medium,P3,none,false
https://ร้านรับซื้อโน๊ตบุ๊ค.com/รับซื้อโน๊ตบุ๊ค/อุบลราชธานี/macbook-air-m5/,Not found (404),P04_LOCATION_X_MODEL,404 expected,false,false,false,,location_x_attribute,sell notebook in อุบลราชธานี by macbook-air-m5 attribute,https://ร้านรับซื้อโน๊ตบุ๊ค.com/รับซื้อโน๊ตบุ๊ค/macbook-air-m5/,medium,KEEP_404,"A generic attribute page exists, but it is not an equivalent replacement because it discards location intent; keep 404 and do not mass-redirect.",GSC export 2026-06-21; last crawl 2026-06-12; dist=false; sitemap=false; noindex=n/a; internal_links=0; no matching page-level performance row; template=none found,medium,P3,none,false
https://ร้านรับซื้อโน๊ตบุ๊ค.com/รับซื้อโน๊ตบุ๊ค/กระบี่/macbook-cycle-count/,Not found (404),P04_LOCATION_X_MODEL,404 expected,false,false,false,,location_x_attribute,sell notebook in กระบี่ by macbook-cycle-count attribute,https://ร้านรับซื้อโน๊ตบุ๊ค.com/รับซื้อโน๊ตบุ๊ค/macbook-cycle-count/,medium,KEEP_404,"A generic attribute page exists, but it is not an equivalent replacement because it discards location intent; keep 404 and do not mass-redirect.",GSC export 2026-06-21; last crawl 2026-06-12; dist=false; sitemap=false; noindex=n/a; internal_links=0; no matching page-level performance row; template=none found,medium,P3,none,false
https://ร้านรับซื้อโน๊ตบุ๊ค.com/รับซื้อโน๊ตบุ๊ค/น่าน/dell-vostro/,Not found (404),P04_LOCATION_X_MODEL,404 expected,false,false,false,,location_x_attribute,sell notebook in น่าน by dell-vostro attribute,https://ร้านรับซื้อโน๊ตบุ๊ค.com/รับซื้อโน๊ตบุ๊ค/dell-vostro/,medium,KEEP_404,"A generic attribute page exists, but it is not an equivalent replacement because it discards location intent; keep 404 and do not mass-redirect.",GSC export 2026-06-21; last crawl 2026-06-12; dist=false; sitemap=false; noindex=n/a; internal_links=0; no matching page-level performance row; template=none found,medium,P3,none,false
https://ร้านรับซื้อโน๊ตบุ๊ค.com/รับซื้อโน๊ตบุ๊ค/ระนอง/acer-travelmate/,Not found (404),P04_LOCATION_X_MODEL,404 expected,false,false,false,,location_x_attribute,sell notebook in ระนอง by acer-travelmate attribute,https://ร้านรับซื้อโน๊ตบุ๊ค.com/รับซื้อโน๊ตบุ๊ค/acer-travelmate/,medium,KEEP_404,"A generic attribute page exists, but it is not an equivalent replacement because it discards location intent; keep 404 and do not mass-redirect.",GSC export 2026-06-21; last crawl 2026-06-12; dist=false; sitemap=false; noindex=n/a; internal_links=0; no matching page-level performance row; template=none found,medium,P3,none,false
https://ร้านรับซื้อโน๊ตบุ๊ค.com/รับซื้อโน๊ตบุ๊ค/อำนาจเจริญ/macbook-air-m2/,Not found (404),P04_LOCATION_X_MODEL,404 expected,false,false,false,,location_x_attribute,sell notebook in อำนาจเจริญ by macbook-air-m2 attribute,https://ร้านรับซื้อโน๊ตบุ๊ค.com/รับซื้อโน๊ตบุ๊ค/macbook-air-m2/,medium,KEEP_404,"A generic attribute page exists, but it is not an equivalent replacement because it discards location intent; keep 404 and do not mass-redirect.",GSC export 2026-06-21; last crawl 2026-06-12; dist=false; sitemap=false; noindex=n/a; internal_links=0; no matching page-level performance row; template=none found,medium,P3,none,false
https://ร้านรับซื้อโน๊ตบุ๊ค.com/รับซื้อโน๊ตบุ๊ค/อยุธยา/alienware-x16/,Not found (404),P04_LOCATION_X_MODEL,404 expected,false,false,false,,location_x_attribute,sell notebook in อยุธยา by alienware-x16 attribute,https://ร้านรับซื้อโน๊ตบุ๊ค.com/รับซื้อโน๊ตบุ๊ค/alienware-x16/,medium,KEEP_404,"A generic attribute page exists, but it is not an equivalent replacement because it discards location intent; keep 404 and do not mass-redirect.",GSC export 2026-06-21; last crawl 2026-06-12; dist=false; sitemap=false; noindex=n/a; internal_links=0; no matching page-level performance row; template=none found,medium,P3,none,false
https://ร้านรับซื้อโน๊ตบุ๊ค.com/รับซื้อโน๊ตบุ๊ค/ลพบุรี/macbook-pro-m4/,Not found (404),P04_LOCATION_X_MODEL,404 expected,false,false,false,,location_x_attribute,sell notebook in ลพบุรี by macbook-pro-m4 attribute,https://ร้านรับซื้อโน๊ตบุ๊ค.com/รับซื้อโน๊ตบุ๊ค/macbook-pro-m4/,medium,KEEP_404,"A generic attribute page exists, but it is not an equivalent replacement because it discards location intent; keep 404 and do not mass-redirect.",GSC export 2026-06-21; last crawl 2026-06-12; dist=false; sitemap=false; noindex=n/a; internal_links=0; no matching page-level performance row; template=none found,medium,P3,none,false
https://ร้านรับซื้อโน๊ตบุ๊ค.com/รับซื้อโน๊ตบุ๊ค/สุราษฎร์ธานี/acer-predator-triton/,Not found (404),P04_LOCATION_X_MODEL,404 expected,false,false,false,,location_x_attribute,sell notebook in สุราษฎร์ธานี by acer-predator-triton attribute,https://ร้านรับซื้อโน๊ตบุ๊ค.com/รับซื้อโน๊ตบุ๊ค/acer-predator-triton/,medium,KEEP_404,"A generic attribute page exists, but it is not an equivalent replacement because it discards location intent; keep 404 and do not mass-redirect.",GSC export 2026-06-21; last crawl 2026-06-12; dist=false; sitemap=false; noindex=n/a; internal_links=0; no matching page-level performance row; template=none found,medium,P3,none,false
https://ร้านรับซื้อโน๊ตบุ๊ค.com/รับซื้อโน๊ตบุ๊ค/ปราจีนบุรี/macbook-charge-port/,Not found (404),P04_LOCATION_X_MODEL,404 expected,false,false,false,,location_x_attribute,sell notebook in ปราจีนบุรี by macbook-charge-port attribute,https://ร้านรับซื้อโน๊ตบุ๊ค.com/รับซื้อโน๊ตบุ๊ค/macbook-charge-port/,medium,KEEP_404,"A generic attribute page exists, but it is not an equivalent replacement because it discards location intent; keep 404 and do not mass-redirect.",GSC export 2026-06-21; last crawl 2026-06-12; dist=false; sitemap=false; noindex=n/a; internal_links=0; no matching page-level performance row; template=none found,medium,P3,none,false
https://ร้านรับซื้อโน๊ตบุ๊ค.com/รับซื้อโน๊ตบุ๊ค/สระแก้ว/asus-rog-strix/,Not found (404),P04_LOCATION_X_MODEL,404 expected,false,false,false,,location_x_attribute,sell notebook in สระแก้ว by asus-rog-strix attribute,https://ร้านรับซื้อโน๊ตบุ๊ค.com/รับซื้อโน๊ตบุ๊ค/asus-rog-strix/,medium,KEEP_404,"A generic attribute page exists, but it is not an equivalent replacement because it discards location intent; keep 404 and do not mass-redirect.",GSC export 2026-06-21; last crawl 2026-06-12; dist=false; sitemap=false; noindex=n/a; internal_links=0; no matching page-level performance row; template=none found,medium,P3,none,false
https://ร้านรับซื้อโน๊ตบุ๊ค.com/รับซื้อโน๊ตบุ๊ค/นราธิวาส/wifi-ไม่ติด/,Not found (404),P03_LOCATION_X_CONDITION,404 expected,false,false,false,,location_x_attribute,sell notebook in นราธิวาส by wifi-ไม่ติด attribute,https://ร้านรับซื้อโน๊ตบุ๊ค.com/รับซื้อโน๊ตบุ๊ค/wifi-ไม่ติด/,medium,KEEP_404,"A generic attribute page exists, but it is not an equivalent replacement because it discards location intent; keep 404 and do not mass-redirect.",GSC export 2026-06-21; last crawl 2026-06-12; dist=false; sitemap=false; noindex=n/a; internal_links=0; no matching page-level performance row; template=none found,medium,P3,none,false
https://ร้านรับซื้อโน๊ตบุ๊ค.com/รับซื้อโน๊ตบุ๊ค/บุรีรัมย์/ร้อนจัดดับเอง/,Not found (404),P03_LOCATION_X_CONDITION,404 expected,false,false,false,,location_x_attribute,sell notebook in บุรีรัมย์ by ร้อนจัดดับเอง attribute,https://ร้านรับซื้อโน๊ตบุ๊ค.com/รับซื้อโน๊ตบุ๊ค/ร้อนจัดดับเอง/,medium,KEEP_404,"A generic attribute page exists, but it is not an equivalent replacement because it discards location intent; keep 404 and do not mass-redirect.",GSC export 2026-06-21; last crawl 2026-06-12; dist=false; sitemap=false; noindex=n/a; internal_links=0; no matching page-level performance row; template=none found,medium,P3,none,false
https://ร้านรับซื้อโน๊ตบุ๊ค.com/รับซื้อโน๊ตบุ๊ค/นครราชสีมา/dell-vostro/,Not found (404),P04_LOCATION_X_MODEL,404 expected,false,false,false,,location_x_attribute,sell notebook in นครราชสีมา by dell-vostro attribute,https://ร้านรับซื้อโน๊ตบุ๊ค.com/รับซื้อโน๊ตบุ๊ค/dell-vostro/,medium,KEEP_404,"A generic attribute page exists, but it is not an equivalent replacement because it discards location intent; keep 404 and do not mass-redirect.",GSC export 2026-06-21; last crawl 2026-06-12; dist=false; sitemap=false; noindex=n/a; internal_links=0; no matching page-level performance row; template=none found,medium,P3,none,false
https://ร้านรับซื้อโน๊ตบุ๊ค.com/รับซื้อโน๊ตบุ๊ค/สุรินทร์/ร้อนจัดดับเอง/,Not found (404),P03_LOCATION_X_CONDITION,404 expected,false,false,false,,location_x_attribute,sell notebook in สุรินทร์ by ร้อนจัดดับเอง attribute,https://ร้านรับซื้อโน๊ตบุ๊ค.com/รับซื้อโน๊ตบุ๊ค/ร้อนจัดดับเอง/,medium,KEEP_404,"A generic attribute page exists, but it is not an equivalent replacement because it discards location intent; keep 404 and do not mass-redirect.",GSC export 2026-06-21; last crawl 2026-06-12; dist=false; sitemap=false; noindex=n/a; internal_links=0; no matching page-level performance row; template=none found,medium,P3,none,false
https://ร้านรับซื้อโน๊ตบุ๊ค.com/รับซื้อโน๊ตบุ๊ค/สุพรรณบุรี/macbook-pro-m3/,Not found (404),P04_LOCATION_X_MODEL,404 expected,false,false,false,,location_x_attribute,sell notebook in สุพรรณบุรี by macbook-pro-m3 attribute,https://ร้านรับซื้อโน๊ตบุ๊ค.com/รับซื้อโน๊ตบุ๊ค/macbook-pro-m3/,medium,KEEP_404,"A generic attribute page exists, but it is not an equivalent replacement because it discards location intent; keep 404 and do not mass-redirect.",GSC export 2026-06-21; last crawl 2026-06-12; dist=false; sitemap=false; noindex=n/a; internal_links=0; no matching page-level performance row; template=none found,medium,P3,none,false
https://ร้านรับซื้อโน๊ตบุ๊ค.com/รับซื้อโน๊ตบุ๊ค/น่าน/ค้างบ่อย/,Not found (404),P04_LOCATION_X_MODEL,404 expected,false,false,false,,location_x_attribute,sell notebook in น่าน by ค้างบ่อย attribute,https://ร้านรับซื้อโน๊ตบุ๊ค.com/รับซื้อโน๊ตบุ๊ค/ค้างบ่อย/,medium,KEEP_404,"A generic attribute page exists, but it is not an equivalent replacement because it discards location intent; keep 404 and do not mass-redirect.",GSC export 2026-06-21; last crawl 2026-06-12; dist=false; sitemap=false; noindex=n/a; internal_links=0; no matching page-level performance row; template=none found,medium,P3,none,false
https://ร้านรับซื้อโน๊ตบุ๊ค.com/รับซื้อโน๊ตบุ๊ค/นครนายก/hp-victus-16/,Not found (404),P04_LOCATION_X_MODEL,404 expected,false,false,false,,location_x_attribute,sell notebook in นครนายก by hp-victus-16 attribute,https://ร้านรับซื้อโน๊ตบุ๊ค.com/รับซื้อโน๊ตบุ๊ค/hp-victus-16/,medium,KEEP_404,"A generic attribute page exists, but it is not an equivalent replacement because it discards location intent; keep 404 and do not mass-redirect.",GSC export 2026-06-21; last crawl 2026-06-12; dist=false; sitemap=false; noindex=n/a; internal_links=0; no matching page-level performance row; template=none found,medium,P3,none,false
https://ร้านรับซื้อโน๊ตบุ๊ค.com/รับซื้อโน๊ตบุ๊ค/ชุมพร/พอร์ตแลนเสีย/,Not found (404),P03_LOCATION_X_CONDITION,404 expected,false,false,false,,location_x_attribute,sell notebook in ชุมพร by พอร์ตแลนเสีย attribute,https://ร้านรับซื้อโน๊ตบุ๊ค.com/รับซื้อโน๊ตบุ๊ค/พอร์ตแลนเสีย/,medium,KEEP_404,"A generic attribute page exists, but it is not an equivalent replacement because it discards location intent; keep 404 and do not mass-redirect.",GSC export 2026-06-21; last crawl 2026-06-12; dist=false; sitemap=false; noindex=n/a; internal_links=0; no matching page-level performance row; template=none found,medium,P3,none,false
https://ร้านรับซื้อโน๊ตบุ๊ค.com/รับซื้อโน๊ตบุ๊ค/อยุธยา/lenovo-legion-slim/,Not found (404),P04_LOCATION_X_MODEL,404 expected,false,false,false,,location_x_attribute,sell notebook in อยุธยา by lenovo-legion-slim attribute,https://ร้านรับซื้อโน๊ตบุ๊ค.com/รับซื้อโน๊ตบุ๊ค/lenovo-legion-slim/,medium,KEEP_404,"A generic attribute page exists, but it is not an equivalent replacement because it discards location intent; keep 404 and do not mass-redirect.",GSC export 2026-06-21; last crawl 2026-06-12; dist=false; sitemap=false; noindex=n/a; internal_links=0; no matching page-level performance row; template=none found,medium,P3,none,false
https://ร้านรับซื้อโน๊ตบุ๊ค.com/รับซื้อโน๊ตบุ๊ค/อุทัยธานี/razer/,Not found (404),P04_LOCATION_X_MODEL,404 expected,false,false,false,,location_x_attribute,sell notebook in อุทัยธานี by razer attribute,https://ร้านรับซื้อโน๊ตบุ๊ค.com/รับซื้อโน๊ตบุ๊ค/razer/,medium,KEEP_404,"A generic attribute page exists, but it is not an equivalent replacement because it discards location intent; keep 404 and do not mass-redirect.",GSC export 2026-06-21; last crawl 2026-06-12; dist=false; sitemap=false; noindex=n/a; internal_links=0; no matching page-level performance row; template=none found,medium,P3,none,false
https://ร้านรับซื้อโน๊ตบุ๊ค.com/รับซื้อโน๊ตบุ๊ค/สุพรรณบุรี/ช่องหูฟังเสีย/,Not found (404),P03_LOCATION_X_CONDITION,404 expected,false,false,false,,location_x_attribute,sell notebook in สุพรรณบุรี by ช่องหูฟังเสีย attribute,https://ร้านรับซื้อโน๊ตบุ๊ค.com/รับซื้อโน๊ตบุ๊ค/ช่องหูฟังเสีย/,medium,KEEP_404,"A generic attribute page exists, but it is not an equivalent replacement because it discards location intent; keep 404 and do not mass-redirect.",GSC export 2026-06-21; last crawl 2026-06-12; dist=false; sitemap=false; noindex=n/a; internal_links=0; no matching page-level performance row; template=none found,medium,P3,none,false
https://ร้านรับซื้อโน๊ตบุ๊ค.com/รับซื้อโน๊ตบุ๊ค/สมุทรสาคร/gigabyte-aorus/,Not found (404),P04_LOCATION_X_MODEL,404 expected,false,false,false,,location_x_attribute,sell notebook in สมุทรสาคร by gigabyte-aorus attribute,https://ร้านรับซื้อโน๊ตบุ๊ค.com/รับซื้อโน๊ตบุ๊ค/gigabyte-aorus/,medium,KEEP_404,"A generic attribute page exists, but it is not an equivalent replacement because it discards location intent; keep 404 and do not mass-redirect.",GSC export 2026-06-21; last crawl 2026-06-12; dist=false; sitemap=false; noindex=n/a; internal_links=0; no matching page-level performance row; template=none found,medium,P3,none,false
https://ร้านรับซื้อโน๊ตบุ๊ค.com/รับซื้อโน๊ตบุ๊ค/มุกดาหาร/macbook-keyboard-issue/,Not found (404),P04_LOCATION_X_MODEL,404 expected,false,false,false,,location_x_attribute,sell notebook in มุกดาหาร by macbook-keyboard-issue attribute,https://ร้านรับซื้อโน๊ตบุ๊ค.com/รับซื้อโน๊ตบุ๊ค/macbook-keyboard-issue/,medium,KEEP_404,"A generic attribute page exists, but it is not an equivalent replacement because it discards location intent; keep 404 and do not mass-redirect.",GSC export 2026-06-21; last crawl 2026-06-12; dist=false; sitemap=false; noindex=n/a; internal_links=0; no matching page-level performance row; template=none found,medium,P3,none,false
https://ร้านรับซื้อโน๊ตบุ๊ค.com/รับซื้อโน๊ตบุ๊ค/ภูเก็ต/พัดลมดัง/,Not found (404),P04_LOCATION_X_MODEL,404 expected,false,false,false,,location_x_attribute,sell notebook in ภูเก็ต by พัดลมดัง attribute,https://ร้านรับซื้อโน๊ตบุ๊ค.com/รับซื้อโน๊ตบุ๊ค/พัดลมดัง/,medium,KEEP_404,"A generic attribute page exists, but it is not an equivalent replacement because it discards location intent; keep 404 and do not mass-redirect.",GSC export 2026-06-21; last crawl 2026-06-12; dist=false; sitemap=false; noindex=n/a; internal_links=0; no matching page-level performance row; template=none found,medium,P3,none,false
https://ร้านรับซื้อโน๊ตบุ๊ค.com/รับซื้อโน๊ตบุ๊ค/ลำปาง/lenovo-ideapad-3-5/,Not found (404),P04_LOCATION_X_MODEL,404 expected,false,false,false,,location_x_attribute,sell notebook in ลำปาง by lenovo-ideapad-3-5 attribute,https://ร้านรับซื้อโน๊ตบุ๊ค.com/รับซื้อโน๊ตบุ๊ค/lenovo-ideapad-3-5/,medium,KEEP_404,"A generic attribute page exists, but it is not an equivalent replacement because it discards location intent; keep 404 and do not mass-redirect.",GSC export 2026-06-21; last crawl 2026-06-12; dist=false; sitemap=false; noindex=n/a; internal_links=0; no matching page-level performance row; template=none found,medium,P3,none,false
https://ร้านรับซื้อโน๊ตบุ๊ค.com/รับซื้อโน๊ตบุ๊ค/พัทยา/alienware-m18/,Not found (404),P04_LOCATION_X_MODEL,404 expected,false,false,false,,location_x_attribute,sell notebook in พัทยา by alienware-m18 attribute,https://ร้านรับซื้อโน๊ตบุ๊ค.com/รับซื้อโน๊ตบุ๊ค/alienware-m18/,medium,KEEP_404,"A generic attribute page exists, but it is not an equivalent replacement because it discards location intent; keep 404 and do not mass-redirect.",GSC export 2026-06-21; last crawl 2026-06-12; dist=false; sitemap=false; noindex=n/a; internal_links=0; no matching page-level performance row; template=none found,medium,P3,none,false
https://ร้านรับซื้อโน๊ตบุ๊ค.com/รับซื้อโน๊ตบุ๊ค/สกลนคร/lenovo-loq-15-16/,Not found (404),P04_LOCATION_X_MODEL,404 expected,false,false,false,,location_x_attribute,sell notebook in สกลนคร by lenovo-loq-15-16 attribute,https://ร้านรับซื้อโน๊ตบุ๊ค.com/รับซื้อโน๊ตบุ๊ค/lenovo-loq-15-16/,medium,KEEP_404,"A generic attribute page exists, but it is not an equivalent replacement because it discards location intent; keep 404 and do not mass-redirect.",GSC export 2026-06-21; last crawl 2026-06-12; dist=false; sitemap=false; noindex=n/a; internal_links=0; no matching page-level performance row; template=none found,medium,P3,none,false
https://ร้านรับซื้อโน๊ตบุ๊ค.com/รับซื้อโน๊ตบุ๊ค/ขอนแก่น/asus-zephyrus-g16/,Not found (404),P04_LOCATION_X_MODEL,404 expected,false,false,false,,location_x_attribute,sell notebook in ขอนแก่น by asus-zephyrus-g16 attribute,https://ร้านรับซื้อโน๊ตบุ๊ค.com/รับซื้อโน๊ตบุ๊ค/asus-zephyrus-g16/,medium,KEEP_404,"A generic attribute page exists, but it is not an equivalent replacement because it discards location intent; keep 404 and do not mass-redirect.",GSC export 2026-06-21; last crawl 2026-06-12; dist=false; sitemap=false; noindex=n/a; internal_links=0; no matching page-level performance row; template=none found,medium,P3,none,false
https://ร้านรับซื้อโน๊ตบุ๊ค.com/รับซื้อโน๊ตบุ๊ค/นครราชสีมา/samsung-galaxy-book/,Not found (404),P04_LOCATION_X_MODEL,404 expected,false,false,false,,location_x_attribute,sell notebook in นครราชสีมา by samsung-galaxy-book attribute,https://ร้านรับซื้อโน๊ตบุ๊ค.com/รับซื้อโน๊ตบุ๊ค/samsung-galaxy-book/,medium,KEEP_404,"A generic attribute page exists, but it is not an equivalent replacement because it discards location intent; keep 404 and do not mass-redirect.",GSC export 2026-06-21; last crawl 2026-06-12; dist=false; sitemap=false; noindex=n/a; internal_links=0; no matching page-level performance row; template=none found,medium,P3,none,false
https://ร้านรับซื้อโน๊ตบุ๊ค.com/รับซื้อโน๊ตบุ๊ค/อยุธยา/acer-travelmate/,Not found (404),P04_LOCATION_X_MODEL,404 expected,false,false,false,,location_x_attribute,sell notebook in อยุธยา by acer-travelmate attribute,https://ร้านรับซื้อโน๊ตบุ๊ค.com/รับซื้อโน๊ตบุ๊ค/acer-travelmate/,medium,KEEP_404,"A generic attribute page exists, but it is not an equivalent replacement because it discards location intent; keep 404 and do not mass-redirect.",GSC export 2026-06-21; last crawl 2026-06-12; dist=false; sitemap=false; noindex=n/a; internal_links=0; no matching page-level performance row; template=none found,medium,P3,none,false
https://ร้านรับซื้อโน๊ตบุ๊ค.com/รับซื้อโน๊ตบุ๊ค/พระราม2/lg-gram/,Not found (404),P04_LOCATION_X_MODEL,404 expected,false,false,false,,location_x_attribute,sell notebook in พระราม2 by lg-gram attribute,https://ร้านรับซื้อโน๊ตบุ๊ค.com/รับซื้อโน๊ตบุ๊ค/lg-gram/,medium,KEEP_404,"A generic attribute page exists, but it is not an equivalent replacement because it discards location intent; keep 404 and do not mass-redirect.",GSC export 2026-06-21; last crawl 2026-06-12; dist=false; sitemap=false; noindex=n/a; internal_links=0; no matching page-level performance row; template=none found,medium,P3,none,false
https://ร้านรับซื้อโน๊ตบุ๊ค.com/รับซื้อโน๊ตบุ๊ค/บางนา/macbook-pro-16/,Not found (404),P04_LOCATION_X_MODEL,404 expected,false,false,false,,location_x_attribute,sell notebook in บางนา by macbook-pro-16 attribute,https://ร้านรับซื้อโน๊ตบุ๊ค.com/รับซื้อโน๊ตบุ๊ค/macbook-pro-16/,medium,KEEP_404,"A generic attribute page exists, but it is not an equivalent replacement because it discards location intent; keep 404 and do not mass-redirect.",GSC export 2026-06-21; last crawl 2026-06-12; dist=false; sitemap=false; noindex=n/a; internal_links=0; no matching page-level performance row; template=none found,medium,P3,none,false
https://ร้านรับซื้อโน๊ตบุ๊ค.com/รับซื้อโน๊ตบุ๊ค/นราธิวาส/macbook-battery-swollen/,Not found (404),P04_LOCATION_X_MODEL,404 expected,false,false,false,,location_x_attribute,sell notebook in นราธิวาส by macbook-battery-swollen attribute,https://ร้านรับซื้อโน๊ตบุ๊ค.com/รับซื้อโน๊ตบุ๊ค/macbook-battery-swollen/,medium,KEEP_404,"A generic attribute page exists, but it is not an equivalent replacement because it discards location intent; keep 404 and do not mass-redirect.",GSC export 2026-06-21; last crawl 2026-06-12; dist=false; sitemap=false; noindex=n/a; internal_links=0; no matching page-level performance row; template=none found,medium,P3,none,false
https://ร้านรับซื้อโน๊ตบุ๊ค.com/รับซื้อโน๊ตบุ๊ค/อุดรธานี/thinkpad-x1-carbon/,Not found (404),P04_LOCATION_X_MODEL,404 expected,false,false,false,,location_x_attribute,sell notebook in อุดรธานี by thinkpad-x1-carbon attribute,https://ร้านรับซื้อโน๊ตบุ๊ค.com/รับซื้อโน๊ตบุ๊ค/thinkpad-x1-carbon/,medium,KEEP_404,"A generic attribute page exists, but it is not an equivalent replacement because it discards location intent; keep 404 and do not mass-redirect.",GSC export 2026-06-21; last crawl 2026-06-12; dist=false; sitemap=false; noindex=n/a; internal_links=0; no matching page-level performance row; template=none found,medium,P3,none,false
https://ร้านรับซื้อโน๊ตบุ๊ค.com/รับซื้อโน๊ตบุ๊ค/ใกล้ฉัน/alienware-m18/,Not found (404),P04_LOCATION_X_MODEL,404 expected,false,false,false,,location_x_attribute,sell notebook in ใกล้ฉัน by alienware-m18 attribute,https://ร้านรับซื้อโน๊ตบุ๊ค.com/รับซื้อโน๊ตบุ๊ค/alienware-m18/,medium,KEEP_404,"A generic attribute page exists, but it is not an equivalent replacement because it discards location intent; keep 404 and do not mass-redirect.",GSC export 2026-06-21; last crawl 2026-06-12; dist=false; sitemap=false; noindex=n/a; internal_links=0; no matching page-level performance row; template=none found,medium,P3,none,false
https://ร้านรับซื้อโน๊ตบุ๊ค.com/รับซื้อโน๊ตบุ๊ค/สระบุรี/dell-g15-g16/,Not found (404),P04_LOCATION_X_MODEL,404 expected,false,false,false,,location_x_attribute,sell notebook in สระบุรี by dell-g15-g16 attribute,https://ร้านรับซื้อโน๊ตบุ๊ค.com/รับซื้อโน๊ตบุ๊ค/dell-g15-g16/,medium,KEEP_404,"A generic attribute page exists, but it is not an equivalent replacement because it discards location intent; keep 404 and do not mass-redirect.",GSC export 2026-06-21; last crawl 2026-06-12; dist=false; sitemap=false; noindex=n/a; internal_links=0; no matching page-level performance row; template=none found,medium,P3,none,false
https://ร้านรับซื้อโน๊ตบุ๊ค.com/รับซื้อโน๊ตบุ๊ค/พัทลุง/dell-vostro/,Not found (404),P04_LOCATION_X_MODEL,404 expected,false,false,false,,location_x_attribute,sell notebook in พัทลุง by dell-vostro attribute,https://ร้านรับซื้อโน๊ตบุ๊ค.com/รับซื้อโน๊ตบุ๊ค/dell-vostro/,medium,KEEP_404,"A generic attribute page exists, but it is not an equivalent replacement because it discards location intent; keep 404 and do not mass-redirect.",GSC export 2026-06-21; last crawl 2026-06-12; dist=false; sitemap=false; noindex=n/a; internal_links=0; no matching page-level performance row; template=none found,medium,P3,none,false
https://ร้านรับซื้อโน๊ตบุ๊ค.com/รับซื้อโน๊ตบุ๊ค/กาฬสินธุ์/hp-omen-transcend/,Not found (404),P04_LOCATION_X_MODEL,404 expected,false,false,false,,location_x_attribute,sell notebook in กาฬสินธุ์ by hp-omen-transcend attribute,https://ร้านรับซื้อโน๊ตบุ๊ค.com/รับซื้อโน๊ตบุ๊ค/hp-omen-transcend/,medium,KEEP_404,"A generic attribute page exists, but it is not an equivalent replacement because it discards location intent; keep 404 and do not mass-redirect.",GSC export 2026-06-21; last crawl 2026-06-12; dist=false; sitemap=false; noindex=n/a; internal_links=0; no matching page-level performance row; template=none found,medium,P3,none,false
https://ร้านรับซื้อโน๊ตบุ๊ค.com/รับซื้อโน๊ตบุ๊ค/ใกล้ฉัน/dell-vostro/,Not found (404),P04_LOCATION_X_MODEL,404 expected,false,false,false,,location_x_attribute,sell notebook in ใกล้ฉัน by dell-vostro attribute,https://ร้านรับซื้อโน๊ตบุ๊ค.com/รับซื้อโน๊ตบุ๊ค/dell-vostro/,medium,KEEP_404,"A generic attribute page exists, but it is not an equivalent replacement because it discards location intent; keep 404 and do not mass-redirect.",GSC export 2026-06-21; last crawl 2026-06-12; dist=false; sitemap=false; noindex=n/a; internal_links=0; no matching page-level performance row; template=none found,medium,P3,none,false
https://ร้านรับซื้อโน๊ตบุ๊ค.com/รับซื้อโน๊ตบุ๊ค/ชุมพร/ลำโพงเสีย/,Not found (404),P03_LOCATION_X_CONDITION,404 expected,false,false,false,,location_x_attribute,sell notebook in ชุมพร by ลำโพงเสีย attribute,https://ร้านรับซื้อโน๊ตบุ๊ค.com/รับซื้อโน๊ตบุ๊ค/ลำโพงเสีย/,medium,KEEP_404,"A generic attribute page exists, but it is not an equivalent replacement because it discards location intent; keep 404 and do not mass-redirect.",GSC export 2026-06-21; last crawl 2026-06-12; dist=false; sitemap=false; noindex=n/a; internal_links=0; no matching page-level performance row; template=none found,medium,P3,none,false
https://ร้านรับซื้อโน๊ตบุ๊ค.com/รับซื้อโน๊ตบุ๊ค/ร้อยเอ็ด/macbook-no-box-no-receipt/,Not found (404),P04_LOCATION_X_MODEL,404 expected,false,false,false,,location_x_attribute,sell notebook in ร้อยเอ็ด by macbook-no-box-no-receipt attribute,https://ร้านรับซื้อโน๊ตบุ๊ค.com/รับซื้อโน๊ตบุ๊ค/macbook-no-box-no-receipt/,medium,KEEP_404,"A generic attribute page exists, but it is not an equivalent replacement because it discards location intent; keep 404 and do not mass-redirect.",GSC export 2026-06-21; last crawl 2026-06-12; dist=false; sitemap=false; noindex=n/a; internal_links=0; no matching page-level performance row; template=none found,medium,P3,none,false
https://ร้านรับซื้อโน๊ตบุ๊ค.com/รับซื้อโน๊ตบุ๊ค/ปัตตานี/macbook-cycle-count/,Not found (404),P04_LOCATION_X_MODEL,404 expected,false,false,false,,location_x_attribute,sell notebook in ปัตตานี by macbook-cycle-count attribute,https://ร้านรับซื้อโน๊ตบุ๊ค.com/รับซื้อโน๊ตบุ๊ค/macbook-cycle-count/,medium,KEEP_404,"A generic attribute page exists, but it is not an equivalent replacement because it discards location intent; keep 404 and do not mass-redirect.",GSC export 2026-06-21; last crawl 2026-06-12; dist=false; sitemap=false; noindex=n/a; internal_links=0; no matching page-level performance row; template=none found,medium,P3,none,false
https://ร้านรับซื้อโน๊ตบุ๊ค.com/รับซื้อโน๊ตบุ๊ค/ตรัง/honor-magicbook/,Not found (404),P04_LOCATION_X_MODEL,404 expected,false,false,false,,location_x_attribute,sell notebook in ตรัง by honor-magicbook attribute,https://ร้านรับซื้อโน๊ตบุ๊ค.com/รับซื้อโน๊ตบุ๊ค/honor-magicbook/,medium,KEEP_404,"A generic attribute page exists, but it is not an equivalent replacement because it discards location intent; keep 404 and do not mass-redirect.",GSC export 2026-06-21; last crawl 2026-06-12; dist=false; sitemap=false; noindex=n/a; internal_links=0; no matching page-level performance row; template=none found,medium,P3,none,false
https://ร้านรับซื้อโน๊ตบุ๊ค.com/รับซื้อโน๊ตบุ๊ค/สมุทรสงคราม/จอมีเส้น/,Not found (404),P04_LOCATION_X_MODEL,404 expected,false,false,false,,location_x_attribute,sell notebook in สมุทรสงคราม by จอมีเส้น attribute,https://ร้านรับซื้อโน๊ตบุ๊ค.com/รับซื้อโน๊ตบุ๊ค/จอมีเส้น/,medium,KEEP_404,"A generic attribute page exists, but it is not an equivalent replacement because it discards location intent; keep 404 and do not mass-redirect.",GSC export 2026-06-21; last crawl 2026-06-12; dist=false; sitemap=false; noindex=n/a; internal_links=0; no matching page-level performance row; template=none found,medium,P3,none,false
https://ร้านรับซื้อโน๊ตบุ๊ค.com/รับซื้อโน๊ตบุ๊ค/ตรัง/hp-elitebook/,Not found (404),P04_LOCATION_X_MODEL,404 expected,false,false,false,,location_x_attribute,sell notebook in ตรัง by hp-elitebook attribute,https://ร้านรับซื้อโน๊ตบุ๊ค.com/รับซื้อโน๊ตบุ๊ค/hp-elitebook/,medium,KEEP_404,"A generic attribute page exists, but it is not an equivalent replacement because it discards location intent; keep 404 and do not mass-redirect.",GSC export 2026-06-21; last crawl 2026-06-12; dist=false; sitemap=false; noindex=n/a; internal_links=0; no matching page-level performance row; template=none found,medium,P3,none,false
https://ร้านรับซื้อโน๊ตบุ๊ค.com/รับซื้อโน๊ตบุ๊ค/ใกล้ฉัน/hp-victus-17/,Not found (404),P04_LOCATION_X_MODEL,404 expected,false,false,false,,location_x_attribute,sell notebook in ใกล้ฉัน by hp-victus-17 attribute,https://ร้านรับซื้อโน๊ตบุ๊ค.com/รับซื้อโน๊ตบุ๊ค/hp-victus-17/,medium,KEEP_404,"A generic attribute page exists, but it is not an equivalent replacement because it discards location intent; keep 404 and do not mass-redirect.",GSC export 2026-06-21; last crawl 2026-06-12; dist=false; sitemap=false; noindex=n/a; internal_links=0; no matching page-level performance row; template=none found,medium,P3,none,false
https://ร้านรับซื้อโน๊ตบุ๊ค.com/รับซื้อโน๊ตบุ๊ค/ลาดพร้าว/thinkpad-e14-e15/,Not found (404),P04_LOCATION_X_MODEL,404 expected,false,false,false,,location_x_attribute,sell notebook in ลาดพร้าว by thinkpad-e14-e15 attribute,https://ร้านรับซื้อโน๊ตบุ๊ค.com/รับซื้อโน๊ตบุ๊ค/thinkpad-e14-e15/,medium,KEEP_404,"A generic attribute page exists, but it is not an equivalent replacement because it discards location intent; keep 404 and do not mass-redirect.",GSC export 2026-06-21; last crawl 2026-06-11; dist=false; sitemap=false; noindex=n/a; internal_links=0; no matching page-level performance row; template=none found,medium,P3,none,false
https://ร้านรับซื้อโน๊ตบุ๊ค.com/รับซื้อโน๊ตบุ๊ค/เพชรบูรณ์/lenovo-legion-slim/,Not found (404),P04_LOCATION_X_MODEL,404 expected,false,false,false,,location_x_attribute,sell notebook in เพชรบูรณ์ by lenovo-legion-slim attribute,https://ร้านรับซื้อโน๊ตบุ๊ค.com/รับซื้อโน๊ตบุ๊ค/lenovo-legion-slim/,medium,KEEP_404,"A generic attribute page exists, but it is not an equivalent replacement because it discards location intent; keep 404 and do not mass-redirect.",GSC export 2026-06-21; last crawl 2026-06-11; dist=false; sitemap=false; noindex=n/a; internal_links=0; no matching page-level performance row; template=none found,medium,P3,none,false
https://ร้านรับซื้อโน๊ตบุ๊ค.com/รับซื้อโน๊ตบุ๊ค/อุดรธานี/บลูทูธใช้ไม่ได้/,Not found (404),P04_LOCATION_X_MODEL,404 expected,false,false,false,,location_x_attribute,sell notebook in อุดรธานี by บลูทูธใช้ไม่ได้ attribute,https://ร้านรับซื้อโน๊ตบุ๊ค.com/รับซื้อโน๊ตบุ๊ค/บลูทูธใช้ไม่ได้/,medium,KEEP_404,"A generic attribute page exists, but it is not an equivalent replacement because it discards location intent; keep 404 and do not mass-redirect.",GSC export 2026-06-21; last crawl 2026-06-11; dist=false; sitemap=false; noindex=n/a; internal_links=0; no matching page-level performance row; template=none found,medium,P3,none,false
https://ร้านรับซื้อโน๊ตบุ๊ค.com/รับซื้อโน๊ตบุ๊ค/สุโขทัย/acer-swift/,Not found (404),P04_LOCATION_X_MODEL,404 expected,false,false,false,,location_x_attribute,sell notebook in สุโขทัย by acer-swift attribute,https://ร้านรับซื้อโน๊ตบุ๊ค.com/รับซื้อโน๊ตบุ๊ค/acer-swift/,medium,KEEP_404,"A generic attribute page exists, but it is not an equivalent replacement because it discards location intent; keep 404 and do not mass-redirect.",GSC export 2026-06-21; last crawl 2026-06-11; dist=false; sitemap=false; noindex=n/a; internal_links=0; no matching page-level performance row; template=none found,medium,P3,none,false
https://ร้านรับซื้อโน๊ตบุ๊ค.com/รับซื้อโน๊ตบุ๊ค/อุบลราชธานี/msi-raider-18/,Not found (404),P04_LOCATION_X_MODEL,404 expected,false,false,false,,location_x_attribute,sell notebook in อุบลราชธานี by msi-raider-18 attribute,https://ร้านรับซื้อโน๊ตบุ๊ค.com/รับซื้อโน๊ตบุ๊ค/msi-raider-18/,medium,KEEP_404,"A generic attribute page exists, but it is not an equivalent replacement because it discards location intent; keep 404 and do not mass-redirect.",GSC export 2026-06-21; last crawl 2026-06-11; dist=false; sitemap=false; noindex=n/a; internal_links=0; no matching page-level performance row; template=none found,medium,P3,none,false
https://ร้านรับซื้อโน๊ตบุ๊ค.com/รับซื้อโน๊ตบุ๊ค/ร้อยเอ็ด/gigabyte-aorus/,Not found (404),P04_LOCATION_X_MODEL,404 expected,false,false,false,,location_x_attribute,sell notebook in ร้อยเอ็ด by gigabyte-aorus attribute,https://ร้านรับซื้อโน๊ตบุ๊ค.com/รับซื้อโน๊ตบุ๊ค/gigabyte-aorus/,medium,KEEP_404,"A generic attribute page exists, but it is not an equivalent replacement because it discards location intent; keep 404 and do not mass-redirect.",GSC export 2026-06-21; last crawl 2026-06-11; dist=false; sitemap=false; noindex=n/a; internal_links=0; no matching page-level performance row; template=none found,medium,P3,none,false
https://ร้านรับซื้อโน๊ตบุ๊ค.com/รับซื้อโน๊ตบุ๊ค/ปัตตานี/alienware-m16/,Not found (404),P04_LOCATION_X_MODEL,404 expected,false,false,false,,location_x_attribute,sell notebook in ปัตตานี by alienware-m16 attribute,https://ร้านรับซื้อโน๊ตบุ๊ค.com/รับซื้อโน๊ตบุ๊ค/alienware-m16/,medium,KEEP_404,"A generic attribute page exists, but it is not an equivalent replacement because it discards location intent; keep 404 and do not mass-redirect.",GSC export 2026-06-21; last crawl 2026-06-11; dist=false; sitemap=false; noindex=n/a; internal_links=0; no matching page-level performance row; template=none found,medium,P3,none,false
https://ร้านรับซื้อโน๊ตบุ๊ค.com/รับซื้อโน๊ตบุ๊ค/แม่ฮ่องสอน/huawei-matebook/,Not found (404),P04_LOCATION_X_MODEL,404 expected,false,false,false,,location_x_attribute,sell notebook in แม่ฮ่องสอน by huawei-matebook attribute,https://ร้านรับซื้อโน๊ตบุ๊ค.com/รับซื้อโน๊ตบุ๊ค/huawei-matebook/,medium,KEEP_404,"A generic attribute page exists, but it is not an equivalent replacement because it discards location intent; keep 404 and do not mass-redirect.",GSC export 2026-06-21; last crawl 2026-06-11; dist=false; sitemap=false; noindex=n/a; internal_links=0; no matching page-level performance row; template=none found,medium,P3,none,false
https://ร้านรับซื้อโน๊ตบุ๊ค.com/รับซื้อโน๊ตบุ๊ค/ตรัง/msi-stealth-16/,Not found (404),P04_LOCATION_X_MODEL,404 expected,false,false,false,,location_x_attribute,sell notebook in ตรัง by msi-stealth-16 attribute,https://ร้านรับซื้อโน๊ตบุ๊ค.com/รับซื้อโน๊ตบุ๊ค/msi-stealth-16/,medium,KEEP_404,"A generic attribute page exists, but it is not an equivalent replacement because it discards location intent; keep 404 and do not mass-redirect.",GSC export 2026-06-21; last crawl 2026-06-11; dist=false; sitemap=false; noindex=n/a; internal_links=0; no matching page-level performance row; template=none found,medium,P3,none,false
https://ร้านรับซื้อโน๊ตบุ๊ค.com/รับซื้อโน๊ตบุ๊ค/ห้วยขวาง/hp-victus-17/,Not found (404),P04_LOCATION_X_MODEL,404 expected,false,false,false,,location_x_attribute,sell notebook in ห้วยขวาง by hp-victus-17 attribute,https://ร้านรับซื้อโน๊ตบุ๊ค.com/รับซื้อโน๊ตบุ๊ค/hp-victus-17/,medium,KEEP_404,"A generic attribute page exists, but it is not an equivalent replacement because it discards location intent; keep 404 and do not mass-redirect.",GSC export 2026-06-21; last crawl 2026-06-11; dist=false; sitemap=false; noindex=n/a; internal_links=0; no matching page-level performance row; template=none found,medium,P3,none,false
https://ร้านรับซื้อโน๊ตบุ๊ค.com/รับซื้อโน๊ตบุ๊ค/สระแก้ว/asus-tuf-a15-f15/,Not found (404),P04_LOCATION_X_MODEL,404 expected,false,false,false,,location_x_attribute,sell notebook in สระแก้ว by asus-tuf-a15-f15 attribute,https://ร้านรับซื้อโน๊ตบุ๊ค.com/รับซื้อโน๊ตบุ๊ค/asus-tuf-a15-f15/,medium,KEEP_404,"A generic attribute page exists, but it is not an equivalent replacement because it discards location intent; keep 404 and do not mass-redirect.",GSC export 2026-06-21; last crawl 2026-06-11; dist=false; sitemap=false; noindex=n/a; internal_links=0; no matching page-level performance row; template=none found,medium,P3,none,false
https://ร้านรับซื้อโน๊ตบุ๊ค.com/รับซื้อโน๊ตบุ๊ค/ระยอง/surface-book/,Not found (404),P04_LOCATION_X_MODEL,404 expected,false,false,false,,location_x_attribute,sell notebook in ระยอง by surface-book attribute,https://ร้านรับซื้อโน๊ตบุ๊ค.com/รับซื้อโน๊ตบุ๊ค/surface-book/,medium,KEEP_404,"A generic attribute page exists, but it is not an equivalent replacement because it discards location intent; keep 404 and do not mass-redirect.",GSC export 2026-06-21; last crawl 2026-06-11; dist=false; sitemap=false; noindex=n/a; internal_links=0; no matching page-level performance row; template=none found,medium,P3,none,false
https://ร้านรับซื้อโน๊ตบุ๊ค.com/รับซื้อโน๊ตบุ๊ค/สุรินทร์/macbook-no-box-no-receipt/,Not found (404),P04_LOCATION_X_MODEL,404 expected,false,false,false,,location_x_attribute,sell notebook in สุรินทร์ by macbook-no-box-no-receipt attribute,https://ร้านรับซื้อโน๊ตบุ๊ค.com/รับซื้อโน๊ตบุ๊ค/macbook-no-box-no-receipt/,medium,KEEP_404,"A generic attribute page exists, but it is not an equivalent replacement because it discards location intent; keep 404 and do not mass-redirect.",GSC export 2026-06-21; last crawl 2026-06-11; dist=false; sitemap=false; noindex=n/a; internal_links=0; no matching page-level performance row; template=none found,medium,P3,none,false
https://ร้านรับซื้อโน๊ตบุ๊ค.com/รับซื้อโน๊ตบุ๊ค/กาญจนบุรี/gigabyte/,Not found (404),P04_LOCATION_X_MODEL,404 expected,false,false,false,,location_x_attribute,sell notebook in กาญจนบุรี by gigabyte attribute,https://ร้านรับซื้อโน๊ตบุ๊ค.com/รับซื้อโน๊ตบุ๊ค/gigabyte/,medium,KEEP_404,"A generic attribute page exists, but it is not an equivalent replacement because it discards location intent; keep 404 and do not mass-redirect.",GSC export 2026-06-21; last crawl 2026-06-11; dist=false; sitemap=false; noindex=n/a; internal_links=0; no matching page-level performance row; template=none found,medium,P3,none,false
https://ร้านรับซื้อโน๊ตบุ๊ค.com/รับซื้อโน๊ตบุ๊ค/บุรีรัมย์/macbook-charge-port/,Not found (404),P04_LOCATION_X_MODEL,404 expected,false,false,false,,location_x_attribute,sell notebook in บุรีรัมย์ by macbook-charge-port attribute,https://ร้านรับซื้อโน๊ตบุ๊ค.com/รับซื้อโน๊ตบุ๊ค/macbook-charge-port/,medium,KEEP_404,"A generic attribute page exists, but it is not an equivalent replacement because it discards location intent; keep 404 and do not mass-redirect.",GSC export 2026-06-21; last crawl 2026-06-11; dist=false; sitemap=false; noindex=n/a; internal_links=0; no matching page-level performance row; template=none found,medium,P3,none,false
https://ร้านรับซื้อโน๊ตบุ๊ค.com/รับซื้อโน๊ตบุ๊ค/พิจิตร/surface-book/,Not found (404),P04_LOCATION_X_MODEL,404 expected,false,false,false,,location_x_attribute,sell notebook in พิจิตร by surface-book attribute,https://ร้านรับซื้อโน๊ตบุ๊ค.com/รับซื้อโน๊ตบุ๊ค/surface-book/,medium,KEEP_404,"A generic attribute page exists, but it is not an equivalent replacement because it discards location intent; keep 404 and do not mass-redirect.",GSC export 2026-06-21; last crawl 2026-06-11; dist=false; sitemap=false; noindex=n/a; internal_links=0; no matching page-level performance row; template=none found,medium,P3,none,false
https://ร้านรับซื้อโน๊ตบุ๊ค.com/รับซื้อโน๊ตบุ๊ค/รามคำแหง/hp-omen-transcend/,Not found (404),P04_LOCATION_X_MODEL,404 expected,false,false,false,,location_x_attribute,sell notebook in รามคำแหง by hp-omen-transcend attribute,https://ร้านรับซื้อโน๊ตบุ๊ค.com/รับซื้อโน๊ตบุ๊ค/hp-omen-transcend/,medium,KEEP_404,"A generic attribute page exists, but it is not an equivalent replacement because it discards location intent; keep 404 and do not mass-redirect.",GSC export 2026-06-21; last crawl 2026-06-11; dist=false; sitemap=false; noindex=n/a; internal_links=0; no matching page-level performance row; template=none found,medium,P3,none,false
https://ร้านรับซื้อโน๊ตบุ๊ค.com/รับซื้อโน๊ตบุ๊ค/สกลนคร/gigabyte-aorus/,Not found (404),P04_LOCATION_X_MODEL,404 expected,false,false,false,,location_x_attribute,sell notebook in สกลนคร by gigabyte-aorus attribute,https://ร้านรับซื้อโน๊ตบุ๊ค.com/รับซื้อโน๊ตบุ๊ค/gigabyte-aorus/,medium,KEEP_404,"A generic attribute page exists, but it is not an equivalent replacement because it discards location intent; keep 404 and do not mass-redirect.",GSC export 2026-06-21; last crawl 2026-06-11; dist=false; sitemap=false; noindex=n/a; internal_links=0; no matching page-level performance row; template=none found,medium,P3,none,false
https://ร้านรับซื้อโน๊ตบุ๊ค.com/รับซื้อโน๊ตบุ๊ค/พังงา/surface-pro/,Not found (404),P04_LOCATION_X_MODEL,404 expected,false,false,false,,location_x_attribute,sell notebook in พังงา by surface-pro attribute,https://ร้านรับซื้อโน๊ตบุ๊ค.com/รับซื้อโน๊ตบุ๊ค/surface-pro/,medium,KEEP_404,"A generic attribute page exists, but it is not an equivalent replacement because it discards location intent; keep 404 and do not mass-redirect.",GSC export 2026-06-21; last crawl 2026-06-11; dist=false; sitemap=false; noindex=n/a; internal_links=0; no matching page-level performance row; template=none found,medium,P3,none,false
https://ร้านรับซื้อโน๊ตบุ๊ค.com/รับซื้อโน๊ตบุ๊ค/สมุทรสาคร/acer-travelmate/,Not found (404),P04_LOCATION_X_MODEL,404 expected,false,false,false,,location_x_attribute,sell notebook in สมุทรสาคร by acer-travelmate attribute,https://ร้านรับซื้อโน๊ตบุ๊ค.com/รับซื้อโน๊ตบุ๊ค/acer-travelmate/,medium,KEEP_404,"A generic attribute page exists, but it is not an equivalent replacement because it discards location intent; keep 404 and do not mass-redirect.",GSC export 2026-06-21; last crawl 2026-06-11; dist=false; sitemap=false; noindex=n/a; internal_links=0; no matching page-level performance row; template=none found,medium,P3,none,false
https://ร้านรับซื้อโน๊ตบุ๊ค.com/รับซื้อโน๊ตบุ๊ค/ตาก/hp-victus-16/,Not found (404),P04_LOCATION_X_MODEL,404 expected,false,false,false,,location_x_attribute,sell notebook in ตาก by hp-victus-16 attribute,https://ร้านรับซื้อโน๊ตบุ๊ค.com/รับซื้อโน๊ตบุ๊ค/hp-victus-16/,medium,KEEP_404,"A generic attribute page exists, but it is not an equivalent replacement because it discards location intent; keep 404 and do not mass-redirect.",GSC export 2026-06-21; last crawl 2026-06-11; dist=false; sitemap=false; noindex=n/a; internal_links=0; no matching page-level performance row; template=none found,medium,P3,none,false
https://ร้านรับซื้อโน๊ตบุ๊ค.com/รับซื้อโน๊ตบุ๊ค/นครปฐม/macbook-no-box-no-receipt/,Not found (404),P04_LOCATION_X_MODEL,404 expected,false,false,false,,location_x_attribute,sell notebook in นครปฐม by macbook-no-box-no-receipt attribute,https://ร้านรับซื้อโน๊ตบุ๊ค.com/รับซื้อโน๊ตบุ๊ค/macbook-no-box-no-receipt/,medium,KEEP_404,"A generic attribute page exists, but it is not an equivalent replacement because it discards location intent; keep 404 and do not mass-redirect.",GSC export 2026-06-21; last crawl 2026-06-11; dist=false; sitemap=false; noindex=n/a; internal_links=0; no matching page-level performance row; template=none found,medium,P3,none,false
https://ร้านรับซื้อโน๊ตบุ๊ค.com/รับซื้อโน๊ตบุ๊ค/แม่ฮ่องสอน/samsung-galaxy-book/,Not found (404),P04_LOCATION_X_MODEL,404 expected,false,false,false,,location_x_attribute,sell notebook in แม่ฮ่องสอน by samsung-galaxy-book attribute,https://ร้านรับซื้อโน๊ตบุ๊ค.com/รับซื้อโน๊ตบุ๊ค/samsung-galaxy-book/,medium,KEEP_404,"A generic attribute page exists, but it is not an equivalent replacement because it discards location intent; keep 404 and do not mass-redirect.",GSC export 2026-06-21; last crawl 2026-06-11; dist=false; sitemap=false; noindex=n/a; internal_links=0; no matching page-level performance row; template=none found,medium,P3,none,false
https://ร้านรับซื้อโน๊ตบุ๊ค.com/รับซื้อโน๊ตบุ๊ค/จันทบุรี/msi-stealth-14/,Not found (404),P04_LOCATION_X_MODEL,404 expected,false,false,false,,location_x_attribute,sell notebook in จันทบุรี by msi-stealth-14 attribute,https://ร้านรับซื้อโน๊ตบุ๊ค.com/รับซื้อโน๊ตบุ๊ค/msi-stealth-14/,medium,KEEP_404,"A generic attribute page exists, but it is not an equivalent replacement because it discards location intent; keep 404 and do not mass-redirect.",GSC export 2026-06-21; last crawl 2026-06-11; dist=false; sitemap=false; noindex=n/a; internal_links=0; no matching page-level performance row; template=none found,medium,P3,none,false
https://ร้านรับซื้อโน๊ตบุ๊ค.com/รับซื้อโน๊ตบุ๊ค/พระราม2/thinkpad-e14-e15/,Not found (404),P04_LOCATION_X_MODEL,404 expected,false,false,false,,location_x_attribute,sell notebook in พระราม2 by thinkpad-e14-e15 attribute,https://ร้านรับซื้อโน๊ตบุ๊ค.com/รับซื้อโน๊ตบุ๊ค/thinkpad-e14-e15/,medium,KEEP_404,"A generic attribute page exists, but it is not an equivalent replacement because it discards location intent; keep 404 and do not mass-redirect.",GSC export 2026-06-21; last crawl 2026-06-11; dist=false; sitemap=false; noindex=n/a; internal_links=0; no matching page-level performance row; template=none found,medium,P3,none,false
https://ร้านรับซื้อโน๊ตบุ๊ค.com/รับซื้อโน๊ตบุ๊ค/พัทลุง/ฝาหลังบวม/,Not found (404),P03_LOCATION_X_CONDITION,404 expected,false,false,false,,location_x_attribute,sell notebook in พัทลุง by ฝาหลังบวม attribute,https://ร้านรับซื้อโน๊ตบุ๊ค.com/รับซื้อโน๊ตบุ๊ค/ฝาหลังบวม/,medium,KEEP_404,"A generic attribute page exists, but it is not an equivalent replacement because it discards location intent; keep 404 and do not mass-redirect.",GSC export 2026-06-21; last crawl 2026-06-11; dist=false; sitemap=false; noindex=n/a; internal_links=0; no matching page-level performance row; template=none found,medium,P3,none,false
https://ร้านรับซื้อโน๊ตบุ๊ค.com/รับซื้อโน๊ตบุ๊ค/ลพบุรี/hp-victus-16/,Not found (404),P04_LOCATION_X_MODEL,404 expected,false,false,false,,location_x_attribute,sell notebook in ลพบุรี by hp-victus-16 attribute,https://ร้านรับซื้อโน๊ตบุ๊ค.com/รับซื้อโน๊ตบุ๊ค/hp-victus-16/,medium,KEEP_404,"A generic attribute page exists, but it is not an equivalent replacement because it discards location intent; keep 404 and do not mass-redirect.",GSC export 2026-06-21; last crawl 2026-06-11; dist=false; sitemap=false; noindex=n/a; internal_links=0; no matching page-level performance row; template=none found,medium,P3,none,false
https://ร้านรับซื้อโน๊ตบุ๊ค.com/รับซื้อโน๊ตบุ๊ค/นครศรีธรรมราช/บลูทูธใช้ไม่ได้/,Not found (404),P04_LOCATION_X_MODEL,404 expected,false,false,false,,location_x_attribute,sell notebook in นครศรีธรรมราช by บลูทูธใช้ไม่ได้ attribute,https://ร้านรับซื้อโน๊ตบุ๊ค.com/รับซื้อโน๊ตบุ๊ค/บลูทูธใช้ไม่ได้/,medium,KEEP_404,"A generic attribute page exists, but it is not an equivalent replacement because it discards location intent; keep 404 and do not mass-redirect.",GSC export 2026-06-21; last crawl 2026-06-11; dist=false; sitemap=false; noindex=n/a; internal_links=0; no matching page-level performance row; template=none found,medium,P3,none,false
https://ร้านรับซื้อโน๊ตบุ๊ค.com/รับซื้อโน๊ตบุ๊ค/น่าน/รีสตาร์ทเอง/,Not found (404),P03_LOCATION_X_CONDITION,404 expected,false,false,false,,location_x_attribute,sell notebook in น่าน by รีสตาร์ทเอง attribute,https://ร้านรับซื้อโน๊ตบุ๊ค.com/รับซื้อโน๊ตบุ๊ค/รีสตาร์ทเอง/,medium,KEEP_404,"A generic attribute page exists, but it is not an equivalent replacement because it discards location intent; keep 404 and do not mass-redirect.",GSC export 2026-06-21; last crawl 2026-06-11; dist=false; sitemap=false; noindex=n/a; internal_links=0; no matching page-level performance row; template=none found,medium,P3,none,false
https://ร้านรับซื้อโน๊ตบุ๊ค.com/รับซื้อโน๊ตบุ๊ค/สิงห์บุรี/lenovo-thinkbook/,Not found (404),P04_LOCATION_X_MODEL,404 expected,false,false,false,,location_x_attribute,sell notebook in สิงห์บุรี by lenovo-thinkbook attribute,https://ร้านรับซื้อโน๊ตบุ๊ค.com/รับซื้อโน๊ตบุ๊ค/lenovo-thinkbook/,medium,KEEP_404,"A generic attribute page exists, but it is not an equivalent replacement because it discards location intent; keep 404 and do not mass-redirect.",GSC export 2026-06-21; last crawl 2026-06-11; dist=false; sitemap=false; noindex=n/a; internal_links=0; no matching page-level performance row; template=none found,medium,P3,none,false
https://ร้านรับซื้อโน๊ตบุ๊ค.com/รับซื้อโน๊ตบุ๊ค/กรุงเทพ/acer-nitro-17/,Not found (404),P04_LOCATION_X_MODEL,404 expected,false,false,false,,location_x_attribute,sell notebook in กรุงเทพ by acer-nitro-17 attribute,https://ร้านรับซื้อโน๊ตบุ๊ค.com/รับซื้อโน๊ตบุ๊ค/acer-nitro-17/,medium,KEEP_404,"A generic attribute page exists, but it is not an equivalent replacement because it discards location intent; keep 404 and do not mass-redirect.",GSC export 2026-06-21; last crawl 2026-06-11; dist=false; sitemap=false; noindex=n/a; internal_links=0; no matching page-level performance row; template=none found,medium,P3,none,false
https://ร้านรับซื้อโน๊ตบุ๊ค.com/รับซื้อโน๊ตบุ๊ค/มหาสารคาม/alienware-m15-r7-r8/,Not found (404),P04_LOCATION_X_MODEL,404 expected,false,false,false,,location_x_attribute,sell notebook in มหาสารคาม by alienware-m15-r7-r8 attribute,https://ร้านรับซื้อโน๊ตบุ๊ค.com/รับซื้อโน๊ตบุ๊ค/alienware-m15-r7-r8/,medium,KEEP_404,"A generic attribute page exists, but it is not an equivalent replacement because it discards location intent; keep 404 and do not mass-redirect.",GSC export 2026-06-21; last crawl 2026-06-11; dist=false; sitemap=false; noindex=n/a; internal_links=0; no matching page-level performance row; template=none found,medium,P3,none,false
https://ร้านรับซื้อโน๊ตบุ๊ค.com/รับซื้อโน๊ตบุ๊ค/มุกดาหาร/macbook-pro-m5/,Not found (404),P04_LOCATION_X_MODEL,404 expected,false,false,false,,location_x_attribute,sell notebook in มุกดาหาร by macbook-pro-m5 attribute,https://ร้านรับซื้อโน๊ตบุ๊ค.com/รับซื้อโน๊ตบุ๊ค/macbook-pro-m5/,medium,KEEP_404,"A generic attribute page exists, but it is not an equivalent replacement because it discards location intent; keep 404 and do not mass-redirect.",GSC export 2026-06-21; last crawl 2026-06-11; dist=false; sitemap=false; noindex=n/a; internal_links=0; no matching page-level performance row; template=none found,medium,P3,none,false
https://ร้านรับซื้อโน๊ตบุ๊ค.com/รับซื้อโน๊ตบุ๊ค/มหาสารคาม/จอฟ้า/,Not found (404),P04_LOCATION_X_MODEL,404 expected,false,false,false,,location_x_attribute,sell notebook in มหาสารคาม by จอฟ้า attribute,https://ร้านรับซื้อโน๊ตบุ๊ค.com/รับซื้อโน๊ตบุ๊ค/จอฟ้า/,medium,KEEP_404,"A generic attribute page exists, but it is not an equivalent replacement because it discards location intent; keep 404 and do not mass-redirect.",GSC export 2026-06-21; last crawl 2026-06-11; dist=false; sitemap=false; noindex=n/a; internal_links=0; no matching page-level performance row; template=none found,medium,P3,none,false
https://ร้านรับซื้อโน๊ตบุ๊ค.com/รับซื้อโน๊ตบุ๊ค/สุราษฎร์ธานี/macbook-battery-health/,Not found (404),P04_LOCATION_X_MODEL,404 expected,false,false,false,,location_x_attribute,sell notebook in สุราษฎร์ธานี by macbook-battery-health attribute,https://ร้านรับซื้อโน๊ตบุ๊ค.com/รับซื้อโน๊ตบุ๊ค/macbook-battery-health/,medium,KEEP_404,"A generic attribute page exists, but it is not an equivalent replacement because it discards location intent; keep 404 and do not mass-redirect.",GSC export 2026-06-21; last crawl 2026-06-11; dist=false; sitemap=false; noindex=n/a; internal_links=0; no matching page-level performance row; template=none found,medium,P3,none,false
https://ร้านรับซื้อโน๊ตบุ๊ค.com/รับซื้อโน๊ตบุ๊ค/ปทุมธานี/huawei/,Not found (404),P04_LOCATION_X_MODEL,404 expected,false,false,false,,location_x_attribute,sell notebook in ปทุมธานี by huawei attribute,https://ร้านรับซื้อโน๊ตบุ๊ค.com/รับซื้อโน๊ตบุ๊ค/huawei/,medium,KEEP_404,"A generic attribute page exists, but it is not an equivalent replacement because it discards location intent; keep 404 and do not mass-redirect.",GSC export 2026-06-21; last crawl 2026-06-11; dist=false; sitemap=false; noindex=n/a; internal_links=0; no matching page-level performance row; template=none found,medium,P3,none,false
https://ร้านรับซื้อโน๊ตบุ๊ค.com/รับซื้อโน๊ตบุ๊ค/ตราด/macbook-mdm/,Not found (404),P04_LOCATION_X_MODEL,404 expected,false,false,false,,location_x_attribute,sell notebook in ตราด by macbook-mdm attribute,https://ร้านรับซื้อโน๊ตบุ๊ค.com/รับซื้อโน๊ตบุ๊ค/macbook-mdm/,medium,KEEP_404,"A generic attribute page exists, but it is not an equivalent replacement because it discards location intent; keep 404 and do not mass-redirect.",GSC export 2026-06-21; last crawl 2026-06-11; dist=false; sitemap=false; noindex=n/a; internal_links=0; no matching page-level performance row; template=none found,medium,P3,none,false
https://ร้านรับซื้อโน๊ตบุ๊ค.com/รับซื้อโน๊ตบุ๊ค/ภูเก็ต/hp-victus-16/,Not found (404),P04_LOCATION_X_MODEL,404 expected,false,false,false,,location_x_attribute,sell notebook in ภูเก็ต by hp-victus-16 attribute,https://ร้านรับซื้อโน๊ตบุ๊ค.com/รับซื้อโน๊ตบุ๊ค/hp-victus-16/,medium,KEEP_404,"A generic attribute page exists, but it is not an equivalent replacement because it discards location intent; keep 404 and do not mass-redirect.",GSC export 2026-06-21; last crawl 2026-06-11; dist=false; sitemap=false; noindex=n/a; internal_links=0; no matching page-level performance row; template=none found,medium,P3,none,false
https://ร้านรับซื้อโน๊ตบุ๊ค.com/รับซื้อโน๊ตบุ๊ค/นครสวรรค์/macbook-pro-m4/,Not found (404),P04_LOCATION_X_MODEL,404 expected,false,false,false,,location_x_attribute,sell notebook in นครสวรรค์ by macbook-pro-m4 attribute,https://ร้านรับซื้อโน๊ตบุ๊ค.com/รับซื้อโน๊ตบุ๊ค/macbook-pro-m4/,medium,KEEP_404,"A generic attribute page exists, but it is not an equivalent replacement because it discards location intent; keep 404 and do not mass-redirect.",GSC export 2026-06-21; last crawl 2026-06-11; dist=false; sitemap=false; noindex=n/a; internal_links=0; no matching page-level performance row; template=none found,medium,P3,none,false
https://ร้านรับซื้อโน๊ตบุ๊ค.com/รับซื้อโน๊ตบุ๊ค/พระราม2/acer-predator-triton/,Not found (404),P04_LOCATION_X_MODEL,404 expected,false,false,false,,location_x_attribute,sell notebook in พระราม2 by acer-predator-triton attribute,https://ร้านรับซื้อโน๊ตบุ๊ค.com/รับซื้อโน๊ตบุ๊ค/acer-predator-triton/,medium,KEEP_404,"A generic attribute page exists, but it is not an equivalent replacement because it discards location intent; keep 404 and do not mass-redirect.",GSC export 2026-06-21; last crawl 2026-06-11; dist=false; sitemap=false; noindex=n/a; internal_links=0; no matching page-level performance row; template=none found,medium,P3,none,false
https://ร้านรับซื้อโน๊ตบุ๊ค.com/รับซื้อโน๊ตบุ๊ค/อุทัยธานี/macbook-pro-m2/,Not found (404),P04_LOCATION_X_MODEL,404 expected,false,false,false,,location_x_attribute,sell notebook in อุทัยธานี by macbook-pro-m2 attribute,https://ร้านรับซื้อโน๊ตบุ๊ค.com/รับซื้อโน๊ตบุ๊ค/macbook-pro-m2/,medium,KEEP_404,"A generic attribute page exists, but it is not an equivalent replacement because it discards location intent; keep 404 and do not mass-redirect.",GSC export 2026-06-21; last crawl 2026-06-11; dist=false; sitemap=false; noindex=n/a; internal_links=0; no matching page-level performance row; template=none found,medium,P3,none,false
https://ร้านรับซื้อโน๊ตบุ๊ค.com/รับซื้อโน๊ตบุ๊ค/สิงห์บุรี/acer-travelmate/,Not found (404),P04_LOCATION_X_MODEL,404 expected,false,false,false,,location_x_attribute,sell notebook in สิงห์บุรี by acer-travelmate attribute,https://ร้านรับซื้อโน๊ตบุ๊ค.com/รับซื้อโน๊ตบุ๊ค/acer-travelmate/,medium,KEEP_404,"A generic attribute page exists, but it is not an equivalent replacement because it discards location intent; keep 404 and do not mass-redirect.",GSC export 2026-06-21; last crawl 2026-06-11; dist=false; sitemap=false; noindex=n/a; internal_links=0; no matching page-level performance row; template=none found,medium,P3,none,false
https://ร้านรับซื้อโน๊ตบุ๊ค.com/รับซื้อโน๊ตบุ๊ค/นครพนม/asus-rog-ally-x/,Not found (404),P04_LOCATION_X_MODEL,404 expected,false,false,false,,location_x_attribute,sell notebook in นครพนม by asus-rog-ally-x attribute,https://ร้านรับซื้อโน๊ตบุ๊ค.com/รับซื้อโน๊ตบุ๊ค/asus-rog-ally-x/,medium,KEEP_404,"A generic attribute page exists, but it is not an equivalent replacement because it discards location intent; keep 404 and do not mass-redirect.",GSC export 2026-06-21; last crawl 2026-06-11; dist=false; sitemap=false; noindex=n/a; internal_links=0; no matching page-level performance row; template=none found,medium,P3,none,false
https://ร้านรับซื้อโน๊ตบุ๊ค.com/รับซื้อโน๊ตบุ๊ค/ขอนแก่น/บอดี้แตก/,Not found (404),P03_LOCATION_X_CONDITION,404 expected,false,false,false,,location_x_attribute,sell notebook in ขอนแก่น by บอดี้แตก attribute,https://ร้านรับซื้อโน๊ตบุ๊ค.com/รับซื้อโน๊ตบุ๊ค/บอดี้แตก/,medium,KEEP_404,"A generic attribute page exists, but it is not an equivalent replacement because it discards location intent; keep 404 and do not mass-redirect.",GSC export 2026-06-21; last crawl 2026-06-11; dist=false; sitemap=false; noindex=n/a; internal_links=0; no matching page-level performance row; template=none found,medium,P3,none,false
https://ร้านรับซื้อโน๊ตบุ๊ค.com/รับซื้อโน๊ตบุ๊ค/เพชรบูรณ์/msi-cyborg-15/,Not found (404),P04_LOCATION_X_MODEL,404 expected,false,false,false,,location_x_attribute,sell notebook in เพชรบูรณ์ by msi-cyborg-15 attribute,https://ร้านรับซื้อโน๊ตบุ๊ค.com/รับซื้อโน๊ตบุ๊ค/msi-cyborg-15/,medium,KEEP_404,"A generic attribute page exists, but it is not an equivalent replacement because it discards location intent; keep 404 and do not mass-redirect.",GSC export 2026-06-21; last crawl 2026-06-11; dist=false; sitemap=false; noindex=n/a; internal_links=0; no matching page-level performance row; template=none found,medium,P3,none,false
https://ร้านรับซื้อโน๊ตบุ๊ค.com/รับซื้อโน๊ตบุ๊ค/พัทยา/asus-tuf-a15-f15/,Not found (404),P04_LOCATION_X_MODEL,404 expected,false,false,false,,location_x_attribute,sell notebook in พัทยา by asus-tuf-a15-f15 attribute,https://ร้านรับซื้อโน๊ตบุ๊ค.com/รับซื้อโน๊ตบุ๊ค/asus-tuf-a15-f15/,medium,KEEP_404,"A generic attribute page exists, but it is not an equivalent replacement because it discards location intent; keep 404 and do not mass-redirect.",GSC export 2026-06-21; last crawl 2026-06-11; dist=false; sitemap=false; noindex=n/a; internal_links=0; no matching page-level performance row; template=none found,medium,P3,none,false
https://ร้านรับซื้อโน๊ตบุ๊ค.com/รับซื้อโน๊ตบุ๊ค/พิษณุโลก/บลูทูธใช้ไม่ได้/,Not found (404),P04_LOCATION_X_MODEL,404 expected,false,false,false,,location_x_attribute,sell notebook in พิษณุโลก by บลูทูธใช้ไม่ได้ attribute,https://ร้านรับซื้อโน๊ตบุ๊ค.com/รับซื้อโน๊ตบุ๊ค/บลูทูธใช้ไม่ได้/,medium,KEEP_404,"A generic attribute page exists, but it is not an equivalent replacement because it discards location intent; keep 404 and do not mass-redirect.",GSC export 2026-06-21; last crawl 2026-06-11; dist=false; sitemap=false; noindex=n/a; internal_links=0; no matching page-level performance row; template=none found,medium,P3,none,false
https://ร้านรับซื้อโน๊ตบุ๊ค.com/รับซื้อโน๊ตบุ๊ค/สิงห์บุรี/macbook-air-15/,Not found (404),P04_LOCATION_X_MODEL,404 expected,false,false,false,,location_x_attribute,sell notebook in สิงห์บุรี by macbook-air-15 attribute,https://ร้านรับซื้อโน๊ตบุ๊ค.com/รับซื้อโน๊ตบุ๊ค/macbook-air-15/,medium,KEEP_404,"A generic attribute page exists, but it is not an equivalent replacement because it discards location intent; keep 404 and do not mass-redirect.",GSC export 2026-06-21; last crawl 2026-06-11; dist=false; sitemap=false; noindex=n/a; internal_links=0; no matching page-level performance row; template=none found,medium,P3,none,false
https://ร้านรับซื้อโน๊ตบุ๊ค.com/รับซื้อโน๊ตบุ๊ค/อุดรธานี/msi-vector-16-hx/,Not found (404),P04_LOCATION_X_MODEL,404 expected,false,false,false,,location_x_attribute,sell notebook in อุดรธานี by msi-vector-16-hx attribute,https://ร้านรับซื้อโน๊ตบุ๊ค.com/รับซื้อโน๊ตบุ๊ค/msi-vector-16-hx/,medium,KEEP_404,"A generic attribute page exists, but it is not an equivalent replacement because it discards location intent; keep 404 and do not mass-redirect.",GSC export 2026-06-21; last crawl 2026-06-11; dist=false; sitemap=false; noindex=n/a; internal_links=0; no matching page-level performance row; template=none found,medium,P3,none,false
https://ร้านรับซื้อโน๊ตบุ๊ค.com/รับซื้อโน๊ตบุ๊ค/เชียงราย/macbook-mdm/,Not found (404),P04_LOCATION_X_MODEL,404 expected,false,false,false,,location_x_attribute,sell notebook in เชียงราย by macbook-mdm attribute,https://ร้านรับซื้อโน๊ตบุ๊ค.com/รับซื้อโน๊ตบุ๊ค/macbook-mdm/,medium,KEEP_404,"A generic attribute page exists, but it is not an equivalent replacement because it discards location intent; keep 404 and do not mass-redirect.",GSC export 2026-06-21; last crawl 2026-06-11; dist=false; sitemap=false; noindex=n/a; internal_links=0; no matching page-level performance row; template=none found,medium,P3,none,false
https://ร้านรับซื้อโน๊ตบุ๊ค.com/รับซื้อโน๊ตบุ๊ค/กรุงเทพ/ร้อนจัดดับเอง/,Not found (404),P03_LOCATION_X_CONDITION,404 expected,false,false,false,,location_x_attribute,sell notebook in กรุงเทพ by ร้อนจัดดับเอง attribute,https://ร้านรับซื้อโน๊ตบุ๊ค.com/รับซื้อโน๊ตบุ๊ค/ร้อนจัดดับเอง/,medium,KEEP_404,"A generic attribute page exists, but it is not an equivalent replacement because it discards location intent; keep 404 and do not mass-redirect.",GSC export 2026-06-21; last crawl 2026-06-11; dist=false; sitemap=false; noindex=n/a; internal_links=0; no matching page-level performance row; template=none found,medium,P3,none,false
https://ร้านรับซื้อโน๊ตบุ๊ค.com/รับซื้อโน๊ตบุ๊ค/ปทุมธานี/macbook-air-m1/,Not found (404),P04_LOCATION_X_MODEL,404 expected,false,false,false,,location_x_attribute,sell notebook in ปทุมธานี by macbook-air-m1 attribute,https://ร้านรับซื้อโน๊ตบุ๊ค.com/รับซื้อโน๊ตบุ๊ค/macbook-air-m1/,medium,KEEP_404,"A generic attribute page exists, but it is not an equivalent replacement because it discards location intent; keep 404 and do not mass-redirect.",GSC export 2026-06-21; last crawl 2026-06-11; dist=false; sitemap=false; noindex=n/a; internal_links=0; no matching page-level performance row; template=none found,medium,P3,none,false
https://ร้านรับซื้อโน๊ตบุ๊ค.com/รับซื้อโน๊ตบุ๊ค/สุพรรณบุรี/acer-predator-triton/,Not found (404),P04_LOCATION_X_MODEL,404 expected,false,false,false,,location_x_attribute,sell notebook in สุพรรณบุรี by acer-predator-triton attribute,https://ร้านรับซื้อโน๊ตบุ๊ค.com/รับซื้อโน๊ตบุ๊ค/acer-predator-triton/,medium,KEEP_404,"A generic attribute page exists, but it is not an equivalent replacement because it discards location intent; keep 404 and do not mass-redirect.",GSC export 2026-06-21; last crawl 2026-06-11; dist=false; sitemap=false; noindex=n/a; internal_links=0; no matching page-level performance row; template=none found,medium,P3,none,false
https://ร้านรับซื้อโน๊ตบุ๊ค.com/รับซื้อโน๊ตบุ๊ค/ชัยภูมิ/acer-nitro-17/,Not found (404),P04_LOCATION_X_MODEL,404 expected,false,false,false,,location_x_attribute,sell notebook in ชัยภูมิ by acer-nitro-17 attribute,https://ร้านรับซื้อโน๊ตบุ๊ค.com/รับซื้อโน๊ตบุ๊ค/acer-nitro-17/,medium,KEEP_404,"A generic attribute page exists, but it is not an equivalent replacement because it discards location intent; keep 404 and do not mass-redirect.",GSC export 2026-06-21; last crawl 2026-06-11; dist=false; sitemap=false; noindex=n/a; internal_links=0; no matching page-level performance row; template=none found,medium,P3,none,false
https://ร้านรับซื้อโน๊ตบุ๊ค.com/รับซื้อโน๊ตบุ๊ค/บึงกาฬ/alienware-m15-r7-r8/,Not found (404),P04_LOCATION_X_MODEL,404 expected,false,false,false,,location_x_attribute,sell notebook in บึงกาฬ by alienware-m15-r7-r8 attribute,https://ร้านรับซื้อโน๊ตบุ๊ค.com/รับซื้อโน๊ตบุ๊ค/alienware-m15-r7-r8/,medium,KEEP_404,"A generic attribute page exists, but it is not an equivalent replacement because it discards location intent; keep 404 and do not mass-redirect.",GSC export 2026-06-21; last crawl 2026-06-11; dist=false; sitemap=false; noindex=n/a; internal_links=0; no matching page-level performance row; template=none found,medium,P3,none,false
https://ร้านรับซื้อโน๊ตบุ๊ค.com/รับซื้อโน๊ตบุ๊ค/ภาคอีสาน/msi-modern/,Not found (404),P04_LOCATION_X_MODEL,404 expected,false,false,false,,location_x_attribute,sell notebook in ภาคอีสาน by msi-modern attribute,https://ร้านรับซื้อโน๊ตบุ๊ค.com/รับซื้อโน๊ตบุ๊ค/msi-modern/,medium,KEEP_404,"A generic attribute page exists, but it is not an equivalent replacement because it discards location intent; keep 404 and do not mass-redirect.",GSC export 2026-06-21; last crawl 2026-06-11; dist=false; sitemap=false; noindex=n/a; internal_links=0; no matching page-level performance row; template=none found,medium,P3,none,false
https://ร้านรับซื้อโน๊ตบุ๊ค.com/รับซื้อโน๊ตบุ๊ค/ปราจีนบุรี/honor-magicbook/,Not found (404),P04_LOCATION_X_MODEL,404 expected,false,false,false,,location_x_attribute,sell notebook in ปราจีนบุรี by honor-magicbook attribute,https://ร้านรับซื้อโน๊ตบุ๊ค.com/รับซื้อโน๊ตบุ๊ค/honor-magicbook/,medium,KEEP_404,"A generic attribute page exists, but it is not an equivalent replacement because it discards location intent; keep 404 and do not mass-redirect.",GSC export 2026-06-21; last crawl 2026-06-11; dist=false; sitemap=false; noindex=n/a; internal_links=0; no matching page-level performance row; template=none found,medium,P3,none,false
https://ร้านรับซื้อโน๊ตบุ๊ค.com/รับซื้อโน๊ตบุ๊ค/บางนา/macbook-air-m1/,Not found (404),P04_LOCATION_X_MODEL,404 expected,false,false,false,,location_x_attribute,sell notebook in บางนา by macbook-air-m1 attribute,https://ร้านรับซื้อโน๊ตบุ๊ค.com/รับซื้อโน๊ตบุ๊ค/macbook-air-m1/,medium,KEEP_404,"A generic attribute page exists, but it is not an equivalent replacement because it discards location intent; keep 404 and do not mass-redirect.",GSC export 2026-06-21; last crawl 2026-06-11; dist=false; sitemap=false; noindex=n/a; internal_links=0; no matching page-level performance row; template=none found,medium,P3,none,false
https://ร้านรับซื้อโน๊ตบุ๊ค.com/รับซื้อโน๊ตบุ๊ค/สุราษฎร์ธานี/macbook-air-m2/,Not found (404),P04_LOCATION_X_MODEL,404 expected,false,false,false,,location_x_attribute,sell notebook in สุราษฎร์ธานี by macbook-air-m2 attribute,https://ร้านรับซื้อโน๊ตบุ๊ค.com/รับซื้อโน๊ตบุ๊ค/macbook-air-m2/,medium,KEEP_404,"A generic attribute page exists, but it is not an equivalent replacement because it discards location intent; keep 404 and do not mass-redirect.",GSC export 2026-06-21; last crawl 2026-06-11; dist=false; sitemap=false; noindex=n/a; internal_links=0; no matching page-level performance row; template=none found,medium,P3,none,false
https://ร้านรับซื้อโน๊ตบุ๊ค.com/รับซื้อโน๊ตบุ๊ค/ขอนแก่น/macbook-cycle-count/,Not found (404),P04_LOCATION_X_MODEL,404 expected,false,false,false,,location_x_attribute,sell notebook in ขอนแก่น by macbook-cycle-count attribute,https://ร้านรับซื้อโน๊ตบุ๊ค.com/รับซื้อโน๊ตบุ๊ค/macbook-cycle-count/,medium,KEEP_404,"A generic attribute page exists, but it is not an equivalent replacement because it discards location intent; keep 404 and do not mass-redirect.",GSC export 2026-06-21; last crawl 2026-06-11; dist=false; sitemap=false; noindex=n/a; internal_links=0; no matching page-level performance row; template=none found,medium,P3,none,false
https://ร้านรับซื้อโน๊ตบุ๊ค.com/รับซื้อโน๊ตบุ๊ค/บุรีรัมย์/lg-gram/,Not found (404),P04_LOCATION_X_MODEL,404 expected,false,false,false,,location_x_attribute,sell notebook in บุรีรัมย์ by lg-gram attribute,https://ร้านรับซื้อโน๊ตบุ๊ค.com/รับซื้อโน๊ตบุ๊ค/lg-gram/,medium,KEEP_404,"A generic attribute page exists, but it is not an equivalent replacement because it discards location intent; keep 404 and do not mass-redirect.",GSC export 2026-06-21; last crawl 2026-06-11; dist=false; sitemap=false; noindex=n/a; internal_links=0; no matching page-level performance row; template=none found,medium,P3,none,false
https://ร้านรับซื้อโน๊ตบุ๊ค.com/รับซื้อโน๊ตบุ๊ค/เชียงราย/lg-gram/,Not found (404),P04_LOCATION_X_MODEL,404 expected,false,false,false,,location_x_attribute,sell notebook in เชียงราย by lg-gram attribute,https://ร้านรับซื้อโน๊ตบุ๊ค.com/รับซื้อโน๊ตบุ๊ค/lg-gram/,medium,KEEP_404,"A generic attribute page exists, but it is not an equivalent replacement because it discards location intent; keep 404 and do not mass-redirect.",GSC export 2026-06-21; last crawl 2026-06-11; dist=false; sitemap=false; noindex=n/a; internal_links=0; no matching page-level performance row; template=none found,medium,P3,none,false
https://ร้านรับซื้อโน๊ตบุ๊ค.com/รับซื้อโน๊ตบุ๊ค/ศรีสะเกษ/บลูทูธใช้ไม่ได้/,Not found (404),P04_LOCATION_X_MODEL,404 expected,false,false,false,,location_x_attribute,sell notebook in ศรีสะเกษ by บลูทูธใช้ไม่ได้ attribute,https://ร้านรับซื้อโน๊ตบุ๊ค.com/รับซื้อโน๊ตบุ๊ค/บลูทูธใช้ไม่ได้/,medium,KEEP_404,"A generic attribute page exists, but it is not an equivalent replacement because it discards location intent; keep 404 and do not mass-redirect.",GSC export 2026-06-21; last crawl 2026-06-11; dist=false; sitemap=false; noindex=n/a; internal_links=0; no matching page-level performance row; template=none found,medium,P3,none,false
https://ร้านรับซื้อโน๊ตบุ๊ค.com/รับซื้อโน๊ตบุ๊ค/นครราชสีมา/hp-omen-16/,Not found (404),P04_LOCATION_X_MODEL,404 expected,false,false,false,,location_x_attribute,sell notebook in นครราชสีมา by hp-omen-16 attribute,https://ร้านรับซื้อโน๊ตบุ๊ค.com/รับซื้อโน๊ตบุ๊ค/hp-omen-16/,medium,KEEP_404,"A generic attribute page exists, but it is not an equivalent replacement because it discards location intent; keep 404 and do not mass-redirect.",GSC export 2026-06-21; last crawl 2026-06-11; dist=false; sitemap=false; noindex=n/a; internal_links=0; no matching page-level performance row; template=none found,medium,P3,none,false
https://ร้านรับซื้อโน๊ตบุ๊ค.com/รับซื้อโน๊ตบุ๊ค/พัทลุง/hp-omen-16/,Not found (404),P04_LOCATION_X_MODEL,404 expected,false,false,false,,location_x_attribute,sell notebook in พัทลุง by hp-omen-16 attribute,https://ร้านรับซื้อโน๊ตบุ๊ค.com/รับซื้อโน๊ตบุ๊ค/hp-omen-16/,medium,KEEP_404,"A generic attribute page exists, but it is not an equivalent replacement because it discards location intent; keep 404 and do not mass-redirect.",GSC export 2026-06-21; last crawl 2026-06-11; dist=false; sitemap=false; noindex=n/a; internal_links=0; no matching page-level performance row; template=none found,medium,P3,none,false
https://ร้านรับซื้อโน๊ตบุ๊ค.com/รับซื้อโน๊ตบุ๊ค/สระบุรี/asus-tuf-a15-f15/,Not found (404),P04_LOCATION_X_MODEL,404 expected,false,false,false,,location_x_attribute,sell notebook in สระบุรี by asus-tuf-a15-f15 attribute,https://ร้านรับซื้อโน๊ตบุ๊ค.com/รับซื้อโน๊ตบุ๊ค/asus-tuf-a15-f15/,medium,KEEP_404,"A generic attribute page exists, but it is not an equivalent replacement because it discards location intent; keep 404 and do not mass-redirect.",GSC export 2026-06-21; last crawl 2026-06-11; dist=false; sitemap=false; noindex=n/a; internal_links=0; no matching page-level performance row; template=none found,medium,P3,none,false
https://ร้านรับซื้อโน๊ตบุ๊ค.com/รับซื้อโน๊ตบุ๊ค/อุดรธานี/asus-zephyrus-g14/,Not found (404),P04_LOCATION_X_MODEL,404 expected,false,false,false,,location_x_attribute,sell notebook in อุดรธานี by asus-zephyrus-g14 attribute,https://ร้านรับซื้อโน๊ตบุ๊ค.com/รับซื้อโน๊ตบุ๊ค/asus-zephyrus-g14/,medium,KEEP_404,"A generic attribute page exists, but it is not an equivalent replacement because it discards location intent; keep 404 and do not mass-redirect.",GSC export 2026-06-21; last crawl 2026-06-11; dist=false; sitemap=false; noindex=n/a; internal_links=0; no matching page-level performance row; template=none found,medium,P3,none,false
https://ร้านรับซื้อโน๊ตบุ๊ค.com/รับซื้อโน๊ตบุ๊ค/ชุมพร/samsung-galaxy-book/,Not found (404),P04_LOCATION_X_MODEL,404 expected,false,false,false,,location_x_attribute,sell notebook in ชุมพร by samsung-galaxy-book attribute,https://ร้านรับซื้อโน๊ตบุ๊ค.com/รับซื้อโน๊ตบุ๊ค/samsung-galaxy-book/,medium,KEEP_404,"A generic attribute page exists, but it is not an equivalent replacement because it discards location intent; keep 404 and do not mass-redirect.",GSC export 2026-06-21; last crawl 2026-06-11; dist=false; sitemap=false; noindex=n/a; internal_links=0; no matching page-level performance row; template=none found,medium,P3,none,false
https://ร้านรับซื้อโน๊ตบุ๊ค.com/รับซื้อโน๊ตบุ๊ค/ชุมพร/macbook-pro-m3/,Not found (404),P04_LOCATION_X_MODEL,404 expected,false,false,false,,location_x_attribute,sell notebook in ชุมพร by macbook-pro-m3 attribute,https://ร้านรับซื้อโน๊ตบุ๊ค.com/รับซื้อโน๊ตบุ๊ค/macbook-pro-m3/,medium,KEEP_404,"A generic attribute page exists, but it is not an equivalent replacement because it discards location intent; keep 404 and do not mass-redirect.",GSC export 2026-06-21; last crawl 2026-06-11; dist=false; sitemap=false; noindex=n/a; internal_links=0; no matching page-level performance row; template=none found,medium,P3,none,false
https://ร้านรับซื้อโน๊ตบุ๊ค.com/รับซื้อโน๊ตบุ๊ค/พัทยา/alienware-m15-r7-r8/,Not found (404),P04_LOCATION_X_MODEL,404 expected,false,false,false,,location_x_attribute,sell notebook in พัทยา by alienware-m15-r7-r8 attribute,https://ร้านรับซื้อโน๊ตบุ๊ค.com/รับซื้อโน๊ตบุ๊ค/alienware-m15-r7-r8/,medium,KEEP_404,"A generic attribute page exists, but it is not an equivalent replacement because it discards location intent; keep 404 and do not mass-redirect.",GSC export 2026-06-21; last crawl 2026-06-11; dist=false; sitemap=false; noindex=n/a; internal_links=0; no matching page-level performance row; template=none found,medium,P3,none,false
https://ร้านรับซื้อโน๊ตบุ๊ค.com/รับซื้อโน๊ตบุ๊ค/เลย/dell-latitude/,Not found (404),P04_LOCATION_X_MODEL,404 expected,false,false,false,,location_x_attribute,sell notebook in เลย by dell-latitude attribute,https://ร้านรับซื้อโน๊ตบุ๊ค.com/รับซื้อโน๊ตบุ๊ค/dell-latitude/,medium,KEEP_404,"A generic attribute page exists, but it is not an equivalent replacement because it discards location intent; keep 404 and do not mass-redirect.",GSC export 2026-06-21; last crawl 2026-06-11; dist=false; sitemap=false; noindex=n/a; internal_links=0; no matching page-level performance row; template=none found,medium,P3,none,false
https://ร้านรับซื้อโน๊ตบุ๊ค.com/รับซื้อโน๊ตบุ๊ค/กรุงเทพ/hdmi-เสีย/,Not found (404),P03_LOCATION_X_CONDITION,404 expected,false,false,false,,location_x_attribute,sell notebook in กรุงเทพ by hdmi-เสีย attribute,https://ร้านรับซื้อโน๊ตบุ๊ค.com/รับซื้อโน๊ตบุ๊ค/hdmi-เสีย/,medium,KEEP_404,"A generic attribute page exists, but it is not an equivalent replacement because it discards location intent; keep 404 and do not mass-redirect.",GSC export 2026-06-21; last crawl 2026-06-11; dist=false; sitemap=false; noindex=n/a; internal_links=0; no matching page-level performance row; template=none found,medium,P3,none,false
https://ร้านรับซื้อโน๊ตบุ๊ค.com/รับซื้อโน๊ตบุ๊ค/อ่างทอง/macbook-pro-m1/,Not found (404),P04_LOCATION_X_MODEL,404 expected,false,false,false,,location_x_attribute,sell notebook in อ่างทอง by macbook-pro-m1 attribute,https://ร้านรับซื้อโน๊ตบุ๊ค.com/รับซื้อโน๊ตบุ๊ค/macbook-pro-m1/,medium,KEEP_404,"A generic attribute page exists, but it is not an equivalent replacement because it discards location intent; keep 404 and do not mass-redirect.",GSC export 2026-06-21; last crawl 2026-06-11; dist=false; sitemap=false; noindex=n/a; internal_links=0; no matching page-level performance row; template=none found,medium,P3,none,false
https://ร้านรับซื้อโน๊ตบุ๊ค.com/รับซื้อโน๊ตบุ๊ค/อุดรธานี/lenovo-thinkbook/,Not found (404),P04_LOCATION_X_MODEL,404 expected,false,false,false,,location_x_attribute,sell notebook in อุดรธานี by lenovo-thinkbook attribute,https://ร้านรับซื้อโน๊ตบุ๊ค.com/รับซื้อโน๊ตบุ๊ค/lenovo-thinkbook/,medium,KEEP_404,"A generic attribute page exists, but it is not an equivalent replacement because it discards location intent; keep 404 and do not mass-redirect.",GSC export 2026-06-21; last crawl 2026-06-11; dist=false; sitemap=false; noindex=n/a; internal_links=0; no matching page-level performance row; template=none found,medium,P3,none,false
https://ร้านรับซื้อโน๊ตบุ๊ค.com/รับซื้อโน๊ตบุ๊ค/ภูเก็ต/alienware-x16/,Not found (404),P04_LOCATION_X_MODEL,404 expected,false,false,false,,location_x_attribute,sell notebook in ภูเก็ต by alienware-x16 attribute,https://ร้านรับซื้อโน๊ตบุ๊ค.com/รับซื้อโน๊ตบุ๊ค/alienware-x16/,medium,KEEP_404,"A generic attribute page exists, but it is not an equivalent replacement because it discards location intent; keep 404 and do not mass-redirect.",GSC export 2026-06-21; last crawl 2026-06-11; dist=false; sitemap=false; noindex=n/a; internal_links=0; no matching page-level performance row; template=none found,medium,P3,none,false
https://ร้านรับซื้อโน๊ตบุ๊ค.com/รับซื้อโน๊ตบุ๊ค/ปทุมธานี/hp-victus-16/,Not found (404),P04_LOCATION_X_MODEL,404 expected,false,false,false,,location_x_attribute,sell notebook in ปทุมธานี by hp-victus-16 attribute,https://ร้านรับซื้อโน๊ตบุ๊ค.com/รับซื้อโน๊ตบุ๊ค/hp-victus-16/,medium,KEEP_404,"A generic attribute page exists, but it is not an equivalent replacement because it discards location intent; keep 404 and do not mass-redirect.",GSC export 2026-06-21; last crawl 2026-06-11; dist=false; sitemap=false; noindex=n/a; internal_links=0; no matching page-level performance row; template=none found,medium,P3,none,false
https://ร้านรับซื้อโน๊ตบุ๊ค.com/รับซื้อโน๊ตบุ๊ค/สงขลา/macbook-air-13/,Not found (404),P04_LOCATION_X_MODEL,404 expected,false,false,false,,location_x_attribute,sell notebook in สงขลา by macbook-air-13 attribute,https://ร้านรับซื้อโน๊ตบุ๊ค.com/รับซื้อโน๊ตบุ๊ค/macbook-air-13/,medium,KEEP_404,"A generic attribute page exists, but it is not an equivalent replacement because it discards location intent; keep 404 and do not mass-redirect.",GSC export 2026-06-21; last crawl 2026-06-11; dist=false; sitemap=false; noindex=n/a; internal_links=0; no matching page-level performance row; template=none found,medium,P3,none,false
https://ร้านรับซื้อโน๊ตบุ๊ค.com/รับซื้อโน๊ตบุ๊ค/เพชรบูรณ์/จอฟ้า/,Not found (404),P04_LOCATION_X_MODEL,404 expected,false,false,false,,location_x_attribute,sell notebook in เพชรบูรณ์ by จอฟ้า attribute,https://ร้านรับซื้อโน๊ตบุ๊ค.com/รับซื้อโน๊ตบุ๊ค/จอฟ้า/,medium,KEEP_404,"A generic attribute page exists, but it is not an equivalent replacement because it discards location intent; keep 404 and do not mass-redirect.",GSC export 2026-06-21; last crawl 2026-06-11; dist=false; sitemap=false; noindex=n/a; internal_links=0; no matching page-level performance row; template=none found,medium,P3,none,false
https://ร้านรับซื้อโน๊ตบุ๊ค.com/รับซื้อโน๊ตบุ๊ค/พิษณุโลก/thinkpad-t14/,Not found (404),P04_LOCATION_X_MODEL,404 expected,false,false,false,,location_x_attribute,sell notebook in พิษณุโลก by thinkpad-t14 attribute,https://ร้านรับซื้อโน๊ตบุ๊ค.com/รับซื้อโน๊ตบุ๊ค/thinkpad-t14/,medium,KEEP_404,"A generic attribute page exists, but it is not an equivalent replacement because it discards location intent; keep 404 and do not mass-redirect.",GSC export 2026-06-21; last crawl 2026-06-11; dist=false; sitemap=false; noindex=n/a; internal_links=0; no matching page-level performance row; template=none found,medium,P3,none,false
https://ร้านรับซื้อโน๊ตบุ๊ค.com/รับซื้อโน๊ตบุ๊ค/อยุธยา/asus-rog-ally-x/,Not found (404),P04_LOCATION_X_MODEL,404 expected,false,false,false,,location_x_attribute,sell notebook in อยุธยา by asus-rog-ally-x attribute,https://ร้านรับซื้อโน๊ตบุ๊ค.com/รับซื้อโน๊ตบุ๊ค/asus-rog-ally-x/,medium,KEEP_404,"A generic attribute page exists, but it is not an equivalent replacement because it discards location intent; keep 404 and do not mass-redirect.",GSC export 2026-06-21; last crawl 2026-06-11; dist=false; sitemap=false; noindex=n/a; internal_links=0; no matching page-level performance row; template=none found,medium,P3,none,false
https://ร้านรับซื้อโน๊ตบุ๊ค.com/รับซื้อโน๊ตบุ๊ค/ประจวบคีรีขันธ์/wifi-ไม่ติด/,Not found (404),P03_LOCATION_X_CONDITION,404 expected,false,false,false,,location_x_attribute,sell notebook in ประจวบคีรีขันธ์ by wifi-ไม่ติด attribute,https://ร้านรับซื้อโน๊ตบุ๊ค.com/รับซื้อโน๊ตบุ๊ค/wifi-ไม่ติด/,medium,KEEP_404,"A generic attribute page exists, but it is not an equivalent replacement because it discards location intent; keep 404 and do not mass-redirect.",GSC export 2026-06-21; last crawl 2026-06-11; dist=false; sitemap=false; noindex=n/a; internal_links=0; no matching page-level performance row; template=none found,medium,P3,none,false
https://ร้านรับซื้อโน๊ตบุ๊ค.com/รับซื้อโน๊ตบุ๊ค/ร้อยเอ็ด/hp-elitebook/,Not found (404),P04_LOCATION_X_MODEL,404 expected,false,false,false,,location_x_attribute,sell notebook in ร้อยเอ็ด by hp-elitebook attribute,https://ร้านรับซื้อโน๊ตบุ๊ค.com/รับซื้อโน๊ตบุ๊ค/hp-elitebook/,medium,KEEP_404,"A generic attribute page exists, but it is not an equivalent replacement because it discards location intent; keep 404 and do not mass-redirect.",GSC export 2026-06-21; last crawl 2026-06-11; dist=false; sitemap=false; noindex=n/a; internal_links=0; no matching page-level performance row; template=none found,medium,P3,none,false
https://ร้านรับซื้อโน๊ตบุ๊ค.com/รับซื้อโน๊ตบุ๊ค/หนองบัวลำภู/บลูทูธใช้ไม่ได้/,Not found (404),P04_LOCATION_X_MODEL,404 expected,false,false,false,,location_x_attribute,sell notebook in หนองบัวลำภู by บลูทูธใช้ไม่ได้ attribute,https://ร้านรับซื้อโน๊ตบุ๊ค.com/รับซื้อโน๊ตบุ๊ค/บลูทูธใช้ไม่ได้/,medium,KEEP_404,"A generic attribute page exists, but it is not an equivalent replacement because it discards location intent; keep 404 and do not mass-redirect.",GSC export 2026-06-21; last crawl 2026-06-11; dist=false; sitemap=false; noindex=n/a; internal_links=0; no matching page-level performance row; template=none found,medium,P3,none,false
https://ร้านรับซื้อโน๊ตบุ๊ค.com/รับซื้อโน๊ตบุ๊ค/สกลนคร/พัดลมดัง/,Not found (404),P04_LOCATION_X_MODEL,404 expected,false,false,false,,location_x_attribute,sell notebook in สกลนคร by พัดลมดัง attribute,https://ร้านรับซื้อโน๊ตบุ๊ค.com/รับซื้อโน๊ตบุ๊ค/พัดลมดัง/,medium,KEEP_404,"A generic attribute page exists, but it is not an equivalent replacement because it discards location intent; keep 404 and do not mass-redirect.",GSC export 2026-06-21; last crawl 2026-06-11; dist=false; sitemap=false; noindex=n/a; internal_links=0; no matching page-level performance row; template=none found,medium,P3,none,false
https://ร้านรับซื้อโน๊ตบุ๊ค.com/รับซื้อโน๊ตบุ๊ค/ปราจีนบุรี/พอร์ต-usb-เสีย/,Not found (404),P03_LOCATION_X_CONDITION,404 expected,false,false,false,,location_x_attribute,sell notebook in ปราจีนบุรี by พอร์ต-usb-เสีย attribute,https://ร้านรับซื้อโน๊ตบุ๊ค.com/รับซื้อโน๊ตบุ๊ค/พอร์ต-usb-เสีย/,medium,KEEP_404,"A generic attribute page exists, but it is not an equivalent replacement because it discards location intent; keep 404 and do not mass-redirect.",GSC export 2026-06-21; last crawl 2026-06-11; dist=false; sitemap=false; noindex=n/a; internal_links=0; no matching page-level performance row; template=none found,medium,P3,none,false
https://ร้านรับซื้อโน๊ตบุ๊ค.com/รับซื้อโน๊ตบุ๊ค/สระบุรี/huawei/,Not found (404),P04_LOCATION_X_MODEL,404 expected,false,false,false,,location_x_attribute,sell notebook in สระบุรี by huawei attribute,https://ร้านรับซื้อโน๊ตบุ๊ค.com/รับซื้อโน๊ตบุ๊ค/huawei/,medium,KEEP_404,"A generic attribute page exists, but it is not an equivalent replacement because it discards location intent; keep 404 and do not mass-redirect.",GSC export 2026-06-21; last crawl 2026-06-11; dist=false; sitemap=false; noindex=n/a; internal_links=0; no matching page-level performance row; template=none found,medium,P3,none,false
https://ร้านรับซื้อโน๊ตบุ๊ค.com/รับซื้อโน๊ตบุ๊ค/นครสวรรค์/ทัชแพดเสีย/,Not found (404),P03_LOCATION_X_CONDITION,404 expected,false,false,false,,location_x_attribute,sell notebook in นครสวรรค์ by ทัชแพดเสีย attribute,https://ร้านรับซื้อโน๊ตบุ๊ค.com/รับซื้อโน๊ตบุ๊ค/ทัชแพดเสีย/,medium,KEEP_404,"A generic attribute page exists, but it is not an equivalent replacement because it discards location intent; keep 404 and do not mass-redirect.",GSC export 2026-06-21; last crawl 2026-06-11; dist=false; sitemap=false; noindex=n/a; internal_links=0; no matching page-level performance row; template=none found,medium,P3,none,false
https://ร้านรับซื้อโน๊ตบุ๊ค.com/รับซื้อโน๊ตบุ๊ค/เพชรบุรี/thinkpad-t14/,Not found (404),P04_LOCATION_X_MODEL,404 expected,false,false,false,,location_x_attribute,sell notebook in เพชรบุรี by thinkpad-t14 attribute,https://ร้านรับซื้อโน๊ตบุ๊ค.com/รับซื้อโน๊ตบุ๊ค/thinkpad-t14/,medium,KEEP_404,"A generic attribute page exists, but it is not an equivalent replacement because it discards location intent; keep 404 and do not mass-redirect.",GSC export 2026-06-21; last crawl 2026-06-11; dist=false; sitemap=false; noindex=n/a; internal_links=0; no matching page-level performance row; template=none found,medium,P3,none,false
https://ร้านรับซื้อโน๊ตบุ๊ค.com/รับซื้อโน๊ตบุ๊ค/ชลบุรี/razer/,Not found (404),P04_LOCATION_X_MODEL,404 expected,false,false,false,,location_x_attribute,sell notebook in ชลบุรี by razer attribute,https://ร้านรับซื้อโน๊ตบุ๊ค.com/รับซื้อโน๊ตบุ๊ค/razer/,medium,KEEP_404,"A generic attribute page exists, but it is not an equivalent replacement because it discards location intent; keep 404 and do not mass-redirect.",GSC export 2026-06-21; last crawl 2026-06-11; dist=false; sitemap=false; noindex=n/a; internal_links=0; no matching page-level performance row; template=none found,medium,P3,none,false
https://ร้านรับซื้อโน๊ตบุ๊ค.com/รับซื้อโน๊ตบุ๊ค/อยุธยา/surface-pro/,Not found (404),P04_LOCATION_X_MODEL,404 expected,false,false,false,,location_x_attribute,sell notebook in อยุธยา by surface-pro attribute,https://ร้านรับซื้อโน๊ตบุ๊ค.com/รับซื้อโน๊ตบุ๊ค/surface-pro/,medium,KEEP_404,"A generic attribute page exists, but it is not an equivalent replacement because it discards location intent; keep 404 and do not mass-redirect.",GSC export 2026-06-21; last crawl 2026-06-11; dist=false; sitemap=false; noindex=n/a; internal_links=0; no matching page-level performance row; template=none found,medium,P3,none,false
https://ร้านรับซื้อโน๊ตบุ๊ค.com/รับซื้อโน๊ตบุ๊ค/อุทัยธานี/lenovo-yoga/,Not found (404),P04_LOCATION_X_MODEL,404 expected,false,false,false,,location_x_attribute,sell notebook in อุทัยธานี by lenovo-yoga attribute,https://ร้านรับซื้อโน๊ตบุ๊ค.com/รับซื้อโน๊ตบุ๊ค/lenovo-yoga/,medium,KEEP_404,"A generic attribute page exists, but it is not an equivalent replacement because it discards location intent; keep 404 and do not mass-redirect.",GSC export 2026-06-21; last crawl 2026-06-11; dist=false; sitemap=false; noindex=n/a; internal_links=0; no matching page-level performance row; template=none found,medium,P3,none,false
https://ร้านรับซื้อโน๊ตบุ๊ค.com/รับซื้อโน๊ตบุ๊ค/รังสิต/dell-xps-13-15/,Not found (404),P04_LOCATION_X_MODEL,404 expected,false,false,false,,location_x_attribute,sell notebook in รังสิต by dell-xps-13-15 attribute,https://ร้านรับซื้อโน๊ตบุ๊ค.com/รับซื้อโน๊ตบุ๊ค/dell-xps-13-15/,medium,KEEP_404,"A generic attribute page exists, but it is not an equivalent replacement because it discards location intent; keep 404 and do not mass-redirect.",GSC export 2026-06-21; last crawl 2026-06-11; dist=false; sitemap=false; noindex=n/a; internal_links=0; no matching page-level performance row; template=none found,medium,P3,none,false
https://ร้านรับซื้อโน๊ตบุ๊ค.com/รับซื้อโน๊ตบุ๊ค/ศรีสะเกษ/alienware-x16/,Not found (404),P04_LOCATION_X_MODEL,404 expected,false,false,false,,location_x_attribute,sell notebook in ศรีสะเกษ by alienware-x16 attribute,https://ร้านรับซื้อโน๊ตบุ๊ค.com/รับซื้อโน๊ตบุ๊ค/alienware-x16/,medium,KEEP_404,"A generic attribute page exists, but it is not an equivalent replacement because it discards location intent; keep 404 and do not mass-redirect.",GSC export 2026-06-21; last crawl 2026-06-11; dist=false; sitemap=false; noindex=n/a; internal_links=0; no matching page-level performance row; template=none found,medium,P3,none,false
https://ร้านรับซื้อโน๊ตบุ๊ค.com/รับซื้อโน๊ตบุ๊ค/อุดรธานี/acer-nitro-v/,Not found (404),P04_LOCATION_X_MODEL,404 expected,false,false,false,,location_x_attribute,sell notebook in อุดรธานี by acer-nitro-v attribute,https://ร้านรับซื้อโน๊ตบุ๊ค.com/รับซื้อโน๊ตบุ๊ค/acer-nitro-v/,medium,KEEP_404,"A generic attribute page exists, but it is not an equivalent replacement because it discards location intent; keep 404 and do not mass-redirect.",GSC export 2026-06-21; last crawl 2026-06-11; dist=false; sitemap=false; noindex=n/a; internal_links=0; no matching page-level performance row; template=none found,medium,P3,none,false
https://ร้านรับซื้อโน๊ตบุ๊ค.com/รับซื้อโน๊ตบุ๊ค/นครศรีธรรมราช/acer-nitro-17/,Not found (404),P04_LOCATION_X_MODEL,404 expected,false,false,false,,location_x_attribute,sell notebook in นครศรีธรรมราช by acer-nitro-17 attribute,https://ร้านรับซื้อโน๊ตบุ๊ค.com/รับซื้อโน๊ตบุ๊ค/acer-nitro-17/,medium,KEEP_404,"A generic attribute page exists, but it is not an equivalent replacement because it discards location intent; keep 404 and do not mass-redirect.",GSC export 2026-06-21; last crawl 2026-06-11; dist=false; sitemap=false; noindex=n/a; internal_links=0; no matching page-level performance row; template=none found,medium,P3,none,false
https://ร้านรับซื้อโน๊ตบุ๊ค.com/รับซื้อโน๊ตบุ๊ค/เชียงใหม่/พอร์ต-usb-เสีย/,Not found (404),P03_LOCATION_X_CONDITION,404 expected,false,false,false,,location_x_attribute,sell notebook in เชียงใหม่ by พอร์ต-usb-เสีย attribute,https://ร้านรับซื้อโน๊ตบุ๊ค.com/รับซื้อโน๊ตบุ๊ค/พอร์ต-usb-เสีย/,medium,KEEP_404,"A generic attribute page exists, but it is not an equivalent replacement because it discards location intent; keep 404 and do not mass-redirect.",GSC export 2026-06-21; last crawl 2026-06-11; dist=false; sitemap=false; noindex=n/a; internal_links=0; no matching page-level performance row; template=none found,medium,P3,none,false
https://ร้านรับซื้อโน๊ตบุ๊ค.com/รับซื้อโน๊ตบุ๊ค/ปัตตานี/macbook-pro-m3/,Not found (404),P04_LOCATION_X_MODEL,404 expected,false,false,false,,location_x_attribute,sell notebook in ปัตตานี by macbook-pro-m3 attribute,https://ร้านรับซื้อโน๊ตบุ๊ค.com/รับซื้อโน๊ตบุ๊ค/macbook-pro-m3/,medium,KEEP_404,"A generic attribute page exists, but it is not an equivalent replacement because it discards location intent; keep 404 and do not mass-redirect.",GSC export 2026-06-21; last crawl 2026-06-11; dist=false; sitemap=false; noindex=n/a; internal_links=0; no matching page-level performance row; template=none found,medium,P3,none,false
https://ร้านรับซื้อโน๊ตบุ๊ค.com/รับซื้อโน๊ตบุ๊ค/สมุทรสาคร/hp-omen-transcend/,Not found (404),P04_LOCATION_X_MODEL,404 expected,false,false,false,,location_x_attribute,sell notebook in สมุทรสาคร by hp-omen-transcend attribute,https://ร้านรับซื้อโน๊ตบุ๊ค.com/รับซื้อโน๊ตบุ๊ค/hp-omen-transcend/,medium,KEEP_404,"A generic attribute page exists, but it is not an equivalent replacement because it discards location intent; keep 404 and do not mass-redirect.",GSC export 2026-06-21; last crawl 2026-06-11; dist=false; sitemap=false; noindex=n/a; internal_links=0; no matching page-level performance row; template=none found,medium,P3,none,false
https://ร้านรับซื้อโน๊ตบุ๊ค.com/รับซื้อโน๊ตบุ๊ค/เลย/msi-katana-15/,Not found (404),P04_LOCATION_X_MODEL,404 expected,false,false,false,,location_x_attribute,sell notebook in เลย by msi-katana-15 attribute,https://ร้านรับซื้อโน๊ตบุ๊ค.com/รับซื้อโน๊ตบุ๊ค/msi-katana-15/,medium,KEEP_404,"A generic attribute page exists, but it is not an equivalent replacement because it discards location intent; keep 404 and do not mass-redirect.",GSC export 2026-06-21; last crawl 2026-06-11; dist=false; sitemap=false; noindex=n/a; internal_links=0; no matching page-level performance row; template=none found,medium,P3,none,false
https://ร้านรับซื้อโน๊ตบุ๊ค.com/รับซื้อโน๊ตบุ๊ค/ชัยนาท/razer/,Not found (404),P04_LOCATION_X_MODEL,404 expected,false,false,false,,location_x_attribute,sell notebook in ชัยนาท by razer attribute,https://ร้านรับซื้อโน๊ตบุ๊ค.com/รับซื้อโน๊ตบุ๊ค/razer/,medium,KEEP_404,"A generic attribute page exists, but it is not an equivalent replacement because it discards location intent; keep 404 and do not mass-redirect.",GSC export 2026-06-21; last crawl 2026-06-11; dist=false; sitemap=false; noindex=n/a; internal_links=0; no matching page-level performance row; template=none found,medium,P3,none,false
https://ร้านรับซื้อโน๊ตบุ๊ค.com/รับซื้อโน๊ตบุ๊ค/ปราจีนบุรี/บอดี้แตก/,Not found (404),P03_LOCATION_X_CONDITION,404 expected,false,false,false,,location_x_attribute,sell notebook in ปราจีนบุรี by บอดี้แตก attribute,https://ร้านรับซื้อโน๊ตบุ๊ค.com/รับซื้อโน๊ตบุ๊ค/บอดี้แตก/,medium,KEEP_404,"A generic attribute page exists, but it is not an equivalent replacement because it discards location intent; keep 404 and do not mass-redirect.",GSC export 2026-06-21; last crawl 2026-06-11; dist=false; sitemap=false; noindex=n/a; internal_links=0; no matching page-level performance row; template=none found,medium,P3,none,false
https://ร้านรับซื้อโน๊ตบุ๊ค.com/รับซื้อโน๊ตบุ๊ค/ร้อยเอ็ด/thinkpad-x1-carbon/,Not found (404),P04_LOCATION_X_MODEL,404 expected,false,false,false,,location_x_attribute,sell notebook in ร้อยเอ็ด by thinkpad-x1-carbon attribute,https://ร้านรับซื้อโน๊ตบุ๊ค.com/รับซื้อโน๊ตบุ๊ค/thinkpad-x1-carbon/,medium,KEEP_404,"A generic attribute page exists, but it is not an equivalent replacement because it discards location intent; keep 404 and do not mass-redirect.",GSC export 2026-06-21; last crawl 2026-06-11; dist=false; sitemap=false; noindex=n/a; internal_links=0; no matching page-level performance row; template=none found,medium,P3,none,false
https://ร้านรับซื้อโน๊ตบุ๊ค.com/รับซื้อโน๊ตบุ๊ค/หนองคาย/macbook-air-m5/,Not found (404),P04_LOCATION_X_MODEL,404 expected,false,false,false,,location_x_attribute,sell notebook in หนองคาย by macbook-air-m5 attribute,https://ร้านรับซื้อโน๊ตบุ๊ค.com/รับซื้อโน๊ตบุ๊ค/macbook-air-m5/,medium,KEEP_404,"A generic attribute page exists, but it is not an equivalent replacement because it discards location intent; keep 404 and do not mass-redirect.",GSC export 2026-06-21; last crawl 2026-06-11; dist=false; sitemap=false; noindex=n/a; internal_links=0; no matching page-level performance row; template=none found,medium,P3,none,false
https://ร้านรับซื้อโน๊ตบุ๊ค.com/รับซื้อโน๊ตบุ๊ค/ยโสธร/hp-omen-17/,Not found (404),P04_LOCATION_X_MODEL,404 expected,false,false,false,,location_x_attribute,sell notebook in ยโสธร by hp-omen-17 attribute,https://ร้านรับซื้อโน๊ตบุ๊ค.com/รับซื้อโน๊ตบุ๊ค/hp-omen-17/,medium,KEEP_404,"A generic attribute page exists, but it is not an equivalent replacement because it discards location intent; keep 404 and do not mass-redirect.",GSC export 2026-06-21; last crawl 2026-06-11; dist=false; sitemap=false; noindex=n/a; internal_links=0; no matching page-level performance row; template=none found,medium,P3,none,false
https://ร้านรับซื้อโน๊ตบุ๊ค.com/รับซื้อโน๊ตบุ๊ค/สตูล/acer-predator-helios/,Not found (404),P04_LOCATION_X_MODEL,404 expected,false,false,false,,location_x_attribute,sell notebook in สตูล by acer-predator-helios attribute,https://ร้านรับซื้อโน๊ตบุ๊ค.com/รับซื้อโน๊ตบุ๊ค/acer-predator-helios/,medium,KEEP_404,"A generic attribute page exists, but it is not an equivalent replacement because it discards location intent; keep 404 and do not mass-redirect.",GSC export 2026-06-21; last crawl 2026-06-11; dist=false; sitemap=false; noindex=n/a; internal_links=0; no matching page-level performance row; template=none found,medium,P3,none,false
https://ร้านรับซื้อโน๊ตบุ๊ค.com/รับซื้อโน๊ตบุ๊ค/ภูเก็ต/hp-elitebook/,Not found (404),P04_LOCATION_X_MODEL,404 expected,false,false,false,,location_x_attribute,sell notebook in ภูเก็ต by hp-elitebook attribute,https://ร้านรับซื้อโน๊ตบุ๊ค.com/รับซื้อโน๊ตบุ๊ค/hp-elitebook/,medium,KEEP_404,"A generic attribute page exists, but it is not an equivalent replacement because it discards location intent; keep 404 and do not mass-redirect.",GSC export 2026-06-21; last crawl 2026-06-11; dist=false; sitemap=false; noindex=n/a; internal_links=0; no matching page-level performance row; template=none found,medium,P3,none,false
https://ร้านรับซื้อโน๊ตบุ๊ค.com/รับซื้อโน๊ตบุ๊ค/สมุทรปราการ/macbook-air-m3/,Not found (404),P04_LOCATION_X_MODEL,404 expected,false,false,false,,location_x_attribute,sell notebook in สมุทรปราการ by macbook-air-m3 attribute,https://ร้านรับซื้อโน๊ตบุ๊ค.com/รับซื้อโน๊ตบุ๊ค/macbook-air-m3/,medium,KEEP_404,"A generic attribute page exists, but it is not an equivalent replacement because it discards location intent; keep 404 and do not mass-redirect.",GSC export 2026-06-21; last crawl 2026-06-11; dist=false; sitemap=false; noindex=n/a; internal_links=0; no matching page-level performance row; template=none found,medium,P3,none,false
https://ร้านรับซื้อโน๊ตบุ๊ค.com/รับซื้อโน๊ตบุ๊ค/อุตรดิตถ์/huawei/,Not found (404),P04_LOCATION_X_MODEL,404 expected,false,false,false,,location_x_attribute,sell notebook in อุตรดิตถ์ by huawei attribute,https://ร้านรับซื้อโน๊ตบุ๊ค.com/รับซื้อโน๊ตบุ๊ค/huawei/,medium,KEEP_404,"A generic attribute page exists, but it is not an equivalent replacement because it discards location intent; keep 404 and do not mass-redirect.",GSC export 2026-06-21; last crawl 2026-06-11; dist=false; sitemap=false; noindex=n/a; internal_links=0; no matching page-level performance row; template=none found,medium,P3,none,false
https://ร้านรับซื้อโน๊ตบุ๊ค.com/รับซื้อโน๊ตบุ๊ค/เพชรบูรณ์/lg-gram/,Not found (404),P04_LOCATION_X_MODEL,404 expected,false,false,false,,location_x_attribute,sell notebook in เพชรบูรณ์ by lg-gram attribute,https://ร้านรับซื้อโน๊ตบุ๊ค.com/รับซื้อโน๊ตบุ๊ค/lg-gram/,medium,KEEP_404,"A generic attribute page exists, but it is not an equivalent replacement because it discards location intent; keep 404 and do not mass-redirect.",GSC export 2026-06-21; last crawl 2026-06-11; dist=false; sitemap=false; noindex=n/a; internal_links=0; no matching page-level performance row; template=none found,medium,P3,none,false
https://ร้านรับซื้อโน๊ตบุ๊ค.com/รับซื้อโน๊ตบุ๊ค/ปราจีนบุรี/asus-zephyrus-g14/,Not found (404),P04_LOCATION_X_MODEL,404 expected,false,false,false,,location_x_attribute,sell notebook in ปราจีนบุรี by asus-zephyrus-g14 attribute,https://ร้านรับซื้อโน๊ตบุ๊ค.com/รับซื้อโน๊ตบุ๊ค/asus-zephyrus-g14/,medium,KEEP_404,"A generic attribute page exists, but it is not an equivalent replacement because it discards location intent; keep 404 and do not mass-redirect.",GSC export 2026-06-21; last crawl 2026-06-11; dist=false; sitemap=false; noindex=n/a; internal_links=0; no matching page-level performance row; template=none found,medium,P3,none,false
https://ร้านรับซื้อโน๊ตบุ๊ค.com/รับซื้อโน๊ตบุ๊ค/พัทลุง/พอร์ต-type-c-เสีย/,Not found (404),P03_LOCATION_X_CONDITION,404 expected,false,false,false,,location_x_attribute,sell notebook in พัทลุง by พอร์ต-type-c-เสีย attribute,https://ร้านรับซื้อโน๊ตบุ๊ค.com/รับซื้อโน๊ตบุ๊ค/พอร์ต-type-c-เสีย/,medium,KEEP_404,"A generic attribute page exists, but it is not an equivalent replacement because it discards location intent; keep 404 and do not mass-redirect.",GSC export 2026-06-21; last crawl 2026-06-11; dist=false; sitemap=false; noindex=n/a; internal_links=0; no matching page-level performance row; template=none found,medium,P3,none,false
https://ร้านรับซื้อโน๊ตบุ๊ค.com/รับซื้อโน๊ตบุ๊ค/นครศรีธรรมราช/จอไม่ติดแต่เครื่องติด/,Not found (404),P03_LOCATION_X_CONDITION,404 expected,false,false,false,,location_x_attribute,sell notebook in นครศรีธรรมราช by จอไม่ติดแต่เครื่องติด attribute,https://ร้านรับซื้อโน๊ตบุ๊ค.com/รับซื้อโน๊ตบุ๊ค/จอไม่ติดแต่เครื่องติด/,medium,KEEP_404,"A generic attribute page exists, but it is not an equivalent replacement because it discards location intent; keep 404 and do not mass-redirect.",GSC export 2026-06-21; last crawl 2026-06-11; dist=false; sitemap=false; noindex=n/a; internal_links=0; no matching page-level performance row; template=none found,medium,P3,none,false
https://ร้านรับซื้อโน๊ตบุ๊ค.com/รับซื้อโน๊ตบุ๊ค/สุราษฎร์ธานี/dell-inspiron-15/,Not found (404),P04_LOCATION_X_MODEL,404 expected,false,false,false,,location_x_attribute,sell notebook in สุราษฎร์ธานี by dell-inspiron-15 attribute,https://ร้านรับซื้อโน๊ตบุ๊ค.com/รับซื้อโน๊ตบุ๊ค/dell-inspiron-15/,medium,KEEP_404,"A generic attribute page exists, but it is not an equivalent replacement because it discards location intent; keep 404 and do not mass-redirect.",GSC export 2026-06-21; last crawl 2026-06-11; dist=false; sitemap=false; noindex=n/a; internal_links=0; no matching page-level performance row; template=none found,medium,P3,none,false
https://ร้านรับซื้อโน๊ตบุ๊ค.com/รับซื้อโน๊ตบุ๊ค/ภูเก็ต/acer-nitro-17/,Not found (404),P04_LOCATION_X_MODEL,404 expected,false,false,false,,location_x_attribute,sell notebook in ภูเก็ต by acer-nitro-17 attribute,https://ร้านรับซื้อโน๊ตบุ๊ค.com/รับซื้อโน๊ตบุ๊ค/acer-nitro-17/,medium,KEEP_404,"A generic attribute page exists, but it is not an equivalent replacement because it discards location intent; keep 404 and do not mass-redirect.",GSC export 2026-06-21; last crawl 2026-06-11; dist=false; sitemap=false; noindex=n/a; internal_links=0; no matching page-level performance row; template=none found,medium,P3,none,false
https://ร้านรับซื้อโน๊ตบุ๊ค.com/รับซื้อโน๊ตบุ๊ค/หนองบัวลำภู/lenovo-legion-slim/,Not found (404),P04_LOCATION_X_MODEL,404 expected,false,false,false,,location_x_attribute,sell notebook in หนองบัวลำภู by lenovo-legion-slim attribute,https://ร้านรับซื้อโน๊ตบุ๊ค.com/รับซื้อโน๊ตบุ๊ค/lenovo-legion-slim/,medium,KEEP_404,"A generic attribute page exists, but it is not an equivalent replacement because it discards location intent; keep 404 and do not mass-redirect.",GSC export 2026-06-21; last crawl 2026-06-11; dist=false; sitemap=false; noindex=n/a; internal_links=0; no matching page-level performance row; template=none found,medium,P3,none,false
https://ร้านรับซื้อโน๊ตบุ๊ค.com/รับซื้อโน๊ตบุ๊ค/นครปฐม/macbook-battery-health/,Not found (404),P04_LOCATION_X_MODEL,404 expected,false,false,false,,location_x_attribute,sell notebook in นครปฐม by macbook-battery-health attribute,https://ร้านรับซื้อโน๊ตบุ๊ค.com/รับซื้อโน๊ตบุ๊ค/macbook-battery-health/,medium,KEEP_404,"A generic attribute page exists, but it is not an equivalent replacement because it discards location intent; keep 404 and do not mass-redirect.",GSC export 2026-06-21; last crawl 2026-06-11; dist=false; sitemap=false; noindex=n/a; internal_links=0; no matching page-level performance row; template=none found,medium,P3,none,false
https://ร้านรับซื้อโน๊ตบุ๊ค.com/รับซื้อโน๊ตบุ๊ค/ระนอง/acer-nitro-v/,Not found (404),P04_LOCATION_X_MODEL,404 expected,false,false,false,,location_x_attribute,sell notebook in ระนอง by acer-nitro-v attribute,https://ร้านรับซื้อโน๊ตบุ๊ค.com/รับซื้อโน๊ตบุ๊ค/acer-nitro-v/,medium,KEEP_404,"A generic attribute page exists, but it is not an equivalent replacement because it discards location intent; keep 404 and do not mass-redirect.",GSC export 2026-06-21; last crawl 2026-06-11; dist=false; sitemap=false; noindex=n/a; internal_links=0; no matching page-level performance row; template=none found,medium,P3,none,false
https://ร้านรับซื้อโน๊ตบุ๊ค.com/รับซื้อโน๊ตบุ๊ค/กรุงเทพ/ssd-เสีย/,Not found (404),P03_LOCATION_X_CONDITION,404 expected,false,false,false,,location_x_attribute,sell notebook in กรุงเทพ by ssd-เสีย attribute,https://ร้านรับซื้อโน๊ตบุ๊ค.com/รับซื้อโน๊ตบุ๊ค/ssd-เสีย/,medium,KEEP_404,"A generic attribute page exists, but it is not an equivalent replacement because it discards location intent; keep 404 and do not mass-redirect.",GSC export 2026-06-21; last crawl 2026-06-11; dist=false; sitemap=false; noindex=n/a; internal_links=0; no matching page-level performance row; template=none found,medium,P3,none,false
https://ร้านรับซื้อโน๊ตบุ๊ค.com/รับซื้อโน๊ตบุ๊ค/มุกดาหาร/acer-swift/,Not found (404),P04_LOCATION_X_MODEL,404 expected,false,false,false,,location_x_attribute,sell notebook in มุกดาหาร by acer-swift attribute,https://ร้านรับซื้อโน๊ตบุ๊ค.com/รับซื้อโน๊ตบุ๊ค/acer-swift/,medium,KEEP_404,"A generic attribute page exists, but it is not an equivalent replacement because it discards location intent; keep 404 and do not mass-redirect.",GSC export 2026-06-21; last crawl 2026-06-11; dist=false; sitemap=false; noindex=n/a; internal_links=0; no matching page-level performance row; template=none found,medium,P3,none,false
https://ร้านรับซื้อโน๊ตบุ๊ค.com/รับซื้อโน๊ตบุ๊ค/กำแพงเพชร/lenovo-legion-5/,Not found (404),P04_LOCATION_X_MODEL,404 expected,false,false,false,,location_x_attribute,sell notebook in กำแพงเพชร by lenovo-legion-5 attribute,https://ร้านรับซื้อโน๊ตบุ๊ค.com/รับซื้อโน๊ตบุ๊ค/lenovo-legion-5/,medium,KEEP_404,"A generic attribute page exists, but it is not an equivalent replacement because it discards location intent; keep 404 and do not mass-redirect.",GSC export 2026-06-21; last crawl 2026-06-11; dist=false; sitemap=false; noindex=n/a; internal_links=0; no matching page-level performance row; template=none found,medium,P3,none,false
https://ร้านรับซื้อโน๊ตบุ๊ค.com/รับซื้อโน๊ตบุ๊ค/นครพนม/gigabyte/,Not found (404),P04_LOCATION_X_MODEL,404 expected,false,false,false,,location_x_attribute,sell notebook in นครพนม by gigabyte attribute,https://ร้านรับซื้อโน๊ตบุ๊ค.com/รับซื้อโน๊ตบุ๊ค/gigabyte/,medium,KEEP_404,"A generic attribute page exists, but it is not an equivalent replacement because it discards location intent; keep 404 and do not mass-redirect.",GSC export 2026-06-21; last crawl 2026-06-11; dist=false; sitemap=false; noindex=n/a; internal_links=0; no matching page-level performance row; template=none found,medium,P3,none,false
https://ร้านรับซื้อโน๊ตบุ๊ค.com/รับซื้อโน๊ตบุ๊ค/ร้อยเอ็ด/macbook-keyboard-issue/,Not found (404),P04_LOCATION_X_MODEL,404 expected,false,false,false,,location_x_attribute,sell notebook in ร้อยเอ็ด by macbook-keyboard-issue attribute,https://ร้านรับซื้อโน๊ตบุ๊ค.com/รับซื้อโน๊ตบุ๊ค/macbook-keyboard-issue/,medium,KEEP_404,"A generic attribute page exists, but it is not an equivalent replacement because it discards location intent; keep 404 and do not mass-redirect.",GSC export 2026-06-21; last crawl 2026-06-11; dist=false; sitemap=false; noindex=n/a; internal_links=0; no matching page-level performance row; template=none found,medium,P3,none,false
https://ร้านรับซื้อโน๊ตบุ๊ค.com/รับซื้อโน๊ตบุ๊ค/หนองคาย/macbook-charge-port/,Not found (404),P04_LOCATION_X_MODEL,404 expected,false,false,false,,location_x_attribute,sell notebook in หนองคาย by macbook-charge-port attribute,https://ร้านรับซื้อโน๊ตบุ๊ค.com/รับซื้อโน๊ตบุ๊ค/macbook-charge-port/,medium,KEEP_404,"A generic attribute page exists, but it is not an equivalent replacement because it discards location intent; keep 404 and do not mass-redirect.",GSC export 2026-06-21; last crawl 2026-06-11; dist=false; sitemap=false; noindex=n/a; internal_links=0; no matching page-level performance row; template=none found,medium,P3,none,false
https://ร้านรับซื้อโน๊ตบุ๊ค.com/รับซื้อโน๊ตบุ๊ค/นครสวรรค์/alienware-m16/,Not found (404),P04_LOCATION_X_MODEL,404 expected,false,false,false,,location_x_attribute,sell notebook in นครสวรรค์ by alienware-m16 attribute,https://ร้านรับซื้อโน๊ตบุ๊ค.com/รับซื้อโน๊ตบุ๊ค/alienware-m16/,medium,KEEP_404,"A generic attribute page exists, but it is not an equivalent replacement because it discards location intent; keep 404 and do not mass-redirect.",GSC export 2026-06-21; last crawl 2026-06-11; dist=false; sitemap=false; noindex=n/a; internal_links=0; no matching page-level performance row; template=none found,medium,P3,none,false
https://ร้านรับซื้อโน๊ตบุ๊ค.com/รับซื้อโน๊ตบุ๊ค/สมุทรสงคราม/acer-nitro-v/,Not found (404),P04_LOCATION_X_MODEL,404 expected,false,false,false,,location_x_attribute,sell notebook in สมุทรสงคราม by acer-nitro-v attribute,https://ร้านรับซื้อโน๊ตบุ๊ค.com/รับซื้อโน๊ตบุ๊ค/acer-nitro-v/,medium,KEEP_404,"A generic attribute page exists, but it is not an equivalent replacement because it discards location intent; keep 404 and do not mass-redirect.",GSC export 2026-06-21; last crawl 2026-06-11; dist=false; sitemap=false; noindex=n/a; internal_links=0; no matching page-level performance row; template=none found,medium,P3,none,false
https://ร้านรับซื้อโน๊ตบุ๊ค.com/รับซื้อโน๊ตบุ๊ค/สมุทรปราการ/acer-swift/,Not found (404),P04_LOCATION_X_MODEL,404 expected,false,false,false,,location_x_attribute,sell notebook in สมุทรปราการ by acer-swift attribute,https://ร้านรับซื้อโน๊ตบุ๊ค.com/รับซื้อโน๊ตบุ๊ค/acer-swift/,medium,KEEP_404,"A generic attribute page exists, but it is not an equivalent replacement because it discards location intent; keep 404 and do not mass-redirect.",GSC export 2026-06-21; last crawl 2026-06-11; dist=false; sitemap=false; noindex=n/a; internal_links=0; no matching page-level performance row; template=none found,medium,P3,none,false
https://ร้านรับซื้อโน๊ตบุ๊ค.com/รับซื้อโน๊ตบุ๊ค/หาดใหญ่/thinkpad-e14-e15/,Not found (404),P04_LOCATION_X_MODEL,404 expected,false,false,false,,location_x_attribute,sell notebook in หาดใหญ่ by thinkpad-e14-e15 attribute,https://ร้านรับซื้อโน๊ตบุ๊ค.com/รับซื้อโน๊ตบุ๊ค/thinkpad-e14-e15/,medium,KEEP_404,"A generic attribute page exists, but it is not an equivalent replacement because it discards location intent; keep 404 and do not mass-redirect.",GSC export 2026-06-21; last crawl 2026-06-11; dist=false; sitemap=false; noindex=n/a; internal_links=0; no matching page-level performance row; template=none found,medium,P3,none,false
https://ร้านรับซื้อโน๊ตบุ๊ค.com/รับซื้อโน๊ตบุ๊ค/ปทุมธานี/จอมีเส้น/,Not found (404),P04_LOCATION_X_MODEL,404 expected,false,false,false,,location_x_attribute,sell notebook in ปทุมธานี by จอมีเส้น attribute,https://ร้านรับซื้อโน๊ตบุ๊ค.com/รับซื้อโน๊ตบุ๊ค/จอมีเส้น/,medium,KEEP_404,"A generic attribute page exists, but it is not an equivalent replacement because it discards location intent; keep 404 and do not mass-redirect.",GSC export 2026-06-21; last crawl 2026-06-11; dist=false; sitemap=false; noindex=n/a; internal_links=0; no matching page-level performance row; template=none found,medium,P3,none,false
https://ร้านรับซื้อโน๊ตบุ๊ค.com/รับซื้อโน๊ตบุ๊ค/ชลบุรี/ทัชแพดเสีย/,Not found (404),P03_LOCATION_X_CONDITION,404 expected,false,false,false,,location_x_attribute,sell notebook in ชลบุรี by ทัชแพดเสีย attribute,https://ร้านรับซื้อโน๊ตบุ๊ค.com/รับซื้อโน๊ตบุ๊ค/ทัชแพดเสีย/,medium,KEEP_404,"A generic attribute page exists, but it is not an equivalent replacement because it discards location intent; keep 404 and do not mass-redirect.",GSC export 2026-06-21; last crawl 2026-06-11; dist=false; sitemap=false; noindex=n/a; internal_links=0; no matching page-level performance row; template=none found,medium,P3,none,false
https://ร้านรับซื้อโน๊ตบุ๊ค.com/blog,Page with redirect,P06_BLOG_ROUTE,3xx expected,true,true,true,https://ร้านรับซื้อโน๊ตบุ๊ค.com/blog/,blog_hub,information: blog,https://ร้านรับซื้อโน๊ตบุ๊ค.com/blog/,exact,NO_ACTION,GSC recorded an expected redirect variant; current build/canonical evidence does not justify a new redirect.,GSC export 2026-06-21; last crawl 2026-06-13; dist=true; sitemap=true; noindex=false; internal_links=7506; performance clicks=0; impressions=4; position=2.75; template=src/pages/blog/index.astro,high,P3,none,false
https://ร้านรับซื้อโน๊ตบุ๊ค.com/รับซื้อโน๊ตบุ๊ค/ห้วยขวาง,Page with redirect,P05_FLAT_SERVICE_LOCATION_OR_MODEL,3xx expected,true,true,true,https://ร้านรับซื้อโน๊ตบุ๊ค.com/รับซื้อโน๊ตบุ๊ค/ห้วยขวาง/,service_or_location,sell notebook: ห้วยขวาง,https://ร้านรับซื้อโน๊ตบุ๊ค.com/รับซื้อโน๊ตบุ๊ค/ห้วยขวาง/,exact,NO_ACTION,GSC recorded an expected redirect variant; current build/canonical evidence does not justify a new redirect.,GSC export 2026-06-21; last crawl 2026-06-13; dist=true; sitemap=true; noindex=false; internal_links=27; no matching page-level performance row; template=src/pages/รับซื้อโน๊ตบุ๊ค/[slug].astro + content collection,high,P3,none,false
https://ร้านรับซื้อโน๊ตบุ๊ค.com/รับซื้อโน๊ตบุ๊คมือสอง,Page with redirect,P07_TRAILING_SLASH_VARIANT,3xx expected,true,true,true,https://ร้านรับซื้อโน๊ตบุ๊ค.com/รับซื้อโน๊ตบุ๊คมือสอง/,commercial_or_information,รับซื้อโน๊ตบุ๊คมือสอง,https://ร้านรับซื้อโน๊ตบุ๊ค.com/รับซื้อโน๊ตบุ๊คมือสอง/,exact,NO_ACTION,GSC recorded an expected redirect variant; current build/canonical evidence does not justify a new redirect.,GSC export 2026-06-21; last crawl 2026-06-12; dist=true; sitemap=true; noindex=false; internal_links=2754; performance clicks=0; impressions=1; position=2; template=src/pages/รับซื้อโน๊ตบุ๊คมือสอง.astro (or index.astro),high,P3,none,false
https://ร้านรับซื้อโน๊ตบุ๊ค.com/รับซื้อ-notebook,Page with redirect,P07_TRAILING_SLASH_VARIANT,3xx expected,true,true,true,https://ร้านรับซื้อโน๊ตบุ๊ค.com/รับซื้อ-notebook/,commercial_or_information,รับซื้อ-notebook,https://ร้านรับซื้อโน๊ตบุ๊ค.com/รับซื้อ-notebook/,exact,NO_ACTION,GSC recorded an expected redirect variant; current build/canonical evidence does not justify a new redirect.,GSC export 2026-06-21; last crawl 2026-06-12; dist=true; sitemap=true; noindex=false; internal_links=2473; performance clicks=0; impressions=3; position=5.67; template=src/pages/รับซื้อ-notebook.astro (or index.astro),high,P3,none,false
https://ร้านรับซื้อโน๊ตบุ๊ค.com/รับซื้อโน๊ตบุ๊ค/ตกรุ่น,Page with redirect,P05_FLAT_SERVICE_LOCATION_OR_MODEL,3xx expected,true,true,true,https://ร้านรับซื้อโน๊ตบุ๊ค.com/รับซื้อโน๊ตบุ๊ค/ตกรุ่น/,service_or_location,sell notebook: ตกรุ่น,https://ร้านรับซื้อโน๊ตบุ๊ค.com/รับซื้อโน๊ตบุ๊ค/ตกรุ่น/,exact,NO_ACTION,GSC recorded an expected redirect variant; current build/canonical evidence does not justify a new redirect.,GSC export 2026-06-21; last crawl 2026-06-12; dist=true; sitemap=true; noindex=false; internal_links=90; no matching page-level performance row; template=src/pages/รับซื้อโน๊ตบุ๊ค/[slug].astro + content collection,high,P3,none,false
https://ร้านรับซื้อโน๊ตบุ๊ค.com/ขายโน๊ตบุ๊ค,Page with redirect,P07_TRAILING_SLASH_VARIANT,3xx expected,true,true,true,https://ร้านรับซื้อโน๊ตบุ๊ค.com/ขายโน๊ตบุ๊ค/,commercial_or_information,ขายโน๊ตบุ๊ค,https://ร้านรับซื้อโน๊ตบุ๊ค.com/ขายโน๊ตบุ๊ค/,exact,NO_ACTION,GSC recorded an expected redirect variant; current build/canonical evidence does not justify a new redirect.,GSC export 2026-06-21; last crawl 2026-06-12; dist=true; sitemap=true; noindex=false; internal_links=2612; performance clicks=0; impressions=4; position=6.25; template=src/pages/ขายโน๊ตบุ๊ค.astro (or index.astro),high,P3,none,false
https://ร้านรับซื้อโน๊ตบุ๊ค.com/เช็คราคาโน๊ตบุ๊ค,Page with redirect,P07_TRAILING_SLASH_VARIANT,3xx expected,true,true,true,https://ร้านรับซื้อโน๊ตบุ๊ค.com/เช็คราคาโน๊ตบุ๊ค/,commercial_or_information,เช็คราคาโน๊ตบุ๊ค,https://ร้านรับซื้อโน๊ตบุ๊ค.com/เช็คราคาโน๊ตบุ๊ค/,exact,NO_ACTION,GSC recorded an expected redirect variant; current build/canonical evidence does not justify a new redirect.,GSC export 2026-06-21; last crawl 2026-06-12; dist=true; sitemap=true; noindex=false; internal_links=7738; performance clicks=0; impressions=1; position=9; template=src/pages/เช็คราคาโน๊ตบุ๊ค.astro (or index.astro),high,P3,none,false
https://ร้านรับซื้อโน๊ตบุ๊ค.com/รับซื้อโน๊ตบุ๊ค/ปทุมธานี,Page with redirect,P05_FLAT_SERVICE_LOCATION_OR_MODEL,3xx expected,true,true,true,https://ร้านรับซื้อโน๊ตบุ๊ค.com/รับซื้อโน๊ตบุ๊ค/ปทุมธานี/,service_or_location,sell notebook: ปทุมธานี,https://ร้านรับซื้อโน๊ตบุ๊ค.com/รับซื้อโน๊ตบุ๊ค/ปทุมธานี/,exact,NO_ACTION,GSC recorded an expected redirect variant; current build/canonical evidence does not justify a new redirect.,GSC export 2026-06-21; last crawl 2026-06-11; dist=true; sitemap=true; noindex=false; internal_links=28; performance clicks=0; impressions=1; position=85; template=src/pages/รับซื้อโน๊ตบุ๊ค/[slug].astro + content collection,high,P3,none,false
https://ร้านรับซื้อโน๊ตบุ๊ค.com/รับซื้อโน๊ตบุ๊ค/นนทบุรี,Page with redirect,P05_FLAT_SERVICE_LOCATION_OR_MODEL,3xx expected,true,true,true,https://ร้านรับซื้อโน๊ตบุ๊ค.com/รับซื้อโน๊ตบุ๊ค/นนทบุรี/,service_or_location,sell notebook: นนทบุรี,https://ร้านรับซื้อโน๊ตบุ๊ค.com/รับซื้อโน๊ตบุ๊ค/นนทบุรี/,exact,NO_ACTION,GSC recorded an expected redirect variant; current build/canonical evidence does not justify a new redirect.,GSC export 2026-06-21; last crawl 2026-06-11; dist=true; sitemap=true; noindex=false; internal_links=28; no matching page-level performance row; template=src/pages/รับซื้อโน๊ตบุ๊ค/[slug].astro + content collection,high,P3,none,false
https://ร้านรับซื้อโน๊ตบุ๊ค.com/รับซื้อโน๊ตบุ๊ค/เปิดไม่ติด,Page with redirect,P05_FLAT_SERVICE_LOCATION_OR_MODEL,3xx expected,true,true,true,https://ร้านรับซื้อโน๊ตบุ๊ค.com/รับซื้อโน๊ตบุ๊ค/เปิดไม่ติด/,service_or_location,sell notebook: เปิดไม่ติด,https://ร้านรับซื้อโน๊ตบุ๊ค.com/รับซื้อโน๊ตบุ๊ค/เปิดไม่ติด/,exact,NO_ACTION,GSC recorded an expected redirect variant; current build/canonical evidence does not justify a new redirect.,GSC export 2026-06-21; last crawl 2026-06-11; dist=true; sitemap=true; noindex=false; internal_links=115; no matching page-level performance row; template=src/pages/รับซื้อโน๊ตบุ๊ค/[slug].astro + content collection,high,P3,none,false
https://ร้านรับซื้อโน๊ตบุ๊ค.com/รับซื้อโน๊ตบุ๊ค/บางนา,Page with redirect,P05_FLAT_SERVICE_LOCATION_OR_MODEL,3xx expected,true,true,true,https://ร้านรับซื้อโน๊ตบุ๊ค.com/รับซื้อโน๊ตบุ๊ค/บางนา/,service_or_location,sell notebook: บางนา,https://ร้านรับซื้อโน๊ตบุ๊ค.com/รับซื้อโน๊ตบุ๊ค/บางนา/,exact,NO_ACTION,GSC recorded an expected redirect variant; current build/canonical evidence does not justify a new redirect.,GSC export 2026-06-21; last crawl 2026-06-10; dist=true; sitemap=true; noindex=false; internal_links=27; no matching page-level performance row; template=src/pages/รับซื้อโน๊ตบุ๊ค/[slug].astro + content collection,high,P3,none,false
https://ร้านรับซื้อโน๊ตบุ๊ค.com/รับซื้อโน๊ตบุ๊ค/ไม่มีที่ชาร์จ,Page with redirect,P05_FLAT_SERVICE_LOCATION_OR_MODEL,3xx expected,true,true,true,https://ร้านรับซื้อโน๊ตบุ๊ค.com/รับซื้อโน๊ตบุ๊ค/ไม่มีที่ชาร์จ/,service_or_location,sell notebook: ไม่มีที่ชาร์จ,https://ร้านรับซื้อโน๊ตบุ๊ค.com/รับซื้อโน๊ตบุ๊ค/ไม่มีที่ชาร์จ/,exact,NO_ACTION,GSC recorded an expected redirect variant; current build/canonical evidence does not justify a new redirect.,GSC export 2026-06-21; last crawl 2026-06-10; dist=true; sitemap=true; noindex=false; internal_links=94; no matching page-level performance row; template=src/pages/รับซื้อโน๊ตบุ๊ค/[slug].astro + content collection,high,P3,none,false
https://ร้านรับซื้อโน๊ตบุ๊ค.com/รับซื้อโน๊ตบุ๊ค/เครื่องเสีย,Page with redirect,P05_FLAT_SERVICE_LOCATION_OR_MODEL,3xx expected,true,true,true,https://ร้านรับซื้อโน๊ตบุ๊ค.com/รับซื้อโน๊ตบุ๊ค/เครื่องเสีย/,service_or_location,sell notebook: เครื่องเสีย,https://ร้านรับซื้อโน๊ตบุ๊ค.com/รับซื้อโน๊ตบุ๊ค/เครื่องเสีย/,exact,NO_ACTION,GSC recorded an expected redirect variant; current build/canonical evidence does not justify a new redirect.,GSC export 2026-06-21; last crawl 2026-06-10; dist=true; sitemap=true; noindex=false; internal_links=124; performance clicks=0; impressions=1; position=74; template=src/pages/รับซื้อโน๊ตบุ๊ค/[slug].astro + content collection,high,P3,none,false
https://ร้านรับซื้อโน๊ตบุ๊ค.com/รับซื้อโน๊ตบุ๊ค/กรุงเทพ,Page with redirect,P05_FLAT_SERVICE_LOCATION_OR_MODEL,3xx expected,true,true,true,https://ร้านรับซื้อโน๊ตบุ๊ค.com/รับซื้อโน๊ตบุ๊ค/กรุงเทพ/,service_or_location,sell notebook: กรุงเทพ,https://ร้านรับซื้อโน๊ตบุ๊ค.com/รับซื้อโน๊ตบุ๊ค/กรุงเทพ/,exact,NO_ACTION,GSC recorded an expected redirect variant; current build/canonical evidence does not justify a new redirect.,GSC export 2026-06-21; last crawl 2026-06-10; dist=true; sitemap=true; noindex=false; internal_links=28; performance clicks=0; impressions=1; position=15; template=src/pages/รับซื้อโน๊ตบุ๊ค/[slug].astro + content collection,high,P3,none,false
http://www.ร้านรับซื้อโน๊ตบุ๊ค.com/,Page with redirect,P01_HOST_PROTOCOL_VARIANT,3xx expected,true,true,true,https://ร้านรับซื้อโน๊ตบุ๊ค.com/,homepage,sell used notebook / valuation,https://ร้านรับซื้อโน๊ตบุ๊ค.com/,exact,NO_ACTION,GSC recorded an expected redirect variant; current build/canonical evidence does not justify a new redirect.,GSC export 2026-06-21; last crawl 2026-06-09; dist=true; sitemap=true; noindex=false; internal_links=5984; performance clicks=0; impressions=25; position=53.6; template=src/pages/index.astro,high,P3,none,false
https://ร้านรับซื้อโน๊ตบุ๊ค.com/รับซื้อโน๊ตบุ๊ค/พระราม2,Page with redirect,P05_FLAT_SERVICE_LOCATION_OR_MODEL,3xx expected,true,true,true,https://ร้านรับซื้อโน๊ตบุ๊ค.com/รับซื้อโน๊ตบุ๊ค/พระราม2/,service_or_location,sell notebook: พระราม2,https://ร้านรับซื้อโน๊ตบุ๊ค.com/รับซื้อโน๊ตบุ๊ค/พระราม2/,exact,NO_ACTION,GSC recorded an expected redirect variant; current build/canonical evidence does not justify a new redirect.,GSC export 2026-06-21; last crawl 2026-06-08; dist=true; sitemap=true; noindex=false; internal_links=27; no matching page-level performance row; template=src/pages/รับซื้อโน๊ตบุ๊ค/[slug].astro + content collection,high,P3,none,false
http://ร้านรับซื้อโน๊ตบุ๊ค.com/,Page with redirect,P01_HOST_PROTOCOL_VARIANT,3xx expected,true,true,true,https://ร้านรับซื้อโน๊ตบุ๊ค.com/,homepage,sell used notebook / valuation,https://ร้านรับซื้อโน๊ตบุ๊ค.com/,exact,NO_ACTION,GSC recorded an expected redirect variant; current build/canonical evidence does not justify a new redirect.,GSC export 2026-06-21; last crawl 2026-06-08; dist=true; sitemap=true; noindex=false; internal_links=5984; performance clicks=0; impressions=25; position=53.6; template=src/pages/index.astro,high,P3,none,false
https://ร้านรับซื้อโน๊ตบุ๊ค.com/รับซื้อโน๊ตบุ๊ค/รังสิต,Page with redirect,P05_FLAT_SERVICE_LOCATION_OR_MODEL,3xx expected,true,true,true,https://ร้านรับซื้อโน๊ตบุ๊ค.com/รับซื้อโน๊ตบุ๊ค/รังสิต/,service_or_location,sell notebook: รังสิต,https://ร้านรับซื้อโน๊ตบุ๊ค.com/รับซื้อโน๊ตบุ๊ค/รังสิต/,exact,NO_ACTION,GSC recorded an expected redirect variant; current build/canonical evidence does not justify a new redirect.,GSC export 2026-06-21; last crawl 2026-06-06; dist=true; sitemap=true; noindex=false; internal_links=27; performance clicks=1; impressions=1; position=14; template=src/pages/รับซื้อโน๊ตบุ๊ค/[slug].astro + content collection,high,P3,none,false
https://www.ร้านรับซื้อโน๊ตบุ๊ค.com/รับซื้อโน๊ตบุ๊ค/บางนา,Page with redirect,P01_HOST_PROTOCOL_VARIANT,3xx expected,true,true,true,https://ร้านรับซื้อโน๊ตบุ๊ค.com/รับซื้อโน๊ตบุ๊ค/บางนา/,service_or_location,sell notebook: บางนา,https://ร้านรับซื้อโน๊ตบุ๊ค.com/รับซื้อโน๊ตบุ๊ค/บางนา/,exact,NO_ACTION,GSC recorded an expected redirect variant; current build/canonical evidence does not justify a new redirect.,GSC export 2026-06-21; last crawl 2026-05-31; dist=true; sitemap=true; noindex=false; internal_links=27; no matching page-level performance row; template=src/pages/รับซื้อโน๊ตบุ๊ค/[slug].astro + content collection,high,P3,none,false
https://ร้านรับซื้อโน๊ตบุ๊ค.com/รับซื้อโน๊ตบุ๊ค/เครื่องเก่า,Page with redirect,P05_FLAT_SERVICE_LOCATION_OR_MODEL,3xx expected,true,true,true,https://ร้านรับซื้อโน๊ตบุ๊ค.com/รับซื้อโน๊ตบุ๊ค/เครื่องเก่า/,service_or_location,sell notebook: เครื่องเก่า,https://ร้านรับซื้อโน๊ตบุ๊ค.com/รับซื้อโน๊ตบุ๊ค/เครื่องเก่า/,exact,NO_ACTION,GSC recorded an expected redirect variant; current build/canonical evidence does not justify a new redirect.,GSC export 2026-06-21; last crawl 2026-05-29; dist=true; sitemap=true; noindex=false; internal_links=91; no matching page-level performance row; template=src/pages/รับซื้อโน๊ตบุ๊ค/[slug].astro + content collection,high,P3,none,false
https://ร้านรับซื้อโน๊ตบุ๊ค.com/รับซื้อโน๊ตบุ๊ค/คีย์บอร์ดเสีย,Page with redirect,P05_FLAT_SERVICE_LOCATION_OR_MODEL,3xx expected,true,true,true,https://ร้านรับซื้อโน๊ตบุ๊ค.com/รับซื้อโน๊ตบุ๊ค/คีย์บอร์ดเสีย/,service_or_location,sell notebook: คีย์บอร์ดเสีย,https://ร้านรับซื้อโน๊ตบุ๊ค.com/รับซื้อโน๊ตบุ๊ค/คีย์บอร์ดเสีย/,exact,NO_ACTION,GSC recorded an expected redirect variant; current build/canonical evidence does not justify a new redirect.,GSC export 2026-06-21; last crawl 2026-05-29; dist=true; sitemap=true; noindex=false; internal_links=94; performance clicks=0; impressions=1; position=20; template=src/pages/รับซื้อโน๊ตบุ๊ค/[slug].astro + content collection,high,P3,none,false
https://ร้านรับซื้อโน๊ตบุ๊ค.com/รับซื้อโน๊ตบุ๊ค/ใช้งานปกติ,Page with redirect,P05_FLAT_SERVICE_LOCATION_OR_MODEL,3xx expected,true,true,true,https://ร้านรับซื้อโน๊ตบุ๊ค.com/รับซื้อโน๊ตบุ๊ค/ใช้งานปกติ/,service_or_location,sell notebook: ใช้งานปกติ,https://ร้านรับซื้อโน๊ตบุ๊ค.com/รับซื้อโน๊ตบุ๊ค/ใช้งานปกติ/,exact,NO_ACTION,GSC recorded an expected redirect variant; current build/canonical evidence does not justify a new redirect.,GSC export 2026-06-21; last crawl 2026-05-29; dist=true; sitemap=true; noindex=false; internal_links=90; no matching page-level performance row; template=src/pages/รับซื้อโน๊ตบุ๊ค/[slug].astro + content collection,high,P3,none,false
https://ร้านรับซื้อโน๊ตบุ๊ค.com/รับซื้อโน๊ตบุ๊ค/แบตเสื่อม,Page with redirect,P05_FLAT_SERVICE_LOCATION_OR_MODEL,3xx expected,true,true,true,https://ร้านรับซื้อโน๊ตบุ๊ค.com/รับซื้อโน๊ตบุ๊ค/แบตเสื่อม/,service_or_location,sell notebook: แบตเสื่อม,https://ร้านรับซื้อโน๊ตบุ๊ค.com/รับซื้อโน๊ตบุ๊ค/แบตเสื่อม/,exact,NO_ACTION,GSC recorded an expected redirect variant; current build/canonical evidence does not justify a new redirect.,GSC export 2026-06-21; last crawl 2026-05-29; dist=true; sitemap=true; noindex=false; internal_links=147; no matching page-level performance row; template=src/pages/รับซื้อโน๊ตบุ๊ค/[slug].astro + content collection,high,P3,none,false
https://ร้านรับซื้อโน๊ตบุ๊ค.com/รับซื้อโน๊ตบุ๊ค/จอแตก,Page with redirect,P05_FLAT_SERVICE_LOCATION_OR_MODEL,3xx expected,true,true,true,https://ร้านรับซื้อโน๊ตบุ๊ค.com/รับซื้อโน๊ตบุ๊ค/จอแตก/,service_or_location,sell notebook: จอแตก,https://ร้านรับซื้อโน๊ตบุ๊ค.com/รับซื้อโน๊ตบุ๊ค/จอแตก/,exact,NO_ACTION,GSC recorded an expected redirect variant; current build/canonical evidence does not justify a new redirect.,GSC export 2026-06-21; last crawl 2026-05-28; dist=true; sitemap=true; noindex=false; internal_links=114; no matching page-level performance row; template=src/pages/รับซื้อโน๊ตบุ๊ค/[slug].astro + content collection,high,P3,none,false
https://ร้านรับซื้อโน๊ตบุ๊ค.com/รับซื้อโน๊ตบุ๊ค/ลาดพร้าว,Page with redirect,P05_FLAT_SERVICE_LOCATION_OR_MODEL,3xx expected,true,true,true,https://ร้านรับซื้อโน๊ตบุ๊ค.com/รับซื้อโน๊ตบุ๊ค/ลาดพร้าว/,service_or_location,sell notebook: ลาดพร้าว,https://ร้านรับซื้อโน๊ตบุ๊ค.com/รับซื้อโน๊ตบุ๊ค/ลาดพร้าว/,exact,NO_ACTION,GSC recorded an expected redirect variant; current build/canonical evidence does not justify a new redirect.,GSC export 2026-06-21; last crawl 2026-05-26; dist=true; sitemap=true; noindex=false; internal_links=27; performance clicks=0; impressions=1; position=16; template=src/pages/รับซื้อโน๊ตบุ๊ค/[slug].astro + content collection,high,P3,none,false
https://www.ร้านรับซื้อโน๊ตบุ๊ค.com/รับซื้อโน๊ตบุ๊ค/แบตเสื่อม/,Alternate page with proper canonical,P01_HOST_PROTOCOL_VARIANT,200 expected,true,true,true,https://ร้านรับซื้อโน๊ตบุ๊ค.com/รับซื้อโน๊ตบุ๊ค/แบตเสื่อม/,service_or_location,sell notebook: แบตเสื่อม,https://ร้านรับซื้อโน๊ตบุ๊ค.com/รับซื้อโน๊ตบุ๊ค/แบตเสื่อม/,exact,KEEP_CANONICAL,GSC reports the variant as alternate with a proper canonical; preserve canonical consolidation.,GSC export 2026-06-21; last crawl 2026-06-10; dist=true; sitemap=true; noindex=false; internal_links=147; no matching page-level performance row; template=src/pages/รับซื้อโน๊ตบุ๊ค/[slug].astro + content collection,high,P3,none,false
https://www.ร้านรับซื้อโน๊ตบุ๊ค.com/,Alternate page with proper canonical,P01_HOST_PROTOCOL_VARIANT,200 expected,true,true,true,https://ร้านรับซื้อโน๊ตบุ๊ค.com/,homepage,sell used notebook / valuation,https://ร้านรับซื้อโน๊ตบุ๊ค.com/,exact,KEEP_CANONICAL,GSC reports the variant as alternate with a proper canonical; preserve canonical consolidation.,GSC export 2026-06-21; last crawl 2026-06-09; dist=true; sitemap=true; noindex=false; internal_links=5984; performance clicks=0; impressions=25; position=53.6; template=src/pages/index.astro,high,P3,none,false
https://www.ร้านรับซื้อโน๊ตบุ๊ค.com/blog/ก่อนขายโน๊ตบุ๊คต้องล้างข้อมูลอย่างไร/,Alternate page with proper canonical,P01_HOST_PROTOCOL_VARIANT,200 expected,true,true,true,https://ร้านรับซื้อโน๊ตบุ๊ค.com/blog/ก่อนขายโน๊ตบุ๊คต้องล้างข้อมูลอย่างไร/,blog_article,information: ก่อนขายโน๊ตบุ๊คต้องล้างข้อมูลอย่างไร,https://ร้านรับซื้อโน๊ตบุ๊ค.com/blog/ก่อนขายโน๊ตบุ๊คต้องล้างข้อมูลอย่างไร/,exact,KEEP_CANONICAL,GSC reports the variant as alternate with a proper canonical; preserve canonical consolidation.,GSC export 2026-06-21; last crawl 2026-06-09; dist=true; sitemap=true; noindex=false; internal_links=2537; no matching page-level performance row; template=src/pages/blog/[slug].astro + src/content/blog/ก่อนขายโน๊ตบุ๊คต้องล้างข้อมูลอย่างไร.md,high,P3,none,false
https://www.ร้านรับซื้อโน๊ตบุ๊ค.com/blog/โน๊ตบุ๊คบูตวนขายได้ไหม/,Alternate page with proper canonical,P01_HOST_PROTOCOL_VARIANT,200 expected,true,true,true,https://ร้านรับซื้อโน๊ตบุ๊ค.com/blog/โน๊ตบุ๊คบูตวนขายได้ไหม/,blog_article,information: โน๊ตบุ๊คบูตวนขายได้ไหม,https://ร้านรับซื้อโน๊ตบุ๊ค.com/blog/โน๊ตบุ๊คบูตวนขายได้ไหม/,exact,KEEP_CANONICAL,GSC reports the variant as alternate with a proper canonical; preserve canonical consolidation.,GSC export 2026-06-21; last crawl 2026-06-04; dist=true; sitemap=true; noindex=false; internal_links=3; performance clicks=0; impressions=1; position=6; template=src/pages/blog/[slug].astro + src/content/blog/โน๊ตบุ๊คบูตวนขายได้ไหม.md,high,P3,none,false
https://www.ร้านรับซื้อโน๊ตบุ๊ค.com/รับซื้อโน๊ตบุ๊ค/บางนา/,Alternate page with proper canonical,P01_HOST_PROTOCOL_VARIANT,200 expected,true,true,true,https://ร้านรับซื้อโน๊ตบุ๊ค.com/รับซื้อโน๊ตบุ๊ค/บางนา/,service_or_location,sell notebook: บางนา,https://ร้านรับซื้อโน๊ตบุ๊ค.com/รับซื้อโน๊ตบุ๊ค/บางนา/,exact,KEEP_CANONICAL,GSC reports the variant as alternate with a proper canonical; preserve canonical consolidation.,GSC export 2026-06-21; last crawl 2026-05-31; dist=true; sitemap=true; noindex=false; internal_links=27; no matching page-level performance row; template=src/pages/รับซื้อโน๊ตบุ๊ค/[slug].astro + content collection,high,P3,none,false
https://www.ร้านรับซื้อโน๊ตบุ๊ค.com/รับซื้อโน๊ตบุ๊ค/alienware-x16/,Alternate page with proper canonical,P01_HOST_PROTOCOL_VARIANT,200 expected,true,true,true,https://ร้านรับซื้อโน๊ตบุ๊ค.com/รับซื้อโน๊ตบุ๊ค/alienware-x16/,service_or_location,sell notebook: alienware-x16,https://ร้านรับซื้อโน๊ตบุ๊ค.com/รับซื้อโน๊ตบุ๊ค/alienware-x16/,exact,KEEP_CANONICAL,GSC reports the variant as alternate with a proper canonical; preserve canonical consolidation.,GSC export 2026-06-21; last crawl 2026-05-21; dist=true; sitemap=true; noindex=false; internal_links=5; no matching page-level performance row; template=src/pages/รับซื้อโน๊ตบุ๊ค/[slug].astro + content collection,high,P3,none,false
https://ร้านรับซื้อโน๊ตบุ๊ค.com/รับซื้อโน๊ตบุ๊ค/สมุทรปราการ,Alternate page with proper canonical,P05_FLAT_SERVICE_LOCATION_OR_MODEL,200 expected,true,true,true,https://ร้านรับซื้อโน๊ตบุ๊ค.com/รับซื้อโน๊ตบุ๊ค/สมุทรปราการ/,service_or_location,sell notebook: สมุทรปราการ,https://ร้านรับซื้อโน๊ตบุ๊ค.com/รับซื้อโน๊ตบุ๊ค/สมุทรปราการ/,exact,KEEP_CANONICAL,GSC reports the variant as alternate with a proper canonical; preserve canonical consolidation.,GSC export 2026-06-21; last crawl 2026-05-08; dist=true; sitemap=true; noindex=false; internal_links=27; no matching page-level performance row; template=src/pages/รับซื้อโน๊ตบุ๊ค/[slug].astro + content collection,high,P3,none,false
https://www.ร้านรับซื้อโน๊ตบุ๊ค.com/รับซื้อโน๊ตบุ๊คมือสอง/,Alternate page with proper canonical,P01_HOST_PROTOCOL_VARIANT,200 expected,true,true,true,https://ร้านรับซื้อโน๊ตบุ๊ค.com/รับซื้อโน๊ตบุ๊คมือสอง/,commercial_or_information,รับซื้อโน๊ตบุ๊คมือสอง,https://ร้านรับซื้อโน๊ตบุ๊ค.com/รับซื้อโน๊ตบุ๊คมือสอง/,exact,KEEP_CANONICAL,GSC reports the variant as alternate with a proper canonical; preserve canonical consolidation.,GSC export 2026-06-21; last crawl 2026-05-06; dist=true; sitemap=true; noindex=false; internal_links=2754; performance clicks=0; impressions=1; position=2; template=src/pages/รับซื้อโน๊ตบุ๊คมือสอง.astro (or index.astro),high,P3,none,false
https://www.ร้านรับซื้อโน๊ตบุ๊ค.com/นโยบายความเป็นส่วนตัว/,Alternate page with proper canonical,P01_HOST_PROTOCOL_VARIANT,200 expected,true,true,true,https://ร้านรับซื้อโน๊ตบุ๊ค.com/นโยบายความเป็นส่วนตัว/,utility,นโยบายความเป็นส่วนตัว,https://ร้านรับซื้อโน๊ตบุ๊ค.com/นโยบายความเป็นส่วนตัว/,exact,KEEP_CANONICAL,GSC reports the variant as alternate with a proper canonical; preserve canonical consolidation.,GSC export 2026-06-21; last crawl 2026-05-03; dist=true; sitemap=true; noindex=false; internal_links=2462; performance clicks=0; impressions=3; position=8.33; template=src/pages/นโยบายความเป็นส่วนตัว.astro (or index.astro),high,P3,none,false
https://www.ร้านรับซื้อโน๊ตบุ๊ค.com/เช็คราคาโน๊ตบุ๊ค/,Alternate page with proper canonical,P01_HOST_PROTOCOL_VARIANT,200 expected,true,true,true,https://ร้านรับซื้อโน๊ตบุ๊ค.com/เช็คราคาโน๊ตบุ๊ค/,commercial_or_information,เช็คราคาโน๊ตบุ๊ค,https://ร้านรับซื้อโน๊ตบุ๊ค.com/เช็คราคาโน๊ตบุ๊ค/,exact,KEEP_CANONICAL,GSC reports the variant as alternate with a proper canonical; preserve canonical consolidation.,GSC export 2026-06-21; last crawl 2026-05-03; dist=true; sitemap=true; noindex=false; internal_links=7738; performance clicks=0; impressions=1; position=9; template=src/pages/เช็คราคาโน๊ตบุ๊ค.astro (or index.astro),high,P3,none,false
https://ร้านรับซื้อโน๊ตบุ๊ค.com/รับซื้อโน๊ตบุ๊ค/ศรีสะเกษ/เมนบอร์ดเสีย/,Crawled - currently not indexed,P03_LOCATION_X_CONDITION,200 expected,true,true,false,https://ร้านรับซื้อโน๊ตบุ๊ค.com/รับซื้อโน๊ตบุ๊ค/ศรีสะเกษ/เมนบอร์ดเสีย/,location_x_attribute,sell notebook in ศรีสะเกษ by เมนบอร์ดเสีย attribute,https://ร้านรับซื้อโน๊ตบุ๊ค.com/รับซื้อโน๊ตบุ๊ค/ศรีสะเกษ/เมนบอร์ดเสีย/,exact,NO_ACTION,Current route is generated with intentional noindex and is excluded from the sitemap.,GSC export 2026-06-21; last crawl 2026-06-13; dist=true; sitemap=false; noindex=true; internal_links=1; no matching page-level performance row; template=src/pages/รับซื้อโน๊ตบุ๊ค/[location]/[slug].astro + generated route data,high,P3,none,false
https://ร้านรับซื้อโน๊ตบุ๊ค.com/รับซื้อโน๊ตบุ๊ค/พังงา/ทัชสกรีนเสีย/,Crawled - currently not indexed,P03_LOCATION_X_CONDITION,200 expected,true,true,false,https://ร้านรับซื้อโน๊ตบุ๊ค.com/รับซื้อโน๊ตบุ๊ค/พังงา/ทัชสกรีนเสีย/,location_x_attribute,sell notebook in พังงา by ทัชสกรีนเสีย attribute,https://ร้านรับซื้อโน๊ตบุ๊ค.com/รับซื้อโน๊ตบุ๊ค/พังงา/ทัชสกรีนเสีย/,exact,NO_ACTION,Current route is generated with intentional noindex and is excluded from the sitemap.,GSC export 2026-06-21; last crawl 2026-06-13; dist=true; sitemap=false; noindex=true; internal_links=1; no matching page-level performance row; template=src/pages/รับซื้อโน๊ตบุ๊ค/[location]/[slug].astro + generated route data,high,P3,none,false
https://ร้านรับซื้อโน๊ตบุ๊ค.com/รับซื้อโน๊ตบุ๊ค/มหาสารคาม/จอแตก/,Crawled - currently not indexed,P03_LOCATION_X_CONDITION,200 expected,true,true,false,https://ร้านรับซื้อโน๊ตบุ๊ค.com/รับซื้อโน๊ตบุ๊ค/มหาสารคาม/จอแตก/,location_x_attribute,sell notebook in มหาสารคาม by จอแตก attribute,https://ร้านรับซื้อโน๊ตบุ๊ค.com/รับซื้อโน๊ตบุ๊ค/มหาสารคาม/จอแตก/,exact,NO_ACTION,Current route is generated with intentional noindex and is excluded from the sitemap.,GSC export 2026-06-21; last crawl 2026-06-13; dist=true; sitemap=false; noindex=true; internal_links=1; no matching page-level performance row; template=src/pages/รับซื้อโน๊ตบุ๊ค/[location]/[slug].astro + generated route data,high,P3,none,false
https://ร้านรับซื้อโน๊ตบุ๊ค.com/รับซื้อโน๊ตบุ๊ค/เพชรบุรี/ไฟไม่เข้า/,Crawled - currently not indexed,P03_LOCATION_X_CONDITION,200 expected,true,true,false,https://ร้านรับซื้อโน๊ตบุ๊ค.com/รับซื้อโน๊ตบุ๊ค/เพชรบุรี/ไฟไม่เข้า/,location_x_attribute,sell notebook in เพชรบุรี by ไฟไม่เข้า attribute,https://ร้านรับซื้อโน๊ตบุ๊ค.com/รับซื้อโน๊ตบุ๊ค/เพชรบุรี/ไฟไม่เข้า/,exact,NO_ACTION,Current route is generated with intentional noindex and is excluded from the sitemap.,GSC export 2026-06-21; last crawl 2026-06-13; dist=true; sitemap=false; noindex=true; internal_links=1; no matching page-level performance row; template=src/pages/รับซื้อโน๊ตบุ๊ค/[location]/[slug].astro + generated route data,high,P3,none,false
https://ร้านรับซื้อโน๊ตบุ๊ค.com/รับซื้อโน๊ตบุ๊ค/สกลนคร/ไฟไม่เข้า/,Crawled - currently not indexed,P03_LOCATION_X_CONDITION,200 expected,true,true,false,https://ร้านรับซื้อโน๊ตบุ๊ค.com/รับซื้อโน๊ตบุ๊ค/สกลนคร/ไฟไม่เข้า/,location_x_attribute,sell notebook in สกลนคร by ไฟไม่เข้า attribute,https://ร้านรับซื้อโน๊ตบุ๊ค.com/รับซื้อโน๊ตบุ๊ค/สกลนคร/ไฟไม่เข้า/,exact,NO_ACTION,Current route is generated with intentional noindex and is excluded from the sitemap.,GSC export 2026-06-21; last crawl 2026-06-13; dist=true; sitemap=false; noindex=true; internal_links=1; no matching page-level performance row; template=src/pages/รับซื้อโน๊ตบุ๊ค/[location]/[slug].astro + generated route data,high,P3,none,false
https://ร้านรับซื้อโน๊ตบุ๊ค.com/รับซื้อโน๊ตบุ๊ค/พัทยา/lenovo/,Crawled - currently not indexed,P02_LOCATION_X_BRAND,200 expected,true,true,false,https://ร้านรับซื้อโน๊ตบุ๊ค.com/รับซื้อโน๊ตบุ๊ค/พัทยา/lenovo/,location_x_attribute,sell notebook in พัทยา by lenovo attribute,https://ร้านรับซื้อโน๊ตบุ๊ค.com/รับซื้อโน๊ตบุ๊ค/พัทยา/lenovo/,exact,NO_ACTION,Current route is generated with intentional noindex and is excluded from the sitemap.,GSC export 2026-06-21; last crawl 2026-06-13; dist=true; sitemap=false; noindex=true; internal_links=1; no matching page-level performance row; template=src/pages/รับซื้อโน๊ตบุ๊ค/[location]/[slug].astro + generated route data,high,P3,none,false
https://ร้านรับซื้อโน๊ตบุ๊ค.com/รับซื้อโน๊ตบุ๊ค/ศรีสะเกษ/asus/,Crawled - currently not indexed,P02_LOCATION_X_BRAND,200 expected,true,true,false,https://ร้านรับซื้อโน๊ตบุ๊ค.com/รับซื้อโน๊ตบุ๊ค/ศรีสะเกษ/asus/,location_x_attribute,sell notebook in ศรีสะเกษ by asus attribute,https://ร้านรับซื้อโน๊ตบุ๊ค.com/รับซื้อโน๊ตบุ๊ค/ศรีสะเกษ/asus/,exact,NO_ACTION,Current route is generated with intentional noindex and is excluded from the sitemap.,GSC export 2026-06-21; last crawl 2026-06-13; dist=true; sitemap=false; noindex=true; internal_links=1; no matching page-level performance row; template=src/pages/รับซื้อโน๊ตบุ๊ค/[location]/[slug].astro + generated route data,high,P3,none,false
https://ร้านรับซื้อโน๊ตบุ๊ค.com/รับซื้อโน๊ตบุ๊ค/ห้วยขวาง/เมนบอร์ดเสีย/,Crawled - currently not indexed,P03_LOCATION_X_CONDITION,200 expected,true,true,false,https://ร้านรับซื้อโน๊ตบุ๊ค.com/รับซื้อโน๊ตบุ๊ค/ห้วยขวาง/เมนบอร์ดเสีย/,location_x_attribute,sell notebook in ห้วยขวาง by เมนบอร์ดเสีย attribute,https://ร้านรับซื้อโน๊ตบุ๊ค.com/รับซื้อโน๊ตบุ๊ค/ห้วยขวาง/เมนบอร์ดเสีย/,exact,NO_ACTION,Current route is generated with intentional noindex and is excluded from the sitemap.,GSC export 2026-06-21; last crawl 2026-06-13; dist=true; sitemap=false; noindex=true; internal_links=1; no matching page-level performance row; template=src/pages/รับซื้อโน๊ตบุ๊ค/[location]/[slug].astro + generated route data,high,P3,none,false
https://ร้านรับซื้อโน๊ตบุ๊ค.com/รับซื้อโน๊ตบุ๊ค/ตราด/ฮาร์ดดิสก์เสีย/,Crawled - currently not indexed,P03_LOCATION_X_CONDITION,200 expected,true,true,false,https://ร้านรับซื้อโน๊ตบุ๊ค.com/รับซื้อโน๊ตบุ๊ค/ตราด/ฮาร์ดดิสก์เสีย/,location_x_attribute,sell notebook in ตราด by ฮาร์ดดิสก์เสีย attribute,https://ร้านรับซื้อโน๊ตบุ๊ค.com/รับซื้อโน๊ตบุ๊ค/ตราด/ฮาร์ดดิสก์เสีย/,exact,NO_ACTION,Current route is generated with intentional noindex and is excluded from the sitemap.,GSC export 2026-06-21; last crawl 2026-06-13; dist=true; sitemap=false; noindex=true; internal_links=1; no matching page-level performance row; template=src/pages/รับซื้อโน๊ตบุ๊ค/[location]/[slug].astro + generated route data,high,P3,none,false
https://ร้านรับซื้อโน๊ตบุ๊ค.com/รับซื้อโน๊ตบุ๊ค/สุรินทร์/เปิดไม่ติด/,Crawled - currently not indexed,P03_LOCATION_X_CONDITION,200 expected,true,true,false,https://ร้านรับซื้อโน๊ตบุ๊ค.com/รับซื้อโน๊ตบุ๊ค/สุรินทร์/เปิดไม่ติด/,location_x_attribute,sell notebook in สุรินทร์ by เปิดไม่ติด attribute,https://ร้านรับซื้อโน๊ตบุ๊ค.com/รับซื้อโน๊ตบุ๊ค/สุรินทร์/เปิดไม่ติด/,exact,NO_ACTION,Current route is generated with intentional noindex and is excluded from the sitemap.,GSC export 2026-06-21; last crawl 2026-06-13; dist=true; sitemap=false; noindex=true; internal_links=1; no matching page-level performance row; template=src/pages/รับซื้อโน๊ตบุ๊ค/[location]/[slug].astro + generated route data,high,P3,none,false
https://ร้านรับซื้อโน๊ตบุ๊ค.com/รับซื้อโน๊ตบุ๊ค/กาญจนบุรี/บานพับแตก/,Crawled - currently not indexed,P03_LOCATION_X_CONDITION,200 expected,true,true,false,https://ร้านรับซื้อโน๊ตบุ๊ค.com/รับซื้อโน๊ตบุ๊ค/กาญจนบุรี/บานพับแตก/,location_x_attribute,sell notebook in กาญจนบุรี by บานพับแตก attribute,https://ร้านรับซื้อโน๊ตบุ๊ค.com/รับซื้อโน๊ตบุ๊ค/กาญจนบุรี/บานพับแตก/,exact,NO_ACTION,Current route is generated with intentional noindex and is excluded from the sitemap.,GSC export 2026-06-21; last crawl 2026-06-13; dist=true; sitemap=false; noindex=true; internal_links=1; no matching page-level performance row; template=src/pages/รับซื้อโน๊ตบุ๊ค/[location]/[slug].astro + generated route data,high,P3,none,false
https://ร้านรับซื้อโน๊ตบุ๊ค.com/รับซื้อโน๊ตบุ๊ค/ปทุมธานี/dell/,Crawled - currently not indexed,P02_LOCATION_X_BRAND,200 expected,true,true,false,https://ร้านรับซื้อโน๊ตบุ๊ค.com/รับซื้อโน๊ตบุ๊ค/ปทุมธานี/dell/,location_x_attribute,sell notebook in ปทุมธานี by dell attribute,https://ร้านรับซื้อโน๊ตบุ๊ค.com/รับซื้อโน๊ตบุ๊ค/ปทุมธานี/dell/,exact,NO_ACTION,Current route is generated with intentional noindex and is excluded from the sitemap.,GSC export 2026-06-21; last crawl 2026-06-13; dist=true; sitemap=false; noindex=true; internal_links=1; no matching page-level performance row; template=src/pages/รับซื้อโน๊ตบุ๊ค/[location]/[slug].astro + generated route data,high,P3,none,false
https://ร้านรับซื้อโน๊ตบุ๊ค.com/รับซื้อโน๊ตบุ๊ค/เพชรบุรี/บานพับแตก/,Crawled - currently not indexed,P03_LOCATION_X_CONDITION,200 expected,true,true,false,https://ร้านรับซื้อโน๊ตบุ๊ค.com/รับซื้อโน๊ตบุ๊ค/เพชรบุรี/บานพับแตก/,location_x_attribute,sell notebook in เพชรบุรี by บานพับแตก attribute,https://ร้านรับซื้อโน๊ตบุ๊ค.com/รับซื้อโน๊ตบุ๊ค/เพชรบุรี/บานพับแตก/,exact,NO_ACTION,Current route is generated with intentional noindex and is excluded from the sitemap.,GSC export 2026-06-21; last crawl 2026-06-13; dist=true; sitemap=false; noindex=true; internal_links=1; no matching page-level performance row; template=src/pages/รับซื้อโน๊ตบุ๊ค/[location]/[slug].astro + generated route data,high,P3,none,false
https://ร้านรับซื้อโน๊ตบุ๊ค.com/รับซื้อโน๊ตบุ๊ค/สงขลา/ทัชสกรีนเสีย/,Crawled - currently not indexed,P03_LOCATION_X_CONDITION,200 expected,true,true,false,https://ร้านรับซื้อโน๊ตบุ๊ค.com/รับซื้อโน๊ตบุ๊ค/สงขลา/ทัชสกรีนเสีย/,location_x_attribute,sell notebook in สงขลา by ทัชสกรีนเสีย attribute,https://ร้านรับซื้อโน๊ตบุ๊ค.com/รับซื้อโน๊ตบุ๊ค/สงขลา/ทัชสกรีนเสีย/,exact,NO_ACTION,Current route is generated with intentional noindex and is excluded from the sitemap.,GSC export 2026-06-21; last crawl 2026-06-13; dist=true; sitemap=false; noindex=true; internal_links=1; no matching page-level performance row; template=src/pages/รับซื้อโน๊ตบุ๊ค/[location]/[slug].astro + generated route data,high,P3,none,false
https://ร้านรับซื้อโน๊ตบุ๊ค.com/รับซื้อโน๊ตบุ๊ค/ตาก/gaming/,Crawled - currently not indexed,P02_LOCATION_X_BRAND,200 expected,true,true,false,https://ร้านรับซื้อโน๊ตบุ๊ค.com/รับซื้อโน๊ตบุ๊ค/ตาก/gaming/,location_x_attribute,sell notebook in ตาก by gaming attribute,https://ร้านรับซื้อโน๊ตบุ๊ค.com/รับซื้อโน๊ตบุ๊ค/ตาก/gaming/,exact,NO_ACTION,Current route is generated with intentional noindex and is excluded from the sitemap.,GSC export 2026-06-21; last crawl 2026-06-13; dist=true; sitemap=false; noindex=true; internal_links=1; no matching page-level performance row; template=src/pages/รับซื้อโน๊ตบุ๊ค/[location]/[slug].astro + generated route data,high,P3,none,false
https://ร้านรับซื้อโน๊ตบุ๊ค.com/รับซื้อโน๊ตบุ๊ค/น่าน/macbook/,Crawled - currently not indexed,P02_LOCATION_X_BRAND,200 expected,true,true,false,https://ร้านรับซื้อโน๊ตบุ๊ค.com/รับซื้อโน๊ตบุ๊ค/น่าน/macbook/,location_x_attribute,sell notebook in น่าน by macbook attribute,https://ร้านรับซื้อโน๊ตบุ๊ค.com/รับซื้อโน๊ตบุ๊ค/น่าน/macbook/,exact,NO_ACTION,Current route is generated with intentional noindex and is excluded from the sitemap.,GSC export 2026-06-21; last crawl 2026-06-13; dist=true; sitemap=false; noindex=true; internal_links=1; no matching page-level performance row; template=src/pages/รับซื้อโน๊ตบุ๊ค/[location]/[slug].astro + generated route data,high,P3,none,false
https://ร้านรับซื้อโน๊ตบุ๊ค.com/รับซื้อโน๊ตบุ๊ค/ชุมพร/gaming/,Crawled - currently not indexed,P02_LOCATION_X_BRAND,200 expected,true,true,false,https://ร้านรับซื้อโน๊ตบุ๊ค.com/รับซื้อโน๊ตบุ๊ค/ชุมพร/gaming/,location_x_attribute,sell notebook in ชุมพร by gaming attribute,https://ร้านรับซื้อโน๊ตบุ๊ค.com/รับซื้อโน๊ตบุ๊ค/ชุมพร/gaming/,exact,NO_ACTION,Current route is generated with intentional noindex and is excluded from the sitemap.,GSC export 2026-06-21; last crawl 2026-06-13; dist=true; sitemap=false; noindex=true; internal_links=1; no matching page-level performance row; template=src/pages/รับซื้อโน๊ตบุ๊ค/[location]/[slug].astro + generated route data,high,P3,none,false
https://ร้านรับซื้อโน๊ตบุ๊ค.com/รับซื้อโน๊ตบุ๊ค/นราธิวาส/ทัชสกรีนเสีย/,Crawled - currently not indexed,P03_LOCATION_X_CONDITION,200 expected,true,true,false,https://ร้านรับซื้อโน๊ตบุ๊ค.com/รับซื้อโน๊ตบุ๊ค/นราธิวาส/ทัชสกรีนเสีย/,location_x_attribute,sell notebook in นราธิวาส by ทัชสกรีนเสีย attribute,https://ร้านรับซื้อโน๊ตบุ๊ค.com/รับซื้อโน๊ตบุ๊ค/นราธิวาส/ทัชสกรีนเสีย/,exact,NO_ACTION,Current route is generated with intentional noindex and is excluded from the sitemap.,GSC export 2026-06-21; last crawl 2026-06-13; dist=true; sitemap=false; noindex=true; internal_links=1; no matching page-level performance row; template=src/pages/รับซื้อโน๊ตบุ๊ค/[location]/[slug].astro + generated route data,high,P3,none,false
https://ร้านรับซื้อโน๊ตบุ๊ค.com/รับซื้อโน๊ตบุ๊ค/รามคำแหง/เครื่องเสีย/,Crawled - currently not indexed,P03_LOCATION_X_CONDITION,200 expected,true,true,false,https://ร้านรับซื้อโน๊ตบุ๊ค.com/รับซื้อโน๊ตบุ๊ค/รามคำแหง/เครื่องเสีย/,location_x_attribute,sell notebook in รามคำแหง by เครื่องเสีย attribute,https://ร้านรับซื้อโน๊ตบุ๊ค.com/รับซื้อโน๊ตบุ๊ค/รามคำแหง/เครื่องเสีย/,exact,NO_ACTION,Current route is generated with intentional noindex and is excluded from the sitemap.,GSC export 2026-06-21; last crawl 2026-06-13; dist=true; sitemap=false; noindex=true; internal_links=1; no matching page-level performance row; template=src/pages/รับซื้อโน๊ตบุ๊ค/[location]/[slug].astro + generated route data,high,P3,none,false
https://ร้านรับซื้อโน๊ตบุ๊ค.com/รับซื้อโน๊ตบุ๊ค/สมุทรสงคราม/asus/,Crawled - currently not indexed,P02_LOCATION_X_BRAND,200 expected,true,true,false,https://ร้านรับซื้อโน๊ตบุ๊ค.com/รับซื้อโน๊ตบุ๊ค/สมุทรสงคราม/asus/,location_x_attribute,sell notebook in สมุทรสงคราม by asus attribute,https://ร้านรับซื้อโน๊ตบุ๊ค.com/รับซื้อโน๊ตบุ๊ค/สมุทรสงคราม/asus/,exact,NO_ACTION,Current route is generated with intentional noindex and is excluded from the sitemap.,GSC export 2026-06-21; last crawl 2026-06-13; dist=true; sitemap=false; noindex=true; internal_links=1; no matching page-level performance row; template=src/pages/รับซื้อโน๊ตบุ๊ค/[location]/[slug].astro + generated route data,high,P3,none,false
https://ร้านรับซื้อโน๊ตบุ๊ค.com/รับซื้อโน๊ตบุ๊ค/นครราชสีมา/ไม่มีที่ชาร์จ/,Crawled - currently not indexed,P03_LOCATION_X_CONDITION,200 expected,true,true,false,https://ร้านรับซื้อโน๊ตบุ๊ค.com/รับซื้อโน๊ตบุ๊ค/นครราชสีมา/ไม่มีที่ชาร์จ/,location_x_attribute,sell notebook in นครราชสีมา by ไม่มีที่ชาร์จ attribute,https://ร้านรับซื้อโน๊ตบุ๊ค.com/รับซื้อโน๊ตบุ๊ค/นครราชสีมา/ไม่มีที่ชาร์จ/,exact,NO_ACTION,Current route is generated with intentional noindex and is excluded from the sitemap.,GSC export 2026-06-21; last crawl 2026-06-13; dist=true; sitemap=false; noindex=true; internal_links=1; no matching page-level performance row; template=src/pages/รับซื้อโน๊ตบุ๊ค/[location]/[slug].astro + generated route data,high,P3,none,false
https://ร้านรับซื้อโน๊ตบุ๊ค.com/รับซื้อโน๊ตบุ๊ค/ใกล้ฉัน/ไม่มีที่ชาร์จ/,Crawled - currently not indexed,P03_LOCATION_X_CONDITION,200 expected,true,true,false,https://ร้านรับซื้อโน๊ตบุ๊ค.com/รับซื้อโน๊ตบุ๊ค/ใกล้ฉัน/ไม่มีที่ชาร์จ/,location_x_attribute,sell notebook in ใกล้ฉัน by ไม่มีที่ชาร์จ attribute,https://ร้านรับซื้อโน๊ตบุ๊ค.com/รับซื้อโน๊ตบุ๊ค/ใกล้ฉัน/ไม่มีที่ชาร์จ/,exact,NO_ACTION,Current route is generated with intentional noindex and is excluded from the sitemap.,GSC export 2026-06-21; last crawl 2026-06-13; dist=true; sitemap=false; noindex=true; internal_links=1; no matching page-level performance row; template=src/pages/รับซื้อโน๊ตบุ๊ค/[location]/[slug].astro + generated route data,high,P3,none,false
https://ร้านรับซื้อโน๊ตบุ๊ค.com/รับซื้อโน๊ตบุ๊ค/กำแพงเพชร/gaming/,Crawled - currently not indexed,P02_LOCATION_X_BRAND,200 expected,true,true,false,https://ร้านรับซื้อโน๊ตบุ๊ค.com/รับซื้อโน๊ตบุ๊ค/กำแพงเพชร/gaming/,location_x_attribute,sell notebook in กำแพงเพชร by gaming attribute,https://ร้านรับซื้อโน๊ตบุ๊ค.com/รับซื้อโน๊ตบุ๊ค/กำแพงเพชร/gaming/,exact,NO_ACTION,Current route is generated with intentional noindex and is excluded from the sitemap.,GSC export 2026-06-21; last crawl 2026-06-13; dist=true; sitemap=false; noindex=true; internal_links=1; no matching page-level performance row; template=src/pages/รับซื้อโน๊ตบุ๊ค/[location]/[slug].astro + generated route data,high,P3,none,false
https://ร้านรับซื้อโน๊ตบุ๊ค.com/รับซื้อโน๊ตบุ๊ค/จันทบุรี/โดนน้ำ/,Crawled - currently not indexed,P03_LOCATION_X_CONDITION,200 expected,true,true,false,https://ร้านรับซื้อโน๊ตบุ๊ค.com/รับซื้อโน๊ตบุ๊ค/จันทบุรี/โดนน้ำ/,location_x_attribute,sell notebook in จันทบุรี by โดนน้ำ attribute,https://ร้านรับซื้อโน๊ตบุ๊ค.com/รับซื้อโน๊ตบุ๊ค/จันทบุรี/โดนน้ำ/,exact,NO_ACTION,Current route is generated with intentional noindex and is excluded from the sitemap.,GSC export 2026-06-21; last crawl 2026-06-13; dist=true; sitemap=false; noindex=true; internal_links=1; no matching page-level performance row; template=src/pages/รับซื้อโน๊ตบุ๊ค/[location]/[slug].astro + generated route data,high,P3,none,false
https://ร้านรับซื้อโน๊ตบุ๊ค.com/รับซื้อโน๊ตบุ๊ค/ตาก/lenovo/,Crawled - currently not indexed,P02_LOCATION_X_BRAND,200 expected,true,true,false,https://ร้านรับซื้อโน๊ตบุ๊ค.com/รับซื้อโน๊ตบุ๊ค/ตาก/lenovo/,location_x_attribute,sell notebook in ตาก by lenovo attribute,https://ร้านรับซื้อโน๊ตบุ๊ค.com/รับซื้อโน๊ตบุ๊ค/ตาก/lenovo/,exact,NO_ACTION,Current route is generated with intentional noindex and is excluded from the sitemap.,GSC export 2026-06-21; last crawl 2026-06-13; dist=true; sitemap=false; noindex=true; internal_links=1; no matching page-level performance row; template=src/pages/รับซื้อโน๊ตบุ๊ค/[location]/[slug].astro + generated route data,high,P3,none,false
https://ร้านรับซื้อโน๊ตบุ๊ค.com/รับซื้อโน๊ตบุ๊ค/ชัยนาท/dell/,Crawled - currently not indexed,P02_LOCATION_X_BRAND,200 expected,true,true,false,https://ร้านรับซื้อโน๊ตบุ๊ค.com/รับซื้อโน๊ตบุ๊ค/ชัยนาท/dell/,location_x_attribute,sell notebook in ชัยนาท by dell attribute,https://ร้านรับซื้อโน๊ตบุ๊ค.com/รับซื้อโน๊ตบุ๊ค/ชัยนาท/dell/,exact,NO_ACTION,Current route is generated with intentional noindex and is excluded from the sitemap.,GSC export 2026-06-21; last crawl 2026-06-13; dist=true; sitemap=false; noindex=true; internal_links=1; no matching page-level performance row; template=src/pages/รับซื้อโน๊ตบุ๊ค/[location]/[slug].astro + generated route data,high,P3,none,false
https://ร้านรับซื้อโน๊ตบุ๊ค.com/รับซื้อโน๊ตบุ๊ค/สุราษฎร์ธานี/macbook/,Crawled - currently not indexed,P02_LOCATION_X_BRAND,200 expected,true,true,false,https://ร้านรับซื้อโน๊ตบุ๊ค.com/รับซื้อโน๊ตบุ๊ค/สุราษฎร์ธานี/macbook/,location_x_attribute,sell notebook in สุราษฎร์ธานี by macbook attribute,https://ร้านรับซื้อโน๊ตบุ๊ค.com/รับซื้อโน๊ตบุ๊ค/สุราษฎร์ธานี/macbook/,exact,NO_ACTION,Current route is generated with intentional noindex and is excluded from the sitemap.,GSC export 2026-06-21; last crawl 2026-06-13; dist=true; sitemap=false; noindex=true; internal_links=1; no matching page-level performance row; template=src/pages/รับซื้อโน๊ตบุ๊ค/[location]/[slug].astro + generated route data,high,P3,none,false
https://ร้านรับซื้อโน๊ตบุ๊ค.com/รับซื้อโน๊ตบุ๊ค/ร้อยเอ็ด/gaming/,Crawled - currently not indexed,P02_LOCATION_X_BRAND,200 expected,true,true,false,https://ร้านรับซื้อโน๊ตบุ๊ค.com/รับซื้อโน๊ตบุ๊ค/ร้อยเอ็ด/gaming/,location_x_attribute,sell notebook in ร้อยเอ็ด by gaming attribute,https://ร้านรับซื้อโน๊ตบุ๊ค.com/รับซื้อโน๊ตบุ๊ค/ร้อยเอ็ด/gaming/,exact,NO_ACTION,Current route is generated with intentional noindex and is excluded from the sitemap.,GSC export 2026-06-21; last crawl 2026-06-13; dist=true; sitemap=false; noindex=true; internal_links=1; no matching page-level performance row; template=src/pages/รับซื้อโน๊ตบุ๊ค/[location]/[slug].astro + generated route data,high,P3,none,false
https://ร้านรับซื้อโน๊ตบุ๊ค.com/รับซื้อโน๊ตบุ๊ค/ราชบุรี/แบตเสื่อม/,Crawled - currently not indexed,P03_LOCATION_X_CONDITION,200 expected,true,true,false,https://ร้านรับซื้อโน๊ตบุ๊ค.com/รับซื้อโน๊ตบุ๊ค/ราชบุรี/แบตเสื่อม/,location_x_attribute,sell notebook in ราชบุรี by แบตเสื่อม attribute,https://ร้านรับซื้อโน๊ตบุ๊ค.com/รับซื้อโน๊ตบุ๊ค/ราชบุรี/แบตเสื่อม/,exact,NO_ACTION,Current route is generated with intentional noindex and is excluded from the sitemap.,GSC export 2026-06-21; last crawl 2026-06-13; dist=true; sitemap=false; noindex=true; internal_links=1; no matching page-level performance row; template=src/pages/รับซื้อโน๊ตบุ๊ค/[location]/[slug].astro + generated route data,high,P3,none,false
https://ร้านรับซื้อโน๊ตบุ๊ค.com/รับซื้อโน๊ตบุ๊ค/นครพนม/เปิดไม่ติด/,Crawled - currently not indexed,P03_LOCATION_X_CONDITION,200 expected,true,true,false,https://ร้านรับซื้อโน๊ตบุ๊ค.com/รับซื้อโน๊ตบุ๊ค/นครพนม/เปิดไม่ติด/,location_x_attribute,sell notebook in นครพนม by เปิดไม่ติด attribute,https://ร้านรับซื้อโน๊ตบุ๊ค.com/รับซื้อโน๊ตบุ๊ค/นครพนม/เปิดไม่ติด/,exact,NO_ACTION,Current route is generated with intentional noindex and is excluded from the sitemap.,GSC export 2026-06-21; last crawl 2026-06-13; dist=true; sitemap=false; noindex=true; internal_links=1; no matching page-level performance row; template=src/pages/รับซื้อโน๊ตบุ๊ค/[location]/[slug].astro + generated route data,high,P3,none,false
https://ร้านรับซื้อโน๊ตบุ๊ค.com/รับซื้อโน๊ตบุ๊ค/บุรีรัมย์/เมนบอร์ดเสีย/,Crawled - currently not indexed,P03_LOCATION_X_CONDITION,200 expected,true,true,false,https://ร้านรับซื้อโน๊ตบุ๊ค.com/รับซื้อโน๊ตบุ๊ค/บุรีรัมย์/เมนบอร์ดเสีย/,location_x_attribute,sell notebook in บุรีรัมย์ by เมนบอร์ดเสีย attribute,https://ร้านรับซื้อโน๊ตบุ๊ค.com/รับซื้อโน๊ตบุ๊ค/บุรีรัมย์/เมนบอร์ดเสีย/,exact,NO_ACTION,Current route is generated with intentional noindex and is excluded from the sitemap.,GSC export 2026-06-21; last crawl 2026-06-13; dist=true; sitemap=false; noindex=true; internal_links=1; no matching page-level performance row; template=src/pages/รับซื้อโน๊ตบุ๊ค/[location]/[slug].astro + generated route data,high,P3,none,false
https://ร้านรับซื้อโน๊ตบุ๊ค.com/รับซื้อโน๊ตบุ๊ค/ลำปาง/เปิดไม่ติด/,Crawled - currently not indexed,P03_LOCATION_X_CONDITION,200 expected,true,true,false,https://ร้านรับซื้อโน๊ตบุ๊ค.com/รับซื้อโน๊ตบุ๊ค/ลำปาง/เปิดไม่ติด/,location_x_attribute,sell notebook in ลำปาง by เปิดไม่ติด attribute,https://ร้านรับซื้อโน๊ตบุ๊ค.com/รับซื้อโน๊ตบุ๊ค/ลำปาง/เปิดไม่ติด/,exact,NO_ACTION,Current route is generated with intentional noindex and is excluded from the sitemap.,GSC export 2026-06-21; last crawl 2026-06-13; dist=true; sitemap=false; noindex=true; internal_links=1; no matching page-level performance row; template=src/pages/รับซื้อโน๊ตบุ๊ค/[location]/[slug].astro + generated route data,high,P3,none,false
https://ร้านรับซื้อโน๊ตบุ๊ค.com/รับซื้อโน๊ตบุ๊ค/ชัยภูมิ/เครื่องเก่า/,Crawled - currently not indexed,P03_LOCATION_X_CONDITION,200 expected,true,true,false,https://ร้านรับซื้อโน๊ตบุ๊ค.com/รับซื้อโน๊ตบุ๊ค/ชัยภูมิ/เครื่องเก่า/,location_x_attribute,sell notebook in ชัยภูมิ by เครื่องเก่า attribute,https://ร้านรับซื้อโน๊ตบุ๊ค.com/รับซื้อโน๊ตบุ๊ค/ชัยภูมิ/เครื่องเก่า/,exact,NO_ACTION,Current route is generated with intentional noindex and is excluded from the sitemap.,GSC export 2026-06-21; last crawl 2026-06-13; dist=true; sitemap=false; noindex=true; internal_links=1; no matching page-level performance row; template=src/pages/รับซื้อโน๊ตบุ๊ค/[location]/[slug].astro + generated route data,high,P3,none,false
https://ร้านรับซื้อโน๊ตบุ๊ค.com/รับซื้อโน๊ตบุ๊ค/ลาดพร้าว/surface/,Crawled - currently not indexed,P02_LOCATION_X_BRAND,200 expected,true,true,false,https://ร้านรับซื้อโน๊ตบุ๊ค.com/รับซื้อโน๊ตบุ๊ค/ลาดพร้าว/surface/,location_x_attribute,sell notebook in ลาดพร้าว by surface attribute,https://ร้านรับซื้อโน๊ตบุ๊ค.com/รับซื้อโน๊ตบุ๊ค/ลาดพร้าว/surface/,exact,NO_ACTION,Current route is generated with intentional noindex and is excluded from the sitemap.,GSC export 2026-06-21; last crawl 2026-06-13; dist=true; sitemap=false; noindex=true; internal_links=1; no matching page-level performance row; template=src/pages/รับซื้อโน๊ตบุ๊ค/[location]/[slug].astro + generated route data,high,P3,none,false
https://ร้านรับซื้อโน๊ตบุ๊ค.com/รับซื้อโน๊ตบุ๊ค/บึงกาฬ/gaming/,Crawled - currently not indexed,P02_LOCATION_X_BRAND,200 expected,true,true,false,https://ร้านรับซื้อโน๊ตบุ๊ค.com/รับซื้อโน๊ตบุ๊ค/บึงกาฬ/gaming/,location_x_attribute,sell notebook in บึงกาฬ by gaming attribute,https://ร้านรับซื้อโน๊ตบุ๊ค.com/รับซื้อโน๊ตบุ๊ค/บึงกาฬ/gaming/,exact,NO_ACTION,Current route is generated with intentional noindex and is excluded from the sitemap.,GSC export 2026-06-21; last crawl 2026-06-13; dist=true; sitemap=false; noindex=true; internal_links=1; no matching page-level performance row; template=src/pages/รับซื้อโน๊ตบุ๊ค/[location]/[slug].astro + generated route data,high,P3,none,false
https://ร้านรับซื้อโน๊ตบุ๊ค.com/รับซื้อโน๊ตบุ๊ค/thinkpad-t14/,Crawled - currently not indexed,P05_FLAT_SERVICE_LOCATION_OR_MODEL,200 expected,true,true,true,https://ร้านรับซื้อโน๊ตบุ๊ค.com/รับซื้อโน๊ตบุ๊ค/thinkpad-t14/,service_or_location,sell notebook: thinkpad-t14,https://ร้านรับซื้อโน๊ตบุ๊ค.com/รับซื้อโน๊ตบุ๊ค/thinkpad-t14/,exact,HOLD,Current route is indexable and in the sitemap; wait for fresh GSC evidence before content or indexing changes.,GSC export 2026-06-21; last crawl 2026-06-13; dist=true; sitemap=true; noindex=false; internal_links=7; no matching page-level performance row; template=src/pages/รับซื้อโน๊ตบุ๊ค/[slug].astro + content collection,medium,P2,1C-monitor,true
https://ร้านรับซื้อโน๊ตบุ๊ค.com/รับซื้อโน๊ตบุ๊ค/ปราจีนบุรี/จอแตก/,Crawled - currently not indexed,P03_LOCATION_X_CONDITION,200 expected,true,true,false,https://ร้านรับซื้อโน๊ตบุ๊ค.com/รับซื้อโน๊ตบุ๊ค/ปราจีนบุรี/จอแตก/,location_x_attribute,sell notebook in ปราจีนบุรี by จอแตก attribute,https://ร้านรับซื้อโน๊ตบุ๊ค.com/รับซื้อโน๊ตบุ๊ค/ปราจีนบุรี/จอแตก/,exact,NO_ACTION,Current route is generated with intentional noindex and is excluded from the sitemap.,GSC export 2026-06-21; last crawl 2026-06-12; dist=true; sitemap=false; noindex=true; internal_links=1; no matching page-level performance row; template=src/pages/รับซื้อโน๊ตบุ๊ค/[location]/[slug].astro + generated route data,high,P3,none,false
https://ร้านรับซื้อโน๊ตบุ๊ค.com/รับซื้อโน๊ตบุ๊ค/จันทบุรี/dell/,Crawled - currently not indexed,P02_LOCATION_X_BRAND,200 expected,true,true,false,https://ร้านรับซื้อโน๊ตบุ๊ค.com/รับซื้อโน๊ตบุ๊ค/จันทบุรี/dell/,location_x_attribute,sell notebook in จันทบุรี by dell attribute,https://ร้านรับซื้อโน๊ตบุ๊ค.com/รับซื้อโน๊ตบุ๊ค/จันทบุรี/dell/,exact,NO_ACTION,Current route is generated with intentional noindex and is excluded from the sitemap.,GSC export 2026-06-21; last crawl 2026-06-12; dist=true; sitemap=false; noindex=true; internal_links=1; no matching page-level performance row; template=src/pages/รับซื้อโน๊ตบุ๊ค/[location]/[slug].astro + generated route data,high,P3,none,false
https://ร้านรับซื้อโน๊ตบุ๊ค.com/รับซื้อโน๊ตบุ๊ค/ราชบุรี/hp/,Crawled - currently not indexed,P02_LOCATION_X_BRAND,200 expected,true,true,false,https://ร้านรับซื้อโน๊ตบุ๊ค.com/รับซื้อโน๊ตบุ๊ค/ราชบุรี/hp/,location_x_attribute,sell notebook in ราชบุรี by hp attribute,https://ร้านรับซื้อโน๊ตบุ๊ค.com/รับซื้อโน๊ตบุ๊ค/ราชบุรี/hp/,exact,NO_ACTION,Current route is generated with intentional noindex and is excluded from the sitemap.,GSC export 2026-06-21; last crawl 2026-06-12; dist=true; sitemap=false; noindex=true; internal_links=1; no matching page-level performance row; template=src/pages/รับซื้อโน๊ตบุ๊ค/[location]/[slug].astro + generated route data,high,P3,none,false
https://ร้านรับซื้อโน๊ตบุ๊ค.com/รับซื้อโน๊ตบุ๊ค/ศรีสะเกษ/คีย์บอร์ดเสีย/,Crawled - currently not indexed,P03_LOCATION_X_CONDITION,200 expected,true,true,false,https://ร้านรับซื้อโน๊ตบุ๊ค.com/รับซื้อโน๊ตบุ๊ค/ศรีสะเกษ/คีย์บอร์ดเสีย/,location_x_attribute,sell notebook in ศรีสะเกษ by คีย์บอร์ดเสีย attribute,https://ร้านรับซื้อโน๊ตบุ๊ค.com/รับซื้อโน๊ตบุ๊ค/ศรีสะเกษ/คีย์บอร์ดเสีย/,exact,NO_ACTION,Current route is generated with intentional noindex and is excluded from the sitemap.,GSC export 2026-06-21; last crawl 2026-06-12; dist=true; sitemap=false; noindex=true; internal_links=1; no matching page-level performance row; template=src/pages/รับซื้อโน๊ตบุ๊ค/[location]/[slug].astro + generated route data,high,P3,none,false
https://ร้านรับซื้อโน๊ตบุ๊ค.com/blog/รับซื้อ-macbook-air-m2-ราคาเท่าไหร่/,Crawled - currently not indexed,P06_BLOG_ROUTE,200 expected,true,true,true,https://ร้านรับซื้อโน๊ตบุ๊ค.com/blog/รับซื้อ-macbook-air-m2-ราคาเท่าไหร่/,blog_article,information: รับซื้อ-macbook-air-m2-ราคาเท่าไหร่,https://ร้านรับซื้อโน๊ตบุ๊ค.com/blog/รับซื้อ-macbook-air-m2-ราคาเท่าไหร่/,exact,HOLD,Current route is indexable and in the sitemap; wait for fresh GSC evidence before content or indexing changes.,GSC export 2026-06-21; last crawl 2026-06-12; dist=true; sitemap=true; noindex=false; internal_links=4; no matching page-level performance row; template=src/pages/blog/[slug].astro + src/content/blog/รับซื้อ-macbook-air-m2-ราคาเท่าไหร่.md,medium,P2,1C-monitor,true
https://ร้านรับซื้อโน๊ตบุ๊ค.com/รับซื้อโน๊ตบุ๊ค/สุพรรณบุรี/ใช้งานปกติ/,Crawled - currently not indexed,P03_LOCATION_X_CONDITION,200 expected,true,true,false,https://ร้านรับซื้อโน๊ตบุ๊ค.com/รับซื้อโน๊ตบุ๊ค/สุพรรณบุรี/ใช้งานปกติ/,location_x_attribute,sell notebook in สุพรรณบุรี by ใช้งานปกติ attribute,https://ร้านรับซื้อโน๊ตบุ๊ค.com/รับซื้อโน๊ตบุ๊ค/สุพรรณบุรี/ใช้งานปกติ/,exact,NO_ACTION,Current route is generated with intentional noindex and is excluded from the sitemap.,GSC export 2026-06-21; last crawl 2026-06-12; dist=true; sitemap=false; noindex=true; internal_links=1; no matching page-level performance row; template=src/pages/รับซื้อโน๊ตบุ๊ค/[location]/[slug].astro + generated route data,high,P3,none,false
https://ร้านรับซื้อโน๊ตบุ๊ค.com/รับซื้อโน๊ตบุ๊ค/อุตรดิตถ์/ไฟไม่เข้า/,Crawled - currently not indexed,P03_LOCATION_X_CONDITION,200 expected,true,true,false,https://ร้านรับซื้อโน๊ตบุ๊ค.com/รับซื้อโน๊ตบุ๊ค/อุตรดิตถ์/ไฟไม่เข้า/,location_x_attribute,sell notebook in อุตรดิตถ์ by ไฟไม่เข้า attribute,https://ร้านรับซื้อโน๊ตบุ๊ค.com/รับซื้อโน๊ตบุ๊ค/อุตรดิตถ์/ไฟไม่เข้า/,exact,NO_ACTION,Current route is generated with intentional noindex and is excluded from the sitemap.,GSC export 2026-06-21; last crawl 2026-06-12; dist=true; sitemap=false; noindex=true; internal_links=1; no matching page-level performance row; template=src/pages/รับซื้อโน๊ตบุ๊ค/[location]/[slug].astro + generated route data,high,P3,none,false
https://ร้านรับซื้อโน๊ตบุ๊ค.com/รับซื้อโน๊ตบุ๊ค/รีสตาร์ทเอง/,Crawled - currently not indexed,P05_FLAT_SERVICE_LOCATION_OR_MODEL,200 expected,true,true,true,https://ร้านรับซื้อโน๊ตบุ๊ค.com/รับซื้อโน๊ตบุ๊ค/รีสตาร์ทเอง/,service_or_location,sell notebook: รีสตาร์ทเอง,https://ร้านรับซื้อโน๊ตบุ๊ค.com/รับซื้อโน๊ตบุ๊ค/รีสตาร์ทเอง/,exact,HOLD,Current route is indexable and in the sitemap; wait for fresh GSC evidence before content or indexing changes.,GSC export 2026-06-21; last crawl 2026-06-12; dist=true; sitemap=true; noindex=false; internal_links=3; no matching page-level performance row; template=src/pages/รับซื้อโน๊ตบุ๊ค/[slug].astro + content collection,medium,P2,1C-monitor,true
https://ร้านรับซื้อโน๊ตบุ๊ค.com/รับซื้อโน๊ตบุ๊ค/ตาก/msi/,Crawled - currently not indexed,P02_LOCATION_X_BRAND,200 expected,true,true,false,https://ร้านรับซื้อโน๊ตบุ๊ค.com/รับซื้อโน๊ตบุ๊ค/ตาก/msi/,location_x_attribute,sell notebook in ตาก by msi attribute,https://ร้านรับซื้อโน๊ตบุ๊ค.com/รับซื้อโน๊ตบุ๊ค/ตาก/msi/,exact,NO_ACTION,Current route is generated with intentional noindex and is excluded from the sitemap.,GSC export 2026-06-21; last crawl 2026-06-12; dist=true; sitemap=false; noindex=true; internal_links=1; no matching page-level performance row; template=src/pages/รับซื้อโน๊ตบุ๊ค/[location]/[slug].astro + generated route data,high,P3,none,false
https://ร้านรับซื้อโน๊ตบุ๊ค.com/blog/รับซื้อโน๊ตบุ๊คมือสอง-คู่มือผู้ขายฉบับลึก/,Crawled - currently not indexed,P06_BLOG_ROUTE,200 expected,true,true,true,https://ร้านรับซื้อโน๊ตบุ๊ค.com/blog/รับซื้อโน๊ตบุ๊คมือสอง-คู่มือผู้ขายฉบับลึก/,blog_article,information: รับซื้อโน๊ตบุ๊คมือสอง-คู่มือผู้ขายฉบับลึก,https://ร้านรับซื้อโน๊ตบุ๊ค.com/blog/รับซื้อโน๊ตบุ๊คมือสอง-คู่มือผู้ขายฉบับลึก/,exact,HOLD,Current route is indexable and in the sitemap; wait for fresh GSC evidence before content or indexing changes.,GSC export 2026-06-21; last crawl 2026-06-10; dist=true; sitemap=true; noindex=false; internal_links=3; no matching page-level performance row; template=src/pages/blog/[slug].astro + src/content/blog/รับซื้อโน๊ตบุ๊คมือสอง-คู่มือผู้ขายฉบับลึก.md,medium,P2,1C-monitor,true
