url,type,http_status,final_url,title,h1,description,canonical,robots,canonical_ok,noindex,h1_count,has_faq,has_schema,internal_links,main_snippet,asset_samples,issues,pass
https://xn--42cn4aobed0eb6hubj4es0m5dhvd.com/,Homepage,200,https://xn--42cn4aobed0eb6hubj4es0m5dhvd.com/,รับซื้อโน๊ตบุ๊ค ประเมินตามรุ่น สเปก และสภาพจริง | ร้านรับซื้อโน๊ตบุ๊ค.com,รับซื้อโน๊ตบุ๊ค ประเมินตามรุ่น สเปก และสภาพจริง,รับซื้อโน๊ตบุ๊ค ส่งรูป รุ่น สเปก และสภาพเพื่อประเมินเบื้องต้น ราคาสุดท้ายยืนยันหลังตรวจเครื่อง มีหน้าร้านอุบลราชธานี จังหวัดอื่นนัดหรือจัดส่งตามเงื่อนไข,https://ร้านรับซื้อโน๊ตบุ๊ค.com/,(none),true,false,1,true,true,100,ส่งรูปประเมินเบื้องต้น • ราคาสุดท้ายหลังตรวจเครื่อง รับซื้อโน๊ตบุ๊ค ประเมินตามรุ่น สเปก และสภาพจริง รับซื้อเฉพาะโน๊ตบุ๊คและเครื่องพกพาในหมวดที่เว็บไซต์รองรับ ส่งรูปทาง LINE เพื่อประเมินเบื้องต้น ราคาสุดท้ายยืนยันหลังตรวจ,/favicon.svg | https://ร้านรับซื้อโน๊ตบุ๊ค.com/images/home/rubsue-notebook-hero-team-640.webp | /_astro/BaseLayout.Ce6jA0gB.css | /images/logo-ranrubsue-notebook-black-280.webp | /images/home/rubsue-notebook-hero-team-640.webp | /images/rubsue-notebook-process-steps-800.webp | /images/photo-guide/rubsue-notebook-photo-front.webp | /images/photo-guide/rubsue-notebook-photo-keyboard.webp,,true
https://xn--42cn4aobed0eb6hubj4es0m5dhvd.com/%E0%B8%82%E0%B8%B1%E0%B9%89%E0%B8%99%E0%B8%95%E0%B8%AD%E0%B8%99%E0%B9%81%E0%B8%A5%E0%B8%B0%E0%B9%80%E0%B8%87%E0%B8%B7%E0%B9%88%E0%B8%AD%E0%B8%99%E0%B9%84%E0%B8%82%E0%B8%81%E0%B8%B2%E0%B8%A3%E0%B9%83%E0%B8%AB%E0%B9%89%E0%B8%9A%E0%B8%A3%E0%B8%B4%E0%B8%81%E0%B8%B2%E0%B8%A3/,Other,200,https://xn--42cn4aobed0eb6hubj4es0m5dhvd.com/%E0%B8%82%E0%B8%B1%E0%B9%89%E0%B8%99%E0%B8%95%E0%B8%AD%E0%B8%99%E0%B9%81%E0%B8%A5%E0%B8%B0%E0%B9%80%E0%B8%87%E0%B8%B7%E0%B9%88%E0%B8%AD%E0%B8%99%E0%B9%84%E0%B8%82%E0%B8%81%E0%B8%B2%E0%B8%A3%E0%B9%83%E0%B8%AB%E0%B9%89%E0%B8%9A%E0%B8%A3%E0%B8%B4%E0%B8%81%E0%B8%B2%E0%B8%A3/,ขั้นตอนและเงื่อนไขการให้บริการ | ร้านรับซื้อโน๊ตบุ๊ค.com,ขั้นตอนและเงื่อนไขการให้บริการ (อ่านแบบสบาย ๆ),อธิบายแบบเข้าใจง่าย: ประเมินราคาผ่าน LINE ราคาหลังตรวจเครื่องจริง การชำระเงิน และสิ่งที่ควรรู้ก่อนขายโน๊ตบุ๊คกับร้านรับซื้อโน๊ตบุ๊ค.com,https://ร้านรับซื้อโน๊ตบุ๊ค.com/ขั้นตอนและเงื่อนไขการให้บริการ/,(none),true,false,1,true,true,41,ขั้นตอนและเงื่อนไขการให้บริการ (อ่านแบบสบาย ๆ) หน้านี้สรุปให้ฟังแบบไม่เป็นทางการเกินไปครับ — เพื่อให้รู้ว่าก่อนและหลังตกลงขายเครื่อง เราทำงานยังไง อะไรปรับได้ อะไรควรเตรียม ถ้าข้อไหนยังสงสัย ทัก LINE @webuy ถามได้เลย ใคร,/favicon.svg | /_astro/BaseLayout.Ce6jA0gB.css | /images/logo-ranrubsue-notebook-black-280.webp | /images/logo-ranrubsue-notebook-black-280.webp,,true
https://xn--42cn4aobed0eb6hubj4es0m5dhvd.com/%E0%B8%82%E0%B8%B2%E0%B8%A2%E0%B9%82%E0%B8%99%E0%B9%8A%E0%B8%95%E0%B8%9A%E0%B8%B8%E0%B9%8A%E0%B8%84%E0%B8%94%E0%B9%88%E0%B8%A7%E0%B8%99/,Other,200,https://xn--42cn4aobed0eb6hubj4es0m5dhvd.com/%E0%B8%82%E0%B8%B2%E0%B8%A2%E0%B9%82%E0%B8%99%E0%B9%8A%E0%B8%95%E0%B8%9A%E0%B8%B8%E0%B9%8A%E0%B8%84%E0%B8%94%E0%B9%88%E0%B8%A7%E0%B8%99/,ขายโน๊ตบุ๊คด่วน รู้ขั้นตอนและเงื่อนไขก่อนตัดสินใจ | ร้านรับซื้อโน๊ตบุ๊ค.com,ขายโน๊ตบุ๊คด่วน รู้ขั้นตอนก่อน ได้ราคาตามสภาพจริง แจ้งเงื่อนไขชัดก่อนตัดสินใจ,ต้องการขายโน๊ตบุ๊คเร็ว ส่งรูป รุ่น สเปก อาการ และอุปกรณ์ที่มีเพื่อประเมินเบื้องต้นก่อนนัดรับหรือส่งเครื่อง แจ้งราคาให้ทราบก่อนตัดสินใจ ไม่มีค่าใช้จ่ายในการประเมิน,https://ร้านรับซื้อโน๊ตบุ๊ค.com/ขายโน๊ตบุ๊คด่วน/,(none),true,false,1,true,true,41,ขายโน๊ตบุ๊คด่วน รู้ขั้นตอนก่อน ได้ราคาตามสภาพจริง แจ้งเงื่อนไขชัดก่อนตัดสินใจ ส่งรูป รุ่น สเปก อาการ และอุปกรณ์ที่มี เพื่อประเมินเบื้องต้นก่อนนัดรับหรือส่งเครื่อง เราแจ้งราคาให้ทราบก่อนตัดสินใจเสมอ ไม่มีค่าใช้จ่ายในการปร,/favicon.svg | /_astro/BaseLayout.Ce6jA0gB.css | /images/logo-ranrubsue-notebook-black-280.webp | /images/logo-ranrubsue-notebook-black-280.webp,,true
https://xn--42cn4aobed0eb6hubj4es0m5dhvd.com/%E0%B8%82%E0%B8%B2%E0%B8%A2%E0%B9%82%E0%B8%99%E0%B9%8A%E0%B8%95%E0%B8%9A%E0%B8%B8%E0%B9%8A%E0%B8%84/,Other,200,https://xn--42cn4aobed0eb6hubj4es0m5dhvd.com/%E0%B8%82%E0%B8%B2%E0%B8%A2%E0%B9%82%E0%B8%99%E0%B9%8A%E0%B8%95%E0%B8%9A%E0%B8%B8%E0%B9%8A%E0%B8%84/,ขายโน๊ตบุ๊ค คู่มือเตรียมเครื่องก่อนส่งมอบ | ร้านรับซื้อโน๊ตบุ๊ค.com,ขายโน๊ตบุ๊ค เตรียมเครื่องให้พร้อมก่อนส่งมอบ,คู่มือขายโน๊ตบุ๊คแบบเตรียมเครื่องให้พร้อม สำรองข้อมูล ออกจากบัญชี ถ่ายรูป สิ่งที่ควรนำมาส่งมอบ และข้อควรรู้ก่อนนัดตรวจ — ไม่ผูกมัดขายหลังประเมิน,https://ร้านรับซื้อโน๊ตบุ๊ค.com/ขายโน๊ตบุ๊ค/,(none),true,false,1,true,true,51,ขายโน๊ตบุ๊ค เตรียมเครื่องให้พร้อมก่อนส่งมอบ คู่มือสำรองข้อมูล ออกจากบัญชี ถ่ายรูป และสิ่งที่ควรนำมา — อ่านก่อนนัดตรวจได้โดยไม่ต้องรีบขาย ✦ แอดไลน์ @webuy ส่งรูปประเมินราคา โทร 0642579353 หน้านี้เป็นคู่มือเตรียมตัวฝั่งผู้,/favicon.svg | /_astro/BaseLayout.Ce6jA0gB.css | /images/logo-ranrubsue-notebook-black-280.webp | /images/logo-ranrubsue-notebook-black-280.webp,,true
https://xn--42cn4aobed0eb6hubj4es0m5dhvd.com/%E0%B8%84%E0%B8%B3%E0%B8%96%E0%B8%B2%E0%B8%A1%E0%B8%97%E0%B8%B5%E0%B9%88%E0%B8%9E%E0%B8%9A%E0%B8%9A%E0%B9%88%E0%B8%AD%E0%B8%A2/,Other,200,https://xn--42cn4aobed0eb6hubj4es0m5dhvd.com/%E0%B8%84%E0%B8%B3%E0%B8%96%E0%B8%B2%E0%B8%A1%E0%B8%97%E0%B8%B5%E0%B9%88%E0%B8%9E%E0%B8%9A%E0%B8%9A%E0%B9%88%E0%B8%AD%E0%B8%A2/,คำถามที่พบบ่อยเกี่ยวกับการรับซื้อโน๊ตบุ๊ค | ร้านรับซื้อโน๊ตบุ๊ค.com,คำถามที่พบบ่อยเกี่ยวกับการรับซื้อโน๊ตบุ๊ค,รวมคำถามเกี่ยวกับรับซื้อโน๊ตบุ๊ค เช็คราคาโน๊ตบุ๊ค ขายโน๊ตบุ๊คมือสอง รับซื้อโน๊ตบุ๊คเสีย ไม่มีที่ชาร์จ เปิดไม่ติด จอแตก และการล้างข้อมูลก่อนขาย,https://ร้านรับซื้อโน๊ตบุ๊ค.com/คำถามที่พบบ่อย/,(none),true,false,1,true,true,59,คำถามที่พบบ่อยเกี่ยวกับการรับซื้อโน๊ตบุ๊ค หน้านี้รวบรวมคำถามที่คนถามบ่อยเกี่ยวกับ รับซื้อโน๊ตบุ๊ค และการประเมินราคา เพื่อให้ได้คำตอบแบบชัด ๆ ในที่เดียว เหมาะสำหรับการอ่านก่อนส่งรูปเช็คราคา หรือก่อนตัดสินใจขาย ลิงก์ที่ช่ว,/favicon.svg | /_astro/BaseLayout.Ce6jA0gB.css | /images/logo-ranrubsue-notebook-black-280.webp | /images/logo-ranrubsue-notebook-black-280.webp,,true
https://xn--42cn4aobed0eb6hubj4es0m5dhvd.com/%E0%B8%95%E0%B8%B4%E0%B8%94%E0%B8%95%E0%B9%88%E0%B8%AD%E0%B9%80%E0%B8%A3%E0%B8%B2/,Other,200,https://xn--42cn4aobed0eb6hubj4es0m5dhvd.com/%E0%B8%95%E0%B8%B4%E0%B8%94%E0%B8%95%E0%B9%88%E0%B8%AD%E0%B9%80%E0%B8%A3%E0%B8%B2/,ติดต่อเรา | ร้านรับซื้อโน๊ตบุ๊ค.com,ติดต่อเรา,ติดต่อร้านรับซื้อโน๊ตบุ๊ค.com เพื่อส่งรูปประเมินราคา หรือสอบถามรายละเอียด รับซื้อโน๊ตบุ๊คมือสองหลายยี่ห้อ ประเมินฟรี จ่ายเงินสด,https://ร้านรับซื้อโน๊ตบุ๊ค.com/ติดต่อเรา/,(none),true,false,1,true,true,40,ติดต่อเรา วิธีที่เร็วที่สุดคือแอดไลน์ @webuy แล้วส่งรูป + รุ่น/สเปก + อาการ. หากต้องการคุยก่อน โทรได้ตามเบอร์ด้านล่าง โทรศัพท์ 0642579353 สอบถามเวลาทำการก่อนนัดผ่าน LINE หรือโทร LINE แอดไลน์ @webuy ส่งรูปประเมินราคา LINE,/favicon.svg | /_astro/BaseLayout.Ce6jA0gB.css | /images/logo-ranrubsue-notebook-black-280.webp | /images/logo-ranrubsue-notebook-black-280.webp,,true
https://xn--42cn4aobed0eb6hubj4es0m5dhvd.com/%E0%B8%95%E0%B8%B5%E0%B8%A3%E0%B8%B2%E0%B8%84%E0%B8%B2%E0%B9%82%E0%B8%99%E0%B9%8A%E0%B8%95%E0%B8%9A%E0%B8%B8%E0%B9%8A%E0%B8%84/,Other,200,https://xn--42cn4aobed0eb6hubj4es0m5dhvd.com/%E0%B8%95%E0%B8%B5%E0%B8%A3%E0%B8%B2%E0%B8%84%E0%B8%B2%E0%B9%82%E0%B8%99%E0%B9%8A%E0%B8%95%E0%B8%9A%E0%B8%B8%E0%B9%8A%E0%B8%84/,ตีราคาโน๊ตบุ๊ค วิธีประเมินจากสเปกและจุดตรวจสภาพ | ร้านรับซื้อโน๊ตบุ๊ค.com,ตีราคาโน๊ตบุ๊ค วิธีประเมินจากสเปกและจุดตรวจสภาพ,อธิบายวิธีตีราคาโน๊ตบุ๊คของร้าน ปัจจัยที่ใช้ รุ่น สเปก จุดตรวจจอ แบต บานพับ พอร์ต และอุปกรณ์ ส่งรูปทาง LINE เพื่อรับราคาประเมินเบื้องต้น — ราคาสุดท้ายหลังตรวจเครื่องจริง,https://ร้านรับซื้อโน๊ตบุ๊ค.com/ตีราคาโน๊ตบุ๊ค/,(none),true,false,1,true,true,48,ตีราคาโน๊ตบุ๊ค วิธีประเมินจากสเปกและจุดตรวจสภาพ หน้านี้เล่าว่า “ร้านดูอะไรบ้าง” ตอนตีราคา — ปัจจัย น้ำหนักของแต่ละจุด และลำดับการตรวจ ไม่ใช่แค่ส่งรูปแล้วได้ตัวเลขโดยไม่รู้ที่มา ✦ ส่งรูปตีราคาฟรี โทรปรึกษาขั้นตอน 06425793,/favicon.svg | /_astro/BaseLayout.Ce6jA0gB.css | /images/logo-ranrubsue-notebook-black-280.webp | /images/logo-ranrubsue-notebook-black-280.webp,,true
https://xn--42cn4aobed0eb6hubj4es0m5dhvd.com/%E0%B8%99%E0%B9%82%E0%B8%A2%E0%B8%9A%E0%B8%B2%E0%B8%A2%E0%B8%84%E0%B8%A7%E0%B8%B2%E0%B8%A1%E0%B9%80%E0%B8%9B%E0%B9%87%E0%B8%99%E0%B8%AA%E0%B9%88%E0%B8%A7%E0%B8%99%E0%B8%95%E0%B8%B1%E0%B8%A7/,Other,200,https://xn--42cn4aobed0eb6hubj4es0m5dhvd.com/%E0%B8%99%E0%B9%82%E0%B8%A2%E0%B8%9A%E0%B8%B2%E0%B8%A2%E0%B8%84%E0%B8%A7%E0%B8%B2%E0%B8%A1%E0%B9%80%E0%B8%9B%E0%B9%87%E0%B8%99%E0%B8%AA%E0%B9%88%E0%B8%A7%E0%B8%99%E0%B8%95%E0%B8%B1%E0%B8%A7/,นโยบายความเป็นส่วนตัว | ร้านรับซื้อโน๊ตบุ๊ค.com,นโยบายความเป็นส่วนตัว,นโยบายความเป็นส่วนตัวของร้านรับซื้อโน๊ตบุ๊ค.com อธิบายการเก็บและใช้ข้อมูลเมื่อคุณส่งข้อมูลผ่าน LINE เพื่อประเมินราคาโน๊ตบุ๊ค,https://ร้านรับซื้อโน๊ตบุ๊ค.com/นโยบายความเป็นส่วนตัว/,(none),true,false,1,true,true,39,นโยบายความเป็นส่วนตัว เอกสารนี้เป็นนโยบายความเป็นส่วนตัวสำหรับเว็บไซต์ “ร้านรับซื้อโน๊ตบุ๊ค.com” โดยมีจุดประสงค์เพื่ออธิบายว่าข้อมูลใดอาจถูกเก็บ และนำไปใช้อย่างไร เมื่อคุณติดต่อเราเพื่อประเมินราคาโน๊ตบุ๊คหรือใช้บริการรับ,/favicon.svg | /_astro/BaseLayout.Ce6jA0gB.css | /images/logo-ranrubsue-notebook-black-280.webp | /images/logo-ranrubsue-notebook-black-280.webp,,true
https://xn--42cn4aobed0eb6hubj4es0m5dhvd.com/%E0%B8%9E%E0%B8%B7%E0%B9%89%E0%B8%99%E0%B8%97%E0%B8%B5%E0%B9%88%E0%B9%83%E0%B8%AB%E0%B9%89%E0%B8%9A%E0%B8%A3%E0%B8%B4%E0%B8%81%E0%B8%B2%E0%B8%A3/,Other,200,https://xn--42cn4aobed0eb6hubj4es0m5dhvd.com/%E0%B8%9E%E0%B8%B7%E0%B9%89%E0%B8%99%E0%B8%97%E0%B8%B5%E0%B9%88%E0%B9%83%E0%B8%AB%E0%B9%89%E0%B8%9A%E0%B8%A3%E0%B8%B4%E0%B8%81%E0%B8%B2%E0%B8%A3/,พื้นที่ให้บริการรับซื้อโน๊ตบุ๊ค | นัดหรือจัดส่งตามเงื่อนไข,พื้นที่ให้บริการรับซื้อโน๊ตบุ๊ค,ส่งรูปประเมินได้จากทั่วประเทศ พร้อมตรวจสอบวิธีนัดรับหรือจัดส่งตามพื้นที่ ตารางงาน และเงื่อนไข หน้าร้านจริงอยู่จังหวัดอุบลราชธานี,https://ร้านรับซื้อโน๊ตบุ๊ค.com/พื้นที่ให้บริการ/,(none),true,false,1,true,true,129,พื้นที่ให้บริการรับซื้อโน๊ตบุ๊ค ลูกค้าส่งรูป รุ่น สเปก อาการ และจังหวัดผ่าน LINE เพื่อประเมินเบื้องต้นก่อน จากนั้นทีมงานจึงตรวจสอบวิธีนัดหรือจัดส่งตามพื้นที่ ตารางงาน และเงื่อนไข หน้าร้านจริงอยู่จังหวัดอุบลราชธานี จังหวั,/favicon.svg | /_astro/BaseLayout.Ce6jA0gB.css | /images/logo-ranrubsue-notebook-black-280.webp | /images/logo-ranrubsue-notebook-black-280.webp,,true
https://xn--42cn4aobed0eb6hubj4es0m5dhvd.com/%E0%B8%A3%E0%B8%B1%E0%B8%9A%E0%B8%8B%E0%B8%B7%E0%B9%89%E0%B8%AD%E0%B9%82%E0%B8%99%E0%B9%8A%E0%B8%95%E0%B8%9A%E0%B8%B8%E0%B9%8A%E0%B8%84%E0%B8%9A%E0%B8%A3%E0%B8%B4%E0%B8%A9%E0%B8%B1%E0%B8%97/,Other,200,https://xn--42cn4aobed0eb6hubj4es0m5dhvd.com/%E0%B8%A3%E0%B8%B1%E0%B8%9A%E0%B8%8B%E0%B8%B7%E0%B9%89%E0%B8%AD%E0%B9%82%E0%B8%99%E0%B9%8A%E0%B8%95%E0%B8%9A%E0%B8%B8%E0%B9%8A%E0%B8%84%E0%B8%9A%E0%B8%A3%E0%B8%B4%E0%B8%A9%E0%B8%B1%E0%B8%97/,รับซื้อโน๊ตบุ๊คบริษัท โละเครื่ององค์กร ประเมินตามสเปก | ร้านรับซื้อโน๊ตบุ๊ค.com,รับซื้อโน๊ตบุ๊คบริษัท โละเครื่ององค์กร ประเมินตามสเปกและสภาพจริง,บริการรับซื้อโน๊ตบุ๊คบริษัทและเครื่ององค์กร อิงราคาจากสภาพจริงของเครื่อง รองรับการขายหลายเครื่อง แจ้งราคาก่อนตัดสินใจ แอดไลน์ @webuy,https://ร้านรับซื้อโน๊ตบุ๊ค.com/รับซื้อโน๊ตบุ๊คบริษัท/,(none),true,false,1,true,true,59,รับซื้อโน๊ตบุ๊คบริษัท โละเครื่ององค์กร ประเมินตามสเปกและสภาพจริง เหมาะกับ SME สำนักงาน และ IT ที่ต้องการขายหรือโละโน๊ตบุ๊คหลายเครื่อง แจ้งรายการและรูปตัวอย่างผ่าน LINE @webuy ✦ แอดไลน์ @webuy ส่งรูปประเมินราคา โทร 064257,/favicon.svg | /_astro/BaseLayout.Ce6jA0gB.css | /images/logo-ranrubsue-notebook-black-280.webp | /images/logo-ranrubsue-notebook-black-280.webp,,true
https://xn--42cn4aobed0eb6hubj4es0m5dhvd.com/%E0%B8%A3%E0%B8%B1%E0%B8%9A%E0%B8%8B%E0%B8%B7%E0%B9%89%E0%B8%AD%E0%B9%82%E0%B8%99%E0%B9%8A%E0%B8%95%E0%B8%9A%E0%B8%B8%E0%B9%8A%E0%B8%84%E0%B8%A1%E0%B8%B7%E0%B8%AD%E0%B8%AA%E0%B8%AD%E0%B8%87/,Other,200,https://xn--42cn4aobed0eb6hubj4es0m5dhvd.com/%E0%B8%A3%E0%B8%B1%E0%B8%9A%E0%B8%8B%E0%B8%B7%E0%B9%89%E0%B8%AD%E0%B9%82%E0%B8%99%E0%B9%8A%E0%B8%95%E0%B8%9A%E0%B8%B8%E0%B9%8A%E0%B8%84%E0%B8%A1%E0%B8%B7%E0%B8%AD%E0%B8%AA%E0%B8%AD%E0%B8%87/,รับซื้อโน๊ตบุ๊คมือสอง อายุการใช้งาน สภาพ และอุปกรณ์ | ร้านรับซื้อโน๊ตบุ๊ค.com,รับซื้อโน๊ตบุ๊คมือสอง ดูอายุการใช้งาน รอยใช้งาน และอุปกรณ์ที่มี,รับซื้อโน๊ตบุ๊คมือสองโดยดูอายุการใช้งาน รอยใช้งาน อุปกรณ์ครบ และจุดที่มักกดราคามือสอง ส่งรูปและสเปกทาง LINE เพื่อประเมินเบื้องต้น — ราคาสุดท้ายหลังตรวจเครื่องจริง,https://ร้านรับซื้อโน๊ตบุ๊ค.com/รับซื้อโน๊ตบุ๊คมือสอง/,(none),true,false,1,true,true,58,รับซื้อโน๊ตบุ๊คมือสอง ดูอายุการใช้งาน รอยใช้งาน และอุปกรณ์ที่มี หน้านี้โฟกัสเครื่องผ่านการใช้งานแล้ว — อะไรดึงราคามือสองขึ้นหรือลง ส่งรูปประเมินเบื้องต้นทาง LINE @webuy ✦ แอดไลน์ @webuy ส่งรูปประเมินราคา โทร 0642579353 โ,/favicon.svg | /_astro/BaseLayout.Ce6jA0gB.css | /images/logo-ranrubsue-notebook-black-280.webp | /images/logo-ranrubsue-notebook-black-280.webp,,true
https://xn--42cn4aobed0eb6hubj4es0m5dhvd.com/%E0%B8%A3%E0%B8%B1%E0%B8%9A%E0%B8%8B%E0%B8%B7%E0%B9%89%E0%B8%AD%E0%B9%82%E0%B8%99%E0%B9%8A%E0%B8%95%E0%B8%9A%E0%B8%B8%E0%B9%8A%E0%B8%84/%E0%B8%81%E0%B8%A3%E0%B8%B0%E0%B8%9A%E0%B8%B5%E0%B9%88/,Other,200,https://xn--42cn4aobed0eb6hubj4es0m5dhvd.com/%E0%B8%A3%E0%B8%B1%E0%B8%9A%E0%B8%8B%E0%B8%B7%E0%B9%89%E0%B8%AD%E0%B9%82%E0%B8%99%E0%B9%8A%E0%B8%95%E0%B8%9A%E0%B8%B8%E0%B9%8A%E0%B8%84/%E0%B8%81%E0%B8%A3%E0%B8%B0%E0%B8%9A%E0%B8%B5%E0%B9%88/,รับซื้อโน๊ตบุ๊คกระบี่ ประเมินฟรีผ่านไลน์ @webuy | ร้านรับซื้อโน๊ตบุ๊ค.com,รับซื้อโน๊ตบุ๊ค กระบี่ ประเมินไว ส่งรูปเช็คราคาฟรี,รับซื้อโน๊ตบุ๊ค กระบี่ ส่งรูป รุ่น สเปก และอาการเพื่อประเมินเบื้องต้น การนัดรับขึ้นอยู่กับพื้นที่ ตารางงาน และการยืนยัน หรือสอบถามขั้นตอนจัดส่งเครื่องมาตรวจได้,https://ร้านรับซื้อโน๊ตบุ๊ค.com/รับซื้อโน๊ตบุ๊ค/กระบี่/,(none),true,false,1,true,true,48,หน้าแรก / รับซื้อโน๊ตบุ๊ค / กระบี่ รับซื้อโน๊ตบุ๊ค กระบี่ ประเมินไว ส่งรูปเช็คราคาฟรี รับซื้อโน๊ตบุ๊ค กระบี่ ส่งรูป รุ่น สเปก และอาการเพื่อประเมินเบื้องต้น การนัดรับขึ้นอยู่กับพื้นที่ ตารางงาน และการยืนยัน หรือสอบถามขั้น,/favicon.svg | /_astro/BaseLayout.Ce6jA0gB.css | /images/logo-ranrubsue-notebook-black-280.webp | /images/rubsue-notebook-process-steps-800.webp | /images/logo-ranrubsue-notebook-black-280.webp,,true
https://xn--42cn4aobed0eb6hubj4es0m5dhvd.com/%E0%B8%A3%E0%B8%B1%E0%B8%9A%E0%B8%8B%E0%B8%B7%E0%B9%89%E0%B8%AD%E0%B9%82%E0%B8%99%E0%B9%8A%E0%B8%95%E0%B8%9A%E0%B8%B8%E0%B9%8A%E0%B8%84/%E0%B8%81%E0%B8%A3%E0%B8%B8%E0%B8%87%E0%B9%80%E0%B8%97%E0%B8%9E/,Other,200,https://xn--42cn4aobed0eb6hubj4es0m5dhvd.com/%E0%B8%A3%E0%B8%B1%E0%B8%9A%E0%B8%8B%E0%B8%B7%E0%B9%89%E0%B8%AD%E0%B9%82%E0%B8%99%E0%B9%8A%E0%B8%95%E0%B8%9A%E0%B8%B8%E0%B9%8A%E0%B8%84/%E0%B8%81%E0%B8%A3%E0%B8%B8%E0%B8%87%E0%B9%80%E0%B8%97%E0%B8%9E/,รับซื้อโน๊ตบุ๊คกรุงเทพ ประเมินฟรีผ่านไลน์ @webuy | ร้านรับซื้อโน๊ตบุ๊ค.com,รับซื้อโน๊ตบุ๊ค กรุงเทพ ประเมินไว ส่งรูปเช็คราคาฟรี,รับซื้อโน๊ตบุ๊ค กรุงเทพ ส่งรูป รุ่น สเปก และอาการเพื่อประเมินเบื้องต้น การนัดรับขึ้นอยู่กับพื้นที่ ตารางงาน และการยืนยัน หรือสอบถามขั้นตอนจัดส่งเครื่องมาตรวจได้,https://ร้านรับซื้อโน๊ตบุ๊ค.com/รับซื้อโน๊ตบุ๊ค/กรุงเทพ/,(none),true,false,1,true,true,50,หน้าแรก / รับซื้อโน๊ตบุ๊ค / กรุงเทพ รับซื้อโน๊ตบุ๊ค กรุงเทพ ประเมินไว ส่งรูปเช็คราคาฟรี รับซื้อโน๊ตบุ๊ค กรุงเทพ ส่งรูป รุ่น สเปก และอาการเพื่อประเมินเบื้องต้น การนัดรับขึ้นอยู่กับพื้นที่ ตารางงาน และการยืนยัน หรือสอบถามข,/favicon.svg | /_astro/BaseLayout.Ce6jA0gB.css | /images/logo-ranrubsue-notebook-black-280.webp | /images/rubsue-notebook-process-steps-800.webp | /images/logo-ranrubsue-notebook-black-280.webp,,true
https://xn--42cn4aobed0eb6hubj4es0m5dhvd.com/%E0%B8%A3%E0%B8%B1%E0%B8%9A%E0%B8%8B%E0%B8%B7%E0%B9%89%E0%B8%AD%E0%B9%82%E0%B8%99%E0%B9%8A%E0%B8%95%E0%B8%9A%E0%B8%B8%E0%B9%8A%E0%B8%84/%E0%B8%81%E0%B8%A5%E0%B9%89%E0%B8%AD%E0%B8%87%E0%B9%80%E0%B8%AA%E0%B8%B5%E0%B8%A2/,Other,200,https://xn--42cn4aobed0eb6hubj4es0m5dhvd.com/%E0%B8%A3%E0%B8%B1%E0%B8%9A%E0%B8%8B%E0%B8%B7%E0%B9%89%E0%B8%AD%E0%B9%82%E0%B8%99%E0%B9%8A%E0%B8%95%E0%B8%9A%E0%B8%B8%E0%B9%8A%E0%B8%84/%E0%B8%81%E0%B8%A5%E0%B9%89%E0%B8%AD%E0%B8%87%E0%B9%80%E0%B8%AA%E0%B8%B5%E0%B8%A2/,รับซื้อโน๊ตบุ๊คกล้องเสีย ประเมินตามรุ่นและอุปกรณ์อื่นที่ครบ | ร้านรับซื้อโน๊ตบุ๊ค.com,รับซื้อโน๊ตบุ๊คกล้องเสีย ส่งข้อมูลรุ่นและอาการเพื่อประเมิน,รับซื้อโน๊ตบุ๊คกล้องเสีย ใช้งานประชุมไม่ได้ หรือภาพไม่ขึ้น ประเมินตามรุ่นและสภาพจริงได้ฟรี,https://ร้านรับซื้อโน๊ตบุ๊ค.com/รับซื้อโน๊ตบุ๊ค/กล้องเสีย/,(none),true,false,1,true,true,43,หน้าแรก / รับซื้อโน๊ตบุ๊ค / กล้องเสีย รับซื้อโน๊ตบุ๊คกล้องเสีย ส่งข้อมูลรุ่นและอาการเพื่อประเมิน รับซื้อโน๊ตบุ๊คกล้องเสีย ใช้งานประชุมไม่ได้ หรือภาพไม่ขึ้น ประเมินตามรุ่นและสภาพจริงได้ฟรี ประเมินจากอะไร: ส่งรูปและวิดีโอส,/favicon.svg | /_astro/BaseLayout.Ce6jA0gB.css | /images/logo-ranrubsue-notebook-black-280.webp | /images/rubsue-notebook-process-steps-800.webp | /images/logo-ranrubsue-notebook-black-280.webp,,true
https://xn--42cn4aobed0eb6hubj4es0m5dhvd.com/%E0%B8%A3%E0%B8%B1%E0%B8%9A%E0%B8%8B%E0%B8%B7%E0%B9%89%E0%B8%AD%E0%B9%82%E0%B8%99%E0%B9%8A%E0%B8%95%E0%B8%9A%E0%B8%B8%E0%B9%8A%E0%B8%84/%E0%B8%81%E0%B8%B2%E0%B8%8D%E0%B8%88%E0%B8%99%E0%B8%9A%E0%B8%B8%E0%B8%A3%E0%B8%B5/,Other,200,https://xn--42cn4aobed0eb6hubj4es0m5dhvd.com/%E0%B8%A3%E0%B8%B1%E0%B8%9A%E0%B8%8B%E0%B8%B7%E0%B9%89%E0%B8%AD%E0%B9%82%E0%B8%99%E0%B9%8A%E0%B8%95%E0%B8%9A%E0%B8%B8%E0%B9%8A%E0%B8%84/%E0%B8%81%E0%B8%B2%E0%B8%8D%E0%B8%88%E0%B8%99%E0%B8%9A%E0%B8%B8%E0%B8%A3%E0%B8%B5/,รับซื้อโน๊ตบุ๊คกาญจนบุรี ประเมินฟรีผ่านไลน์ @webuy | ร้านรับซื้อโน๊ตบุ๊ค.com,รับซื้อโน๊ตบุ๊ค กาญจนบุรี ประเมินไว ส่งรูปเช็คราคาฟรี,รับซื้อโน๊ตบุ๊ค กาญจนบุรี ส่งรูป รุ่น สเปก และอาการเพื่อประเมินเบื้องต้น การนัดรับขึ้นอยู่กับพื้นที่ ตารางงาน และการยืนยัน หรือสอบถามขั้นตอนจัดส่งเครื่องมาตรวจได้,https://ร้านรับซื้อโน๊ตบุ๊ค.com/รับซื้อโน๊ตบุ๊ค/กาญจนบุรี/,(none),true,false,1,true,true,46,หน้าแรก / รับซื้อโน๊ตบุ๊ค / กาญจนบุรี รับซื้อโน๊ตบุ๊ค กาญจนบุรี ประเมินไว ส่งรูปเช็คราคาฟรี รับซื้อโน๊ตบุ๊ค กาญจนบุรี ส่งรูป รุ่น สเปก และอาการเพื่อประเมินเบื้องต้น การนัดรับขึ้นอยู่กับพื้นที่ ตารางงาน และการยืนยัน หรือส,/favicon.svg | /_astro/BaseLayout.Ce6jA0gB.css | /images/logo-ranrubsue-notebook-black-280.webp | /images/rubsue-notebook-process-steps-800.webp | /images/logo-ranrubsue-notebook-black-280.webp,,true
https://xn--42cn4aobed0eb6hubj4es0m5dhvd.com/%E0%B8%A3%E0%B8%B1%E0%B8%9A%E0%B8%8B%E0%B8%B7%E0%B9%89%E0%B8%AD%E0%B9%82%E0%B8%99%E0%B9%8A%E0%B8%95%E0%B8%9A%E0%B8%B8%E0%B9%8A%E0%B8%84/%E0%B8%81%E0%B8%B2%E0%B8%AC%E0%B8%AA%E0%B8%B4%E0%B8%99%E0%B8%98%E0%B8%B8%E0%B9%8C/,Other,200,https://xn--42cn4aobed0eb6hubj4es0m5dhvd.com/%E0%B8%A3%E0%B8%B1%E0%B8%9A%E0%B8%8B%E0%B8%B7%E0%B9%89%E0%B8%AD%E0%B9%82%E0%B8%99%E0%B9%8A%E0%B8%95%E0%B8%9A%E0%B8%B8%E0%B9%8A%E0%B8%84/%E0%B8%81%E0%B8%B2%E0%B8%AC%E0%B8%AA%E0%B8%B4%E0%B8%99%E0%B8%98%E0%B8%B8%E0%B9%8C/,รับซื้อโน๊ตบุ๊คกาฬสินธุ์ ประเมินฟรีผ่านไลน์ @webuy | ร้านรับซื้อโน๊ตบุ๊ค.com,รับซื้อโน๊ตบุ๊ค กาฬสินธุ์ ประเมินไว ส่งรูปเช็คราคาฟรี,รับซื้อโน๊ตบุ๊ค กาฬสินธุ์ ส่งรูป รุ่น สเปก และอาการเพื่อประเมินเบื้องต้น การนัดรับขึ้นอยู่กับพื้นที่ ตารางงาน และการยืนยัน หรือสอบถามขั้นตอนจัดส่งเครื่องมาตรวจได้,https://ร้านรับซื้อโน๊ตบุ๊ค.com/รับซื้อโน๊ตบุ๊ค/กาฬสินธุ์/,(none),true,false,1,true,true,49,หน้าแรก / รับซื้อโน๊ตบุ๊ค / กาฬสินธุ์ รับซื้อโน๊ตบุ๊ค กาฬสินธุ์ ประเมินไว ส่งรูปเช็คราคาฟรี รับซื้อโน๊ตบุ๊ค กาฬสินธุ์ ส่งรูป รุ่น สเปก และอาการเพื่อประเมินเบื้องต้น การนัดรับขึ้นอยู่กับพื้นที่ ตารางงาน และการยืนยัน หรือส,/favicon.svg | /_astro/BaseLayout.Ce6jA0gB.css | /images/logo-ranrubsue-notebook-black-280.webp | /images/rubsue-notebook-process-steps-800.webp | /images/logo-ranrubsue-notebook-black-280.webp,,true
https://xn--42cn4aobed0eb6hubj4es0m5dhvd.com/%E0%B8%A3%E0%B8%B1%E0%B8%9A%E0%B8%8B%E0%B8%B7%E0%B9%89%E0%B8%AD%E0%B9%82%E0%B8%99%E0%B9%8A%E0%B8%95%E0%B8%9A%E0%B8%B8%E0%B9%8A%E0%B8%84/%E0%B8%81%E0%B8%B3%E0%B9%81%E0%B8%9E%E0%B8%87%E0%B9%80%E0%B8%9E%E0%B8%8A%E0%B8%A3/,Other,200,https://xn--42cn4aobed0eb6hubj4es0m5dhvd.com/%E0%B8%A3%E0%B8%B1%E0%B8%9A%E0%B8%8B%E0%B8%B7%E0%B9%89%E0%B8%AD%E0%B9%82%E0%B8%99%E0%B9%8A%E0%B8%95%E0%B8%9A%E0%B8%B8%E0%B9%8A%E0%B8%84/%E0%B8%81%E0%B8%B3%E0%B9%81%E0%B8%9E%E0%B8%87%E0%B9%80%E0%B8%9E%E0%B8%8A%E0%B8%A3/,รับซื้อโน๊ตบุ๊คกำแพงเพชร ประเมินฟรีผ่านไลน์ @webuy | ร้านรับซื้อโน๊ตบุ๊ค.com,รับซื้อโน๊ตบุ๊ค กำแพงเพชร ประเมินไว ส่งรูปเช็คราคาฟรี,รับซื้อโน๊ตบุ๊ค กำแพงเพชร ส่งรูป รุ่น สเปก และอาการเพื่อประเมินเบื้องต้น การนัดรับขึ้นอยู่กับพื้นที่ ตารางงาน และการยืนยัน หรือสอบถามขั้นตอนจัดส่งเครื่องมาตรวจได้,https://ร้านรับซื้อโน๊ตบุ๊ค.com/รับซื้อโน๊ตบุ๊ค/กำแพงเพชร/,(none),true,false,1,true,true,44,หน้าแรก / รับซื้อโน๊ตบุ๊ค / กำแพงเพชร รับซื้อโน๊ตบุ๊ค กำแพงเพชร ประเมินไว ส่งรูปเช็คราคาฟรี รับซื้อโน๊ตบุ๊ค กำแพงเพชร ส่งรูป รุ่น สเปก และอาการเพื่อประเมินเบื้องต้น การนัดรับขึ้นอยู่กับพื้นที่ ตารางงาน และการยืนยัน หรือส,/favicon.svg | /_astro/BaseLayout.Ce6jA0gB.css | /images/logo-ranrubsue-notebook-black-280.webp | /images/rubsue-notebook-process-steps-800.webp | /images/logo-ranrubsue-notebook-black-280.webp,,true
https://xn--42cn4aobed0eb6hubj4es0m5dhvd.com/%E0%B8%A3%E0%B8%B1%E0%B8%9A%E0%B8%8B%E0%B8%B7%E0%B9%89%E0%B8%AD%E0%B9%82%E0%B8%99%E0%B9%8A%E0%B8%95%E0%B8%9A%E0%B8%B8%E0%B9%8A%E0%B8%84/%E0%B8%82%E0%B8%AD%E0%B8%99%E0%B9%81%E0%B8%81%E0%B9%88%E0%B8%99/,Other,200,https://xn--42cn4aobed0eb6hubj4es0m5dhvd.com/%E0%B8%A3%E0%B8%B1%E0%B8%9A%E0%B8%8B%E0%B8%B7%E0%B9%89%E0%B8%AD%E0%B9%82%E0%B8%99%E0%B9%8A%E0%B8%95%E0%B8%9A%E0%B8%B8%E0%B9%8A%E0%B8%84/%E0%B8%82%E0%B8%AD%E0%B8%99%E0%B9%81%E0%B8%81%E0%B9%88%E0%B8%99/,รับซื้อโน๊ตบุ๊คขอนแก่น ประเมินฟรีผ่านไลน์ @webuy | ร้านรับซื้อโน๊ตบุ๊ค.com,รับซื้อโน๊ตบุ๊ค ขอนแก่น ประเมินไว ส่งรูปเช็คราคาฟรี,รับซื้อโน๊ตบุ๊ค ขอนแก่น ส่งรูป รุ่น สเปก และอาการเพื่อประเมินเบื้องต้น การนัดรับขึ้นอยู่กับพื้นที่ ตารางงาน และการยืนยัน หรือสอบถามขั้นตอนจัดส่งเครื่องมาตรวจได้,https://ร้านรับซื้อโน๊ตบุ๊ค.com/รับซื้อโน๊ตบุ๊ค/ขอนแก่น/,(none),true,false,1,true,true,46,หน้าแรก / รับซื้อโน๊ตบุ๊ค / ขอนแก่น รับซื้อโน๊ตบุ๊ค ขอนแก่น ประเมินไว ส่งรูปเช็คราคาฟรี รับซื้อโน๊ตบุ๊ค ขอนแก่น ส่งรูป รุ่น สเปก และอาการเพื่อประเมินเบื้องต้น การนัดรับขึ้นอยู่กับพื้นที่ ตารางงาน และการยืนยัน หรือสอบถามข,/favicon.svg | /_astro/BaseLayout.Ce6jA0gB.css | /images/logo-ranrubsue-notebook-black-280.webp | /images/rubsue-notebook-process-steps-800.webp | /images/logo-ranrubsue-notebook-black-280.webp,,true
https://xn--42cn4aobed0eb6hubj4es0m5dhvd.com/%E0%B8%A3%E0%B8%B1%E0%B8%9A%E0%B8%8B%E0%B8%B7%E0%B9%89%E0%B8%AD%E0%B9%82%E0%B8%99%E0%B9%8A%E0%B8%95%E0%B8%9A%E0%B8%B8%E0%B9%8A%E0%B8%84/%E0%B8%84%E0%B8%B5%E0%B8%A2%E0%B9%8C%E0%B8%9A%E0%B8%AD%E0%B8%A3%E0%B9%8C%E0%B8%94%E0%B9%80%E0%B8%AA%E0%B8%B5%E0%B8%A2/,Other,200,https://xn--42cn4aobed0eb6hubj4es0m5dhvd.com/%E0%B8%A3%E0%B8%B1%E0%B8%9A%E0%B8%8B%E0%B8%B7%E0%B9%89%E0%B8%AD%E0%B9%82%E0%B8%99%E0%B9%8A%E0%B8%95%E0%B8%9A%E0%B8%B8%E0%B9%8A%E0%B8%84/%E0%B8%84%E0%B8%B5%E0%B8%A2%E0%B9%8C%E0%B8%9A%E0%B8%AD%E0%B8%A3%E0%B9%8C%E0%B8%94%E0%B9%80%E0%B8%AA%E0%B8%B5%E0%B8%A2/,รับซื้อโน๊ตบุ๊คคีย์บอร์ดเสีย ประเมินตามอาการและรุ่นเครื่อง | ร้านรับซื้อโน๊ตบุ๊ค.com,รับซื้อโน๊ตบุ๊คคีย์บอร์ดเสีย แจ้งปุ่มที่เสียและสเปกเพื่อประเมิน,รับซื้อโน๊ตบุ๊คคีย์บอร์ดเสีย/บางปุ่มกดไม่ติด ประเมินตามรุ่นและสภาพรวม ส่งรูปและอธิบายอาการเพื่อประเมินฟรี,https://ร้านรับซื้อโน๊ตบุ๊ค.com/รับซื้อโน๊ตบุ๊ค/คีย์บอร์ดเสีย/,(none),true,false,1,true,true,43,หน้าแรก / รับซื้อโน๊ตบุ๊ค / คีย์บอร์ดเสีย รับซื้อโน๊ตบุ๊คคีย์บอร์ดเสีย แจ้งปุ่มที่เสียและสเปกเพื่อประเมิน รับซื้อโน๊ตบุ๊คคีย์บอร์ดเสีย/บางปุ่มกดไม่ติด ประเมินตามรุ่นและสภาพรวม ส่งรูปและอธิบายอาการเพื่อประเมินฟรี ประเมินจ,/favicon.svg | /_astro/BaseLayout.Ce6jA0gB.css | /images/logo-ranrubsue-notebook-black-280.webp | /images/rubsue-notebook-process-steps-800.webp | /images/logo-ranrubsue-notebook-black-280.webp,,true
https://xn--42cn4aobed0eb6hubj4es0m5dhvd.com/%E0%B8%A3%E0%B8%B1%E0%B8%9A%E0%B8%8B%E0%B8%B7%E0%B9%89%E0%B8%AD%E0%B9%82%E0%B8%99%E0%B9%8A%E0%B8%95%E0%B8%9A%E0%B8%B8%E0%B9%8A%E0%B8%84/%E0%B8%84%E0%B9%89%E0%B8%B2%E0%B8%87%E0%B8%9A%E0%B9%88%E0%B8%AD%E0%B8%A2/,Other,200,https://xn--42cn4aobed0eb6hubj4es0m5dhvd.com/%E0%B8%A3%E0%B8%B1%E0%B8%9A%E0%B8%8B%E0%B8%B7%E0%B9%89%E0%B8%AD%E0%B9%82%E0%B8%99%E0%B9%8A%E0%B8%95%E0%B8%9A%E0%B8%B8%E0%B9%8A%E0%B8%84/%E0%B8%84%E0%B9%89%E0%B8%B2%E0%B8%87%E0%B8%9A%E0%B9%88%E0%B8%AD%E0%B8%A2/,รับซื้อโน๊ตบุ๊คค้างบ่อย ประเมินตามสภาพจริง | ร้านรับซื้อโน๊ตบุ๊ค.com,รับซื้อโน๊ตบุ๊คค้างบ่อย ช้า หรือหน่วงผิดปกติ,รับซื้อโน๊ตบุ๊คค้างบ่อย ช้า หรือหน่วงผิดปกติ ประเมินตามรุ่น สเปก SSD/RAM และอาการความร้อน,https://ร้านรับซื้อโน๊ตบุ๊ค.com/รับซื้อโน๊ตบุ๊ค/ค้างบ่อย/,(none),true,false,1,true,true,43,หน้าแรก / รับซื้อโน๊ตบุ๊ค / ค้างบ่อย รับซื้อโน๊ตบุ๊คค้างบ่อย ช้า หรือหน่วงผิดปกติ รับซื้อโน๊ตบุ๊คค้างบ่อย ช้า หรือหน่วงผิดปกติ ประเมินตามรุ่น สเปก SSD/RAM และอาการความร้อน ประเมินจากอะไร: ส่งรูปและวิดีโอสั้น ๆ ให้เห็นอาก,/favicon.svg | /_astro/BaseLayout.Ce6jA0gB.css | /images/logo-ranrubsue-notebook-black-280.webp | /images/rubsue-notebook-process-steps-800.webp | /images/logo-ranrubsue-notebook-black-280.webp,,true
https://xn--42cn4aobed0eb6hubj4es0m5dhvd.com/%E0%B8%A3%E0%B8%B1%E0%B8%9A%E0%B8%8B%E0%B8%B7%E0%B9%89%E0%B8%AD%E0%B9%82%E0%B8%99%E0%B9%8A%E0%B8%95%E0%B8%9A%E0%B8%B8%E0%B9%8A%E0%B8%84/%E0%B8%88%E0%B8%AD%E0%B8%9F%E0%B9%89%E0%B8%B2/,Other,200,https://xn--42cn4aobed0eb6hubj4es0m5dhvd.com/%E0%B8%A3%E0%B8%B1%E0%B8%9A%E0%B8%8B%E0%B8%B7%E0%B9%89%E0%B8%AD%E0%B9%82%E0%B8%99%E0%B9%8A%E0%B8%95%E0%B8%9A%E0%B8%B8%E0%B9%8A%E0%B8%84/%E0%B8%88%E0%B8%AD%E0%B8%9F%E0%B9%89%E0%B8%B2/,รับซื้อโน๊ตบุ๊คจอฟ้า ประเมินฟรี | ร้านรับซื้อโน๊ตบุ๊ค.com,รับซื้อโน๊ตบุ๊คจอฟ้า ส่งรูปประเมินไว,รับซื้อโน๊ตบุ๊คจอฟ้า ประเมินตามรุ่น สเปก และอาการจริงก่อนนัดขายหรือส่งเครื่อง,https://ร้านรับซื้อโน๊ตบุ๊ค.com/รับซื้อโน๊ตบุ๊ค/จอฟ้า/,(none),true,false,1,true,true,43,หน้าแรก / รับซื้อโน๊ตบุ๊ค / จอฟ้า รับซื้อโน๊ตบุ๊คจอฟ้า ส่งรูปประเมินไว รับซื้อโน๊ตบุ๊คจอฟ้า ประเมินตามรุ่น สเปก และอาการจริงก่อนนัดขายหรือส่งเครื่อง ประเมินจากอะไร: ส่งรูปและวิดีโอสั้น ๆ ให้เห็นอาการชัด พร้อมรุ่นและสเปก ,/favicon.svg | /_astro/BaseLayout.Ce6jA0gB.css | /images/logo-ranrubsue-notebook-black-280.webp | /images/rubsue-notebook-process-steps-800.webp | /images/logo-ranrubsue-notebook-black-280.webp,,true
https://xn--42cn4aobed0eb6hubj4es0m5dhvd.com/%E0%B8%A3%E0%B8%B1%E0%B8%9A%E0%B8%8B%E0%B8%B7%E0%B9%89%E0%B8%AD%E0%B9%82%E0%B8%99%E0%B9%8A%E0%B8%95%E0%B8%9A%E0%B8%B8%E0%B9%8A%E0%B8%84/%E0%B8%88%E0%B8%AD%E0%B8%A1%E0%B8%B5%E0%B9%80%E0%B8%AA%E0%B9%89%E0%B8%99/,Other,200,https://xn--42cn4aobed0eb6hubj4es0m5dhvd.com/%E0%B8%A3%E0%B8%B1%E0%B8%9A%E0%B8%8B%E0%B8%B7%E0%B9%89%E0%B8%AD%E0%B9%82%E0%B8%99%E0%B9%8A%E0%B8%95%E0%B8%9A%E0%B8%B8%E0%B9%8A%E0%B8%84/%E0%B8%88%E0%B8%AD%E0%B8%A1%E0%B8%B5%E0%B9%80%E0%B8%AA%E0%B9%89%E0%B8%99/,รับซื้อโน๊ตบุ๊คจอมีเส้น ประเมินตำหนิจอพร้อมสเปกเครื่อง | ร้านรับซื้อโน๊ตบุ๊ค.com,รับซื้อโน๊ตบุ๊คจอมีเส้น ส่งรูปจอตอนเปิดเครื่องเพื่อประเมิน,รับซื้อโน๊ตบุ๊คจอมีเส้น จอกระพริบ หรือจอมีจุดผิดปกติ ประเมินตามรุ่นและสภาพจริงได้ฟรี,https://ร้านรับซื้อโน๊ตบุ๊ค.com/รับซื้อโน๊ตบุ๊ค/จอมีเส้น/,(none),true,false,1,true,true,43,หน้าแรก / รับซื้อโน๊ตบุ๊ค / จอมีเส้น รับซื้อโน๊ตบุ๊คจอมีเส้น ส่งรูปจอตอนเปิดเครื่องเพื่อประเมิน รับซื้อโน๊ตบุ๊คจอมีเส้น จอกระพริบ หรือจอมีจุดผิดปกติ ประเมินตามรุ่นและสภาพจริงได้ฟรี ประเมินจากอะไร: ส่งรูปและวิดีโอสั้น ๆ ใ,/favicon.svg | /_astro/BaseLayout.Ce6jA0gB.css | /images/logo-ranrubsue-notebook-black-280.webp | /images/rubsue-notebook-process-steps-800.webp | /images/logo-ranrubsue-notebook-black-280.webp,,true
https://xn--42cn4aobed0eb6hubj4es0m5dhvd.com/%E0%B8%A3%E0%B8%B1%E0%B8%9A%E0%B8%8B%E0%B8%B7%E0%B9%89%E0%B8%AD%E0%B9%82%E0%B8%99%E0%B9%8A%E0%B8%95%E0%B8%9A%E0%B8%B8%E0%B9%8A%E0%B8%84/%E0%B8%88%E0%B8%AD%E0%B9%81%E0%B8%95%E0%B8%81/,Other,200,https://xn--42cn4aobed0eb6hubj4es0m5dhvd.com/%E0%B8%A3%E0%B8%B1%E0%B8%9A%E0%B8%8B%E0%B8%B7%E0%B9%89%E0%B8%AD%E0%B9%82%E0%B8%99%E0%B9%8A%E0%B8%95%E0%B8%9A%E0%B8%B8%E0%B9%8A%E0%B8%84/%E0%B8%88%E0%B8%AD%E0%B9%81%E0%B8%95%E0%B8%81/,รับซื้อโน๊ตบุ๊คจอแตก ประเมินตามรุ่นและสภาพชิ้นส่วนที่เหลือ | ร้านรับซื้อโน๊ตบุ๊ค.com,รับซื้อโน๊ตบุ๊คจอแตก ส่งรูปจอและสเปกเพื่อประเมินตามสภาพจริง,รับซื้อโน๊ตบุ๊คจอแตก/จอมีเส้น/จอไม่ติด ประเมินราคาตามรุ่นและสภาพความสมบูรณ์ของชิ้นส่วนอื่นจริง ส่งรูปหน้าจอเพื่อรับราคาประเมินอ้างอิงเบื้องต้น,https://ร้านรับซื้อโน๊ตบุ๊ค.com/รับซื้อโน๊ตบุ๊ค/จอแตก/,(none),true,false,1,true,true,46,หน้าแรก / รับซื้อโน๊ตบุ๊ค / จอแตก รับซื้อโน๊ตบุ๊คจอแตก ส่งรูปจอและสเปกเพื่อประเมินตามสภาพจริง รับซื้อโน๊ตบุ๊คจอแตก/จอมีเส้น/จอไม่ติด ประเมินราคาตามรุ่นและสภาพความสมบูรณ์ของชิ้นส่วนอื่นจริง ส่งรูปหน้าจอเพื่อรับราคาประเมิน,/favicon.svg | /_astro/BaseLayout.Ce6jA0gB.css | /images/logo-ranrubsue-notebook-black-280.webp | /images/rubsue-notebook-process-steps-800.webp | /images/logo-ranrubsue-notebook-black-280.webp,,true
https://xn--42cn4aobed0eb6hubj4es0m5dhvd.com/%E0%B8%A3%E0%B8%B1%E0%B8%9A%E0%B8%8B%E0%B8%B7%E0%B9%89%E0%B8%AD%E0%B9%82%E0%B8%99%E0%B9%8A%E0%B8%95%E0%B8%9A%E0%B8%B8%E0%B9%8A%E0%B8%84/%E0%B8%88%E0%B8%AD%E0%B9%84%E0%B8%A1%E0%B9%88%E0%B8%95%E0%B8%B4%E0%B8%94%E0%B9%81%E0%B8%95%E0%B9%88%E0%B9%80%E0%B8%84%E0%B8%A3%E0%B8%B7%E0%B9%88%E0%B8%AD%E0%B8%87%E0%B8%95%E0%B8%B4%E0%B8%94/,Other,200,https://xn--42cn4aobed0eb6hubj4es0m5dhvd.com/%E0%B8%A3%E0%B8%B1%E0%B8%9A%E0%B8%8B%E0%B8%B7%E0%B9%89%E0%B8%AD%E0%B9%82%E0%B8%99%E0%B9%8A%E0%B8%95%E0%B8%9A%E0%B8%B8%E0%B9%8A%E0%B8%84/%E0%B8%88%E0%B8%AD%E0%B9%84%E0%B8%A1%E0%B9%88%E0%B8%95%E0%B8%B4%E0%B8%94%E0%B9%81%E0%B8%95%E0%B9%88%E0%B9%80%E0%B8%84%E0%B8%A3%E0%B8%B7%E0%B9%88%E0%B8%AD%E0%B8%87%E0%B8%95%E0%B8%B4%E0%B8%94/,รับซื้อโน๊ตบุ๊คจอไม่ติดแต่เครื่องติด ประเมินฟรี | ร้านรับซื้อโน๊ตบุ๊ค.com,รับซื้อโน๊ตบุ๊คจอไม่ติดแต่เครื่องติด ส่งอาการประเมินไว,รับซื้อโน๊ตบุ๊คจอไม่ติดแต่เครื่องติด มีไฟ มีเสียงพัดลม หรือออกจอนอกได้ ประเมินฟรี,https://ร้านรับซื้อโน๊ตบุ๊ค.com/รับซื้อโน๊ตบุ๊ค/จอไม่ติดแต่เครื่องติด/,(none),true,false,1,true,true,43,หน้าแรก / รับซื้อโน๊ตบุ๊ค / จอไม่ติดแต่เครื่องติด รับซื้อโน๊ตบุ๊คจอไม่ติดแต่เครื่องติด ส่งอาการประเมินไว รับซื้อโน๊ตบุ๊คจอไม่ติดแต่เครื่องติด มีไฟ มีเสียงพัดลม หรือออกจอนอกได้ ประเมินฟรี ประเมินจากอะไร: ส่งรูปและวิดีโอสั,/favicon.svg | /_astro/BaseLayout.Ce6jA0gB.css | /images/logo-ranrubsue-notebook-black-280.webp | /images/rubsue-notebook-process-steps-800.webp | /images/logo-ranrubsue-notebook-black-280.webp,,true
https://xn--42cn4aobed0eb6hubj4es0m5dhvd.com/%E0%B8%A3%E0%B8%B1%E0%B8%9A%E0%B8%8B%E0%B8%B7%E0%B9%89%E0%B8%AD%E0%B9%82%E0%B8%99%E0%B9%8A%E0%B8%95%E0%B8%9A%E0%B8%B8%E0%B9%8A%E0%B8%84/%E0%B8%88%E0%B8%B1%E0%B8%99%E0%B8%97%E0%B8%9A%E0%B8%B8%E0%B8%A3%E0%B8%B5/,Other,200,https://xn--42cn4aobed0eb6hubj4es0m5dhvd.com/%E0%B8%A3%E0%B8%B1%E0%B8%9A%E0%B8%8B%E0%B8%B7%E0%B9%89%E0%B8%AD%E0%B9%82%E0%B8%99%E0%B9%8A%E0%B8%95%E0%B8%9A%E0%B8%B8%E0%B9%8A%E0%B8%84/%E0%B8%88%E0%B8%B1%E0%B8%99%E0%B8%97%E0%B8%9A%E0%B8%B8%E0%B8%A3%E0%B8%B5/,รับซื้อโน๊ตบุ๊คจันทบุรี ประเมินฟรีผ่านไลน์ @webuy | ร้านรับซื้อโน๊ตบุ๊ค.com,รับซื้อโน๊ตบุ๊ค จันทบุรี ประเมินไว ส่งรูปเช็คราคาฟรี,รับซื้อโน๊ตบุ๊ค จันทบุรี ส่งรูป รุ่น สเปก และอาการเพื่อประเมินเบื้องต้น การนัดรับขึ้นอยู่กับพื้นที่ ตารางงาน และการยืนยัน หรือสอบถามขั้นตอนจัดส่งเครื่องมาตรวจได้,https://ร้านรับซื้อโน๊ตบุ๊ค.com/รับซื้อโน๊ตบุ๊ค/จันทบุรี/,(none),true,false,1,true,true,47,หน้าแรก / รับซื้อโน๊ตบุ๊ค / จันทบุรี รับซื้อโน๊ตบุ๊ค จันทบุรี ประเมินไว ส่งรูปเช็คราคาฟรี รับซื้อโน๊ตบุ๊ค จันทบุรี ส่งรูป รุ่น สเปก และอาการเพื่อประเมินเบื้องต้น การนัดรับขึ้นอยู่กับพื้นที่ ตารางงาน และการยืนยัน หรือสอบถ,/favicon.svg | /_astro/BaseLayout.Ce6jA0gB.css | /images/logo-ranrubsue-notebook-black-280.webp | /images/rubsue-notebook-process-steps-800.webp | /images/logo-ranrubsue-notebook-black-280.webp,,true
https://xn--42cn4aobed0eb6hubj4es0m5dhvd.com/%E0%B8%A3%E0%B8%B1%E0%B8%9A%E0%B8%8B%E0%B8%B7%E0%B9%89%E0%B8%AD%E0%B9%82%E0%B8%99%E0%B9%8A%E0%B8%95%E0%B8%9A%E0%B8%B8%E0%B9%8A%E0%B8%84/%E0%B8%89%E0%B8%B0%E0%B9%80%E0%B8%8A%E0%B8%B4%E0%B8%87%E0%B9%80%E0%B8%97%E0%B8%A3%E0%B8%B2/,Other,200,https://xn--42cn4aobed0eb6hubj4es0m5dhvd.com/%E0%B8%A3%E0%B8%B1%E0%B8%9A%E0%B8%8B%E0%B8%B7%E0%B9%89%E0%B8%AD%E0%B9%82%E0%B8%99%E0%B9%8A%E0%B8%95%E0%B8%9A%E0%B8%B8%E0%B9%8A%E0%B8%84/%E0%B8%89%E0%B8%B0%E0%B9%80%E0%B8%8A%E0%B8%B4%E0%B8%87%E0%B9%80%E0%B8%97%E0%B8%A3%E0%B8%B2/,รับซื้อโน๊ตบุ๊คฉะเชิงเทรา ประเมินฟรีผ่านไลน์ @webuy | ร้านรับซื้อโน๊ตบุ๊ค.com,รับซื้อโน๊ตบุ๊ค ฉะเชิงเทรา ประเมินไว ส่งรูปเช็คราคาฟรี,รับซื้อโน๊ตบุ๊ค ฉะเชิงเทรา ส่งรูป รุ่น สเปก และอาการเพื่อประเมินเบื้องต้น การนัดรับขึ้นอยู่กับพื้นที่ ตารางงาน และการยืนยัน หรือสอบถามขั้นตอนจัดส่งเครื่องมาตรวจได้,https://ร้านรับซื้อโน๊ตบุ๊ค.com/รับซื้อโน๊ตบุ๊ค/ฉะเชิงเทรา/,(none),true,false,1,true,true,45,หน้าแรก / รับซื้อโน๊ตบุ๊ค / ฉะเชิงเทรา รับซื้อโน๊ตบุ๊ค ฉะเชิงเทรา ประเมินไว ส่งรูปเช็คราคาฟรี รับซื้อโน๊ตบุ๊ค ฉะเชิงเทรา ส่งรูป รุ่น สเปก และอาการเพื่อประเมินเบื้องต้น การนัดรับขึ้นอยู่กับพื้นที่ ตารางงาน และการยืนยัน หร,/favicon.svg | /_astro/BaseLayout.Ce6jA0gB.css | /images/logo-ranrubsue-notebook-black-280.webp | /images/rubsue-notebook-process-steps-800.webp | /images/logo-ranrubsue-notebook-black-280.webp,,true
https://xn--42cn4aobed0eb6hubj4es0m5dhvd.com/%E0%B8%A3%E0%B8%B1%E0%B8%9A%E0%B8%8B%E0%B8%B7%E0%B9%89%E0%B8%AD%E0%B9%82%E0%B8%99%E0%B9%8A%E0%B8%95%E0%B8%9A%E0%B8%B8%E0%B9%8A%E0%B8%84/%E0%B8%8A%E0%B8%A5%E0%B8%9A%E0%B8%B8%E0%B8%A3%E0%B8%B5/,Other,200,https://xn--42cn4aobed0eb6hubj4es0m5dhvd.com/%E0%B8%A3%E0%B8%B1%E0%B8%9A%E0%B8%8B%E0%B8%B7%E0%B9%89%E0%B8%AD%E0%B9%82%E0%B8%99%E0%B9%8A%E0%B8%95%E0%B8%9A%E0%B8%B8%E0%B9%8A%E0%B8%84/%E0%B8%8A%E0%B8%A5%E0%B8%9A%E0%B8%B8%E0%B8%A3%E0%B8%B5/,รับซื้อโน๊ตบุ๊คชลบุรี ประเมินฟรีผ่านไลน์ @webuy | ร้านรับซื้อโน๊ตบุ๊ค.com,รับซื้อโน๊ตบุ๊ค ชลบุรี ประเมินไว ส่งรูปเช็คราคาฟรี,รับซื้อโน๊ตบุ๊ค ชลบุรี ส่งรูป รุ่น สเปก และอาการเพื่อประเมินเบื้องต้น การนัดรับขึ้นอยู่กับพื้นที่ ตารางงาน และการยืนยัน หรือสอบถามขั้นตอนจัดส่งเครื่องมาตรวจได้,https://ร้านรับซื้อโน๊ตบุ๊ค.com/รับซื้อโน๊ตบุ๊ค/ชลบุรี/,(none),true,false,1,true,true,48,หน้าแรก / รับซื้อโน๊ตบุ๊ค / ชลบุรี รับซื้อโน๊ตบุ๊ค ชลบุรี ประเมินไว ส่งรูปเช็คราคาฟรี รับซื้อโน๊ตบุ๊ค ชลบุรี ส่งรูป รุ่น สเปก และอาการเพื่อประเมินเบื้องต้น การนัดรับขึ้นอยู่กับพื้นที่ ตารางงาน และการยืนยัน หรือสอบถามขั้น,/favicon.svg | /_astro/BaseLayout.Ce6jA0gB.css | /images/logo-ranrubsue-notebook-black-280.webp | /images/rubsue-notebook-process-steps-800.webp | /images/logo-ranrubsue-notebook-black-280.webp,,true
https://xn--42cn4aobed0eb6hubj4es0m5dhvd.com/%E0%B8%A3%E0%B8%B1%E0%B8%9A%E0%B8%8B%E0%B8%B7%E0%B9%89%E0%B8%AD%E0%B9%82%E0%B8%99%E0%B9%8A%E0%B8%95%E0%B8%9A%E0%B8%B8%E0%B9%8A%E0%B8%84/%E0%B8%8A%E0%B8%B1%E0%B8%A2%E0%B8%99%E0%B8%B2%E0%B8%97/,Other,200,https://xn--42cn4aobed0eb6hubj4es0m5dhvd.com/%E0%B8%A3%E0%B8%B1%E0%B8%9A%E0%B8%8B%E0%B8%B7%E0%B9%89%E0%B8%AD%E0%B9%82%E0%B8%99%E0%B9%8A%E0%B8%95%E0%B8%9A%E0%B8%B8%E0%B9%8A%E0%B8%84/%E0%B8%8A%E0%B8%B1%E0%B8%A2%E0%B8%99%E0%B8%B2%E0%B8%97/,รับซื้อโน๊ตบุ๊คชัยนาท ประเมินฟรีผ่านไลน์ @webuy | ร้านรับซื้อโน๊ตบุ๊ค.com,รับซื้อโน๊ตบุ๊ค ชัยนาท ประเมินไว ส่งรูปเช็คราคาฟรี,รับซื้อโน๊ตบุ๊ค ชัยนาท ส่งรูป รุ่น สเปก และอาการเพื่อประเมินเบื้องต้น การนัดรับขึ้นอยู่กับพื้นที่ ตารางงาน และการยืนยัน หรือสอบถามขั้นตอนจัดส่งเครื่องมาตรวจได้,https://ร้านรับซื้อโน๊ตบุ๊ค.com/รับซื้อโน๊ตบุ๊ค/ชัยนาท/,(none),true,false,1,true,true,47,หน้าแรก / รับซื้อโน๊ตบุ๊ค / ชัยนาท รับซื้อโน๊ตบุ๊ค ชัยนาท ประเมินไว ส่งรูปเช็คราคาฟรี รับซื้อโน๊ตบุ๊ค ชัยนาท ส่งรูป รุ่น สเปก และอาการเพื่อประเมินเบื้องต้น การนัดรับขึ้นอยู่กับพื้นที่ ตารางงาน และการยืนยัน หรือสอบถามขั้น,/favicon.svg | /_astro/BaseLayout.Ce6jA0gB.css | /images/logo-ranrubsue-notebook-black-280.webp | /images/rubsue-notebook-process-steps-800.webp | /images/logo-ranrubsue-notebook-black-280.webp,,true
https://xn--42cn4aobed0eb6hubj4es0m5dhvd.com/%E0%B8%A3%E0%B8%B1%E0%B8%9A%E0%B8%8B%E0%B8%B7%E0%B9%89%E0%B8%AD%E0%B9%82%E0%B8%99%E0%B9%8A%E0%B8%95%E0%B8%9A%E0%B8%B8%E0%B9%8A%E0%B8%84/%E0%B8%8A%E0%B8%B1%E0%B8%A2%E0%B8%A0%E0%B8%B9%E0%B8%A1%E0%B8%B4/,Other,200,https://xn--42cn4aobed0eb6hubj4es0m5dhvd.com/%E0%B8%A3%E0%B8%B1%E0%B8%9A%E0%B8%8B%E0%B8%B7%E0%B9%89%E0%B8%AD%E0%B9%82%E0%B8%99%E0%B9%8A%E0%B8%95%E0%B8%9A%E0%B8%B8%E0%B9%8A%E0%B8%84/%E0%B8%8A%E0%B8%B1%E0%B8%A2%E0%B8%A0%E0%B8%B9%E0%B8%A1%E0%B8%B4/,รับซื้อโน๊ตบุ๊คชัยภูมิ ประเมินฟรีผ่านไลน์ @webuy | ร้านรับซื้อโน๊ตบุ๊ค.com,รับซื้อโน๊ตบุ๊ค ชัยภูมิ ประเมินไว ส่งรูปเช็คราคาฟรี,รับซื้อโน๊ตบุ๊ค ชัยภูมิ ส่งรูป รุ่น สเปก และอาการเพื่อประเมินเบื้องต้น การนัดรับขึ้นอยู่กับพื้นที่ ตารางงาน และการยืนยัน หรือสอบถามขั้นตอนจัดส่งเครื่องมาตรวจได้,https://ร้านรับซื้อโน๊ตบุ๊ค.com/รับซื้อโน๊ตบุ๊ค/ชัยภูมิ/,(none),true,false,1,true,true,52,หน้าแรก / รับซื้อโน๊ตบุ๊ค / ชัยภูมิ รับซื้อโน๊ตบุ๊ค ชัยภูมิ ประเมินไว ส่งรูปเช็คราคาฟรี รับซื้อโน๊ตบุ๊ค ชัยภูมิ ส่งรูป รุ่น สเปก และอาการเพื่อประเมินเบื้องต้น การนัดรับขึ้นอยู่กับพื้นที่ ตารางงาน และการยืนยัน หรือสอบถามข,/favicon.svg | /_astro/BaseLayout.Ce6jA0gB.css | /images/logo-ranrubsue-notebook-black-280.webp | /images/rubsue-notebook-process-steps-800.webp | /images/logo-ranrubsue-notebook-black-280.webp,,true
https://xn--42cn4aobed0eb6hubj4es0m5dhvd.com/%E0%B8%A3%E0%B8%B1%E0%B8%9A%E0%B8%8B%E0%B8%B7%E0%B9%89%E0%B8%AD%E0%B9%82%E0%B8%99%E0%B9%8A%E0%B8%95%E0%B8%9A%E0%B8%B8%E0%B9%8A%E0%B8%84/%E0%B8%8A%E0%B8%B8%E0%B8%A1%E0%B8%9E%E0%B8%A3/,Other,200,https://xn--42cn4aobed0eb6hubj4es0m5dhvd.com/%E0%B8%A3%E0%B8%B1%E0%B8%9A%E0%B8%8B%E0%B8%B7%E0%B9%89%E0%B8%AD%E0%B9%82%E0%B8%99%E0%B9%8A%E0%B8%95%E0%B8%9A%E0%B8%B8%E0%B9%8A%E0%B8%84/%E0%B8%8A%E0%B8%B8%E0%B8%A1%E0%B8%9E%E0%B8%A3/,รับซื้อโน๊ตบุ๊คชุมพร ประเมินฟรี | ร้านรับซื้อโน๊ตบุ๊ค.com,รับซื้อโน๊ตบุ๊ค ชุมพร ประเมินไว ส่งรูปเช็คราคาฟรี,รับซื้อโน๊ตบุ๊ค ชุมพร ส่งรูป รุ่น สเปก และอาการเพื่อประเมินเบื้องต้น การนัดรับขึ้นอยู่กับพื้นที่ ตารางงาน และการยืนยัน หรือสอบถามขั้นตอนจัดส่งเครื่องมาตรวจได้,https://ร้านรับซื้อโน๊ตบุ๊ค.com/รับซื้อโน๊ตบุ๊ค/ชุมพร/,(none),true,false,1,true,true,46,หน้าแรก / รับซื้อโน๊ตบุ๊ค / ชุมพร รับซื้อโน๊ตบุ๊ค ชุมพร ประเมินไว ส่งรูปเช็คราคาฟรี รับซื้อโน๊ตบุ๊ค ชุมพร ส่งรูป รุ่น สเปก และอาการเพื่อประเมินเบื้องต้น การนัดรับขึ้นอยู่กับพื้นที่ ตารางงาน และการยืนยัน หรือสอบถามขั้นตอน,/favicon.svg | /_astro/BaseLayout.Ce6jA0gB.css | /images/logo-ranrubsue-notebook-black-280.webp | /images/rubsue-notebook-process-steps-800.webp | /images/logo-ranrubsue-notebook-black-280.webp,,true
https://xn--42cn4aobed0eb6hubj4es0m5dhvd.com/%E0%B8%A3%E0%B8%B1%E0%B8%9A%E0%B8%8B%E0%B8%B7%E0%B9%89%E0%B8%AD%E0%B9%82%E0%B8%99%E0%B9%8A%E0%B8%95%E0%B8%9A%E0%B8%B8%E0%B9%8A%E0%B8%84/%E0%B8%8A%E0%B9%88%E0%B8%AD%E0%B8%87%E0%B8%AB%E0%B8%B9%E0%B8%9F%E0%B8%B1%E0%B8%87%E0%B9%80%E0%B8%AA%E0%B8%B5%E0%B8%A2/,Other,200,https://xn--42cn4aobed0eb6hubj4es0m5dhvd.com/%E0%B8%A3%E0%B8%B1%E0%B8%9A%E0%B8%8B%E0%B8%B7%E0%B9%89%E0%B8%AD%E0%B9%82%E0%B8%99%E0%B9%8A%E0%B8%95%E0%B8%9A%E0%B8%B8%E0%B9%8A%E0%B8%84/%E0%B8%8A%E0%B9%88%E0%B8%AD%E0%B8%87%E0%B8%AB%E0%B8%B9%E0%B8%9F%E0%B8%B1%E0%B8%87%E0%B9%80%E0%B8%AA%E0%B8%B5%E0%B8%A2/,รับซื้อโน๊ตบุ๊คช่องหูฟังเสีย ประเมินฟรี | ร้านรับซื้อโน๊ตบุ๊ค.com,รับซื้อโน๊ตบุ๊คช่องหูฟังเสีย ส่งอาการประเมินไว,รับซื้อโน๊ตบุ๊คช่องหูฟังเสีย เสียบแล้วไม่ออกเสียง หรือหลวม ประเมินฟรีตามอาการจริง,https://ร้านรับซื้อโน๊ตบุ๊ค.com/รับซื้อโน๊ตบุ๊ค/ช่องหูฟังเสีย/,(none),true,false,1,true,true,42,หน้าแรก / รับซื้อโน๊ตบุ๊ค / ช่องหูฟังเสีย รับซื้อโน๊ตบุ๊คช่องหูฟังเสีย ส่งอาการประเมินไว รับซื้อโน๊ตบุ๊คช่องหูฟังเสีย เสียบแล้วไม่ออกเสียง หรือหลวม ประเมินฟรีตามอาการจริง ประเมินจากอะไร: ส่งรูปและวิดีโอสั้น ๆ ให้เห็นอากา,/favicon.svg | /_astro/BaseLayout.Ce6jA0gB.css | /images/logo-ranrubsue-notebook-black-280.webp | /images/rubsue-notebook-process-steps-800.webp | /images/logo-ranrubsue-notebook-black-280.webp,,true
https://xn--42cn4aobed0eb6hubj4es0m5dhvd.com/%E0%B8%A3%E0%B8%B1%E0%B8%9A%E0%B8%8B%E0%B8%B7%E0%B9%89%E0%B8%AD%E0%B9%82%E0%B8%99%E0%B9%8A%E0%B8%95%E0%B8%9A%E0%B8%B8%E0%B9%8A%E0%B8%84/%E0%B8%95%E0%B8%81%E0%B8%A3%E0%B8%B8%E0%B9%88%E0%B8%99/,Other,200,https://xn--42cn4aobed0eb6hubj4es0m5dhvd.com/%E0%B8%A3%E0%B8%B1%E0%B8%9A%E0%B8%8B%E0%B8%B7%E0%B9%89%E0%B8%AD%E0%B9%82%E0%B8%99%E0%B9%8A%E0%B8%95%E0%B8%9A%E0%B8%B8%E0%B9%8A%E0%B8%84/%E0%B8%95%E0%B8%81%E0%B8%A3%E0%B8%B8%E0%B9%88%E0%B8%99/,รับซื้อโน๊ตบุ๊คตกรุ่น ประเมินมูลค่าตามตลาดมือสองจริง | ร้านรับซื้อโน๊ตบุ๊ค.com,รับซื้อโน๊ตบุ๊คตกรุ่น แจ้งรุ่นปีและสภาพเพื่อประเมินตามความต้องการตลาด,รับซื้อโน๊ตบุ๊คตกรุ่น ยังขายได้ตามสเปกและสภาพ ประเมินฟรี ตอบไว ชำระเงินหลังตรวจรับและตกลงราคาเมื่อรับเครื่อง,https://ร้านรับซื้อโน๊ตบุ๊ค.com/รับซื้อโน๊ตบุ๊ค/ตกรุ่น/,(none),true,false,1,true,true,44,หน้าแรก / รับซื้อโน๊ตบุ๊ค / ตกรุ่น รับซื้อโน๊ตบุ๊คตกรุ่น แจ้งรุ่นปีและสภาพเพื่อประเมินตามความต้องการตลาด รับซื้อโน๊ตบุ๊คตกรุ่น ยังขายได้ตามสเปกและสภาพ ประเมินฟรี ตอบไว ชำระเงินหลังตรวจรับและตกลงราคาเมื่อรับเครื่อง ประเมิ,/favicon.svg | /_astro/BaseLayout.Ce6jA0gB.css | /images/logo-ranrubsue-notebook-black-280.webp | /images/rubsue-notebook-process-steps-800.webp | /images/logo-ranrubsue-notebook-black-280.webp,,true
https://xn--42cn4aobed0eb6hubj4es0m5dhvd.com/%E0%B8%A3%E0%B8%B1%E0%B8%9A%E0%B8%8B%E0%B8%B7%E0%B9%89%E0%B8%AD%E0%B9%82%E0%B8%99%E0%B9%8A%E0%B8%95%E0%B8%9A%E0%B8%B8%E0%B9%8A%E0%B8%84/%E0%B8%95%E0%B8%A3%E0%B8%B1%E0%B8%87/,Other,200,https://xn--42cn4aobed0eb6hubj4es0m5dhvd.com/%E0%B8%A3%E0%B8%B1%E0%B8%9A%E0%B8%8B%E0%B8%B7%E0%B9%89%E0%B8%AD%E0%B9%82%E0%B8%99%E0%B9%8A%E0%B8%95%E0%B8%9A%E0%B8%B8%E0%B9%8A%E0%B8%84/%E0%B8%95%E0%B8%A3%E0%B8%B1%E0%B8%87/,รับซื้อโน๊ตบุ๊คตรัง ประเมินฟรี | ร้านรับซื้อโน๊ตบุ๊ค.com,รับซื้อโน๊ตบุ๊ค ตรัง ประเมินไว ส่งรูปเช็คราคาฟรี,รับซื้อโน๊ตบุ๊ค ตรัง ส่งรูป รุ่น สเปก และอาการเพื่อประเมินเบื้องต้น การนัดรับขึ้นอยู่กับพื้นที่ ตารางงาน และการยืนยัน หรือสอบถามขั้นตอนจัดส่งเครื่องมาตรวจได้,https://ร้านรับซื้อโน๊ตบุ๊ค.com/รับซื้อโน๊ตบุ๊ค/ตรัง/,(none),true,false,1,true,true,47,หน้าแรก / รับซื้อโน๊ตบุ๊ค / ตรัง รับซื้อโน๊ตบุ๊ค ตรัง ประเมินไว ส่งรูปเช็คราคาฟรี รับซื้อโน๊ตบุ๊ค ตรัง ส่งรูป รุ่น สเปก และอาการเพื่อประเมินเบื้องต้น การนัดรับขึ้นอยู่กับพื้นที่ ตารางงาน และการยืนยัน หรือสอบถามขั้นตอนจัด,/favicon.svg | /_astro/BaseLayout.Ce6jA0gB.css | /images/logo-ranrubsue-notebook-black-280.webp | /images/rubsue-notebook-process-steps-800.webp | /images/logo-ranrubsue-notebook-black-280.webp,,true
https://xn--42cn4aobed0eb6hubj4es0m5dhvd.com/%E0%B8%A3%E0%B8%B1%E0%B8%9A%E0%B8%8B%E0%B8%B7%E0%B9%89%E0%B8%AD%E0%B9%82%E0%B8%99%E0%B9%8A%E0%B8%95%E0%B8%9A%E0%B8%B8%E0%B9%8A%E0%B8%84/%E0%B8%95%E0%B8%A3%E0%B8%B2%E0%B8%94/,Other,200,https://xn--42cn4aobed0eb6hubj4es0m5dhvd.com/%E0%B8%A3%E0%B8%B1%E0%B8%9A%E0%B8%8B%E0%B8%B7%E0%B9%89%E0%B8%AD%E0%B9%82%E0%B8%99%E0%B9%8A%E0%B8%95%E0%B8%9A%E0%B8%B8%E0%B9%8A%E0%B8%84/%E0%B8%95%E0%B8%A3%E0%B8%B2%E0%B8%94/,รับซื้อโน๊ตบุ๊คตราด ประเมินฟรีผ่านไลน์ @webuy | ร้านรับซื้อโน๊ตบุ๊ค.com,รับซื้อโน๊ตบุ๊ค ตราด ประเมินไว ส่งรูปเช็คราคาฟรี,รับซื้อโน๊ตบุ๊ค ตราด ส่งรูป รุ่น สเปก และอาการเพื่อประเมินเบื้องต้น การนัดรับขึ้นอยู่กับพื้นที่ ตารางงาน และการยืนยัน หรือสอบถามขั้นตอนจัดส่งเครื่องมาตรวจได้,https://ร้านรับซื้อโน๊ตบุ๊ค.com/รับซื้อโน๊ตบุ๊ค/ตราด/,(none),true,false,1,true,true,49,หน้าแรก / รับซื้อโน๊ตบุ๊ค / ตราด รับซื้อโน๊ตบุ๊ค ตราด ประเมินไว ส่งรูปเช็คราคาฟรี รับซื้อโน๊ตบุ๊ค ตราด ส่งรูป รุ่น สเปก และอาการเพื่อประเมินเบื้องต้น การนัดรับขึ้นอยู่กับพื้นที่ ตารางงาน และการยืนยัน หรือสอบถามขั้นตอนจัด,/favicon.svg | /_astro/BaseLayout.Ce6jA0gB.css | /images/logo-ranrubsue-notebook-black-280.webp | /images/rubsue-notebook-process-steps-800.webp | /images/logo-ranrubsue-notebook-black-280.webp,,true
https://xn--42cn4aobed0eb6hubj4es0m5dhvd.com/%E0%B8%A3%E0%B8%B1%E0%B8%9A%E0%B8%8B%E0%B8%B7%E0%B9%89%E0%B8%AD%E0%B9%82%E0%B8%99%E0%B9%8A%E0%B8%95%E0%B8%9A%E0%B8%B8%E0%B9%8A%E0%B8%84/%E0%B8%95%E0%B8%B2%E0%B8%81/,Other,200,https://xn--42cn4aobed0eb6hubj4es0m5dhvd.com/%E0%B8%A3%E0%B8%B1%E0%B8%9A%E0%B8%8B%E0%B8%B7%E0%B9%89%E0%B8%AD%E0%B9%82%E0%B8%99%E0%B9%8A%E0%B8%95%E0%B8%9A%E0%B8%B8%E0%B9%8A%E0%B8%84/%E0%B8%95%E0%B8%B2%E0%B8%81/,รับซื้อโน๊ตบุ๊คตาก ประเมินฟรี | ร้านรับซื้อโน๊ตบุ๊ค.com,รับซื้อโน๊ตบุ๊ค ตาก ประเมินไว ส่งรูปเช็คราคาฟรี,รับซื้อโน๊ตบุ๊ค ตาก ส่งรูป รุ่น สเปก และอาการเพื่อประเมินเบื้องต้น การนัดรับขึ้นอยู่กับพื้นที่ ตารางงาน และการยืนยัน หรือสอบถามขั้นตอนจัดส่งเครื่องมาตรวจได้,https://ร้านรับซื้อโน๊ตบุ๊ค.com/รับซื้อโน๊ตบุ๊ค/ตาก/,(none),true,false,1,true,true,46,หน้าแรก / รับซื้อโน๊ตบุ๊ค / ตาก รับซื้อโน๊ตบุ๊ค ตาก ประเมินไว ส่งรูปเช็คราคาฟรี รับซื้อโน๊ตบุ๊ค ตาก ส่งรูป รุ่น สเปก และอาการเพื่อประเมินเบื้องต้น การนัดรับขึ้นอยู่กับพื้นที่ ตารางงาน และการยืนยัน หรือสอบถามขั้นตอนจัดส่ง,/favicon.svg | /_astro/BaseLayout.Ce6jA0gB.css | /images/logo-ranrubsue-notebook-black-280.webp | /images/rubsue-notebook-process-steps-800.webp | /images/logo-ranrubsue-notebook-black-280.webp,,true
https://xn--42cn4aobed0eb6hubj4es0m5dhvd.com/%E0%B8%A3%E0%B8%B1%E0%B8%9A%E0%B8%8B%E0%B8%B7%E0%B9%89%E0%B8%AD%E0%B9%82%E0%B8%99%E0%B9%8A%E0%B8%95%E0%B8%9A%E0%B8%B8%E0%B9%8A%E0%B8%84/%E0%B8%97%E0%B8%B1%E0%B8%8A%E0%B8%AA%E0%B8%81%E0%B8%A3%E0%B8%B5%E0%B8%99%E0%B9%80%E0%B8%AA%E0%B8%B5%E0%B8%A2/,Other,200,https://xn--42cn4aobed0eb6hubj4es0m5dhvd.com/%E0%B8%A3%E0%B8%B1%E0%B8%9A%E0%B8%8B%E0%B8%B7%E0%B9%89%E0%B8%AD%E0%B9%82%E0%B8%99%E0%B9%8A%E0%B8%95%E0%B8%9A%E0%B8%B8%E0%B9%8A%E0%B8%84/%E0%B8%97%E0%B8%B1%E0%B8%8A%E0%B8%AA%E0%B8%81%E0%B8%A3%E0%B8%B5%E0%B8%99%E0%B9%80%E0%B8%AA%E0%B8%B5%E0%B8%A2/,รับซื้อโน๊ตบุ๊คทัชสกรีนเสีย ประเมินฟรี | ร้านรับซื้อโน๊ตบุ๊ค.com,รับซื้อโน๊ตบุ๊คทัชสกรีนเสีย ส่งอาการประเมินไว,รับซื้อโน๊ตบุ๊คทัชสกรีนเสีย จอสัมผัสเพี้ยนหรือทัชไม่ได้ ประเมินฟรีตามรุ่นและอาการ,https://ร้านรับซื้อโน๊ตบุ๊ค.com/รับซื้อโน๊ตบุ๊ค/ทัชสกรีนเสีย/,(none),true,false,1,true,true,43,หน้าแรก / รับซื้อโน๊ตบุ๊ค / ทัชสกรีนเสีย รับซื้อโน๊ตบุ๊คทัชสกรีนเสีย ส่งอาการประเมินไว รับซื้อโน๊ตบุ๊คทัชสกรีนเสีย จอสัมผัสเพี้ยนหรือทัชไม่ได้ ประเมินฟรีตามรุ่นและอาการ ประเมินจากอะไร: ส่งรูปและวิดีโอสั้น ๆ ให้เห็นอาการช,/favicon.svg | /_astro/BaseLayout.Ce6jA0gB.css | /images/logo-ranrubsue-notebook-black-280.webp | /images/rubsue-notebook-process-steps-800.webp | /images/logo-ranrubsue-notebook-black-280.webp,,true
https://xn--42cn4aobed0eb6hubj4es0m5dhvd.com/%E0%B8%A3%E0%B8%B1%E0%B8%9A%E0%B8%8B%E0%B8%B7%E0%B9%89%E0%B8%AD%E0%B9%82%E0%B8%99%E0%B9%8A%E0%B8%95%E0%B8%9A%E0%B8%B8%E0%B9%8A%E0%B8%84/%E0%B8%97%E0%B8%B1%E0%B8%8A%E0%B9%81%E0%B8%9E%E0%B8%94%E0%B9%80%E0%B8%AA%E0%B8%B5%E0%B8%A2/,Other,200,https://xn--42cn4aobed0eb6hubj4es0m5dhvd.com/%E0%B8%A3%E0%B8%B1%E0%B8%9A%E0%B8%8B%E0%B8%B7%E0%B9%89%E0%B8%AD%E0%B9%82%E0%B8%99%E0%B9%8A%E0%B8%95%E0%B8%9A%E0%B8%B8%E0%B9%8A%E0%B8%84/%E0%B8%97%E0%B8%B1%E0%B8%8A%E0%B9%81%E0%B8%9E%E0%B8%94%E0%B9%80%E0%B8%AA%E0%B8%B5%E0%B8%A2/,รับซื้อโน๊ตบุ๊คทัชแพดเสีย ประเมินอาการชี้ตำแหน่งและรุ่น | ร้านรับซื้อโน๊ตบุ๊ค.com,รับซื้อโน๊ตบุ๊คทัชแพดเสีย แจ้งอาการทัชแพดและสเปกเพื่อประเมิน,รับซื้อโน๊ตบุ๊คทัชแพดเสีย คลิกไม่ติด เลื่อนไม่ได้ หรือทัชเพี้ยน ประเมินตามรุ่นและสภาพจริงได้ฟรี,https://ร้านรับซื้อโน๊ตบุ๊ค.com/รับซื้อโน๊ตบุ๊ค/ทัชแพดเสีย/,(none),true,false,1,true,true,43,หน้าแรก / รับซื้อโน๊ตบุ๊ค / ทัชแพดเสีย รับซื้อโน๊ตบุ๊คทัชแพดเสีย แจ้งอาการทัชแพดและสเปกเพื่อประเมิน รับซื้อโน๊ตบุ๊คทัชแพดเสีย คลิกไม่ติด เลื่อนไม่ได้ หรือทัชเพี้ยน ประเมินตามรุ่นและสภาพจริงได้ฟรี ประเมินจากอะไร: ส่งรูปแล,/favicon.svg | /_astro/BaseLayout.Ce6jA0gB.css | /images/logo-ranrubsue-notebook-black-280.webp | /images/rubsue-notebook-process-steps-800.webp | /images/logo-ranrubsue-notebook-black-280.webp,,true
https://xn--42cn4aobed0eb6hubj4es0m5dhvd.com/%E0%B8%A3%E0%B8%B1%E0%B8%9A%E0%B8%8B%E0%B8%B7%E0%B9%89%E0%B8%AD%E0%B9%82%E0%B8%99%E0%B9%8A%E0%B8%95%E0%B8%9A%E0%B8%B8%E0%B9%8A%E0%B8%84/%E0%B8%99%E0%B8%84%E0%B8%A3%E0%B8%99%E0%B8%B2%E0%B8%A2%E0%B8%81/,Other,200,https://xn--42cn4aobed0eb6hubj4es0m5dhvd.com/%E0%B8%A3%E0%B8%B1%E0%B8%9A%E0%B8%8B%E0%B8%B7%E0%B9%89%E0%B8%AD%E0%B9%82%E0%B8%99%E0%B9%8A%E0%B8%95%E0%B8%9A%E0%B8%B8%E0%B9%8A%E0%B8%84/%E0%B8%99%E0%B8%84%E0%B8%A3%E0%B8%99%E0%B8%B2%E0%B8%A2%E0%B8%81/,รับซื้อโน๊ตบุ๊คนครนายก ประเมินฟรี | ร้านรับซื้อโน๊ตบุ๊ค.com,รับซื้อโน๊ตบุ๊ค นครนายก ประเมินไว ส่งรูปเช็คราคาฟรี,รับซื้อโน๊ตบุ๊ค นครนายก ส่งรูป รุ่น สเปก และอาการเพื่อประเมินเบื้องต้น การนัดรับขึ้นอยู่กับพื้นที่ ตารางงาน และการยืนยัน หรือสอบถามขั้นตอนจัดส่งเครื่องมาตรวจได้,https://ร้านรับซื้อโน๊ตบุ๊ค.com/รับซื้อโน๊ตบุ๊ค/นครนายก/,(none),true,false,1,true,true,46,หน้าแรก / รับซื้อโน๊ตบุ๊ค / นครนายก รับซื้อโน๊ตบุ๊ค นครนายก ประเมินไว ส่งรูปเช็คราคาฟรี รับซื้อโน๊ตบุ๊ค นครนายก ส่งรูป รุ่น สเปก และอาการเพื่อประเมินเบื้องต้น การนัดรับขึ้นอยู่กับพื้นที่ ตารางงาน และการยืนยัน หรือสอบถามข,/favicon.svg | /_astro/BaseLayout.Ce6jA0gB.css | /images/logo-ranrubsue-notebook-black-280.webp | /images/rubsue-notebook-process-steps-800.webp | /images/logo-ranrubsue-notebook-black-280.webp,,true
https://xn--42cn4aobed0eb6hubj4es0m5dhvd.com/%E0%B8%A3%E0%B8%B1%E0%B8%9A%E0%B8%8B%E0%B8%B7%E0%B9%89%E0%B8%AD%E0%B9%82%E0%B8%99%E0%B9%8A%E0%B8%95%E0%B8%9A%E0%B8%B8%E0%B9%8A%E0%B8%84/%E0%B8%99%E0%B8%84%E0%B8%A3%E0%B8%9B%E0%B8%90%E0%B8%A1/,Other,200,https://xn--42cn4aobed0eb6hubj4es0m5dhvd.com/%E0%B8%A3%E0%B8%B1%E0%B8%9A%E0%B8%8B%E0%B8%B7%E0%B9%89%E0%B8%AD%E0%B9%82%E0%B8%99%E0%B9%8A%E0%B8%95%E0%B8%9A%E0%B8%B8%E0%B9%8A%E0%B8%84/%E0%B8%99%E0%B8%84%E0%B8%A3%E0%B8%9B%E0%B8%90%E0%B8%A1/,รับซื้อโน๊ตบุ๊คนครปฐม ประเมินฟรีผ่านไลน์ @webuy | ร้านรับซื้อโน๊ตบุ๊ค.com,รับซื้อโน๊ตบุ๊ค นครปฐม ประเมินไว ส่งรูปเช็คราคาฟรี,รับซื้อโน๊ตบุ๊ค นครปฐม ส่งรูป รุ่น สเปก และอาการเพื่อประเมินเบื้องต้น การนัดรับขึ้นอยู่กับพื้นที่ ตารางงาน และการยืนยัน หรือสอบถามขั้นตอนจัดส่งเครื่องมาตรวจได้,https://ร้านรับซื้อโน๊ตบุ๊ค.com/รับซื้อโน๊ตบุ๊ค/นครปฐม/,(none),true,false,1,true,true,46,หน้าแรก / รับซื้อโน๊ตบุ๊ค / นครปฐม รับซื้อโน๊ตบุ๊ค นครปฐม ประเมินไว ส่งรูปเช็คราคาฟรี รับซื้อโน๊ตบุ๊ค นครปฐม ส่งรูป รุ่น สเปก และอาการเพื่อประเมินเบื้องต้น การนัดรับขึ้นอยู่กับพื้นที่ ตารางงาน และการยืนยัน หรือสอบถามขั้น,/favicon.svg | /_astro/BaseLayout.Ce6jA0gB.css | /images/logo-ranrubsue-notebook-black-280.webp | /images/rubsue-notebook-process-steps-800.webp | /images/logo-ranrubsue-notebook-black-280.webp,,true
https://xn--42cn4aobed0eb6hubj4es0m5dhvd.com/%E0%B8%A3%E0%B8%B1%E0%B8%9A%E0%B8%8B%E0%B8%B7%E0%B9%89%E0%B8%AD%E0%B9%82%E0%B8%99%E0%B9%8A%E0%B8%95%E0%B8%9A%E0%B8%B8%E0%B9%8A%E0%B8%84/%E0%B8%99%E0%B8%84%E0%B8%A3%E0%B8%9E%E0%B8%99%E0%B8%A1/,Other,200,https://xn--42cn4aobed0eb6hubj4es0m5dhvd.com/%E0%B8%A3%E0%B8%B1%E0%B8%9A%E0%B8%8B%E0%B8%B7%E0%B9%89%E0%B8%AD%E0%B9%82%E0%B8%99%E0%B9%8A%E0%B8%95%E0%B8%9A%E0%B8%B8%E0%B9%8A%E0%B8%84/%E0%B8%99%E0%B8%84%E0%B8%A3%E0%B8%9E%E0%B8%99%E0%B8%A1/,รับซื้อโน๊ตบุ๊คนครพนม ประเมินฟรีผ่านไลน์ @webuy | ร้านรับซื้อโน๊ตบุ๊ค.com,รับซื้อโน๊ตบุ๊ค นครพนม ประเมินไว ส่งรูปเช็คราคาฟรี,รับซื้อโน๊ตบุ๊ค นครพนม ส่งรูป รุ่น สเปก และอาการเพื่อประเมินเบื้องต้น การนัดรับขึ้นอยู่กับพื้นที่ ตารางงาน และการยืนยัน หรือสอบถามขั้นตอนจัดส่งเครื่องมาตรวจได้,https://ร้านรับซื้อโน๊ตบุ๊ค.com/รับซื้อโน๊ตบุ๊ค/นครพนม/,(none),true,false,1,true,true,49,หน้าแรก / รับซื้อโน๊ตบุ๊ค / นครพนม รับซื้อโน๊ตบุ๊ค นครพนม ประเมินไว ส่งรูปเช็คราคาฟรี รับซื้อโน๊ตบุ๊ค นครพนม ส่งรูป รุ่น สเปก และอาการเพื่อประเมินเบื้องต้น การนัดรับขึ้นอยู่กับพื้นที่ ตารางงาน และการยืนยัน หรือสอบถามขั้น,/favicon.svg | /_astro/BaseLayout.Ce6jA0gB.css | /images/logo-ranrubsue-notebook-black-280.webp | /images/rubsue-notebook-process-steps-800.webp | /images/logo-ranrubsue-notebook-black-280.webp,,true
https://xn--42cn4aobed0eb6hubj4es0m5dhvd.com/%E0%B8%A3%E0%B8%B1%E0%B8%9A%E0%B8%8B%E0%B8%B7%E0%B9%89%E0%B8%AD%E0%B9%82%E0%B8%99%E0%B9%8A%E0%B8%95%E0%B8%9A%E0%B8%B8%E0%B9%8A%E0%B8%84/%E0%B8%99%E0%B8%84%E0%B8%A3%E0%B8%A3%E0%B8%B2%E0%B8%8A%E0%B8%AA%E0%B8%B5%E0%B8%A1%E0%B8%B2/,Other,200,https://xn--42cn4aobed0eb6hubj4es0m5dhvd.com/%E0%B8%A3%E0%B8%B1%E0%B8%9A%E0%B8%8B%E0%B8%B7%E0%B9%89%E0%B8%AD%E0%B9%82%E0%B8%99%E0%B9%8A%E0%B8%95%E0%B8%9A%E0%B8%B8%E0%B9%8A%E0%B8%84/%E0%B8%99%E0%B8%84%E0%B8%A3%E0%B8%A3%E0%B8%B2%E0%B8%8A%E0%B8%AA%E0%B8%B5%E0%B8%A1%E0%B8%B2/,รับซื้อโน๊ตบุ๊คนครราชสีมา ประเมินฟรีผ่านไลน์ @webuy | ร้านรับซื้อโน๊ตบุ๊ค.com,รับซื้อโน๊ตบุ๊ค นครราชสีมา ประเมินไว ส่งรูปเช็คราคาฟรี,รับซื้อโน๊ตบุ๊ค นครราชสีมา ส่งรูป รุ่น สเปก และอาการเพื่อประเมินเบื้องต้น การนัดรับขึ้นอยู่กับพื้นที่ ตารางงาน และการยืนยัน หรือสอบถามขั้นตอนจัดส่งเครื่องมาตรวจได้,https://ร้านรับซื้อโน๊ตบุ๊ค.com/รับซื้อโน๊ตบุ๊ค/นครราชสีมา/,(none),true,false,1,true,true,46,หน้าแรก / รับซื้อโน๊ตบุ๊ค / นครราชสีมา รับซื้อโน๊ตบุ๊ค นครราชสีมา ประเมินไว ส่งรูปเช็คราคาฟรี รับซื้อโน๊ตบุ๊ค นครราชสีมา ส่งรูป รุ่น สเปก และอาการเพื่อประเมินเบื้องต้น การนัดรับขึ้นอยู่กับพื้นที่ ตารางงาน และการยืนยัน หร,/favicon.svg | /_astro/BaseLayout.Ce6jA0gB.css | /images/logo-ranrubsue-notebook-black-280.webp | /images/rubsue-notebook-process-steps-800.webp | /images/logo-ranrubsue-notebook-black-280.webp,,true
https://xn--42cn4aobed0eb6hubj4es0m5dhvd.com/%E0%B8%A3%E0%B8%B1%E0%B8%9A%E0%B8%8B%E0%B8%B7%E0%B9%89%E0%B8%AD%E0%B9%82%E0%B8%99%E0%B9%8A%E0%B8%95%E0%B8%9A%E0%B8%B8%E0%B9%8A%E0%B8%84/%E0%B8%99%E0%B8%84%E0%B8%A3%E0%B8%A8%E0%B8%A3%E0%B8%B5%E0%B8%98%E0%B8%A3%E0%B8%A3%E0%B8%A1%E0%B8%A3%E0%B8%B2%E0%B8%8A/,Other,200,https://xn--42cn4aobed0eb6hubj4es0m5dhvd.com/%E0%B8%A3%E0%B8%B1%E0%B8%9A%E0%B8%8B%E0%B8%B7%E0%B9%89%E0%B8%AD%E0%B9%82%E0%B8%99%E0%B9%8A%E0%B8%95%E0%B8%9A%E0%B8%B8%E0%B9%8A%E0%B8%84/%E0%B8%99%E0%B8%84%E0%B8%A3%E0%B8%A8%E0%B8%A3%E0%B8%B5%E0%B8%98%E0%B8%A3%E0%B8%A3%E0%B8%A1%E0%B8%A3%E0%B8%B2%E0%B8%8A/,รับซื้อโน๊ตบุ๊คนครศรีธรรมราช ประเมินฟรีผ่านไลน์ @webuy | ร้านรับซื้อโน๊ตบุ๊ค.com,รับซื้อโน๊ตบุ๊ค นครศรีธรรมราช ประเมินไว ส่งรูปเช็คราคาฟรี,รับซื้อโน๊ตบุ๊ค นครศรีธรรมราช ส่งรูป รุ่น สเปก และอาการเพื่อประเมินเบื้องต้น การนัดรับขึ้นอยู่กับพื้นที่ ตารางงาน และการยืนยัน หรือสอบถามขั้นตอนจัดส่งเครื่องมาตรวจได้,https://ร้านรับซื้อโน๊ตบุ๊ค.com/รับซื้อโน๊ตบุ๊ค/นครศรีธรรมราช/,(none),true,false,1,true,true,49,หน้าแรก / รับซื้อโน๊ตบุ๊ค / นครศรีธรรมราช รับซื้อโน๊ตบุ๊ค นครศรีธรรมราช ประเมินไว ส่งรูปเช็คราคาฟรี รับซื้อโน๊ตบุ๊ค นครศรีธรรมราช ส่งรูป รุ่น สเปก และอาการเพื่อประเมินเบื้องต้น การนัดรับขึ้นอยู่กับพื้นที่ ตารางงาน และการ,/favicon.svg | /_astro/BaseLayout.Ce6jA0gB.css | /images/logo-ranrubsue-notebook-black-280.webp | /images/rubsue-notebook-process-steps-800.webp | /images/logo-ranrubsue-notebook-black-280.webp,,true
https://xn--42cn4aobed0eb6hubj4es0m5dhvd.com/%E0%B8%A3%E0%B8%B1%E0%B8%9A%E0%B8%8B%E0%B8%B7%E0%B9%89%E0%B8%AD%E0%B9%82%E0%B8%99%E0%B9%8A%E0%B8%95%E0%B8%9A%E0%B8%B8%E0%B9%8A%E0%B8%84/%E0%B8%99%E0%B8%84%E0%B8%A3%E0%B8%AA%E0%B8%A7%E0%B8%A3%E0%B8%A3%E0%B8%84%E0%B9%8C/,Other,200,https://xn--42cn4aobed0eb6hubj4es0m5dhvd.com/%E0%B8%A3%E0%B8%B1%E0%B8%9A%E0%B8%8B%E0%B8%B7%E0%B9%89%E0%B8%AD%E0%B9%82%E0%B8%99%E0%B9%8A%E0%B8%95%E0%B8%9A%E0%B8%B8%E0%B9%8A%E0%B8%84/%E0%B8%99%E0%B8%84%E0%B8%A3%E0%B8%AA%E0%B8%A7%E0%B8%A3%E0%B8%A3%E0%B8%84%E0%B9%8C/,รับซื้อโน๊ตบุ๊คนครสวรรค์ ประเมินฟรีผ่านไลน์ @webuy | ร้านรับซื้อโน๊ตบุ๊ค.com,รับซื้อโน๊ตบุ๊ค นครสวรรค์ ประเมินไว ส่งรูปเช็คราคาฟรี,รับซื้อโน๊ตบุ๊ค นครสวรรค์ ส่งรูป รุ่น สเปก และอาการเพื่อประเมินเบื้องต้น การนัดรับขึ้นอยู่กับพื้นที่ ตารางงาน และการยืนยัน หรือสอบถามขั้นตอนจัดส่งเครื่องมาตรวจได้,https://ร้านรับซื้อโน๊ตบุ๊ค.com/รับซื้อโน๊ตบุ๊ค/นครสวรรค์/,(none),true,false,1,true,true,49,หน้าแรก / รับซื้อโน๊ตบุ๊ค / นครสวรรค์ รับซื้อโน๊ตบุ๊ค นครสวรรค์ ประเมินไว ส่งรูปเช็คราคาฟรี รับซื้อโน๊ตบุ๊ค นครสวรรค์ ส่งรูป รุ่น สเปก และอาการเพื่อประเมินเบื้องต้น การนัดรับขึ้นอยู่กับพื้นที่ ตารางงาน และการยืนยัน หรือส,/favicon.svg | /_astro/BaseLayout.Ce6jA0gB.css | /images/logo-ranrubsue-notebook-black-280.webp | /images/rubsue-notebook-process-steps-800.webp | /images/logo-ranrubsue-notebook-black-280.webp,,true
https://xn--42cn4aobed0eb6hubj4es0m5dhvd.com/%E0%B8%A3%E0%B8%B1%E0%B8%9A%E0%B8%8B%E0%B8%B7%E0%B9%89%E0%B8%AD%E0%B9%82%E0%B8%99%E0%B9%8A%E0%B8%95%E0%B8%9A%E0%B8%B8%E0%B9%8A%E0%B8%84/%E0%B8%99%E0%B8%99%E0%B8%97%E0%B8%9A%E0%B8%B8%E0%B8%A3%E0%B8%B5/,Other,200,https://xn--42cn4aobed0eb6hubj4es0m5dhvd.com/%E0%B8%A3%E0%B8%B1%E0%B8%9A%E0%B8%8B%E0%B8%B7%E0%B9%89%E0%B8%AD%E0%B9%82%E0%B8%99%E0%B9%8A%E0%B8%95%E0%B8%9A%E0%B8%B8%E0%B9%8A%E0%B8%84/%E0%B8%99%E0%B8%99%E0%B8%97%E0%B8%9A%E0%B8%B8%E0%B8%A3%E0%B8%B5/,รับซื้อโน๊ตบุ๊คนนทบุรี ประเมินฟรีผ่านไลน์ @webuy | ร้านรับซื้อโน๊ตบุ๊ค.com,รับซื้อโน๊ตบุ๊ค นนทบุรี ประเมินไว ส่งรูปเช็คราคาฟรี,รับซื้อโน๊ตบุ๊ค นนทบุรี ส่งรูป รุ่น สเปก และอาการเพื่อประเมินเบื้องต้น การนัดรับขึ้นอยู่กับพื้นที่ ตารางงาน และการยืนยัน หรือสอบถามขั้นตอนจัดส่งเครื่องมาตรวจได้,https://ร้านรับซื้อโน๊ตบุ๊ค.com/รับซื้อโน๊ตบุ๊ค/นนทบุรี/,(none),true,false,1,true,true,45,หน้าแรก / รับซื้อโน๊ตบุ๊ค / นนทบุรี รับซื้อโน๊ตบุ๊ค นนทบุรี ประเมินไว ส่งรูปเช็คราคาฟรี รับซื้อโน๊ตบุ๊ค นนทบุรี ส่งรูป รุ่น สเปก และอาการเพื่อประเมินเบื้องต้น การนัดรับขึ้นอยู่กับพื้นที่ ตารางงาน และการยืนยัน หรือสอบถามข,/favicon.svg | /_astro/BaseLayout.Ce6jA0gB.css | /images/logo-ranrubsue-notebook-black-280.webp | /images/rubsue-notebook-process-steps-800.webp | /images/logo-ranrubsue-notebook-black-280.webp,,true
https://xn--42cn4aobed0eb6hubj4es0m5dhvd.com/%E0%B8%A3%E0%B8%B1%E0%B8%9A%E0%B8%8B%E0%B8%B7%E0%B9%89%E0%B8%AD%E0%B9%82%E0%B8%99%E0%B9%8A%E0%B8%95%E0%B8%9A%E0%B8%B8%E0%B9%8A%E0%B8%84/%E0%B8%99%E0%B8%A3%E0%B8%B2%E0%B8%98%E0%B8%B4%E0%B8%A7%E0%B8%B2%E0%B8%AA/,Other,200,https://xn--42cn4aobed0eb6hubj4es0m5dhvd.com/%E0%B8%A3%E0%B8%B1%E0%B8%9A%E0%B8%8B%E0%B8%B7%E0%B9%89%E0%B8%AD%E0%B9%82%E0%B8%99%E0%B9%8A%E0%B8%95%E0%B8%9A%E0%B8%B8%E0%B9%8A%E0%B8%84/%E0%B8%99%E0%B8%A3%E0%B8%B2%E0%B8%98%E0%B8%B4%E0%B8%A7%E0%B8%B2%E0%B8%AA/,รับซื้อโน๊ตบุ๊คนราธิวาส ประเมินฟรีผ่านไลน์ @webuy | ร้านรับซื้อโน๊ตบุ๊ค.com,รับซื้อโน๊ตบุ๊ค นราธิวาส ประเมินไว ส่งรูปเช็คราคาฟรี,รับซื้อโน๊ตบุ๊ค นราธิวาส ส่งรูป รุ่น สเปก และอาการเพื่อประเมินเบื้องต้น การนัดรับขึ้นอยู่กับพื้นที่ ตารางงาน และการยืนยัน หรือสอบถามขั้นตอนจัดส่งเครื่องมาตรวจได้,https://ร้านรับซื้อโน๊ตบุ๊ค.com/รับซื้อโน๊ตบุ๊ค/นราธิวาส/,(none),true,false,1,true,true,47,หน้าแรก / รับซื้อโน๊ตบุ๊ค / นราธิวาส รับซื้อโน๊ตบุ๊ค นราธิวาส ประเมินไว ส่งรูปเช็คราคาฟรี รับซื้อโน๊ตบุ๊ค นราธิวาส ส่งรูป รุ่น สเปก และอาการเพื่อประเมินเบื้องต้น การนัดรับขึ้นอยู่กับพื้นที่ ตารางงาน และการยืนยัน หรือสอบถ,/favicon.svg | /_astro/BaseLayout.Ce6jA0gB.css | /images/logo-ranrubsue-notebook-black-280.webp | /images/rubsue-notebook-process-steps-800.webp | /images/logo-ranrubsue-notebook-black-280.webp,,true
https://xn--42cn4aobed0eb6hubj4es0m5dhvd.com/%E0%B8%A3%E0%B8%B1%E0%B8%9A%E0%B8%8B%E0%B8%B7%E0%B9%89%E0%B8%AD%E0%B9%82%E0%B8%99%E0%B9%8A%E0%B8%95%E0%B8%9A%E0%B8%B8%E0%B9%8A%E0%B8%84/%E0%B8%99%E0%B9%88%E0%B8%B2%E0%B8%99/,Other,200,https://xn--42cn4aobed0eb6hubj4es0m5dhvd.com/%E0%B8%A3%E0%B8%B1%E0%B8%9A%E0%B8%8B%E0%B8%B7%E0%B9%89%E0%B8%AD%E0%B9%82%E0%B8%99%E0%B9%8A%E0%B8%95%E0%B8%9A%E0%B8%B8%E0%B9%8A%E0%B8%84/%E0%B8%99%E0%B9%88%E0%B8%B2%E0%B8%99/,รับซื้อโน๊ตบุ๊คน่าน ประเมินฟรี | ร้านรับซื้อโน๊ตบุ๊ค.com,รับซื้อโน๊ตบุ๊ค น่าน ประเมินไว ส่งรูปเช็คราคาฟรี,รับซื้อโน๊ตบุ๊ค น่าน ส่งรูป รุ่น สเปก และอาการเพื่อประเมินเบื้องต้น การนัดรับขึ้นอยู่กับพื้นที่ ตารางงาน และการยืนยัน หรือสอบถามขั้นตอนจัดส่งเครื่องมาตรวจได้,https://ร้านรับซื้อโน๊ตบุ๊ค.com/รับซื้อโน๊ตบุ๊ค/น่าน/,(none),true,false,1,true,true,49,หน้าแรก / รับซื้อโน๊ตบุ๊ค / น่าน รับซื้อโน๊ตบุ๊ค น่าน ประเมินไว ส่งรูปเช็คราคาฟรี รับซื้อโน๊ตบุ๊ค น่าน ส่งรูป รุ่น สเปก และอาการเพื่อประเมินเบื้องต้น การนัดรับขึ้นอยู่กับพื้นที่ ตารางงาน และการยืนยัน หรือสอบถามขั้นตอนจัด,/favicon.svg | /_astro/BaseLayout.Ce6jA0gB.css | /images/logo-ranrubsue-notebook-black-280.webp | /images/rubsue-notebook-process-steps-800.webp | /images/logo-ranrubsue-notebook-black-280.webp,,true
https://xn--42cn4aobed0eb6hubj4es0m5dhvd.com/%E0%B8%A3%E0%B8%B1%E0%B8%9A%E0%B8%8B%E0%B8%B7%E0%B9%89%E0%B8%AD%E0%B9%82%E0%B8%99%E0%B9%8A%E0%B8%95%E0%B8%9A%E0%B8%B8%E0%B9%8A%E0%B8%84/%E0%B8%9A%E0%B8%A5%E0%B8%B9%E0%B8%97%E0%B8%B9%E0%B8%98%E0%B9%83%E0%B8%8A%E0%B9%89%E0%B9%84%E0%B8%A1%E0%B9%88%E0%B9%84%E0%B8%94%E0%B9%89/,Other,200,https://xn--42cn4aobed0eb6hubj4es0m5dhvd.com/%E0%B8%A3%E0%B8%B1%E0%B8%9A%E0%B8%8B%E0%B8%B7%E0%B9%89%E0%B8%AD%E0%B9%82%E0%B8%99%E0%B9%8A%E0%B8%95%E0%B8%9A%E0%B8%B8%E0%B9%8A%E0%B8%84/%E0%B8%9A%E0%B8%A5%E0%B8%B9%E0%B8%97%E0%B8%B9%E0%B8%98%E0%B9%83%E0%B8%8A%E0%B9%89%E0%B9%84%E0%B8%A1%E0%B9%88%E0%B9%84%E0%B8%94%E0%B9%89/,รับซื้อโน๊ตบุ๊คบลูทูธใช้ไม่ได้ ประเมินฟรี | ร้านรับซื้อโน๊ตบุ๊ค.com,รับซื้อโน๊ตบุ๊คบลูทูธใช้ไม่ได้ ส่งอาการประเมินไว,รับซื้อโน๊ตบุ๊คบลูทูธใช้ไม่ได้ เปิดไม่ขึ้น หรือเชื่อมต่ออุปกรณ์ไม่เสถียร ประเมินฟรี,https://ร้านรับซื้อโน๊ตบุ๊ค.com/รับซื้อโน๊ตบุ๊ค/บลูทูธใช้ไม่ได้/,(none),true,false,1,true,true,42,หน้าแรก / รับซื้อโน๊ตบุ๊ค / บลูทูธใช้ไม่ได้ รับซื้อโน๊ตบุ๊คบลูทูธใช้ไม่ได้ ส่งอาการประเมินไว รับซื้อโน๊ตบุ๊คบลูทูธใช้ไม่ได้ เปิดไม่ขึ้น หรือเชื่อมต่ออุปกรณ์ไม่เสถียร ประเมินฟรี ประเมินจากอะไร: ส่งรูปและวิดีโอสั้น ๆ ให้เห,/favicon.svg | /_astro/BaseLayout.Ce6jA0gB.css | /images/logo-ranrubsue-notebook-black-280.webp | /images/rubsue-notebook-process-steps-800.webp | /images/logo-ranrubsue-notebook-black-280.webp,,true
https://xn--42cn4aobed0eb6hubj4es0m5dhvd.com/%E0%B8%A3%E0%B8%B1%E0%B8%9A%E0%B8%8B%E0%B8%B7%E0%B9%89%E0%B8%AD%E0%B9%82%E0%B8%99%E0%B9%8A%E0%B8%95%E0%B8%9A%E0%B8%B8%E0%B9%8A%E0%B8%84/%E0%B8%9A%E0%B8%AD%E0%B8%94%E0%B8%B5%E0%B9%89%E0%B9%81%E0%B8%95%E0%B8%81/,Other,200,https://xn--42cn4aobed0eb6hubj4es0m5dhvd.com/%E0%B8%A3%E0%B8%B1%E0%B8%9A%E0%B8%8B%E0%B8%B7%E0%B9%89%E0%B8%AD%E0%B9%82%E0%B8%99%E0%B9%8A%E0%B8%95%E0%B8%9A%E0%B8%B8%E0%B9%8A%E0%B8%84/%E0%B8%9A%E0%B8%AD%E0%B8%94%E0%B8%B5%E0%B9%89%E0%B9%81%E0%B8%95%E0%B8%81/,รับซื้อโน๊ตบุ๊คบอดี้แตก ประเมินฟรี | ร้านรับซื้อโน๊ตบุ๊ค.com,รับซื้อโน๊ตบุ๊คบอดี้แตก ส่งรูปประเมินไว,รับซื้อโน๊ตบุ๊คบอดี้แตก ฝาแตก หรือโครงเครื่องร้าว ประเมินฟรีตามสภาพจริง,https://ร้านรับซื้อโน๊ตบุ๊ค.com/รับซื้อโน๊ตบุ๊ค/บอดี้แตก/,(none),true,false,1,true,true,43,หน้าแรก / รับซื้อโน๊ตบุ๊ค / บอดี้แตก รับซื้อโน๊ตบุ๊คบอดี้แตก ส่งรูปประเมินไว รับซื้อโน๊ตบุ๊คบอดี้แตก ฝาแตก หรือโครงเครื่องร้าว ประเมินฟรีตามสภาพจริง ประเมินจากอะไร: ส่งรูปและวิดีโอสั้น ๆ ให้เห็นอาการชัด พร้อมรุ่นและสเปก ,/favicon.svg | /_astro/BaseLayout.Ce6jA0gB.css | /images/logo-ranrubsue-notebook-black-280.webp | /images/rubsue-notebook-process-steps-800.webp | /images/logo-ranrubsue-notebook-black-280.webp,,true
https://xn--42cn4aobed0eb6hubj4es0m5dhvd.com/%E0%B8%A3%E0%B8%B1%E0%B8%9A%E0%B8%8B%E0%B8%B7%E0%B9%89%E0%B8%AD%E0%B9%82%E0%B8%99%E0%B9%8A%E0%B8%95%E0%B8%9A%E0%B8%B8%E0%B9%8A%E0%B8%84/%E0%B8%9A%E0%B8%B2%E0%B8%87%E0%B8%99%E0%B8%B2/,Other,200,https://xn--42cn4aobed0eb6hubj4es0m5dhvd.com/%E0%B8%A3%E0%B8%B1%E0%B8%9A%E0%B8%8B%E0%B8%B7%E0%B9%89%E0%B8%AD%E0%B9%82%E0%B8%99%E0%B9%8A%E0%B8%95%E0%B8%9A%E0%B8%B8%E0%B9%8A%E0%B8%84/%E0%B8%9A%E0%B8%B2%E0%B8%87%E0%B8%99%E0%B8%B2/,รับซื้อโน๊ตบุ๊คบางนา ประเมินฟรีผ่านไลน์ @webuy | ร้านรับซื้อโน๊ตบุ๊ค.com,รับซื้อโน๊ตบุ๊ค บางนา ประเมินไว ส่งรูปเช็คราคาฟรี,รับซื้อโน๊ตบุ๊ค บางนา ส่งรูป รุ่น สเปก และอาการเพื่อประเมินเบื้องต้น การนัดรับขึ้นอยู่กับพื้นที่ ตารางงาน และการยืนยัน หรือสอบถามขั้นตอนจัดส่งเครื่องมาตรวจได้,https://ร้านรับซื้อโน๊ตบุ๊ค.com/รับซื้อโน๊ตบุ๊ค/บางนา/,(none),true,false,1,true,true,47,หน้าแรก / รับซื้อโน๊ตบุ๊ค / บางนา รับซื้อโน๊ตบุ๊ค บางนา ประเมินไว ส่งรูปเช็คราคาฟรี รับซื้อโน๊ตบุ๊ค บางนา ส่งรูป รุ่น สเปก และอาการเพื่อประเมินเบื้องต้น การนัดรับขึ้นอยู่กับพื้นที่ ตารางงาน และการยืนยัน หรือสอบถามขั้นตอน,/favicon.svg | /_astro/BaseLayout.Ce6jA0gB.css | /images/logo-ranrubsue-notebook-black-280.webp | /images/rubsue-notebook-process-steps-800.webp | /images/logo-ranrubsue-notebook-black-280.webp,,true
https://xn--42cn4aobed0eb6hubj4es0m5dhvd.com/%E0%B8%A3%E0%B8%B1%E0%B8%9A%E0%B8%8B%E0%B8%B7%E0%B9%89%E0%B8%AD%E0%B9%82%E0%B8%99%E0%B9%8A%E0%B8%95%E0%B8%9A%E0%B8%B8%E0%B9%8A%E0%B8%84/%E0%B8%9A%E0%B8%B2%E0%B8%99%E0%B8%9E%E0%B8%B1%E0%B8%9A%E0%B9%81%E0%B8%95%E0%B8%81/,Other,200,https://xn--42cn4aobed0eb6hubj4es0m5dhvd.com/%E0%B8%A3%E0%B8%B1%E0%B8%9A%E0%B8%8B%E0%B8%B7%E0%B9%89%E0%B8%AD%E0%B9%82%E0%B8%99%E0%B9%8A%E0%B8%95%E0%B8%9A%E0%B8%B8%E0%B9%8A%E0%B8%84/%E0%B8%9A%E0%B8%B2%E0%B8%99%E0%B8%9E%E0%B8%B1%E0%B8%9A%E0%B9%81%E0%B8%95%E0%B8%81/,รับซื้อโน๊ตบุ๊คบานพับแตก ประเมินโครงสร้างและสภาพรวม | ร้านรับซื้อโน๊ตบุ๊ค.com,รับซื้อโน๊ตบุ๊คบานพับแตก แจ้งตำแหน่งรอยและรุ่นเพื่อประเมิน,รับซื้อโน๊ตบุ๊คบานพับแตก ฝาเครื่องร้าว หรือเปิดปิดไม่แน่น ประเมินตามรุ่นและระดับความเสียหายได้ฟรี,https://ร้านรับซื้อโน๊ตบุ๊ค.com/รับซื้อโน๊ตบุ๊ค/บานพับแตก/,(none),true,false,1,true,true,43,หน้าแรก / รับซื้อโน๊ตบุ๊ค / บานพับแตก รับซื้อโน๊ตบุ๊คบานพับแตก แจ้งตำแหน่งรอยและรุ่นเพื่อประเมิน รับซื้อโน๊ตบุ๊คบานพับแตก ฝาเครื่องร้าว หรือเปิดปิดไม่แน่น ประเมินตามรุ่นและระดับความเสียหายได้ฟรี ประเมินจากอะไร: ส่งรูปและ,/favicon.svg | /_astro/BaseLayout.Ce6jA0gB.css | /images/logo-ranrubsue-notebook-black-280.webp | /images/rubsue-notebook-process-steps-800.webp | /images/logo-ranrubsue-notebook-black-280.webp,,true
https://xn--42cn4aobed0eb6hubj4es0m5dhvd.com/%E0%B8%A3%E0%B8%B1%E0%B8%9A%E0%B8%8B%E0%B8%B7%E0%B9%89%E0%B8%AD%E0%B9%82%E0%B8%99%E0%B9%8A%E0%B8%95%E0%B8%9A%E0%B8%B8%E0%B9%8A%E0%B8%84/%E0%B8%9A%E0%B8%B6%E0%B8%87%E0%B8%81%E0%B8%B2%E0%B8%AC/,Other,200,https://xn--42cn4aobed0eb6hubj4es0m5dhvd.com/%E0%B8%A3%E0%B8%B1%E0%B8%9A%E0%B8%8B%E0%B8%B7%E0%B9%89%E0%B8%AD%E0%B9%82%E0%B8%99%E0%B9%8A%E0%B8%95%E0%B8%9A%E0%B8%B8%E0%B9%8A%E0%B8%84/%E0%B8%9A%E0%B8%B6%E0%B8%87%E0%B8%81%E0%B8%B2%E0%B8%AC/,รับซื้อโน๊ตบุ๊คบึงกาฬ ประเมินฟรีผ่านไลน์ @webuy | ร้านรับซื้อโน๊ตบุ๊ค.com,รับซื้อโน๊ตบุ๊ค บึงกาฬ ประเมินไว ส่งรูปเช็คราคาฟรี,รับซื้อโน๊ตบุ๊ค บึงกาฬ ส่งรูป รุ่น สเปก และอาการเพื่อประเมินเบื้องต้น การนัดรับขึ้นอยู่กับพื้นที่ ตารางงาน และการยืนยัน หรือสอบถามขั้นตอนจัดส่งเครื่องมาตรวจได้,https://ร้านรับซื้อโน๊ตบุ๊ค.com/รับซื้อโน๊ตบุ๊ค/บึงกาฬ/,(none),true,false,1,true,true,48,หน้าแรก / รับซื้อโน๊ตบุ๊ค / บึงกาฬ รับซื้อโน๊ตบุ๊ค บึงกาฬ ประเมินไว ส่งรูปเช็คราคาฟรี รับซื้อโน๊ตบุ๊ค บึงกาฬ ส่งรูป รุ่น สเปก และอาการเพื่อประเมินเบื้องต้น การนัดรับขึ้นอยู่กับพื้นที่ ตารางงาน และการยืนยัน หรือสอบถามขั้น,/favicon.svg | /_astro/BaseLayout.Ce6jA0gB.css | /images/logo-ranrubsue-notebook-black-280.webp | /images/rubsue-notebook-process-steps-800.webp | /images/logo-ranrubsue-notebook-black-280.webp,,true
https://xn--42cn4aobed0eb6hubj4es0m5dhvd.com/%E0%B8%A3%E0%B8%B1%E0%B8%9A%E0%B8%8B%E0%B8%B7%E0%B9%89%E0%B8%AD%E0%B9%82%E0%B8%99%E0%B9%8A%E0%B8%95%E0%B8%9A%E0%B8%B8%E0%B9%8A%E0%B8%84/%E0%B8%9A%E0%B8%B8%E0%B8%A3%E0%B8%B5%E0%B8%A3%E0%B8%B1%E0%B8%A1%E0%B8%A2%E0%B9%8C/,Other,200,https://xn--42cn4aobed0eb6hubj4es0m5dhvd.com/%E0%B8%A3%E0%B8%B1%E0%B8%9A%E0%B8%8B%E0%B8%B7%E0%B9%89%E0%B8%AD%E0%B9%82%E0%B8%99%E0%B9%8A%E0%B8%95%E0%B8%9A%E0%B8%B8%E0%B9%8A%E0%B8%84/%E0%B8%9A%E0%B8%B8%E0%B8%A3%E0%B8%B5%E0%B8%A3%E0%B8%B1%E0%B8%A1%E0%B8%A2%E0%B9%8C/,รับซื้อโน๊ตบุ๊คบุรีรัมย์ ประเมินฟรีผ่านไลน์ @webuy | ร้านรับซื้อโน๊ตบุ๊ค.com,รับซื้อโน๊ตบุ๊ค บุรีรัมย์ ประเมินไว ส่งรูปเช็คราคาฟรี,รับซื้อโน๊ตบุ๊ค บุรีรัมย์ ส่งรูป รุ่น สเปก และอาการเพื่อประเมินเบื้องต้น การนัดรับขึ้นอยู่กับพื้นที่ ตารางงาน และการยืนยัน หรือสอบถามขั้นตอนจัดส่งเครื่องมาตรวจได้,https://ร้านรับซื้อโน๊ตบุ๊ค.com/รับซื้อโน๊ตบุ๊ค/บุรีรัมย์/,(none),true,false,1,true,true,49,หน้าแรก / รับซื้อโน๊ตบุ๊ค / บุรีรัมย์ รับซื้อโน๊ตบุ๊ค บุรีรัมย์ ประเมินไว ส่งรูปเช็คราคาฟรี รับซื้อโน๊ตบุ๊ค บุรีรัมย์ ส่งรูป รุ่น สเปก และอาการเพื่อประเมินเบื้องต้น การนัดรับขึ้นอยู่กับพื้นที่ ตารางงาน และการยืนยัน หรือส,/favicon.svg | /_astro/BaseLayout.Ce6jA0gB.css | /images/logo-ranrubsue-notebook-black-280.webp | /images/rubsue-notebook-process-steps-800.webp | /images/logo-ranrubsue-notebook-black-280.webp,,true
https://xn--42cn4aobed0eb6hubj4es0m5dhvd.com/%E0%B8%A3%E0%B8%B1%E0%B8%9A%E0%B8%8B%E0%B8%B7%E0%B9%89%E0%B8%AD%E0%B9%82%E0%B8%99%E0%B9%8A%E0%B8%95%E0%B8%9A%E0%B8%B8%E0%B9%8A%E0%B8%84/%E0%B8%9A%E0%B8%B9%E0%B8%95%E0%B8%A7%E0%B8%99/,Other,200,https://xn--42cn4aobed0eb6hubj4es0m5dhvd.com/%E0%B8%A3%E0%B8%B1%E0%B8%9A%E0%B8%8B%E0%B8%B7%E0%B9%89%E0%B8%AD%E0%B9%82%E0%B8%99%E0%B9%8A%E0%B8%95%E0%B8%9A%E0%B8%B8%E0%B9%8A%E0%B8%84/%E0%B8%9A%E0%B8%B9%E0%B8%95%E0%B8%A7%E0%B8%99/,รับซื้อโน๊ตบุ๊คบูตวน ประเมินฟรี | ร้านรับซื้อโน๊ตบุ๊ค.com,รับซื้อโน๊ตบุ๊คบูตวน ส่งรูปและวิดีโอประเมินไว,รับซื้อโน๊ตบุ๊คบูตวน เข้าหน้า Windows ไม่ได้ หรือค้างที่โลโก้ ประเมินฟรีตามอาการจริง,https://ร้านรับซื้อโน๊ตบุ๊ค.com/รับซื้อโน๊ตบุ๊ค/บูตวน/,(none),true,false,1,true,true,42,หน้าแรก / รับซื้อโน๊ตบุ๊ค / บูตวน รับซื้อโน๊ตบุ๊คบูตวน ส่งรูปและวิดีโอประเมินไว รับซื้อโน๊ตบุ๊คบูตวน เข้าหน้า Windows ไม่ได้ หรือค้างที่โลโก้ ประเมินฟรีตามอาการจริง ประเมินจากอะไร: ส่งรูปและวิดีโอสั้น ๆ ให้เห็นอาการชัด พ,/favicon.svg | /_astro/BaseLayout.Ce6jA0gB.css | /images/logo-ranrubsue-notebook-black-280.webp | /images/rubsue-notebook-process-steps-800.webp | /images/logo-ranrubsue-notebook-black-280.webp,,true
https://xn--42cn4aobed0eb6hubj4es0m5dhvd.com/%E0%B8%A3%E0%B8%B1%E0%B8%9A%E0%B8%8B%E0%B8%B7%E0%B9%89%E0%B8%AD%E0%B9%82%E0%B8%99%E0%B9%8A%E0%B8%95%E0%B8%9A%E0%B8%B8%E0%B9%8A%E0%B8%84/%E0%B8%9B%E0%B8%97%E0%B8%B8%E0%B8%A1%E0%B8%98%E0%B8%B2%E0%B8%99%E0%B8%B5/,Other,200,https://xn--42cn4aobed0eb6hubj4es0m5dhvd.com/%E0%B8%A3%E0%B8%B1%E0%B8%9A%E0%B8%8B%E0%B8%B7%E0%B9%89%E0%B8%AD%E0%B9%82%E0%B8%99%E0%B9%8A%E0%B8%95%E0%B8%9A%E0%B8%B8%E0%B9%8A%E0%B8%84/%E0%B8%9B%E0%B8%97%E0%B8%B8%E0%B8%A1%E0%B8%98%E0%B8%B2%E0%B8%99%E0%B8%B5/,รับซื้อโน๊ตบุ๊คปทุมธานี ประเมินฟรีผ่านไลน์ @webuy | ร้านรับซื้อโน๊ตบุ๊ค.com,รับซื้อโน๊ตบุ๊ค ปทุมธานี ประเมินไว ส่งรูปเช็คราคาฟรี,รับซื้อโน๊ตบุ๊ค ปทุมธานี ส่งรูป รุ่น สเปก และอาการเพื่อประเมินเบื้องต้น การนัดรับขึ้นอยู่กับพื้นที่ ตารางงาน และการยืนยัน หรือสอบถามขั้นตอนจัดส่งเครื่องมาตรวจได้,https://ร้านรับซื้อโน๊ตบุ๊ค.com/รับซื้อโน๊ตบุ๊ค/ปทุมธานี/,(none),true,false,1,true,true,47,หน้าแรก / รับซื้อโน๊ตบุ๊ค / ปทุมธานี รับซื้อโน๊ตบุ๊ค ปทุมธานี ประเมินไว ส่งรูปเช็คราคาฟรี รับซื้อโน๊ตบุ๊ค ปทุมธานี ส่งรูป รุ่น สเปก และอาการเพื่อประเมินเบื้องต้น การนัดรับขึ้นอยู่กับพื้นที่ ตารางงาน และการยืนยัน หรือสอบถ,/favicon.svg | /_astro/BaseLayout.Ce6jA0gB.css | /images/logo-ranrubsue-notebook-black-280.webp | /images/rubsue-notebook-process-steps-800.webp | /images/logo-ranrubsue-notebook-black-280.webp,,true
https://xn--42cn4aobed0eb6hubj4es0m5dhvd.com/%E0%B8%A3%E0%B8%B1%E0%B8%9A%E0%B8%8B%E0%B8%B7%E0%B9%89%E0%B8%AD%E0%B9%82%E0%B8%99%E0%B9%8A%E0%B8%95%E0%B8%9A%E0%B8%B8%E0%B9%8A%E0%B8%84/%E0%B8%9B%E0%B8%A3%E0%B8%B0%E0%B8%88%E0%B8%A7%E0%B8%9A%E0%B8%84%E0%B8%B5%E0%B8%A3%E0%B8%B5%E0%B8%82%E0%B8%B1%E0%B8%99%E0%B8%98%E0%B9%8C/,Other,200,https://xn--42cn4aobed0eb6hubj4es0m5dhvd.com/%E0%B8%A3%E0%B8%B1%E0%B8%9A%E0%B8%8B%E0%B8%B7%E0%B9%89%E0%B8%AD%E0%B9%82%E0%B8%99%E0%B9%8A%E0%B8%95%E0%B8%9A%E0%B8%B8%E0%B9%8A%E0%B8%84/%E0%B8%9B%E0%B8%A3%E0%B8%B0%E0%B8%88%E0%B8%A7%E0%B8%9A%E0%B8%84%E0%B8%B5%E0%B8%A3%E0%B8%B5%E0%B8%82%E0%B8%B1%E0%B8%99%E0%B8%98%E0%B9%8C/,รับซื้อโน๊ตบุ๊คประจวบคีรีขันธ์ ประเมินฟรี | ร้านรับซื้อโน๊ตบุ๊ค.com,รับซื้อโน๊ตบุ๊ค ประจวบคีรีขันธ์ ประเมินไว ส่งรูปเช็คราคาฟรี,รับซื้อโน๊ตบุ๊ค ประจวบคีรีขันธ์ ส่งรูป รุ่น สเปก และอาการเพื่อประเมินเบื้องต้น การนัดรับขึ้นอยู่กับพื้นที่ ตารางงาน และการยืนยัน หรือสอบถามขั้นตอนจัดส่งเครื่องมาตรวจได้,https://ร้านรับซื้อโน๊ตบุ๊ค.com/รับซื้อโน๊ตบุ๊ค/ประจวบคีรีขันธ์/,(none),true,false,1,true,true,47,หน้าแรก / รับซื้อโน๊ตบุ๊ค / ประจวบคีรีขันธ์ รับซื้อโน๊ตบุ๊ค ประจวบคีรีขันธ์ ประเมินไว ส่งรูปเช็คราคาฟรี รับซื้อโน๊ตบุ๊ค ประจวบคีรีขันธ์ ส่งรูป รุ่น สเปก และอาการเพื่อประเมินเบื้องต้น การนัดรับขึ้นอยู่กับพื้นที่ ตารางงาน ,/favicon.svg | /_astro/BaseLayout.Ce6jA0gB.css | /images/logo-ranrubsue-notebook-black-280.webp | /images/rubsue-notebook-process-steps-800.webp | /images/logo-ranrubsue-notebook-black-280.webp,,true
https://xn--42cn4aobed0eb6hubj4es0m5dhvd.com/%E0%B8%A3%E0%B8%B1%E0%B8%9A%E0%B8%8B%E0%B8%B7%E0%B9%89%E0%B8%AD%E0%B9%82%E0%B8%99%E0%B9%8A%E0%B8%95%E0%B8%9A%E0%B8%B8%E0%B9%8A%E0%B8%84/%E0%B8%9B%E0%B8%A3%E0%B8%B2%E0%B8%88%E0%B8%B5%E0%B8%99%E0%B8%9A%E0%B8%B8%E0%B8%A3%E0%B8%B5/,Other,200,https://xn--42cn4aobed0eb6hubj4es0m5dhvd.com/%E0%B8%A3%E0%B8%B1%E0%B8%9A%E0%B8%8B%E0%B8%B7%E0%B9%89%E0%B8%AD%E0%B9%82%E0%B8%99%E0%B9%8A%E0%B8%95%E0%B8%9A%E0%B8%B8%E0%B9%8A%E0%B8%84/%E0%B8%9B%E0%B8%A3%E0%B8%B2%E0%B8%88%E0%B8%B5%E0%B8%99%E0%B8%9A%E0%B8%B8%E0%B8%A3%E0%B8%B5/,รับซื้อโน๊ตบุ๊คปราจีนบุรี ประเมินฟรี | ร้านรับซื้อโน๊ตบุ๊ค.com,รับซื้อโน๊ตบุ๊ค ปราจีนบุรี ประเมินไว ส่งรูปเช็คราคาฟรี,รับซื้อโน๊ตบุ๊ค ปราจีนบุรี ส่งรูป รุ่น สเปก และอาการเพื่อประเมินเบื้องต้น การนัดรับขึ้นอยู่กับพื้นที่ ตารางงาน และการยืนยัน หรือสอบถามขั้นตอนจัดส่งเครื่องมาตรวจได้,https://ร้านรับซื้อโน๊ตบุ๊ค.com/รับซื้อโน๊ตบุ๊ค/ปราจีนบุรี/,(none),true,false,1,true,true,45,หน้าแรก / รับซื้อโน๊ตบุ๊ค / ปราจีนบุรี รับซื้อโน๊ตบุ๊ค ปราจีนบุรี ประเมินไว ส่งรูปเช็คราคาฟรี รับซื้อโน๊ตบุ๊ค ปราจีนบุรี ส่งรูป รุ่น สเปก และอาการเพื่อประเมินเบื้องต้น การนัดรับขึ้นอยู่กับพื้นที่ ตารางงาน และการยืนยัน หร,/favicon.svg | /_astro/BaseLayout.Ce6jA0gB.css | /images/logo-ranrubsue-notebook-black-280.webp | /images/rubsue-notebook-process-steps-800.webp | /images/logo-ranrubsue-notebook-black-280.webp,,true
https://xn--42cn4aobed0eb6hubj4es0m5dhvd.com/%E0%B8%A3%E0%B8%B1%E0%B8%9A%E0%B8%8B%E0%B8%B7%E0%B9%89%E0%B8%AD%E0%B9%82%E0%B8%99%E0%B9%8A%E0%B8%95%E0%B8%9A%E0%B8%B8%E0%B9%8A%E0%B8%84/%E0%B8%9B%E0%B8%B1%E0%B8%95%E0%B8%95%E0%B8%B2%E0%B8%99%E0%B8%B5/,Other,200,https://xn--42cn4aobed0eb6hubj4es0m5dhvd.com/%E0%B8%A3%E0%B8%B1%E0%B8%9A%E0%B8%8B%E0%B8%B7%E0%B9%89%E0%B8%AD%E0%B9%82%E0%B8%99%E0%B9%8A%E0%B8%95%E0%B8%9A%E0%B8%B8%E0%B9%8A%E0%B8%84/%E0%B8%9B%E0%B8%B1%E0%B8%95%E0%B8%95%E0%B8%B2%E0%B8%99%E0%B8%B5/,รับซื้อโน๊ตบุ๊คปัตตานี ประเมินฟรีผ่านไลน์ @webuy | ร้านรับซื้อโน๊ตบุ๊ค.com,รับซื้อโน๊ตบุ๊ค ปัตตานี ประเมินไว ส่งรูปเช็คราคาฟรี,รับซื้อโน๊ตบุ๊ค ปัตตานี ส่งรูป รุ่น สเปก และอาการเพื่อประเมินเบื้องต้น การนัดรับขึ้นอยู่กับพื้นที่ ตารางงาน และการยืนยัน หรือสอบถามขั้นตอนจัดส่งเครื่องมาตรวจได้,https://ร้านรับซื้อโน๊ตบุ๊ค.com/รับซื้อโน๊ตบุ๊ค/ปัตตานี/,(none),true,false,1,true,true,48,หน้าแรก / รับซื้อโน๊ตบุ๊ค / ปัตตานี รับซื้อโน๊ตบุ๊ค ปัตตานี ประเมินไว ส่งรูปเช็คราคาฟรี รับซื้อโน๊ตบุ๊ค ปัตตานี ส่งรูป รุ่น สเปก และอาการเพื่อประเมินเบื้องต้น การนัดรับขึ้นอยู่กับพื้นที่ ตารางงาน และการยืนยัน หรือสอบถามข,/favicon.svg | /_astro/BaseLayout.Ce6jA0gB.css | /images/logo-ranrubsue-notebook-black-280.webp | /images/rubsue-notebook-process-steps-800.webp | /images/logo-ranrubsue-notebook-black-280.webp,,true
https://xn--42cn4aobed0eb6hubj4es0m5dhvd.com/%E0%B8%A3%E0%B8%B1%E0%B8%9A%E0%B8%8B%E0%B8%B7%E0%B9%89%E0%B8%AD%E0%B9%82%E0%B8%99%E0%B9%8A%E0%B8%95%E0%B8%9A%E0%B8%B8%E0%B9%8A%E0%B8%84/%E0%B8%9D%E0%B8%B2%E0%B8%AB%E0%B8%A5%E0%B8%B1%E0%B8%87%E0%B8%9A%E0%B8%A7%E0%B8%A1/,Other,200,https://xn--42cn4aobed0eb6hubj4es0m5dhvd.com/%E0%B8%A3%E0%B8%B1%E0%B8%9A%E0%B8%8B%E0%B8%B7%E0%B9%89%E0%B8%AD%E0%B9%82%E0%B8%99%E0%B9%8A%E0%B8%95%E0%B8%9A%E0%B8%B8%E0%B9%8A%E0%B8%84/%E0%B8%9D%E0%B8%B2%E0%B8%AB%E0%B8%A5%E0%B8%B1%E0%B8%87%E0%B8%9A%E0%B8%A7%E0%B8%A1/,รับซื้อโน๊ตบุ๊คฝาหลังบวม ประเมินฟรี | ร้านรับซื้อโน๊ตบุ๊ค.com,รับซื้อโน๊ตบุ๊คฝาหลังบวม ส่งรูปประเมินไว,รับซื้อโน๊ตบุ๊คฝาหลังบวม โครงโก่ง หรือฐานเครื่องดันขึ้น ประเมินฟรีตามสภาพจริง,https://ร้านรับซื้อโน๊ตบุ๊ค.com/รับซื้อโน๊ตบุ๊ค/ฝาหลังบวม/,(none),true,false,1,true,true,42,หน้าแรก / รับซื้อโน๊ตบุ๊ค / ฝาหลังบวม รับซื้อโน๊ตบุ๊คฝาหลังบวม ส่งรูปประเมินไว รับซื้อโน๊ตบุ๊คฝาหลังบวม โครงโก่ง หรือฐานเครื่องดันขึ้น ประเมินฟรีตามสภาพจริง ประเมินจากอะไร: ส่งรูปและวิดีโอสั้น ๆ ให้เห็นอาการชัด พร้อมรุ่น,/favicon.svg | /_astro/BaseLayout.Ce6jA0gB.css | /images/logo-ranrubsue-notebook-black-280.webp | /images/rubsue-notebook-process-steps-800.webp | /images/logo-ranrubsue-notebook-black-280.webp,,true
https://xn--42cn4aobed0eb6hubj4es0m5dhvd.com/%E0%B8%A3%E0%B8%B1%E0%B8%9A%E0%B8%8B%E0%B8%B7%E0%B9%89%E0%B8%AD%E0%B9%82%E0%B8%99%E0%B9%8A%E0%B8%95%E0%B8%9A%E0%B8%B8%E0%B9%8A%E0%B8%84/%E0%B8%9E%E0%B8%A3%E0%B8%B0%E0%B8%A3%E0%B8%B2%E0%B8%A12/,Other,200,https://xn--42cn4aobed0eb6hubj4es0m5dhvd.com/%E0%B8%A3%E0%B8%B1%E0%B8%9A%E0%B8%8B%E0%B8%B7%E0%B9%89%E0%B8%AD%E0%B9%82%E0%B8%99%E0%B9%8A%E0%B8%95%E0%B8%9A%E0%B8%B8%E0%B9%8A%E0%B8%84/%E0%B8%9E%E0%B8%A3%E0%B8%B0%E0%B8%A3%E0%B8%B2%E0%B8%A12/,รับซื้อโน๊ตบุ๊คพระราม2 ประเมินฟรีผ่านไลน์ @webuy | ร้านรับซื้อโน๊ตบุ๊ค.com,รับซื้อโน๊ตบุ๊ค พระราม2 ประเมินไว ส่งรูปเช็คราคาฟรี,รับซื้อโน๊ตบุ๊ค พระราม2 ส่งรูป รุ่น สเปก และอาการเพื่อประเมินเบื้องต้น การนัดรับขึ้นอยู่กับพื้นที่ ตารางงาน และการยืนยัน หรือสอบถามขั้นตอนจัดส่งเครื่องมาตรวจได้,https://ร้านรับซื้อโน๊ตบุ๊ค.com/รับซื้อโน๊ตบุ๊ค/พระราม2/,(none),true,false,1,true,true,48,หน้าแรก / รับซื้อโน๊ตบุ๊ค / พระราม2 รับซื้อโน๊ตบุ๊ค พระราม2 ประเมินไว ส่งรูปเช็คราคาฟรี รับซื้อโน๊ตบุ๊ค พระราม2 ส่งรูป รุ่น สเปก และอาการเพื่อประเมินเบื้องต้น การนัดรับขึ้นอยู่กับพื้นที่ ตารางงาน และการยืนยัน หรือสอบถามข,/favicon.svg | /_astro/BaseLayout.Ce6jA0gB.css | /images/logo-ranrubsue-notebook-black-280.webp | /images/rubsue-notebook-process-steps-800.webp | /images/logo-ranrubsue-notebook-black-280.webp,,true
https://xn--42cn4aobed0eb6hubj4es0m5dhvd.com/%E0%B8%A3%E0%B8%B1%E0%B8%9A%E0%B8%8B%E0%B8%B7%E0%B9%89%E0%B8%AD%E0%B9%82%E0%B8%99%E0%B9%8A%E0%B8%95%E0%B8%9A%E0%B8%B8%E0%B9%8A%E0%B8%84/%E0%B8%9E%E0%B8%AD%E0%B8%A3%E0%B9%8C%E0%B8%95%E0%B9%81%E0%B8%A5%E0%B8%99%E0%B9%80%E0%B8%AA%E0%B8%B5%E0%B8%A2/,Other,200,https://xn--42cn4aobed0eb6hubj4es0m5dhvd.com/%E0%B8%A3%E0%B8%B1%E0%B8%9A%E0%B8%8B%E0%B8%B7%E0%B9%89%E0%B8%AD%E0%B9%82%E0%B8%99%E0%B9%8A%E0%B8%95%E0%B8%9A%E0%B8%B8%E0%B9%8A%E0%B8%84/%E0%B8%9E%E0%B8%AD%E0%B8%A3%E0%B9%8C%E0%B8%95%E0%B9%81%E0%B8%A5%E0%B8%99%E0%B9%80%E0%B8%AA%E0%B8%B5%E0%B8%A2/,รับซื้อโน๊ตบุ๊คพอร์ตแลนเสีย ประเมินฟรี | ร้านรับซื้อโน๊ตบุ๊ค.com,รับซื้อโน๊ตบุ๊คพอร์ตแลนเสีย ส่งอาการประเมินไว,รับซื้อโน๊ตบุ๊คพอร์ตแลนเสีย ใช้สาย LAN ไม่ได้ หรือหลวม ประเมินฟรีตามรุ่นและสภาพ,https://ร้านรับซื้อโน๊ตบุ๊ค.com/รับซื้อโน๊ตบุ๊ค/พอร์ตแลนเสีย/,(none),true,false,1,true,true,42,หน้าแรก / รับซื้อโน๊ตบุ๊ค / พอร์ตแลนเสีย รับซื้อโน๊ตบุ๊คพอร์ตแลนเสีย ส่งอาการประเมินไว รับซื้อโน๊ตบุ๊คพอร์ตแลนเสีย ใช้สาย LAN ไม่ได้ หรือหลวม ประเมินฟรีตามรุ่นและสภาพ ประเมินจากอะไร: ส่งรูปและวิดีโอสั้น ๆ ให้เห็นอาการชัด,/favicon.svg | /_astro/BaseLayout.Ce6jA0gB.css | /images/logo-ranrubsue-notebook-black-280.webp | /images/rubsue-notebook-process-steps-800.webp | /images/logo-ranrubsue-notebook-black-280.webp,,true
https://xn--42cn4aobed0eb6hubj4es0m5dhvd.com/%E0%B8%A3%E0%B8%B1%E0%B8%9A%E0%B8%8B%E0%B8%B7%E0%B9%89%E0%B8%AD%E0%B9%82%E0%B8%99%E0%B9%8A%E0%B8%95%E0%B8%9A%E0%B8%B8%E0%B9%8A%E0%B8%84/%E0%B8%9E%E0%B8%AD%E0%B8%A3%E0%B9%8C%E0%B8%95-type-c-%E0%B9%80%E0%B8%AA%E0%B8%B5%E0%B8%A2/,Other,200,https://xn--42cn4aobed0eb6hubj4es0m5dhvd.com/%E0%B8%A3%E0%B8%B1%E0%B8%9A%E0%B8%8B%E0%B8%B7%E0%B9%89%E0%B8%AD%E0%B9%82%E0%B8%99%E0%B9%8A%E0%B8%95%E0%B8%9A%E0%B8%B8%E0%B9%8A%E0%B8%84/%E0%B8%9E%E0%B8%AD%E0%B8%A3%E0%B9%8C%E0%B8%95-type-c-%E0%B9%80%E0%B8%AA%E0%B8%B5%E0%B8%A2/,รับซื้อโน๊ตบุ๊คพอร์ต Type-C เสีย ประเมินฟรี | ร้านรับซื้อโน๊ตบุ๊ค.com,รับซื้อโน๊ตบุ๊คพอร์ต Type-C เสีย ส่งอาการประเมินไว,รับซื้อโน๊ตบุ๊คพอร์ต Type-C เสีย ใช้ชาร์จหรือโอนข้อมูลไม่ได้ ประเมินฟรีตามอาการจริง,https://ร้านรับซื้อโน๊ตบุ๊ค.com/รับซื้อโน๊ตบุ๊ค/พอร์ต-type-c-เสีย/,(none),true,false,1,true,true,42,หน้าแรก / รับซื้อโน๊ตบุ๊ค / พอร์ต Type-C เสีย รับซื้อโน๊ตบุ๊คพอร์ต Type-C เสีย ส่งอาการประเมินไว รับซื้อโน๊ตบุ๊คพอร์ต Type-C เสีย ใช้ชาร์จหรือโอนข้อมูลไม่ได้ ประเมินฟรีตามอาการจริง ประเมินจากอะไร: ส่งรูปและวิดีโอสั้น ๆ ใ,/favicon.svg | /_astro/BaseLayout.Ce6jA0gB.css | /images/logo-ranrubsue-notebook-black-280.webp | /images/rubsue-notebook-process-steps-800.webp | /images/logo-ranrubsue-notebook-black-280.webp,,true
https://xn--42cn4aobed0eb6hubj4es0m5dhvd.com/%E0%B8%A3%E0%B8%B1%E0%B8%9A%E0%B8%8B%E0%B8%B7%E0%B9%89%E0%B8%AD%E0%B9%82%E0%B8%99%E0%B9%8A%E0%B8%95%E0%B8%9A%E0%B8%B8%E0%B9%8A%E0%B8%84/%E0%B8%9E%E0%B8%AD%E0%B8%A3%E0%B9%8C%E0%B8%95-usb-%E0%B9%80%E0%B8%AA%E0%B8%B5%E0%B8%A2/,Other,200,https://xn--42cn4aobed0eb6hubj4es0m5dhvd.com/%E0%B8%A3%E0%B8%B1%E0%B8%9A%E0%B8%8B%E0%B8%B7%E0%B9%89%E0%B8%AD%E0%B9%82%E0%B8%99%E0%B9%8A%E0%B8%95%E0%B8%9A%E0%B8%B8%E0%B9%8A%E0%B8%84/%E0%B8%9E%E0%B8%AD%E0%B8%A3%E0%B9%8C%E0%B8%95-usb-%E0%B9%80%E0%B8%AA%E0%B8%B5%E0%B8%A2/,รับซื้อโน๊ตบุ๊คพอร์ต USB เสีย ประเมินตามพอร์ตและรุ่น | ร้านรับซื้อโน๊ตบุ๊ค.com,รับซื้อโน๊ตบุ๊คพอร์ต USB เสีย ส่งรายละเอียดพอร์ตและสเปกเพื่อประเมิน,รับซื้อโน๊ตบุ๊คพอร์ต USB เสีย ใช้งานไม่ได้ หรือหลวม ประเมินตามรุ่นและสภาพจริงได้ฟรี,https://ร้านรับซื้อโน๊ตบุ๊ค.com/รับซื้อโน๊ตบุ๊ค/พอร์ต-usb-เสีย/,(none),true,false,1,true,true,42,หน้าแรก / รับซื้อโน๊ตบุ๊ค / พอร์ต USB เสีย รับซื้อโน๊ตบุ๊คพอร์ต USB เสีย ส่งรายละเอียดพอร์ตและสเปกเพื่อประเมิน รับซื้อโน๊ตบุ๊คพอร์ต USB เสีย ใช้งานไม่ได้ หรือหลวม ประเมินตามรุ่นและสภาพจริงได้ฟรี ประเมินจากอะไร: ส่งรูปและ,/favicon.svg | /_astro/BaseLayout.Ce6jA0gB.css | /images/logo-ranrubsue-notebook-black-280.webp | /images/rubsue-notebook-process-steps-800.webp | /images/logo-ranrubsue-notebook-black-280.webp,,true
https://xn--42cn4aobed0eb6hubj4es0m5dhvd.com/%E0%B8%A3%E0%B8%B1%E0%B8%9A%E0%B8%8B%E0%B8%B7%E0%B9%89%E0%B8%AD%E0%B9%82%E0%B8%99%E0%B9%8A%E0%B8%95%E0%B8%9A%E0%B8%B8%E0%B9%8A%E0%B8%84/%E0%B8%9E%E0%B8%B0%E0%B9%80%E0%B8%A2%E0%B8%B2/,Other,200,https://xn--42cn4aobed0eb6hubj4es0m5dhvd.com/%E0%B8%A3%E0%B8%B1%E0%B8%9A%E0%B8%8B%E0%B8%B7%E0%B9%89%E0%B8%AD%E0%B9%82%E0%B8%99%E0%B9%8A%E0%B8%95%E0%B8%9A%E0%B8%B8%E0%B9%8A%E0%B8%84/%E0%B8%9E%E0%B8%B0%E0%B9%80%E0%B8%A2%E0%B8%B2/,รับซื้อโน๊ตบุ๊คพะเยา ประเมินฟรีผ่านไลน์ @webuy | ร้านรับซื้อโน๊ตบุ๊ค.com,รับซื้อโน๊ตบุ๊ค พะเยา ประเมินไว ส่งรูปเช็คราคาฟรี,รับซื้อโน๊ตบุ๊ค พะเยา ส่งรูป รุ่น สเปก และอาการเพื่อประเมินเบื้องต้น การนัดรับขึ้นอยู่กับพื้นที่ ตารางงาน และการยืนยัน หรือสอบถามขั้นตอนจัดส่งเครื่องมาตรวจได้,https://ร้านรับซื้อโน๊ตบุ๊ค.com/รับซื้อโน๊ตบุ๊ค/พะเยา/,(none),true,false,1,true,true,48,หน้าแรก / รับซื้อโน๊ตบุ๊ค / พะเยา รับซื้อโน๊ตบุ๊ค พะเยา ประเมินไว ส่งรูปเช็คราคาฟรี รับซื้อโน๊ตบุ๊ค พะเยา ส่งรูป รุ่น สเปก และอาการเพื่อประเมินเบื้องต้น การนัดรับขึ้นอยู่กับพื้นที่ ตารางงาน และการยืนยัน หรือสอบถามขั้นตอน,/favicon.svg | /_astro/BaseLayout.Ce6jA0gB.css | /images/logo-ranrubsue-notebook-black-280.webp | /images/rubsue-notebook-process-steps-800.webp | /images/logo-ranrubsue-notebook-black-280.webp,,true
https://xn--42cn4aobed0eb6hubj4es0m5dhvd.com/%E0%B8%A3%E0%B8%B1%E0%B8%9A%E0%B8%8B%E0%B8%B7%E0%B9%89%E0%B8%AD%E0%B9%82%E0%B8%99%E0%B9%8A%E0%B8%95%E0%B8%9A%E0%B8%B8%E0%B9%8A%E0%B8%84/%E0%B8%9E%E0%B8%B1%E0%B8%87%E0%B8%87%E0%B8%B2/,Other,200,https://xn--42cn4aobed0eb6hubj4es0m5dhvd.com/%E0%B8%A3%E0%B8%B1%E0%B8%9A%E0%B8%8B%E0%B8%B7%E0%B9%89%E0%B8%AD%E0%B9%82%E0%B8%99%E0%B9%8A%E0%B8%95%E0%B8%9A%E0%B8%B8%E0%B9%8A%E0%B8%84/%E0%B8%9E%E0%B8%B1%E0%B8%87%E0%B8%87%E0%B8%B2/,รับซื้อโน๊ตบุ๊คพังงา ประเมินฟรี | ร้านรับซื้อโน๊ตบุ๊ค.com,รับซื้อโน๊ตบุ๊ค พังงา ประเมินไว ส่งรูปเช็คราคาฟรี,รับซื้อโน๊ตบุ๊ค พังงา ส่งรูป รุ่น สเปก และอาการเพื่อประเมินเบื้องต้น การนัดรับขึ้นอยู่กับพื้นที่ ตารางงาน และการยืนยัน หรือสอบถามขั้นตอนจัดส่งเครื่องมาตรวจได้,https://ร้านรับซื้อโน๊ตบุ๊ค.com/รับซื้อโน๊ตบุ๊ค/พังงา/,(none),true,false,1,true,true,44,หน้าแรก / รับซื้อโน๊ตบุ๊ค / พังงา รับซื้อโน๊ตบุ๊ค พังงา ประเมินไว ส่งรูปเช็คราคาฟรี รับซื้อโน๊ตบุ๊ค พังงา ส่งรูป รุ่น สเปก และอาการเพื่อประเมินเบื้องต้น การนัดรับขึ้นอยู่กับพื้นที่ ตารางงาน และการยืนยัน หรือสอบถามขั้นตอน,/favicon.svg | /_astro/BaseLayout.Ce6jA0gB.css | /images/logo-ranrubsue-notebook-black-280.webp | /images/rubsue-notebook-process-steps-800.webp | /images/logo-ranrubsue-notebook-black-280.webp,,true
https://xn--42cn4aobed0eb6hubj4es0m5dhvd.com/%E0%B8%A3%E0%B8%B1%E0%B8%9A%E0%B8%8B%E0%B8%B7%E0%B9%89%E0%B8%AD%E0%B9%82%E0%B8%99%E0%B9%8A%E0%B8%95%E0%B8%9A%E0%B8%B8%E0%B9%8A%E0%B8%84/%E0%B8%9E%E0%B8%B1%E0%B8%94%E0%B8%A5%E0%B8%A1%E0%B8%94%E0%B8%B1%E0%B8%87/,Other,200,https://xn--42cn4aobed0eb6hubj4es0m5dhvd.com/%E0%B8%A3%E0%B8%B1%E0%B8%9A%E0%B8%8B%E0%B8%B7%E0%B9%89%E0%B8%AD%E0%B9%82%E0%B8%99%E0%B9%8A%E0%B8%95%E0%B8%9A%E0%B8%B8%E0%B9%8A%E0%B8%84/%E0%B8%9E%E0%B8%B1%E0%B8%94%E0%B8%A5%E0%B8%A1%E0%B8%94%E0%B8%B1%E0%B8%87/,รับซื้อโน๊ตบุ๊คพัดลมดัง ประเมินฟรี | ร้านรับซื้อโน๊ตบุ๊ค.com,รับซื้อโน๊ตบุ๊คพัดลมดัง ส่งอาการประเมินไว,รับซื้อโน๊ตบุ๊คพัดลมดัง ร้อนง่าย หรือเสียงพัดลมผิดปกติ ประเมินฟรีตามรุ่นและอาการจริง,https://ร้านรับซื้อโน๊ตบุ๊ค.com/รับซื้อโน๊ตบุ๊ค/พัดลมดัง/,(none),true,false,1,true,true,42,หน้าแรก / รับซื้อโน๊ตบุ๊ค / พัดลมดัง รับซื้อโน๊ตบุ๊คพัดลมดัง ส่งอาการประเมินไว รับซื้อโน๊ตบุ๊คพัดลมดัง ร้อนง่าย หรือเสียงพัดลมผิดปกติ ประเมินฟรีตามรุ่นและอาการจริง ประเมินจากอะไร: ส่งรูปและวิดีโอสั้น ๆ ให้เห็นอาการชัด พร,/favicon.svg | /_astro/BaseLayout.Ce6jA0gB.css | /images/logo-ranrubsue-notebook-black-280.webp | /images/rubsue-notebook-process-steps-800.webp | /images/logo-ranrubsue-notebook-black-280.webp,,true
https://xn--42cn4aobed0eb6hubj4es0m5dhvd.com/%E0%B8%A3%E0%B8%B1%E0%B8%9A%E0%B8%8B%E0%B8%B7%E0%B9%89%E0%B8%AD%E0%B9%82%E0%B8%99%E0%B9%8A%E0%B8%95%E0%B8%9A%E0%B8%B8%E0%B9%8A%E0%B8%84/%E0%B8%9E%E0%B8%B1%E0%B8%97%E0%B8%A2%E0%B8%B2/,Other,200,https://xn--42cn4aobed0eb6hubj4es0m5dhvd.com/%E0%B8%A3%E0%B8%B1%E0%B8%9A%E0%B8%8B%E0%B8%B7%E0%B9%89%E0%B8%AD%E0%B9%82%E0%B8%99%E0%B9%8A%E0%B8%95%E0%B8%9A%E0%B8%B8%E0%B9%8A%E0%B8%84/%E0%B8%9E%E0%B8%B1%E0%B8%97%E0%B8%A2%E0%B8%B2/,รับซื้อโน๊ตบุ๊คพัทยา ประเมินฟรีผ่านไลน์ @webuy | ร้านรับซื้อโน๊ตบุ๊ค.com,รับซื้อโน๊ตบุ๊ค พัทยา ประเมินไว ส่งรูปเช็คราคาฟรี,รับซื้อโน๊ตบุ๊ค พัทยา ส่งรูป รุ่น สเปก และอาการเพื่อประเมินเบื้องต้น การนัดรับขึ้นอยู่กับพื้นที่ ตารางงาน และการยืนยัน หรือสอบถามขั้นตอนจัดส่งเครื่องมาตรวจได้,https://ร้านรับซื้อโน๊ตบุ๊ค.com/รับซื้อโน๊ตบุ๊ค/พัทยา/,(none),true,false,1,true,true,46,หน้าแรก / รับซื้อโน๊ตบุ๊ค / พัทยา รับซื้อโน๊ตบุ๊ค พัทยา ประเมินไว ส่งรูปเช็คราคาฟรี รับซื้อโน๊ตบุ๊ค พัทยา ส่งรูป รุ่น สเปก และอาการเพื่อประเมินเบื้องต้น การนัดรับขึ้นอยู่กับพื้นที่ ตารางงาน และการยืนยัน หรือสอบถามขั้นตอน,/favicon.svg | /_astro/BaseLayout.Ce6jA0gB.css | /images/logo-ranrubsue-notebook-black-280.webp | /images/rubsue-notebook-process-steps-800.webp | /images/logo-ranrubsue-notebook-black-280.webp,,true
https://xn--42cn4aobed0eb6hubj4es0m5dhvd.com/%E0%B8%A3%E0%B8%B1%E0%B8%9A%E0%B8%8B%E0%B8%B7%E0%B9%89%E0%B8%AD%E0%B9%82%E0%B8%99%E0%B9%8A%E0%B8%95%E0%B8%9A%E0%B8%B8%E0%B9%8A%E0%B8%84/%E0%B8%9E%E0%B8%B1%E0%B8%97%E0%B8%A5%E0%B8%B8%E0%B8%87/,Other,200,https://xn--42cn4aobed0eb6hubj4es0m5dhvd.com/%E0%B8%A3%E0%B8%B1%E0%B8%9A%E0%B8%8B%E0%B8%B7%E0%B9%89%E0%B8%AD%E0%B9%82%E0%B8%99%E0%B9%8A%E0%B8%95%E0%B8%9A%E0%B8%B8%E0%B9%8A%E0%B8%84/%E0%B8%9E%E0%B8%B1%E0%B8%97%E0%B8%A5%E0%B8%B8%E0%B8%87/,รับซื้อโน๊ตบุ๊คพัทลุง ประเมินฟรี | ร้านรับซื้อโน๊ตบุ๊ค.com,รับซื้อโน๊ตบุ๊ค พัทลุง ประเมินไว ส่งรูปเช็คราคาฟรี,รับซื้อโน๊ตบุ๊ค พัทลุง ส่งรูป รุ่น สเปก และอาการเพื่อประเมินเบื้องต้น การนัดรับขึ้นอยู่กับพื้นที่ ตารางงาน และการยืนยัน หรือสอบถามขั้นตอนจัดส่งเครื่องมาตรวจได้,https://ร้านรับซื้อโน๊ตบุ๊ค.com/รับซื้อโน๊ตบุ๊ค/พัทลุง/,(none),true,false,1,true,true,49,หน้าแรก / รับซื้อโน๊ตบุ๊ค / พัทลุง รับซื้อโน๊ตบุ๊ค พัทลุง ประเมินไว ส่งรูปเช็คราคาฟรี รับซื้อโน๊ตบุ๊ค พัทลุง ส่งรูป รุ่น สเปก และอาการเพื่อประเมินเบื้องต้น การนัดรับขึ้นอยู่กับพื้นที่ ตารางงาน และการยืนยัน หรือสอบถามขั้น,/favicon.svg | /_astro/BaseLayout.Ce6jA0gB.css | /images/logo-ranrubsue-notebook-black-280.webp | /images/rubsue-notebook-process-steps-800.webp | /images/logo-ranrubsue-notebook-black-280.webp,,true
https://xn--42cn4aobed0eb6hubj4es0m5dhvd.com/%E0%B8%A3%E0%B8%B1%E0%B8%9A%E0%B8%8B%E0%B8%B7%E0%B9%89%E0%B8%AD%E0%B9%82%E0%B8%99%E0%B9%8A%E0%B8%95%E0%B8%9A%E0%B8%B8%E0%B9%8A%E0%B8%84/%E0%B8%9E%E0%B8%B4%E0%B8%88%E0%B8%B4%E0%B8%95%E0%B8%A3/,Other,200,https://xn--42cn4aobed0eb6hubj4es0m5dhvd.com/%E0%B8%A3%E0%B8%B1%E0%B8%9A%E0%B8%8B%E0%B8%B7%E0%B9%89%E0%B8%AD%E0%B9%82%E0%B8%99%E0%B9%8A%E0%B8%95%E0%B8%9A%E0%B8%B8%E0%B9%8A%E0%B8%84/%E0%B8%9E%E0%B8%B4%E0%B8%88%E0%B8%B4%E0%B8%95%E0%B8%A3/,รับซื้อโน๊ตบุ๊คพิจิตร ประเมินฟรีผ่านไลน์ @webuy | ร้านรับซื้อโน๊ตบุ๊ค.com,รับซื้อโน๊ตบุ๊ค พิจิตร ประเมินไว ส่งรูปเช็คราคาฟรี,รับซื้อโน๊ตบุ๊ค พิจิตร ส่งรูป รุ่น สเปก และอาการเพื่อประเมินเบื้องต้น การนัดรับขึ้นอยู่กับพื้นที่ ตารางงาน และการยืนยัน หรือสอบถามขั้นตอนจัดส่งเครื่องมาตรวจได้,https://ร้านรับซื้อโน๊ตบุ๊ค.com/รับซื้อโน๊ตบุ๊ค/พิจิตร/,(none),true,false,1,true,true,48,หน้าแรก / รับซื้อโน๊ตบุ๊ค / พิจิตร รับซื้อโน๊ตบุ๊ค พิจิตร ประเมินไว ส่งรูปเช็คราคาฟรี รับซื้อโน๊ตบุ๊ค พิจิตร ส่งรูป รุ่น สเปก และอาการเพื่อประเมินเบื้องต้น การนัดรับขึ้นอยู่กับพื้นที่ ตารางงาน และการยืนยัน หรือสอบถามขั้น,/favicon.svg | /_astro/BaseLayout.Ce6jA0gB.css | /images/logo-ranrubsue-notebook-black-280.webp | /images/rubsue-notebook-process-steps-800.webp | /images/logo-ranrubsue-notebook-black-280.webp,,true
https://xn--42cn4aobed0eb6hubj4es0m5dhvd.com/%E0%B8%A3%E0%B8%B1%E0%B8%9A%E0%B8%8B%E0%B8%B7%E0%B9%89%E0%B8%AD%E0%B9%82%E0%B8%99%E0%B9%8A%E0%B8%95%E0%B8%9A%E0%B8%B8%E0%B9%8A%E0%B8%84/%E0%B8%9E%E0%B8%B4%E0%B8%A9%E0%B8%93%E0%B8%B8%E0%B9%82%E0%B8%A5%E0%B8%81/,Other,200,https://xn--42cn4aobed0eb6hubj4es0m5dhvd.com/%E0%B8%A3%E0%B8%B1%E0%B8%9A%E0%B8%8B%E0%B8%B7%E0%B9%89%E0%B8%AD%E0%B9%82%E0%B8%99%E0%B9%8A%E0%B8%95%E0%B8%9A%E0%B8%B8%E0%B9%8A%E0%B8%84/%E0%B8%9E%E0%B8%B4%E0%B8%A9%E0%B8%93%E0%B8%B8%E0%B9%82%E0%B8%A5%E0%B8%81/,รับซื้อโน๊ตบุ๊คพิษณุโลก ประเมินฟรีผ่านไลน์ @webuy | ร้านรับซื้อโน๊ตบุ๊ค.com,รับซื้อโน๊ตบุ๊ค พิษณุโลก ประเมินไว ส่งรูปเช็คราคาฟรี,รับซื้อโน๊ตบุ๊ค พิษณุโลก ส่งรูป รุ่น สเปก และอาการเพื่อประเมินเบื้องต้น การนัดรับขึ้นอยู่กับพื้นที่ ตารางงาน และการยืนยัน หรือสอบถามขั้นตอนจัดส่งเครื่องมาตรวจได้,https://ร้านรับซื้อโน๊ตบุ๊ค.com/รับซื้อโน๊ตบุ๊ค/พิษณุโลก/,(none),true,false,1,true,true,45,หน้าแรก / รับซื้อโน๊ตบุ๊ค / พิษณุโลก รับซื้อโน๊ตบุ๊ค พิษณุโลก ประเมินไว ส่งรูปเช็คราคาฟรี รับซื้อโน๊ตบุ๊ค พิษณุโลก ส่งรูป รุ่น สเปก และอาการเพื่อประเมินเบื้องต้น การนัดรับขึ้นอยู่กับพื้นที่ ตารางงาน และการยืนยัน หรือสอบถ,/favicon.svg | /_astro/BaseLayout.Ce6jA0gB.css | /images/logo-ranrubsue-notebook-black-280.webp | /images/rubsue-notebook-process-steps-800.webp | /images/logo-ranrubsue-notebook-black-280.webp,,true
https://xn--42cn4aobed0eb6hubj4es0m5dhvd.com/%E0%B8%A3%E0%B8%B1%E0%B8%9A%E0%B8%8B%E0%B8%B7%E0%B9%89%E0%B8%AD%E0%B9%82%E0%B8%99%E0%B9%8A%E0%B8%95%E0%B8%9A%E0%B8%B8%E0%B9%8A%E0%B8%84/%E0%B8%A0%E0%B8%B2%E0%B8%84%E0%B8%AD%E0%B8%B5%E0%B8%AA%E0%B8%B2%E0%B8%99/,Other,200,https://xn--42cn4aobed0eb6hubj4es0m5dhvd.com/%E0%B8%A3%E0%B8%B1%E0%B8%9A%E0%B8%8B%E0%B8%B7%E0%B9%89%E0%B8%AD%E0%B9%82%E0%B8%99%E0%B9%8A%E0%B8%95%E0%B8%9A%E0%B8%B8%E0%B9%8A%E0%B8%84/%E0%B8%A0%E0%B8%B2%E0%B8%84%E0%B8%AD%E0%B8%B5%E0%B8%AA%E0%B8%B2%E0%B8%99/,รับซื้อโน๊ตบุ๊คภาคอีสาน ประเมินฟรีผ่านไลน์ @webuy | ร้านรับซื้อโน๊ตบุ๊ค.com,รับซื้อโน๊ตบุ๊คภาคอีสาน ครบทุกจังหวัด ส่งรูปเช็คราคาฟรี,รับซื้อโน๊ตบุ๊ค ภาคอีสาน ส่งรูป รุ่น สเปก และอาการเพื่อประเมินเบื้องต้น การนัดรับขึ้นอยู่กับพื้นที่ ตารางงาน และการยืนยัน หรือสอบถามขั้นตอนจัดส่งเครื่องมาตรวจได้,https://ร้านรับซื้อโน๊ตบุ๊ค.com/รับซื้อโน๊ตบุ๊ค/ภาคอีสาน/,(none),true,false,1,true,true,49,หน้าแรก / รับซื้อโน๊ตบุ๊ค / ภาคอีสาน รับซื้อโน๊ตบุ๊คภาคอีสาน ครบทุกจังหวัด ส่งรูปเช็คราคาฟรี รับซื้อโน๊ตบุ๊ค ภาคอีสาน ส่งรูป รุ่น สเปก และอาการเพื่อประเมินเบื้องต้น การนัดรับขึ้นอยู่กับพื้นที่ ตารางงาน และการยืนยัน หรือส,/favicon.svg | /_astro/BaseLayout.Ce6jA0gB.css | /images/logo-ranrubsue-notebook-black-280.webp | /images/rubsue-notebook-process-steps-800.webp | /images/logo-ranrubsue-notebook-black-280.webp,,true
https://xn--42cn4aobed0eb6hubj4es0m5dhvd.com/%E0%B8%A3%E0%B8%B1%E0%B8%9A%E0%B8%8B%E0%B8%B7%E0%B9%89%E0%B8%AD%E0%B9%82%E0%B8%99%E0%B9%8A%E0%B8%95%E0%B8%9A%E0%B8%B8%E0%B9%8A%E0%B8%84/%E0%B8%A0%E0%B8%B9%E0%B9%80%E0%B8%81%E0%B9%87%E0%B8%95/,Other,200,https://xn--42cn4aobed0eb6hubj4es0m5dhvd.com/%E0%B8%A3%E0%B8%B1%E0%B8%9A%E0%B8%8B%E0%B8%B7%E0%B9%89%E0%B8%AD%E0%B9%82%E0%B8%99%E0%B9%8A%E0%B8%95%E0%B8%9A%E0%B8%B8%E0%B9%8A%E0%B8%84/%E0%B8%A0%E0%B8%B9%E0%B9%80%E0%B8%81%E0%B9%87%E0%B8%95/,รับซื้อโน๊ตบุ๊คภูเก็ต ประเมินฟรีผ่านไลน์ @webuy | ร้านรับซื้อโน๊ตบุ๊ค.com,รับซื้อโน๊ตบุ๊ค ภูเก็ต ประเมินไว ส่งรูปเช็คราคาฟรี,รับซื้อโน๊ตบุ๊ค ภูเก็ต ส่งรูป รุ่น สเปก และอาการเพื่อประเมินเบื้องต้น การนัดรับขึ้นอยู่กับพื้นที่ ตารางงาน และการยืนยัน หรือสอบถามขั้นตอนจัดส่งเครื่องมาตรวจได้,https://ร้านรับซื้อโน๊ตบุ๊ค.com/รับซื้อโน๊ตบุ๊ค/ภูเก็ต/,(none),true,false,1,true,true,44,หน้าแรก / รับซื้อโน๊ตบุ๊ค / ภูเก็ต รับซื้อโน๊ตบุ๊ค ภูเก็ต ประเมินไว ส่งรูปเช็คราคาฟรี รับซื้อโน๊ตบุ๊ค ภูเก็ต ส่งรูป รุ่น สเปก และอาการเพื่อประเมินเบื้องต้น การนัดรับขึ้นอยู่กับพื้นที่ ตารางงาน และการยืนยัน หรือสอบถามขั้น,/favicon.svg | /_astro/BaseLayout.Ce6jA0gB.css | /images/logo-ranrubsue-notebook-black-280.webp | /images/rubsue-notebook-process-steps-800.webp | /images/logo-ranrubsue-notebook-black-280.webp,,true
https://xn--42cn4aobed0eb6hubj4es0m5dhvd.com/%E0%B8%A3%E0%B8%B1%E0%B8%9A%E0%B8%8B%E0%B8%B7%E0%B9%89%E0%B8%AD%E0%B9%82%E0%B8%99%E0%B9%8A%E0%B8%95%E0%B8%9A%E0%B8%B8%E0%B9%8A%E0%B8%84/%E0%B8%A1%E0%B8%AB%E0%B8%B2%E0%B8%AA%E0%B8%B2%E0%B8%A3%E0%B8%84%E0%B8%B2%E0%B8%A1/,Other,200,https://xn--42cn4aobed0eb6hubj4es0m5dhvd.com/%E0%B8%A3%E0%B8%B1%E0%B8%9A%E0%B8%8B%E0%B8%B7%E0%B9%89%E0%B8%AD%E0%B9%82%E0%B8%99%E0%B9%8A%E0%B8%95%E0%B8%9A%E0%B8%B8%E0%B9%8A%E0%B8%84/%E0%B8%A1%E0%B8%AB%E0%B8%B2%E0%B8%AA%E0%B8%B2%E0%B8%A3%E0%B8%84%E0%B8%B2%E0%B8%A1/,รับซื้อโน๊ตบุ๊คมหาสารคาม ประเมินฟรีผ่านไลน์ @webuy | ร้านรับซื้อโน๊ตบุ๊ค.com,รับซื้อโน๊ตบุ๊ค มหาสารคาม ประเมินไว ส่งรูปเช็คราคาฟรี,รับซื้อโน๊ตบุ๊ค มหาสารคาม ส่งรูป รุ่น สเปก และอาการเพื่อประเมินเบื้องต้น การนัดรับขึ้นอยู่กับพื้นที่ ตารางงาน และการยืนยัน หรือสอบถามขั้นตอนจัดส่งเครื่องมาตรวจได้,https://ร้านรับซื้อโน๊ตบุ๊ค.com/รับซื้อโน๊ตบุ๊ค/มหาสารคาม/,(none),true,false,1,true,true,44,หน้าแรก / รับซื้อโน๊ตบุ๊ค / มหาสารคาม รับซื้อโน๊ตบุ๊ค มหาสารคาม ประเมินไว ส่งรูปเช็คราคาฟรี รับซื้อโน๊ตบุ๊ค มหาสารคาม ส่งรูป รุ่น สเปก และอาการเพื่อประเมินเบื้องต้น การนัดรับขึ้นอยู่กับพื้นที่ ตารางงาน และการยืนยัน หรือส,/favicon.svg | /_astro/BaseLayout.Ce6jA0gB.css | /images/logo-ranrubsue-notebook-black-280.webp | /images/rubsue-notebook-process-steps-800.webp | /images/logo-ranrubsue-notebook-black-280.webp,,true
https://xn--42cn4aobed0eb6hubj4es0m5dhvd.com/%E0%B8%A3%E0%B8%B1%E0%B8%9A%E0%B8%8B%E0%B8%B7%E0%B9%89%E0%B8%AD%E0%B9%82%E0%B8%99%E0%B9%8A%E0%B8%95%E0%B8%9A%E0%B8%B8%E0%B9%8A%E0%B8%84/%E0%B8%A1%E0%B8%B8%E0%B8%81%E0%B8%94%E0%B8%B2%E0%B8%AB%E0%B8%B2%E0%B8%A3/,Other,200,https://xn--42cn4aobed0eb6hubj4es0m5dhvd.com/%E0%B8%A3%E0%B8%B1%E0%B8%9A%E0%B8%8B%E0%B8%B7%E0%B9%89%E0%B8%AD%E0%B9%82%E0%B8%99%E0%B9%8A%E0%B8%95%E0%B8%9A%E0%B8%B8%E0%B9%8A%E0%B8%84/%E0%B8%A1%E0%B8%B8%E0%B8%81%E0%B8%94%E0%B8%B2%E0%B8%AB%E0%B8%B2%E0%B8%A3/,รับซื้อโน๊ตบุ๊คมุกดาหาร ประเมินฟรีผ่านไลน์ @webuy | ร้านรับซื้อโน๊ตบุ๊ค.com,รับซื้อโน๊ตบุ๊ค มุกดาหาร ประเมินไว ส่งรูปเช็คราคาฟรี,รับซื้อโน๊ตบุ๊ค มุกดาหาร ส่งรูป รุ่น สเปก และอาการเพื่อประเมินเบื้องต้น การนัดรับขึ้นอยู่กับพื้นที่ ตารางงาน และการยืนยัน หรือสอบถามขั้นตอนจัดส่งเครื่องมาตรวจได้,https://ร้านรับซื้อโน๊ตบุ๊ค.com/รับซื้อโน๊ตบุ๊ค/มุกดาหาร/,(none),true,false,1,true,true,47,หน้าแรก / รับซื้อโน๊ตบุ๊ค / มุกดาหาร รับซื้อโน๊ตบุ๊ค มุกดาหาร ประเมินไว ส่งรูปเช็คราคาฟรี รับซื้อโน๊ตบุ๊ค มุกดาหาร ส่งรูป รุ่น สเปก และอาการเพื่อประเมินเบื้องต้น การนัดรับขึ้นอยู่กับพื้นที่ ตารางงาน และการยืนยัน หรือสอบถ,/favicon.svg | /_astro/BaseLayout.Ce6jA0gB.css | /images/logo-ranrubsue-notebook-black-280.webp | /images/rubsue-notebook-process-steps-800.webp | /images/logo-ranrubsue-notebook-black-280.webp,,true
https://xn--42cn4aobed0eb6hubj4es0m5dhvd.com/%E0%B8%A3%E0%B8%B1%E0%B8%9A%E0%B8%8B%E0%B8%B7%E0%B9%89%E0%B8%AD%E0%B9%82%E0%B8%99%E0%B9%8A%E0%B8%95%E0%B8%9A%E0%B8%B8%E0%B9%8A%E0%B8%84/%E0%B8%A2%E0%B8%B0%E0%B8%A5%E0%B8%B2/,Other,200,https://xn--42cn4aobed0eb6hubj4es0m5dhvd.com/%E0%B8%A3%E0%B8%B1%E0%B8%9A%E0%B8%8B%E0%B8%B7%E0%B9%89%E0%B8%AD%E0%B9%82%E0%B8%99%E0%B9%8A%E0%B8%95%E0%B8%9A%E0%B8%B8%E0%B9%8A%E0%B8%84/%E0%B8%A2%E0%B8%B0%E0%B8%A5%E0%B8%B2/,รับซื้อโน๊ตบุ๊คยะลา ประเมินฟรีผ่านไลน์ @webuy | ร้านรับซื้อโน๊ตบุ๊ค.com,รับซื้อโน๊ตบุ๊ค ยะลา ประเมินไว ส่งรูปเช็คราคาฟรี,รับซื้อโน๊ตบุ๊ค ยะลา ส่งรูป รุ่น สเปก และอาการเพื่อประเมินเบื้องต้น การนัดรับขึ้นอยู่กับพื้นที่ ตารางงาน และการยืนยัน หรือสอบถามขั้นตอนจัดส่งเครื่องมาตรวจได้,https://ร้านรับซื้อโน๊ตบุ๊ค.com/รับซื้อโน๊ตบุ๊ค/ยะลา/,(none),true,false,1,true,true,47,หน้าแรก / รับซื้อโน๊ตบุ๊ค / ยะลา รับซื้อโน๊ตบุ๊ค ยะลา ประเมินไว ส่งรูปเช็คราคาฟรี รับซื้อโน๊ตบุ๊ค ยะลา ส่งรูป รุ่น สเปก และอาการเพื่อประเมินเบื้องต้น การนัดรับขึ้นอยู่กับพื้นที่ ตารางงาน และการยืนยัน หรือสอบถามขั้นตอนจัด,/favicon.svg | /_astro/BaseLayout.Ce6jA0gB.css | /images/logo-ranrubsue-notebook-black-280.webp | /images/rubsue-notebook-process-steps-800.webp | /images/logo-ranrubsue-notebook-black-280.webp,,true
https://xn--42cn4aobed0eb6hubj4es0m5dhvd.com/%E0%B8%A3%E0%B8%B1%E0%B8%9A%E0%B8%8B%E0%B8%B7%E0%B9%89%E0%B8%AD%E0%B9%82%E0%B8%99%E0%B9%8A%E0%B8%95%E0%B8%9A%E0%B8%B8%E0%B9%8A%E0%B8%84/%E0%B8%A2%E0%B9%82%E0%B8%AA%E0%B8%98%E0%B8%A3/,Other,200,https://xn--42cn4aobed0eb6hubj4es0m5dhvd.com/%E0%B8%A3%E0%B8%B1%E0%B8%9A%E0%B8%8B%E0%B8%B7%E0%B9%89%E0%B8%AD%E0%B9%82%E0%B8%99%E0%B9%8A%E0%B8%95%E0%B8%9A%E0%B8%B8%E0%B9%8A%E0%B8%84/%E0%B8%A2%E0%B9%82%E0%B8%AA%E0%B8%98%E0%B8%A3/,รับซื้อโน๊ตบุ๊คยโสธร ประเมินฟรีผ่านไลน์ @webuy | ร้านรับซื้อโน๊ตบุ๊ค.com,รับซื้อโน๊ตบุ๊ค ยโสธร ประเมินไว ส่งรูปเช็คราคาฟรี,รับซื้อโน๊ตบุ๊ค ยโสธร ส่งรูป รุ่น สเปก และอาการเพื่อประเมินเบื้องต้น การนัดรับขึ้นอยู่กับพื้นที่ ตารางงาน และการยืนยัน หรือสอบถามขั้นตอนจัดส่งเครื่องมาตรวจได้,https://ร้านรับซื้อโน๊ตบุ๊ค.com/รับซื้อโน๊ตบุ๊ค/ยโสธร/,(none),true,false,1,true,true,46,หน้าแรก / รับซื้อโน๊ตบุ๊ค / ยโสธร รับซื้อโน๊ตบุ๊ค ยโสธร ประเมินไว ส่งรูปเช็คราคาฟรี รับซื้อโน๊ตบุ๊ค ยโสธร ส่งรูป รุ่น สเปก และอาการเพื่อประเมินเบื้องต้น การนัดรับขึ้นอยู่กับพื้นที่ ตารางงาน และการยืนยัน หรือสอบถามขั้นตอน,/favicon.svg | /_astro/BaseLayout.Ce6jA0gB.css | /images/logo-ranrubsue-notebook-black-280.webp | /images/rubsue-notebook-process-steps-800.webp | /images/logo-ranrubsue-notebook-black-280.webp,,true
https://xn--42cn4aobed0eb6hubj4es0m5dhvd.com/%E0%B8%A3%E0%B8%B1%E0%B8%9A%E0%B8%8B%E0%B8%B7%E0%B9%89%E0%B8%AD%E0%B9%82%E0%B8%99%E0%B9%8A%E0%B8%95%E0%B8%9A%E0%B8%B8%E0%B9%8A%E0%B8%84/%E0%B8%A3%E0%B8%B0%E0%B8%99%E0%B8%AD%E0%B8%87/,Other,200,https://xn--42cn4aobed0eb6hubj4es0m5dhvd.com/%E0%B8%A3%E0%B8%B1%E0%B8%9A%E0%B8%8B%E0%B8%B7%E0%B9%89%E0%B8%AD%E0%B9%82%E0%B8%99%E0%B9%8A%E0%B8%95%E0%B8%9A%E0%B8%B8%E0%B9%8A%E0%B8%84/%E0%B8%A3%E0%B8%B0%E0%B8%99%E0%B8%AD%E0%B8%87/,รับซื้อโน๊ตบุ๊คระนอง ประเมินฟรีผ่านไลน์ @webuy | ร้านรับซื้อโน๊ตบุ๊ค.com,รับซื้อโน๊ตบุ๊ค ระนอง ประเมินไว ส่งรูปเช็คราคาฟรี,รับซื้อโน๊ตบุ๊ค ระนอง ส่งรูป รุ่น สเปก และอาการเพื่อประเมินเบื้องต้น การนัดรับขึ้นอยู่กับพื้นที่ ตารางงาน และการยืนยัน หรือสอบถามขั้นตอนจัดส่งเครื่องมาตรวจได้,https://ร้านรับซื้อโน๊ตบุ๊ค.com/รับซื้อโน๊ตบุ๊ค/ระนอง/,(none),true,false,1,true,true,48,หน้าแรก / รับซื้อโน๊ตบุ๊ค / ระนอง รับซื้อโน๊ตบุ๊ค ระนอง ประเมินไว ส่งรูปเช็คราคาฟรี รับซื้อโน๊ตบุ๊ค ระนอง ส่งรูป รุ่น สเปก และอาการเพื่อประเมินเบื้องต้น การนัดรับขึ้นอยู่กับพื้นที่ ตารางงาน และการยืนยัน หรือสอบถามขั้นตอน,/favicon.svg | /_astro/BaseLayout.Ce6jA0gB.css | /images/logo-ranrubsue-notebook-black-280.webp | /images/rubsue-notebook-process-steps-800.webp | /images/logo-ranrubsue-notebook-black-280.webp,,true
https://xn--42cn4aobed0eb6hubj4es0m5dhvd.com/%E0%B8%A3%E0%B8%B1%E0%B8%9A%E0%B8%8B%E0%B8%B7%E0%B9%89%E0%B8%AD%E0%B9%82%E0%B8%99%E0%B9%8A%E0%B8%95%E0%B8%9A%E0%B8%B8%E0%B9%8A%E0%B8%84/%E0%B8%A3%E0%B8%B0%E0%B8%A2%E0%B8%AD%E0%B8%87/,Other,200,https://xn--42cn4aobed0eb6hubj4es0m5dhvd.com/%E0%B8%A3%E0%B8%B1%E0%B8%9A%E0%B8%8B%E0%B8%B7%E0%B9%89%E0%B8%AD%E0%B9%82%E0%B8%99%E0%B9%8A%E0%B8%95%E0%B8%9A%E0%B8%B8%E0%B9%8A%E0%B8%84/%E0%B8%A3%E0%B8%B0%E0%B8%A2%E0%B8%AD%E0%B8%87/,รับซื้อโน๊ตบุ๊คระยอง ประเมินฟรีผ่านไลน์ @webuy | ร้านรับซื้อโน๊ตบุ๊ค.com,รับซื้อโน๊ตบุ๊ค ระยอง ประเมินไว ส่งรูปเช็คราคาฟรี,รับซื้อโน๊ตบุ๊ค ระยอง ส่งรูป รุ่น สเปก และอาการเพื่อประเมินเบื้องต้น การนัดรับขึ้นอยู่กับพื้นที่ ตารางงาน และการยืนยัน หรือสอบถามขั้นตอนจัดส่งเครื่องมาตรวจได้,https://ร้านรับซื้อโน๊ตบุ๊ค.com/รับซื้อโน๊ตบุ๊ค/ระยอง/,(none),true,false,1,true,true,50,หน้าแรก / รับซื้อโน๊ตบุ๊ค / ระยอง รับซื้อโน๊ตบุ๊ค ระยอง ประเมินไว ส่งรูปเช็คราคาฟรี รับซื้อโน๊ตบุ๊ค ระยอง ส่งรูป รุ่น สเปก และอาการเพื่อประเมินเบื้องต้น การนัดรับขึ้นอยู่กับพื้นที่ ตารางงาน และการยืนยัน หรือสอบถามขั้นตอน,/favicon.svg | /_astro/BaseLayout.Ce6jA0gB.css | /images/logo-ranrubsue-notebook-black-280.webp | /images/rubsue-notebook-process-steps-800.webp | /images/logo-ranrubsue-notebook-black-280.webp,,true
https://xn--42cn4aobed0eb6hubj4es0m5dhvd.com/%E0%B8%A3%E0%B8%B1%E0%B8%9A%E0%B8%8B%E0%B8%B7%E0%B9%89%E0%B8%AD%E0%B9%82%E0%B8%99%E0%B9%8A%E0%B8%95%E0%B8%9A%E0%B8%B8%E0%B9%8A%E0%B8%84/%E0%B8%A3%E0%B8%B1%E0%B8%87%E0%B8%AA%E0%B8%B4%E0%B8%95/,Other,200,https://xn--42cn4aobed0eb6hubj4es0m5dhvd.com/%E0%B8%A3%E0%B8%B1%E0%B8%9A%E0%B8%8B%E0%B8%B7%E0%B9%89%E0%B8%AD%E0%B9%82%E0%B8%99%E0%B9%8A%E0%B8%95%E0%B8%9A%E0%B8%B8%E0%B9%8A%E0%B8%84/%E0%B8%A3%E0%B8%B1%E0%B8%87%E0%B8%AA%E0%B8%B4%E0%B8%95/,รับซื้อโน๊ตบุ๊ครังสิต ประเมินฟรีผ่านไลน์ @webuy | ร้านรับซื้อโน๊ตบุ๊ค.com,รับซื้อโน๊ตบุ๊ค รังสิต ประเมินไว ส่งรูปเช็คราคาฟรี,รับซื้อโน๊ตบุ๊ค รังสิต ส่งรูป รุ่น สเปก และอาการเพื่อประเมินเบื้องต้น การนัดรับขึ้นอยู่กับพื้นที่ ตารางงาน และการยืนยัน หรือสอบถามขั้นตอนจัดส่งเครื่องมาตรวจได้,https://ร้านรับซื้อโน๊ตบุ๊ค.com/รับซื้อโน๊ตบุ๊ค/รังสิต/,(none),true,false,1,true,true,47,หน้าแรก / รับซื้อโน๊ตบุ๊ค / รังสิต รับซื้อโน๊ตบุ๊ค รังสิต ประเมินไว ส่งรูปเช็คราคาฟรี รับซื้อโน๊ตบุ๊ค รังสิต ส่งรูป รุ่น สเปก และอาการเพื่อประเมินเบื้องต้น การนัดรับขึ้นอยู่กับพื้นที่ ตารางงาน และการยืนยัน หรือสอบถามขั้น,/favicon.svg | /_astro/BaseLayout.Ce6jA0gB.css | /images/logo-ranrubsue-notebook-black-280.webp | /images/rubsue-notebook-process-steps-800.webp | /images/logo-ranrubsue-notebook-black-280.webp,,true
https://xn--42cn4aobed0eb6hubj4es0m5dhvd.com/%E0%B8%A3%E0%B8%B1%E0%B8%9A%E0%B8%8B%E0%B8%B7%E0%B9%89%E0%B8%AD%E0%B9%82%E0%B8%99%E0%B9%8A%E0%B8%95%E0%B8%9A%E0%B8%B8%E0%B9%8A%E0%B8%84/%E0%B8%A3%E0%B8%B2%E0%B8%8A%E0%B8%9A%E0%B8%B8%E0%B8%A3%E0%B8%B5/,Other,200,https://xn--42cn4aobed0eb6hubj4es0m5dhvd.com/%E0%B8%A3%E0%B8%B1%E0%B8%9A%E0%B8%8B%E0%B8%B7%E0%B9%89%E0%B8%AD%E0%B9%82%E0%B8%99%E0%B9%8A%E0%B8%95%E0%B8%9A%E0%B8%B8%E0%B9%8A%E0%B8%84/%E0%B8%A3%E0%B8%B2%E0%B8%8A%E0%B8%9A%E0%B8%B8%E0%B8%A3%E0%B8%B5/,รับซื้อโน๊ตบุ๊คราชบุรี ประเมินฟรีผ่านไลน์ @webuy | ร้านรับซื้อโน๊ตบุ๊ค.com,รับซื้อโน๊ตบุ๊ค ราชบุรี ประเมินไว ส่งรูปเช็คราคาฟรี,รับซื้อโน๊ตบุ๊ค ราชบุรี ส่งรูป รุ่น สเปก และอาการเพื่อประเมินเบื้องต้น การนัดรับขึ้นอยู่กับพื้นที่ ตารางงาน และการยืนยัน หรือสอบถามขั้นตอนจัดส่งเครื่องมาตรวจได้,https://ร้านรับซื้อโน๊ตบุ๊ค.com/รับซื้อโน๊ตบุ๊ค/ราชบุรี/,(none),true,false,1,true,true,49,หน้าแรก / รับซื้อโน๊ตบุ๊ค / ราชบุรี รับซื้อโน๊ตบุ๊ค ราชบุรี ประเมินไว ส่งรูปเช็คราคาฟรี รับซื้อโน๊ตบุ๊ค ราชบุรี ส่งรูป รุ่น สเปก และอาการเพื่อประเมินเบื้องต้น การนัดรับขึ้นอยู่กับพื้นที่ ตารางงาน และการยืนยัน หรือสอบถามข,/favicon.svg | /_astro/BaseLayout.Ce6jA0gB.css | /images/logo-ranrubsue-notebook-black-280.webp | /images/rubsue-notebook-process-steps-800.webp | /images/logo-ranrubsue-notebook-black-280.webp,,true
https://xn--42cn4aobed0eb6hubj4es0m5dhvd.com/%E0%B8%A3%E0%B8%B1%E0%B8%9A%E0%B8%8B%E0%B8%B7%E0%B9%89%E0%B8%AD%E0%B9%82%E0%B8%99%E0%B9%8A%E0%B8%95%E0%B8%9A%E0%B8%B8%E0%B9%8A%E0%B8%84/%E0%B8%A3%E0%B8%B2%E0%B8%A1%E0%B8%84%E0%B8%B3%E0%B9%81%E0%B8%AB%E0%B8%87/,Other,200,https://xn--42cn4aobed0eb6hubj4es0m5dhvd.com/%E0%B8%A3%E0%B8%B1%E0%B8%9A%E0%B8%8B%E0%B8%B7%E0%B9%89%E0%B8%AD%E0%B9%82%E0%B8%99%E0%B9%8A%E0%B8%95%E0%B8%9A%E0%B8%B8%E0%B9%8A%E0%B8%84/%E0%B8%A3%E0%B8%B2%E0%B8%A1%E0%B8%84%E0%B8%B3%E0%B9%81%E0%B8%AB%E0%B8%87/,รับซื้อโน๊ตบุ๊ครามคำแหง ประเมินฟรีผ่านไลน์ @webuy | ร้านรับซื้อโน๊ตบุ๊ค.com,รับซื้อโน๊ตบุ๊ค รามคำแหง ประเมินไว ส่งรูปเช็คราคาฟรี,รับซื้อโน๊ตบุ๊ค รามคำแหง ส่งรูป รุ่น สเปก และอาการเพื่อประเมินเบื้องต้น การนัดรับขึ้นอยู่กับพื้นที่ ตารางงาน และการยืนยัน หรือสอบถามขั้นตอนจัดส่งเครื่องมาตรวจได้,https://ร้านรับซื้อโน๊ตบุ๊ค.com/รับซื้อโน๊ตบุ๊ค/รามคำแหง/,(none),true,false,1,true,true,49,หน้าแรก / รับซื้อโน๊ตบุ๊ค / รามคำแหง รับซื้อโน๊ตบุ๊ค รามคำแหง ประเมินไว ส่งรูปเช็คราคาฟรี รับซื้อโน๊ตบุ๊ค รามคำแหง ส่งรูป รุ่น สเปก และอาการเพื่อประเมินเบื้องต้น การนัดรับขึ้นอยู่กับพื้นที่ ตารางงาน และการยืนยัน หรือสอบถ,/favicon.svg | /_astro/BaseLayout.Ce6jA0gB.css | /images/logo-ranrubsue-notebook-black-280.webp | /images/rubsue-notebook-process-steps-800.webp | /images/logo-ranrubsue-notebook-black-280.webp,,true
https://xn--42cn4aobed0eb6hubj4es0m5dhvd.com/%E0%B8%A3%E0%B8%B1%E0%B8%9A%E0%B8%8B%E0%B8%B7%E0%B9%89%E0%B8%AD%E0%B9%82%E0%B8%99%E0%B9%8A%E0%B8%95%E0%B8%9A%E0%B8%B8%E0%B9%8A%E0%B8%84/%E0%B8%A3%E0%B8%B5%E0%B8%AA%E0%B8%95%E0%B8%B2%E0%B8%A3%E0%B9%8C%E0%B8%97%E0%B9%80%E0%B8%AD%E0%B8%87/,Other,200,https://xn--42cn4aobed0eb6hubj4es0m5dhvd.com/%E0%B8%A3%E0%B8%B1%E0%B8%9A%E0%B8%8B%E0%B8%B7%E0%B9%89%E0%B8%AD%E0%B9%82%E0%B8%99%E0%B9%8A%E0%B8%95%E0%B8%9A%E0%B8%B8%E0%B9%8A%E0%B8%84/%E0%B8%A3%E0%B8%B5%E0%B8%AA%E0%B8%95%E0%B8%B2%E0%B8%A3%E0%B9%8C%E0%B8%97%E0%B9%80%E0%B8%AD%E0%B8%87/,รับซื้อโน๊ตบุ๊ครีสตาร์ทเอง ประเมินฟรี | ร้านรับซื้อโน๊ตบุ๊ค.com,รับซื้อโน๊ตบุ๊ครีสตาร์ทเอง ส่งอาการประเมินไว,รับซื้อโน๊ตบุ๊ครีสตาร์ทเอง ประเมินตามรุ่น สเปก และอาการการใช้งานจริงได้ฟรี,https://ร้านรับซื้อโน๊ตบุ๊ค.com/รับซื้อโน๊ตบุ๊ค/รีสตาร์ทเอง/,(none),true,false,1,true,true,41,หน้าแรก / รับซื้อโน๊ตบุ๊ค / รีสตาร์ทเอง รับซื้อโน๊ตบุ๊ครีสตาร์ทเอง ส่งอาการประเมินไว รับซื้อโน๊ตบุ๊ครีสตาร์ทเอง ประเมินตามรุ่น สเปก และอาการการใช้งานจริงได้ฟรี ประเมินจากอะไร: ส่งรูปและวิดีโอสั้น ๆ ให้เห็นอาการชัด พร้อมร,/favicon.svg | /_astro/BaseLayout.Ce6jA0gB.css | /images/logo-ranrubsue-notebook-black-280.webp | /images/rubsue-notebook-process-steps-800.webp | /images/logo-ranrubsue-notebook-black-280.webp,,true
https://xn--42cn4aobed0eb6hubj4es0m5dhvd.com/%E0%B8%A3%E0%B8%B1%E0%B8%9A%E0%B8%8B%E0%B8%B7%E0%B9%89%E0%B8%AD%E0%B9%82%E0%B8%99%E0%B9%8A%E0%B8%95%E0%B8%9A%E0%B8%B8%E0%B9%8A%E0%B8%84/%E0%B8%A3%E0%B9%89%E0%B8%AD%E0%B8%99%E0%B8%88%E0%B8%B1%E0%B8%94%E0%B8%94%E0%B8%B1%E0%B8%9A%E0%B9%80%E0%B8%AD%E0%B8%87/,Other,200,https://xn--42cn4aobed0eb6hubj4es0m5dhvd.com/%E0%B8%A3%E0%B8%B1%E0%B8%9A%E0%B8%8B%E0%B8%B7%E0%B9%89%E0%B8%AD%E0%B9%82%E0%B8%99%E0%B9%8A%E0%B8%95%E0%B8%9A%E0%B8%B8%E0%B9%8A%E0%B8%84/%E0%B8%A3%E0%B9%89%E0%B8%AD%E0%B8%99%E0%B8%88%E0%B8%B1%E0%B8%94%E0%B8%94%E0%B8%B1%E0%B8%9A%E0%B9%80%E0%B8%AD%E0%B8%87/,รับซื้อโน๊ตบุ๊คร้อนจัดดับเอง ประเมินอาการระบายความร้อน | ร้านรับซื้อโน๊ตบุ๊ค.com,รับซื้อโน๊ตบุ๊คร้อนจัดดับเอง แจ้งอาการและความถี่เพื่อประเมินเบื้องต้น,รับซื้อโน๊ตบุ๊คร้อนจัด พัดลมหมุนดังผิดปกติ หรือเครื่องระบบดับเองเพื่อความปลอดภัย ประเมินราคาตามรุ่นและอาการชำรุดจริง ส่งรายละเอียดประเมินได้ฟรี,https://ร้านรับซื้อโน๊ตบุ๊ค.com/รับซื้อโน๊ตบุ๊ค/ร้อนจัดดับเอง/,(none),true,false,1,true,true,43,หน้าแรก / รับซื้อโน๊ตบุ๊ค / ร้อนจัดดับเอง รับซื้อโน๊ตบุ๊คร้อนจัดดับเอง แจ้งอาการและความถี่เพื่อประเมินเบื้องต้น รับซื้อโน๊ตบุ๊คร้อนจัด พัดลมหมุนดังผิดปกติ หรือเครื่องระบบดับเองเพื่อความปลอดภัย ประเมินราคาตามรุ่นและอาการช,/favicon.svg | /_astro/BaseLayout.Ce6jA0gB.css | /images/logo-ranrubsue-notebook-black-280.webp | /images/rubsue-notebook-process-steps-800.webp | /images/logo-ranrubsue-notebook-black-280.webp,,true
https://xn--42cn4aobed0eb6hubj4es0m5dhvd.com/%E0%B8%A3%E0%B8%B1%E0%B8%9A%E0%B8%8B%E0%B8%B7%E0%B9%89%E0%B8%AD%E0%B9%82%E0%B8%99%E0%B9%8A%E0%B8%95%E0%B8%9A%E0%B8%B8%E0%B9%8A%E0%B8%84/%E0%B8%A3%E0%B9%89%E0%B8%AD%E0%B8%A2%E0%B9%80%E0%B8%AD%E0%B9%87%E0%B8%94/,Other,200,https://xn--42cn4aobed0eb6hubj4es0m5dhvd.com/%E0%B8%A3%E0%B8%B1%E0%B8%9A%E0%B8%8B%E0%B8%B7%E0%B9%89%E0%B8%AD%E0%B9%82%E0%B8%99%E0%B9%8A%E0%B8%95%E0%B8%9A%E0%B8%B8%E0%B9%8A%E0%B8%84/%E0%B8%A3%E0%B9%89%E0%B8%AD%E0%B8%A2%E0%B9%80%E0%B8%AD%E0%B9%87%E0%B8%94/,รับซื้อโน๊ตบุ๊คร้อยเอ็ด ประเมินฟรีผ่านไลน์ @webuy | ร้านรับซื้อโน๊ตบุ๊ค.com,รับซื้อโน๊ตบุ๊ค ร้อยเอ็ด ประเมินไว ส่งรูปเช็คราคาฟรี,รับซื้อโน๊ตบุ๊ค ร้อยเอ็ด ส่งรูป รุ่น สเปก และอาการเพื่อประเมินเบื้องต้น การนัดรับขึ้นอยู่กับพื้นที่ ตารางงาน และการยืนยัน หรือสอบถามขั้นตอนจัดส่งเครื่องมาตรวจได้,https://ร้านรับซื้อโน๊ตบุ๊ค.com/รับซื้อโน๊ตบุ๊ค/ร้อยเอ็ด/,(none),true,false,1,true,true,46,หน้าแรก / รับซื้อโน๊ตบุ๊ค / ร้อยเอ็ด รับซื้อโน๊ตบุ๊ค ร้อยเอ็ด ประเมินไว ส่งรูปเช็คราคาฟรี รับซื้อโน๊ตบุ๊ค ร้อยเอ็ด ส่งรูป รุ่น สเปก และอาการเพื่อประเมินเบื้องต้น การนัดรับขึ้นอยู่กับพื้นที่ ตารางงาน และการยืนยัน หรือสอบถ,/favicon.svg | /_astro/BaseLayout.Ce6jA0gB.css | /images/logo-ranrubsue-notebook-black-280.webp | /images/rubsue-notebook-process-steps-800.webp | /images/logo-ranrubsue-notebook-black-280.webp,,true
https://xn--42cn4aobed0eb6hubj4es0m5dhvd.com/%E0%B8%A3%E0%B8%B1%E0%B8%9A%E0%B8%8B%E0%B8%B7%E0%B9%89%E0%B8%AD%E0%B9%82%E0%B8%99%E0%B9%8A%E0%B8%95%E0%B8%9A%E0%B8%B8%E0%B9%8A%E0%B8%84/%E0%B8%A5%E0%B8%9E%E0%B8%9A%E0%B8%B8%E0%B8%A3%E0%B8%B5/,Other,200,https://xn--42cn4aobed0eb6hubj4es0m5dhvd.com/%E0%B8%A3%E0%B8%B1%E0%B8%9A%E0%B8%8B%E0%B8%B7%E0%B9%89%E0%B8%AD%E0%B9%82%E0%B8%99%E0%B9%8A%E0%B8%95%E0%B8%9A%E0%B8%B8%E0%B9%8A%E0%B8%84/%E0%B8%A5%E0%B8%9E%E0%B8%9A%E0%B8%B8%E0%B8%A3%E0%B8%B5/,รับซื้อโน๊ตบุ๊คลพบุรี ประเมินฟรี | ร้านรับซื้อโน๊ตบุ๊ค.com,รับซื้อโน๊ตบุ๊ค ลพบุรี ประเมินไว ส่งรูปเช็คราคาฟรี,รับซื้อโน๊ตบุ๊ค ลพบุรี ส่งรูป รุ่น สเปก และอาการเพื่อประเมินเบื้องต้น การนัดรับขึ้นอยู่กับพื้นที่ ตารางงาน และการยืนยัน หรือสอบถามขั้นตอนจัดส่งเครื่องมาตรวจได้,https://ร้านรับซื้อโน๊ตบุ๊ค.com/รับซื้อโน๊ตบุ๊ค/ลพบุรี/,(none),true,false,1,true,true,48,หน้าแรก / รับซื้อโน๊ตบุ๊ค / ลพบุรี รับซื้อโน๊ตบุ๊ค ลพบุรี ประเมินไว ส่งรูปเช็คราคาฟรี รับซื้อโน๊ตบุ๊ค ลพบุรี ส่งรูป รุ่น สเปก และอาการเพื่อประเมินเบื้องต้น การนัดรับขึ้นอยู่กับพื้นที่ ตารางงาน และการยืนยัน หรือสอบถามขั้น,/favicon.svg | /_astro/BaseLayout.Ce6jA0gB.css | /images/logo-ranrubsue-notebook-black-280.webp | /images/rubsue-notebook-process-steps-800.webp | /images/logo-ranrubsue-notebook-black-280.webp,,true
https://xn--42cn4aobed0eb6hubj4es0m5dhvd.com/%E0%B8%A3%E0%B8%B1%E0%B8%9A%E0%B8%8B%E0%B8%B7%E0%B9%89%E0%B8%AD%E0%B9%82%E0%B8%99%E0%B9%8A%E0%B8%95%E0%B8%9A%E0%B8%B8%E0%B9%8A%E0%B8%84/%E0%B8%A5%E0%B8%B2%E0%B8%94%E0%B8%9E%E0%B8%A3%E0%B9%89%E0%B8%B2%E0%B8%A7/,Other,200,https://xn--42cn4aobed0eb6hubj4es0m5dhvd.com/%E0%B8%A3%E0%B8%B1%E0%B8%9A%E0%B8%8B%E0%B8%B7%E0%B9%89%E0%B8%AD%E0%B9%82%E0%B8%99%E0%B9%8A%E0%B8%95%E0%B8%9A%E0%B8%B8%E0%B9%8A%E0%B8%84/%E0%B8%A5%E0%B8%B2%E0%B8%94%E0%B8%9E%E0%B8%A3%E0%B9%89%E0%B8%B2%E0%B8%A7/,รับซื้อโน๊ตบุ๊คลาดพร้าว ประเมินฟรีผ่านไลน์ @webuy | ร้านรับซื้อโน๊ตบุ๊ค.com,รับซื้อโน๊ตบุ๊ค ลาดพร้าว ประเมินไว ส่งรูปเช็คราคาฟรี,รับซื้อโน๊ตบุ๊ค ลาดพร้าว ส่งรูป รุ่น สเปก และอาการเพื่อประเมินเบื้องต้น การนัดรับขึ้นอยู่กับพื้นที่ ตารางงาน และการยืนยัน หรือสอบถามขั้นตอนจัดส่งเครื่องมาตรวจได้,https://ร้านรับซื้อโน๊ตบุ๊ค.com/รับซื้อโน๊ตบุ๊ค/ลาดพร้าว/,(none),true,false,1,true,true,49,หน้าแรก / รับซื้อโน๊ตบุ๊ค / ลาดพร้าว รับซื้อโน๊ตบุ๊ค ลาดพร้าว ประเมินไว ส่งรูปเช็คราคาฟรี รับซื้อโน๊ตบุ๊ค ลาดพร้าว ส่งรูป รุ่น สเปก และอาการเพื่อประเมินเบื้องต้น การนัดรับขึ้นอยู่กับพื้นที่ ตารางงาน และการยืนยัน หรือสอบถ,/favicon.svg | /_astro/BaseLayout.Ce6jA0gB.css | /images/logo-ranrubsue-notebook-black-280.webp | /images/rubsue-notebook-process-steps-800.webp | /images/logo-ranrubsue-notebook-black-280.webp,,true
https://xn--42cn4aobed0eb6hubj4es0m5dhvd.com/%E0%B8%A3%E0%B8%B1%E0%B8%9A%E0%B8%8B%E0%B8%B7%E0%B9%89%E0%B8%AD%E0%B9%82%E0%B8%99%E0%B9%8A%E0%B8%95%E0%B8%9A%E0%B8%B8%E0%B9%8A%E0%B8%84/%E0%B8%A5%E0%B8%B3%E0%B8%9B%E0%B8%B2%E0%B8%87/,Other,200,https://xn--42cn4aobed0eb6hubj4es0m5dhvd.com/%E0%B8%A3%E0%B8%B1%E0%B8%9A%E0%B8%8B%E0%B8%B7%E0%B9%89%E0%B8%AD%E0%B9%82%E0%B8%99%E0%B9%8A%E0%B8%95%E0%B8%9A%E0%B8%B8%E0%B9%8A%E0%B8%84/%E0%B8%A5%E0%B8%B3%E0%B8%9B%E0%B8%B2%E0%B8%87/,รับซื้อโน๊ตบุ๊คลำปาง ประเมินฟรีผ่านไลน์ @webuy | ร้านรับซื้อโน๊ตบุ๊ค.com,รับซื้อโน๊ตบุ๊ค ลำปาง ประเมินไว ส่งรูปเช็คราคาฟรี,รับซื้อโน๊ตบุ๊ค ลำปาง ส่งรูป รุ่น สเปก และอาการเพื่อประเมินเบื้องต้น การนัดรับขึ้นอยู่กับพื้นที่ ตารางงาน และการยืนยัน หรือสอบถามขั้นตอนจัดส่งเครื่องมาตรวจได้,https://ร้านรับซื้อโน๊ตบุ๊ค.com/รับซื้อโน๊ตบุ๊ค/ลำปาง/,(none),true,false,1,true,true,47,หน้าแรก / รับซื้อโน๊ตบุ๊ค / ลำปาง รับซื้อโน๊ตบุ๊ค ลำปาง ประเมินไว ส่งรูปเช็คราคาฟรี รับซื้อโน๊ตบุ๊ค ลำปาง ส่งรูป รุ่น สเปก และอาการเพื่อประเมินเบื้องต้น การนัดรับขึ้นอยู่กับพื้นที่ ตารางงาน และการยืนยัน หรือสอบถามขั้นตอน,/favicon.svg | /_astro/BaseLayout.Ce6jA0gB.css | /images/logo-ranrubsue-notebook-black-280.webp | /images/rubsue-notebook-process-steps-800.webp | /images/logo-ranrubsue-notebook-black-280.webp,,true
https://xn--42cn4aobed0eb6hubj4es0m5dhvd.com/%E0%B8%A3%E0%B8%B1%E0%B8%9A%E0%B8%8B%E0%B8%B7%E0%B9%89%E0%B8%AD%E0%B9%82%E0%B8%99%E0%B9%8A%E0%B8%95%E0%B8%9A%E0%B8%B8%E0%B9%8A%E0%B8%84/%E0%B8%A5%E0%B8%B3%E0%B8%9E%E0%B8%B9%E0%B8%99/,Other,200,https://xn--42cn4aobed0eb6hubj4es0m5dhvd.com/%E0%B8%A3%E0%B8%B1%E0%B8%9A%E0%B8%8B%E0%B8%B7%E0%B9%89%E0%B8%AD%E0%B9%82%E0%B8%99%E0%B9%8A%E0%B8%95%E0%B8%9A%E0%B8%B8%E0%B9%8A%E0%B8%84/%E0%B8%A5%E0%B8%B3%E0%B8%9E%E0%B8%B9%E0%B8%99/,รับซื้อโน๊ตบุ๊คลำพูน ประเมินฟรีผ่านไลน์ @webuy | ร้านรับซื้อโน๊ตบุ๊ค.com,รับซื้อโน๊ตบุ๊ค ลำพูน ประเมินไว ส่งรูปเช็คราคาฟรี,รับซื้อโน๊ตบุ๊ค ลำพูน ส่งรูป รุ่น สเปก และอาการเพื่อประเมินเบื้องต้น การนัดรับขึ้นอยู่กับพื้นที่ ตารางงาน และการยืนยัน หรือสอบถามขั้นตอนจัดส่งเครื่องมาตรวจได้,https://ร้านรับซื้อโน๊ตบุ๊ค.com/รับซื้อโน๊ตบุ๊ค/ลำพูน/,(none),true,false,1,true,true,48,หน้าแรก / รับซื้อโน๊ตบุ๊ค / ลำพูน รับซื้อโน๊ตบุ๊ค ลำพูน ประเมินไว ส่งรูปเช็คราคาฟรี รับซื้อโน๊ตบุ๊ค ลำพูน ส่งรูป รุ่น สเปก และอาการเพื่อประเมินเบื้องต้น การนัดรับขึ้นอยู่กับพื้นที่ ตารางงาน และการยืนยัน หรือสอบถามขั้นตอน,/favicon.svg | /_astro/BaseLayout.Ce6jA0gB.css | /images/logo-ranrubsue-notebook-black-280.webp | /images/rubsue-notebook-process-steps-800.webp | /images/logo-ranrubsue-notebook-black-280.webp,,true
https://xn--42cn4aobed0eb6hubj4es0m5dhvd.com/%E0%B8%A3%E0%B8%B1%E0%B8%9A%E0%B8%8B%E0%B8%B7%E0%B9%89%E0%B8%AD%E0%B9%82%E0%B8%99%E0%B9%8A%E0%B8%95%E0%B8%9A%E0%B8%B8%E0%B9%8A%E0%B8%84/%E0%B8%A5%E0%B8%B3%E0%B9%82%E0%B8%9E%E0%B8%87%E0%B9%80%E0%B8%AA%E0%B8%B5%E0%B8%A2/,Other,200,https://xn--42cn4aobed0eb6hubj4es0m5dhvd.com/%E0%B8%A3%E0%B8%B1%E0%B8%9A%E0%B8%8B%E0%B8%B7%E0%B9%89%E0%B8%AD%E0%B9%82%E0%B8%99%E0%B9%8A%E0%B8%95%E0%B8%9A%E0%B8%B8%E0%B9%8A%E0%B8%84/%E0%B8%A5%E0%B8%B3%E0%B9%82%E0%B8%9E%E0%B8%87%E0%B9%80%E0%B8%AA%E0%B8%B5%E0%B8%A2/,รับซื้อโน๊ตบุ๊คลำโพงเสีย ประเมินตามอาการเสียงและรุ่น | ร้านรับซื้อโน๊ตบุ๊ค.com,รับซื้อโน๊ตบุ๊คลำโพงเสีย แจ้งอาการเสียงและสเปกเพื่อประเมิน,รับซื้อโน๊ตบุ๊คลำโพงแตก เสียงเบา หรือไม่มีเสียง ประเมินตามรุ่นและสภาพจริงได้ฟรี,https://ร้านรับซื้อโน๊ตบุ๊ค.com/รับซื้อโน๊ตบุ๊ค/ลำโพงเสีย/,(none),true,false,1,true,true,43,หน้าแรก / รับซื้อโน๊ตบุ๊ค / ลำโพงเสีย รับซื้อโน๊ตบุ๊คลำโพงเสีย แจ้งอาการเสียงและสเปกเพื่อประเมิน รับซื้อโน๊ตบุ๊คลำโพงแตก เสียงเบา หรือไม่มีเสียง ประเมินตามรุ่นและสภาพจริงได้ฟรี ประเมินจากอะไร: ส่งรูปและวิดีโอสั้น ๆ ให้เห,/favicon.svg | /_astro/BaseLayout.Ce6jA0gB.css | /images/logo-ranrubsue-notebook-black-280.webp | /images/rubsue-notebook-process-steps-800.webp | /images/logo-ranrubsue-notebook-black-280.webp,,true
https://xn--42cn4aobed0eb6hubj4es0m5dhvd.com/%E0%B8%A3%E0%B8%B1%E0%B8%9A%E0%B8%8B%E0%B8%B7%E0%B9%89%E0%B8%AD%E0%B9%82%E0%B8%99%E0%B9%8A%E0%B8%95%E0%B8%9A%E0%B8%B8%E0%B9%8A%E0%B8%84/%E0%B8%A8%E0%B8%A3%E0%B8%B5%E0%B8%AA%E0%B8%B0%E0%B9%80%E0%B8%81%E0%B8%A9/,Other,200,https://xn--42cn4aobed0eb6hubj4es0m5dhvd.com/%E0%B8%A3%E0%B8%B1%E0%B8%9A%E0%B8%8B%E0%B8%B7%E0%B9%89%E0%B8%AD%E0%B9%82%E0%B8%99%E0%B9%8A%E0%B8%95%E0%B8%9A%E0%B8%B8%E0%B9%8A%E0%B8%84/%E0%B8%A8%E0%B8%A3%E0%B8%B5%E0%B8%AA%E0%B8%B0%E0%B9%80%E0%B8%81%E0%B8%A9/,รับซื้อโน๊ตบุ๊คศรีสะเกษ ประเมินฟรีผ่านไลน์ @webuy | ร้านรับซื้อโน๊ตบุ๊ค.com,รับซื้อโน๊ตบุ๊ค ศรีสะเกษ ประเมินไว ส่งรูปเช็คราคาฟรี,รับซื้อโน๊ตบุ๊ค ศรีสะเกษ ส่งรูป รุ่น สเปก และอาการเพื่อประเมินเบื้องต้น การนัดรับขึ้นอยู่กับพื้นที่ ตารางงาน และการยืนยัน หรือสอบถามขั้นตอนจัดส่งเครื่องมาตรวจได้,https://ร้านรับซื้อโน๊ตบุ๊ค.com/รับซื้อโน๊ตบุ๊ค/ศรีสะเกษ/,(none),true,false,1,true,true,45,หน้าแรก / รับซื้อโน๊ตบุ๊ค / ศรีสะเกษ รับซื้อโน๊ตบุ๊ค ศรีสะเกษ ประเมินไว ส่งรูปเช็คราคาฟรี รับซื้อโน๊ตบุ๊ค ศรีสะเกษ ส่งรูป รุ่น สเปก และอาการเพื่อประเมินเบื้องต้น การนัดรับขึ้นอยู่กับพื้นที่ ตารางงาน และการยืนยัน หรือสอบถ,/favicon.svg | /_astro/BaseLayout.Ce6jA0gB.css | /images/logo-ranrubsue-notebook-black-280.webp | /images/rubsue-notebook-process-steps-800.webp | /images/logo-ranrubsue-notebook-black-280.webp,,true
https://xn--42cn4aobed0eb6hubj4es0m5dhvd.com/%E0%B8%A3%E0%B8%B1%E0%B8%9A%E0%B8%8B%E0%B8%B7%E0%B9%89%E0%B8%AD%E0%B9%82%E0%B8%99%E0%B9%8A%E0%B8%95%E0%B8%9A%E0%B8%B8%E0%B9%8A%E0%B8%84/%E0%B8%AA%E0%B8%81%E0%B8%A5%E0%B8%99%E0%B8%84%E0%B8%A3/,Other,200,https://xn--42cn4aobed0eb6hubj4es0m5dhvd.com/%E0%B8%A3%E0%B8%B1%E0%B8%9A%E0%B8%8B%E0%B8%B7%E0%B9%89%E0%B8%AD%E0%B9%82%E0%B8%99%E0%B9%8A%E0%B8%95%E0%B8%9A%E0%B8%B8%E0%B9%8A%E0%B8%84/%E0%B8%AA%E0%B8%81%E0%B8%A5%E0%B8%99%E0%B8%84%E0%B8%A3/,รับซื้อโน๊ตบุ๊คสกลนคร ประเมินฟรีผ่านไลน์ @webuy | ร้านรับซื้อโน๊ตบุ๊ค.com,รับซื้อโน๊ตบุ๊ค สกลนคร ประเมินไว ส่งรูปเช็คราคาฟรี,รับซื้อโน๊ตบุ๊ค สกลนคร ส่งรูป รุ่น สเปก และอาการเพื่อประเมินเบื้องต้น การนัดรับขึ้นอยู่กับพื้นที่ ตารางงาน และการยืนยัน หรือสอบถามขั้นตอนจัดส่งเครื่องมาตรวจได้,https://ร้านรับซื้อโน๊ตบุ๊ค.com/รับซื้อโน๊ตบุ๊ค/สกลนคร/,(none),true,false,1,true,true,50,หน้าแรก / รับซื้อโน๊ตบุ๊ค / สกลนคร รับซื้อโน๊ตบุ๊ค สกลนคร ประเมินไว ส่งรูปเช็คราคาฟรี รับซื้อโน๊ตบุ๊ค สกลนคร ส่งรูป รุ่น สเปก และอาการเพื่อประเมินเบื้องต้น การนัดรับขึ้นอยู่กับพื้นที่ ตารางงาน และการยืนยัน หรือสอบถามขั้น,/favicon.svg | /_astro/BaseLayout.Ce6jA0gB.css | /images/logo-ranrubsue-notebook-black-280.webp | /images/rubsue-notebook-process-steps-800.webp | /images/logo-ranrubsue-notebook-black-280.webp,,true
https://xn--42cn4aobed0eb6hubj4es0m5dhvd.com/%E0%B8%A3%E0%B8%B1%E0%B8%9A%E0%B8%8B%E0%B8%B7%E0%B9%89%E0%B8%AD%E0%B9%82%E0%B8%99%E0%B9%8A%E0%B8%95%E0%B8%9A%E0%B8%B8%E0%B9%8A%E0%B8%84/%E0%B8%AA%E0%B8%87%E0%B8%82%E0%B8%A5%E0%B8%B2/,Other,200,https://xn--42cn4aobed0eb6hubj4es0m5dhvd.com/%E0%B8%A3%E0%B8%B1%E0%B8%9A%E0%B8%8B%E0%B8%B7%E0%B9%89%E0%B8%AD%E0%B9%82%E0%B8%99%E0%B9%8A%E0%B8%95%E0%B8%9A%E0%B8%B8%E0%B9%8A%E0%B8%84/%E0%B8%AA%E0%B8%87%E0%B8%82%E0%B8%A5%E0%B8%B2/,รับซื้อโน๊ตบุ๊คสงขลา ประเมินฟรีผ่านไลน์ @webuy | ร้านรับซื้อโน๊ตบุ๊ค.com,รับซื้อโน๊ตบุ๊ค สงขลา ประเมินไว ส่งรูปเช็คราคาฟรี,รับซื้อโน๊ตบุ๊ค สงขลา ส่งรูป รุ่น สเปก และอาการเพื่อประเมินเบื้องต้น การนัดรับขึ้นอยู่กับพื้นที่ ตารางงาน และการยืนยัน หรือสอบถามขั้นตอนจัดส่งเครื่องมาตรวจได้,https://ร้านรับซื้อโน๊ตบุ๊ค.com/รับซื้อโน๊ตบุ๊ค/สงขลา/,(none),true,false,1,true,true,49,หน้าแรก / รับซื้อโน๊ตบุ๊ค / สงขลา รับซื้อโน๊ตบุ๊ค สงขลา ประเมินไว ส่งรูปเช็คราคาฟรี รับซื้อโน๊ตบุ๊ค สงขลา ส่งรูป รุ่น สเปก และอาการเพื่อประเมินเบื้องต้น การนัดรับขึ้นอยู่กับพื้นที่ ตารางงาน และการยืนยัน หรือสอบถามขั้นตอน,/favicon.svg | /_astro/BaseLayout.Ce6jA0gB.css | /images/logo-ranrubsue-notebook-black-280.webp | /images/rubsue-notebook-process-steps-800.webp | /images/logo-ranrubsue-notebook-black-280.webp,,true
https://xn--42cn4aobed0eb6hubj4es0m5dhvd.com/%E0%B8%A3%E0%B8%B1%E0%B8%9A%E0%B8%8B%E0%B8%B7%E0%B9%89%E0%B8%AD%E0%B9%82%E0%B8%99%E0%B9%8A%E0%B8%95%E0%B8%9A%E0%B8%B8%E0%B9%8A%E0%B8%84/%E0%B8%AA%E0%B8%95%E0%B8%B9%E0%B8%A5/,Other,200,https://xn--42cn4aobed0eb6hubj4es0m5dhvd.com/%E0%B8%A3%E0%B8%B1%E0%B8%9A%E0%B8%8B%E0%B8%B7%E0%B9%89%E0%B8%AD%E0%B9%82%E0%B8%99%E0%B9%8A%E0%B8%95%E0%B8%9A%E0%B8%B8%E0%B9%8A%E0%B8%84/%E0%B8%AA%E0%B8%95%E0%B8%B9%E0%B8%A5/,รับซื้อโน๊ตบุ๊คสตูล ประเมินฟรี | ร้านรับซื้อโน๊ตบุ๊ค.com,รับซื้อโน๊ตบุ๊ค สตูล ประเมินไว ส่งรูปเช็คราคาฟรี,รับซื้อโน๊ตบุ๊ค สตูล ส่งรูป รุ่น สเปก และอาการเพื่อประเมินเบื้องต้น การนัดรับขึ้นอยู่กับพื้นที่ ตารางงาน และการยืนยัน หรือสอบถามขั้นตอนจัดส่งเครื่องมาตรวจได้,https://ร้านรับซื้อโน๊ตบุ๊ค.com/รับซื้อโน๊ตบุ๊ค/สตูล/,(none),true,false,1,true,true,47,หน้าแรก / รับซื้อโน๊ตบุ๊ค / สตูล รับซื้อโน๊ตบุ๊ค สตูล ประเมินไว ส่งรูปเช็คราคาฟรี รับซื้อโน๊ตบุ๊ค สตูล ส่งรูป รุ่น สเปก และอาการเพื่อประเมินเบื้องต้น การนัดรับขึ้นอยู่กับพื้นที่ ตารางงาน และการยืนยัน หรือสอบถามขั้นตอนจัด,/favicon.svg | /_astro/BaseLayout.Ce6jA0gB.css | /images/logo-ranrubsue-notebook-black-280.webp | /images/rubsue-notebook-process-steps-800.webp | /images/logo-ranrubsue-notebook-black-280.webp,,true
https://xn--42cn4aobed0eb6hubj4es0m5dhvd.com/%E0%B8%A3%E0%B8%B1%E0%B8%9A%E0%B8%8B%E0%B8%B7%E0%B9%89%E0%B8%AD%E0%B9%82%E0%B8%99%E0%B9%8A%E0%B8%95%E0%B8%9A%E0%B8%B8%E0%B9%8A%E0%B8%84/%E0%B8%AA%E0%B8%A1%E0%B8%B8%E0%B8%97%E0%B8%A3%E0%B8%9B%E0%B8%A3%E0%B8%B2%E0%B8%81%E0%B8%B2%E0%B8%A3/,Other,200,https://xn--42cn4aobed0eb6hubj4es0m5dhvd.com/%E0%B8%A3%E0%B8%B1%E0%B8%9A%E0%B8%8B%E0%B8%B7%E0%B9%89%E0%B8%AD%E0%B9%82%E0%B8%99%E0%B9%8A%E0%B8%95%E0%B8%9A%E0%B8%B8%E0%B9%8A%E0%B8%84/%E0%B8%AA%E0%B8%A1%E0%B8%B8%E0%B8%97%E0%B8%A3%E0%B8%9B%E0%B8%A3%E0%B8%B2%E0%B8%81%E0%B8%B2%E0%B8%A3/,รับซื้อโน๊ตบุ๊คสมุทรปราการ ประเมินฟรีผ่านไลน์ @webuy | ร้านรับซื้อโน๊ตบุ๊ค.com,รับซื้อโน๊ตบุ๊ค สมุทรปราการ ประเมินไว ส่งรูปเช็คราคาฟรี,รับซื้อโน๊ตบุ๊ค สมุทรปราการ ส่งรูป รุ่น สเปก และอาการเพื่อประเมินเบื้องต้น การนัดรับขึ้นอยู่กับพื้นที่ ตารางงาน และการยืนยัน หรือสอบถามขั้นตอนจัดส่งเครื่องมาตรวจได้,https://ร้านรับซื้อโน๊ตบุ๊ค.com/รับซื้อโน๊ตบุ๊ค/สมุทรปราการ/,(none),true,false,1,true,true,48,หน้าแรก / รับซื้อโน๊ตบุ๊ค / สมุทรปราการ รับซื้อโน๊ตบุ๊ค สมุทรปราการ ประเมินไว ส่งรูปเช็คราคาฟรี รับซื้อโน๊ตบุ๊ค สมุทรปราการ ส่งรูป รุ่น สเปก และอาการเพื่อประเมินเบื้องต้น การนัดรับขึ้นอยู่กับพื้นที่ ตารางงาน และการยืนยัน,/favicon.svg | /_astro/BaseLayout.Ce6jA0gB.css | /images/logo-ranrubsue-notebook-black-280.webp | /images/rubsue-notebook-process-steps-800.webp | /images/logo-ranrubsue-notebook-black-280.webp,,true
https://xn--42cn4aobed0eb6hubj4es0m5dhvd.com/%E0%B8%A3%E0%B8%B1%E0%B8%9A%E0%B8%8B%E0%B8%B7%E0%B9%89%E0%B8%AD%E0%B9%82%E0%B8%99%E0%B9%8A%E0%B8%95%E0%B8%9A%E0%B8%B8%E0%B9%8A%E0%B8%84/%E0%B8%AA%E0%B8%A1%E0%B8%B8%E0%B8%97%E0%B8%A3%E0%B8%AA%E0%B8%87%E0%B8%84%E0%B8%A3%E0%B8%B2%E0%B8%A1/,Other,200,https://xn--42cn4aobed0eb6hubj4es0m5dhvd.com/%E0%B8%A3%E0%B8%B1%E0%B8%9A%E0%B8%8B%E0%B8%B7%E0%B9%89%E0%B8%AD%E0%B9%82%E0%B8%99%E0%B9%8A%E0%B8%95%E0%B8%9A%E0%B8%B8%E0%B9%8A%E0%B8%84/%E0%B8%AA%E0%B8%A1%E0%B8%B8%E0%B8%97%E0%B8%A3%E0%B8%AA%E0%B8%87%E0%B8%84%E0%B8%A3%E0%B8%B2%E0%B8%A1/,รับซื้อโน๊ตบุ๊คสมุทรสงคราม ประเมินฟรีผ่านไลน์ @webuy | ร้านรับซื้อโน๊ตบุ๊ค.com,รับซื้อโน๊ตบุ๊ค สมุทรสงคราม ประเมินไว ส่งรูปเช็คราคาฟรี,รับซื้อโน๊ตบุ๊ค สมุทรสงคราม ส่งรูป รุ่น สเปก และอาการเพื่อประเมินเบื้องต้น การนัดรับขึ้นอยู่กับพื้นที่ ตารางงาน และการยืนยัน หรือสอบถามขั้นตอนจัดส่งเครื่องมาตรวจได้,https://ร้านรับซื้อโน๊ตบุ๊ค.com/รับซื้อโน๊ตบุ๊ค/สมุทรสงคราม/,(none),true,false,1,true,true,48,หน้าแรก / รับซื้อโน๊ตบุ๊ค / สมุทรสงคราม รับซื้อโน๊ตบุ๊ค สมุทรสงคราม ประเมินไว ส่งรูปเช็คราคาฟรี รับซื้อโน๊ตบุ๊ค สมุทรสงคราม ส่งรูป รุ่น สเปก และอาการเพื่อประเมินเบื้องต้น การนัดรับขึ้นอยู่กับพื้นที่ ตารางงาน และการยืนยัน,/favicon.svg | /_astro/BaseLayout.Ce6jA0gB.css | /images/logo-ranrubsue-notebook-black-280.webp | /images/rubsue-notebook-process-steps-800.webp | /images/logo-ranrubsue-notebook-black-280.webp,,true
https://xn--42cn4aobed0eb6hubj4es0m5dhvd.com/%E0%B8%A3%E0%B8%B1%E0%B8%9A%E0%B8%8B%E0%B8%B7%E0%B9%89%E0%B8%AD%E0%B9%82%E0%B8%99%E0%B9%8A%E0%B8%95%E0%B8%9A%E0%B8%B8%E0%B9%8A%E0%B8%84/%E0%B8%AA%E0%B8%A1%E0%B8%B8%E0%B8%97%E0%B8%A3%E0%B8%AA%E0%B8%B2%E0%B8%84%E0%B8%A3/,Other,200,https://xn--42cn4aobed0eb6hubj4es0m5dhvd.com/%E0%B8%A3%E0%B8%B1%E0%B8%9A%E0%B8%8B%E0%B8%B7%E0%B9%89%E0%B8%AD%E0%B9%82%E0%B8%99%E0%B9%8A%E0%B8%95%E0%B8%9A%E0%B8%B8%E0%B9%8A%E0%B8%84/%E0%B8%AA%E0%B8%A1%E0%B8%B8%E0%B8%97%E0%B8%A3%E0%B8%AA%E0%B8%B2%E0%B8%84%E0%B8%A3/,รับซื้อโน๊ตบุ๊คสมุทรสาคร ประเมินฟรีผ่านไลน์ @webuy | ร้านรับซื้อโน๊ตบุ๊ค.com,รับซื้อโน๊ตบุ๊ค สมุทรสาคร ประเมินไว ส่งรูปเช็คราคาฟรี,รับซื้อโน๊ตบุ๊ค สมุทรสาคร ส่งรูป รุ่น สเปก และอาการเพื่อประเมินเบื้องต้น การนัดรับขึ้นอยู่กับพื้นที่ ตารางงาน และการยืนยัน หรือสอบถามขั้นตอนจัดส่งเครื่องมาตรวจได้,https://ร้านรับซื้อโน๊ตบุ๊ค.com/รับซื้อโน๊ตบุ๊ค/สมุทรสาคร/,(none),true,false,1,true,true,51,หน้าแรก / รับซื้อโน๊ตบุ๊ค / สมุทรสาคร รับซื้อโน๊ตบุ๊ค สมุทรสาคร ประเมินไว ส่งรูปเช็คราคาฟรี รับซื้อโน๊ตบุ๊ค สมุทรสาคร ส่งรูป รุ่น สเปก และอาการเพื่อประเมินเบื้องต้น การนัดรับขึ้นอยู่กับพื้นที่ ตารางงาน และการยืนยัน หรือส,/favicon.svg | /_astro/BaseLayout.Ce6jA0gB.css | /images/logo-ranrubsue-notebook-black-280.webp | /images/rubsue-notebook-process-steps-800.webp | /images/logo-ranrubsue-notebook-black-280.webp,,true
https://xn--42cn4aobed0eb6hubj4es0m5dhvd.com/%E0%B8%A3%E0%B8%B1%E0%B8%9A%E0%B8%8B%E0%B8%B7%E0%B9%89%E0%B8%AD%E0%B9%82%E0%B8%99%E0%B9%8A%E0%B8%95%E0%B8%9A%E0%B8%B8%E0%B9%8A%E0%B8%84/%E0%B8%AA%E0%B8%A3%E0%B8%B0%E0%B8%9A%E0%B8%B8%E0%B8%A3%E0%B8%B5/,Other,200,https://xn--42cn4aobed0eb6hubj4es0m5dhvd.com/%E0%B8%A3%E0%B8%B1%E0%B8%9A%E0%B8%8B%E0%B8%B7%E0%B9%89%E0%B8%AD%E0%B9%82%E0%B8%99%E0%B9%8A%E0%B8%95%E0%B8%9A%E0%B8%B8%E0%B9%8A%E0%B8%84/%E0%B8%AA%E0%B8%A3%E0%B8%B0%E0%B8%9A%E0%B8%B8%E0%B8%A3%E0%B8%B5/,รับซื้อโน๊ตบุ๊คสระบุรี ประเมินฟรีผ่านไลน์ @webuy | ร้านรับซื้อโน๊ตบุ๊ค.com,รับซื้อโน๊ตบุ๊ค สระบุรี ประเมินไว ส่งรูปเช็คราคาฟรี,รับซื้อโน๊ตบุ๊ค สระบุรี ส่งรูป รุ่น สเปก และอาการเพื่อประเมินเบื้องต้น การนัดรับขึ้นอยู่กับพื้นที่ ตารางงาน และการยืนยัน หรือสอบถามขั้นตอนจัดส่งเครื่องมาตรวจได้,https://ร้านรับซื้อโน๊ตบุ๊ค.com/รับซื้อโน๊ตบุ๊ค/สระบุรี/,(none),true,false,1,true,true,45,หน้าแรก / รับซื้อโน๊ตบุ๊ค / สระบุรี รับซื้อโน๊ตบุ๊ค สระบุรี ประเมินไว ส่งรูปเช็คราคาฟรี รับซื้อโน๊ตบุ๊ค สระบุรี ส่งรูป รุ่น สเปก และอาการเพื่อประเมินเบื้องต้น การนัดรับขึ้นอยู่กับพื้นที่ ตารางงาน และการยืนยัน หรือสอบถามข,/favicon.svg | /_astro/BaseLayout.Ce6jA0gB.css | /images/logo-ranrubsue-notebook-black-280.webp | /images/rubsue-notebook-process-steps-800.webp | /images/logo-ranrubsue-notebook-black-280.webp,,true
https://xn--42cn4aobed0eb6hubj4es0m5dhvd.com/%E0%B8%A3%E0%B8%B1%E0%B8%9A%E0%B8%8B%E0%B8%B7%E0%B9%89%E0%B8%AD%E0%B9%82%E0%B8%99%E0%B9%8A%E0%B8%95%E0%B8%9A%E0%B8%B8%E0%B9%8A%E0%B8%84/%E0%B8%AA%E0%B8%A3%E0%B8%B0%E0%B9%81%E0%B8%81%E0%B9%89%E0%B8%A7/,Other,200,https://xn--42cn4aobed0eb6hubj4es0m5dhvd.com/%E0%B8%A3%E0%B8%B1%E0%B8%9A%E0%B8%8B%E0%B8%B7%E0%B9%89%E0%B8%AD%E0%B9%82%E0%B8%99%E0%B9%8A%E0%B8%95%E0%B8%9A%E0%B8%B8%E0%B9%8A%E0%B8%84/%E0%B8%AA%E0%B8%A3%E0%B8%B0%E0%B9%81%E0%B8%81%E0%B9%89%E0%B8%A7/,รับซื้อโน๊ตบุ๊คสระแก้ว ประเมินฟรีผ่านไลน์ @webuy | ร้านรับซื้อโน๊ตบุ๊ค.com,รับซื้อโน๊ตบุ๊ค สระแก้ว ประเมินไว ส่งรูปเช็คราคาฟรี,รับซื้อโน๊ตบุ๊ค สระแก้ว ส่งรูป รุ่น สเปก และอาการเพื่อประเมินเบื้องต้น การนัดรับขึ้นอยู่กับพื้นที่ ตารางงาน และการยืนยัน หรือสอบถามขั้นตอนจัดส่งเครื่องมาตรวจได้,https://ร้านรับซื้อโน๊ตบุ๊ค.com/รับซื้อโน๊ตบุ๊ค/สระแก้ว/,(none),true,false,1,true,true,47,หน้าแรก / รับซื้อโน๊ตบุ๊ค / สระแก้ว รับซื้อโน๊ตบุ๊ค สระแก้ว ประเมินไว ส่งรูปเช็คราคาฟรี รับซื้อโน๊ตบุ๊ค สระแก้ว ส่งรูป รุ่น สเปก และอาการเพื่อประเมินเบื้องต้น การนัดรับขึ้นอยู่กับพื้นที่ ตารางงาน และการยืนยัน หรือสอบถามข,/favicon.svg | /_astro/BaseLayout.Ce6jA0gB.css | /images/logo-ranrubsue-notebook-black-280.webp | /images/rubsue-notebook-process-steps-800.webp | /images/logo-ranrubsue-notebook-black-280.webp,,true
https://xn--42cn4aobed0eb6hubj4es0m5dhvd.com/%E0%B8%A3%E0%B8%B1%E0%B8%9A%E0%B8%8B%E0%B8%B7%E0%B9%89%E0%B8%AD%E0%B9%82%E0%B8%99%E0%B9%8A%E0%B8%95%E0%B8%9A%E0%B8%B8%E0%B9%8A%E0%B8%84/%E0%B8%AA%E0%B8%B4%E0%B8%87%E0%B8%AB%E0%B9%8C%E0%B8%9A%E0%B8%B8%E0%B8%A3%E0%B8%B5/,Other,200,https://xn--42cn4aobed0eb6hubj4es0m5dhvd.com/%E0%B8%A3%E0%B8%B1%E0%B8%9A%E0%B8%8B%E0%B8%B7%E0%B9%89%E0%B8%AD%E0%B9%82%E0%B8%99%E0%B9%8A%E0%B8%95%E0%B8%9A%E0%B8%B8%E0%B9%8A%E0%B8%84/%E0%B8%AA%E0%B8%B4%E0%B8%87%E0%B8%AB%E0%B9%8C%E0%B8%9A%E0%B8%B8%E0%B8%A3%E0%B8%B5/,รับซื้อโน๊ตบุ๊คสิงห์บุรี ประเมินฟรีผ่านไลน์ @webuy | ร้านรับซื้อโน๊ตบุ๊ค.com,รับซื้อโน๊ตบุ๊ค สิงห์บุรี ประเมินไว ส่งรูปเช็คราคาฟรี,รับซื้อโน๊ตบุ๊ค สิงห์บุรี ส่งรูป รุ่น สเปก และอาการเพื่อประเมินเบื้องต้น การนัดรับขึ้นอยู่กับพื้นที่ ตารางงาน และการยืนยัน หรือสอบถามขั้นตอนจัดส่งเครื่องมาตรวจได้,https://ร้านรับซื้อโน๊ตบุ๊ค.com/รับซื้อโน๊ตบุ๊ค/สิงห์บุรี/,(none),true,false,1,true,true,47,หน้าแรก / รับซื้อโน๊ตบุ๊ค / สิงห์บุรี รับซื้อโน๊ตบุ๊ค สิงห์บุรี ประเมินไว ส่งรูปเช็คราคาฟรี รับซื้อโน๊ตบุ๊ค สิงห์บุรี ส่งรูป รุ่น สเปก และอาการเพื่อประเมินเบื้องต้น การนัดรับขึ้นอยู่กับพื้นที่ ตารางงาน และการยืนยัน หรือส,/favicon.svg | /_astro/BaseLayout.Ce6jA0gB.css | /images/logo-ranrubsue-notebook-black-280.webp | /images/rubsue-notebook-process-steps-800.webp | /images/logo-ranrubsue-notebook-black-280.webp,,true
https://xn--42cn4aobed0eb6hubj4es0m5dhvd.com/%E0%B8%A3%E0%B8%B1%E0%B8%9A%E0%B8%8B%E0%B8%B7%E0%B9%89%E0%B8%AD%E0%B9%82%E0%B8%99%E0%B9%8A%E0%B8%95%E0%B8%9A%E0%B8%B8%E0%B9%8A%E0%B8%84/%E0%B8%AA%E0%B8%B8%E0%B8%9E%E0%B8%A3%E0%B8%A3%E0%B8%93%E0%B8%9A%E0%B8%B8%E0%B8%A3%E0%B8%B5/,Other,200,https://xn--42cn4aobed0eb6hubj4es0m5dhvd.com/%E0%B8%A3%E0%B8%B1%E0%B8%9A%E0%B8%8B%E0%B8%B7%E0%B9%89%E0%B8%AD%E0%B9%82%E0%B8%99%E0%B9%8A%E0%B8%95%E0%B8%9A%E0%B8%B8%E0%B9%8A%E0%B8%84/%E0%B8%AA%E0%B8%B8%E0%B8%9E%E0%B8%A3%E0%B8%A3%E0%B8%93%E0%B8%9A%E0%B8%B8%E0%B8%A3%E0%B8%B5/,รับซื้อโน๊ตบุ๊คสุพรรณบุรี ประเมินฟรี | ร้านรับซื้อโน๊ตบุ๊ค.com,รับซื้อโน๊ตบุ๊ค สุพรรณบุรี ประเมินไว ส่งรูปเช็คราคาฟรี,รับซื้อโน๊ตบุ๊ค สุพรรณบุรี ส่งรูป รุ่น สเปก และอาการเพื่อประเมินเบื้องต้น การนัดรับขึ้นอยู่กับพื้นที่ ตารางงาน และการยืนยัน หรือสอบถามขั้นตอนจัดส่งเครื่องมาตรวจได้,https://ร้านรับซื้อโน๊ตบุ๊ค.com/รับซื้อโน๊ตบุ๊ค/สุพรรณบุรี/,(none),true,false,1,true,true,47,หน้าแรก / รับซื้อโน๊ตบุ๊ค / สุพรรณบุรี รับซื้อโน๊ตบุ๊ค สุพรรณบุรี ประเมินไว ส่งรูปเช็คราคาฟรี รับซื้อโน๊ตบุ๊ค สุพรรณบุรี ส่งรูป รุ่น สเปก และอาการเพื่อประเมินเบื้องต้น การนัดรับขึ้นอยู่กับพื้นที่ ตารางงาน และการยืนยัน หร,/favicon.svg | /_astro/BaseLayout.Ce6jA0gB.css | /images/logo-ranrubsue-notebook-black-280.webp | /images/rubsue-notebook-process-steps-800.webp | /images/logo-ranrubsue-notebook-black-280.webp,,true
https://xn--42cn4aobed0eb6hubj4es0m5dhvd.com/%E0%B8%A3%E0%B8%B1%E0%B8%9A%E0%B8%8B%E0%B8%B7%E0%B9%89%E0%B8%AD%E0%B9%82%E0%B8%99%E0%B9%8A%E0%B8%95%E0%B8%9A%E0%B8%B8%E0%B9%8A%E0%B8%84/%E0%B8%AA%E0%B8%B8%E0%B8%A3%E0%B8%B2%E0%B8%A9%E0%B8%8E%E0%B8%A3%E0%B9%8C%E0%B8%98%E0%B8%B2%E0%B8%99%E0%B8%B5/,Other,200,https://xn--42cn4aobed0eb6hubj4es0m5dhvd.com/%E0%B8%A3%E0%B8%B1%E0%B8%9A%E0%B8%8B%E0%B8%B7%E0%B9%89%E0%B8%AD%E0%B9%82%E0%B8%99%E0%B9%8A%E0%B8%95%E0%B8%9A%E0%B8%B8%E0%B9%8A%E0%B8%84/%E0%B8%AA%E0%B8%B8%E0%B8%A3%E0%B8%B2%E0%B8%A9%E0%B8%8E%E0%B8%A3%E0%B9%8C%E0%B8%98%E0%B8%B2%E0%B8%99%E0%B8%B5/,รับซื้อโน๊ตบุ๊คสุราษฎร์ธานี ประเมินฟรีผ่านไลน์ @webuy | ร้านรับซื้อโน๊ตบุ๊ค.com,รับซื้อโน๊ตบุ๊ค สุราษฎร์ธานี ประเมินไว ส่งรูปเช็คราคาฟรี,รับซื้อโน๊ตบุ๊ค สุราษฎร์ธานี ส่งรูป รุ่น สเปก และอาการเพื่อประเมินเบื้องต้น การนัดรับขึ้นอยู่กับพื้นที่ ตารางงาน และการยืนยัน หรือสอบถามขั้นตอนจัดส่งเครื่องมาตรวจได้,https://ร้านรับซื้อโน๊ตบุ๊ค.com/รับซื้อโน๊ตบุ๊ค/สุราษฎร์ธานี/,(none),true,false,1,true,true,47,หน้าแรก / รับซื้อโน๊ตบุ๊ค / สุราษฎร์ธานี รับซื้อโน๊ตบุ๊ค สุราษฎร์ธานี ประเมินไว ส่งรูปเช็คราคาฟรี รับซื้อโน๊ตบุ๊ค สุราษฎร์ธานี ส่งรูป รุ่น สเปก และอาการเพื่อประเมินเบื้องต้น การนัดรับขึ้นอยู่กับพื้นที่ ตารางงาน และการยืน,/favicon.svg | /_astro/BaseLayout.Ce6jA0gB.css | /images/logo-ranrubsue-notebook-black-280.webp | /images/rubsue-notebook-process-steps-800.webp | /images/logo-ranrubsue-notebook-black-280.webp,,true
https://xn--42cn4aobed0eb6hubj4es0m5dhvd.com/%E0%B8%A3%E0%B8%B1%E0%B8%9A%E0%B8%8B%E0%B8%B7%E0%B9%89%E0%B8%AD%E0%B9%82%E0%B8%99%E0%B9%8A%E0%B8%95%E0%B8%9A%E0%B8%B8%E0%B9%8A%E0%B8%84/%E0%B8%AA%E0%B8%B8%E0%B8%A3%E0%B8%B4%E0%B8%99%E0%B8%97%E0%B8%A3%E0%B9%8C/,Other,200,https://xn--42cn4aobed0eb6hubj4es0m5dhvd.com/%E0%B8%A3%E0%B8%B1%E0%B8%9A%E0%B8%8B%E0%B8%B7%E0%B9%89%E0%B8%AD%E0%B9%82%E0%B8%99%E0%B9%8A%E0%B8%95%E0%B8%9A%E0%B8%B8%E0%B9%8A%E0%B8%84/%E0%B8%AA%E0%B8%B8%E0%B8%A3%E0%B8%B4%E0%B8%99%E0%B8%97%E0%B8%A3%E0%B9%8C/,รับซื้อโน๊ตบุ๊คสุรินทร์ ประเมินฟรีผ่านไลน์ @webuy | ร้านรับซื้อโน๊ตบุ๊ค.com,รับซื้อโน๊ตบุ๊ค สุรินทร์ ประเมินไว ส่งรูปเช็คราคาฟรี,รับซื้อโน๊ตบุ๊ค สุรินทร์ ส่งรูป รุ่น สเปก และอาการเพื่อประเมินเบื้องต้น การนัดรับขึ้นอยู่กับพื้นที่ ตารางงาน และการยืนยัน หรือสอบถามขั้นตอนจัดส่งเครื่องมาตรวจได้,https://ร้านรับซื้อโน๊ตบุ๊ค.com/รับซื้อโน๊ตบุ๊ค/สุรินทร์/,(none),true,false,1,true,true,47,หน้าแรก / รับซื้อโน๊ตบุ๊ค / สุรินทร์ รับซื้อโน๊ตบุ๊ค สุรินทร์ ประเมินไว ส่งรูปเช็คราคาฟรี รับซื้อโน๊ตบุ๊ค สุรินทร์ ส่งรูป รุ่น สเปก และอาการเพื่อประเมินเบื้องต้น การนัดรับขึ้นอยู่กับพื้นที่ ตารางงาน และการยืนยัน หรือสอบถ,/favicon.svg | /_astro/BaseLayout.Ce6jA0gB.css | /images/logo-ranrubsue-notebook-black-280.webp | /images/rubsue-notebook-process-steps-800.webp | /images/logo-ranrubsue-notebook-black-280.webp,,true
https://xn--42cn4aobed0eb6hubj4es0m5dhvd.com/%E0%B8%A3%E0%B8%B1%E0%B8%9A%E0%B8%8B%E0%B8%B7%E0%B9%89%E0%B8%AD%E0%B9%82%E0%B8%99%E0%B9%8A%E0%B8%95%E0%B8%9A%E0%B8%B8%E0%B9%8A%E0%B8%84/%E0%B8%AA%E0%B8%B8%E0%B9%82%E0%B8%82%E0%B8%97%E0%B8%B1%E0%B8%A2/,Other,200,https://xn--42cn4aobed0eb6hubj4es0m5dhvd.com/%E0%B8%A3%E0%B8%B1%E0%B8%9A%E0%B8%8B%E0%B8%B7%E0%B9%89%E0%B8%AD%E0%B9%82%E0%B8%99%E0%B9%8A%E0%B8%95%E0%B8%9A%E0%B8%B8%E0%B9%8A%E0%B8%84/%E0%B8%AA%E0%B8%B8%E0%B9%82%E0%B8%82%E0%B8%97%E0%B8%B1%E0%B8%A2/,รับซื้อโน๊ตบุ๊คสุโขทัย ประเมินฟรี | ร้านรับซื้อโน๊ตบุ๊ค.com,รับซื้อโน๊ตบุ๊ค สุโขทัย ประเมินไว ส่งรูปเช็คราคาฟรี,รับซื้อโน๊ตบุ๊ค สุโขทัย ส่งรูป รุ่น สเปก และอาการเพื่อประเมินเบื้องต้น การนัดรับขึ้นอยู่กับพื้นที่ ตารางงาน และการยืนยัน หรือสอบถามขั้นตอนจัดส่งเครื่องมาตรวจได้,https://ร้านรับซื้อโน๊ตบุ๊ค.com/รับซื้อโน๊ตบุ๊ค/สุโขทัย/,(none),true,false,1,true,true,48,หน้าแรก / รับซื้อโน๊ตบุ๊ค / สุโขทัย รับซื้อโน๊ตบุ๊ค สุโขทัย ประเมินไว ส่งรูปเช็คราคาฟรี รับซื้อโน๊ตบุ๊ค สุโขทัย ส่งรูป รุ่น สเปก และอาการเพื่อประเมินเบื้องต้น การนัดรับขึ้นอยู่กับพื้นที่ ตารางงาน และการยืนยัน หรือสอบถามข,/favicon.svg | /_astro/BaseLayout.Ce6jA0gB.css | /images/logo-ranrubsue-notebook-black-280.webp | /images/rubsue-notebook-process-steps-800.webp | /images/logo-ranrubsue-notebook-black-280.webp,,true
https://xn--42cn4aobed0eb6hubj4es0m5dhvd.com/%E0%B8%A3%E0%B8%B1%E0%B8%9A%E0%B8%8B%E0%B8%B7%E0%B9%89%E0%B8%AD%E0%B9%82%E0%B8%99%E0%B9%8A%E0%B8%95%E0%B8%9A%E0%B8%B8%E0%B9%8A%E0%B8%84/%E0%B8%AB%E0%B8%99%E0%B8%AD%E0%B8%87%E0%B8%84%E0%B8%B2%E0%B8%A2/,Other,200,https://xn--42cn4aobed0eb6hubj4es0m5dhvd.com/%E0%B8%A3%E0%B8%B1%E0%B8%9A%E0%B8%8B%E0%B8%B7%E0%B9%89%E0%B8%AD%E0%B9%82%E0%B8%99%E0%B9%8A%E0%B8%95%E0%B8%9A%E0%B8%B8%E0%B9%8A%E0%B8%84/%E0%B8%AB%E0%B8%99%E0%B8%AD%E0%B8%87%E0%B8%84%E0%B8%B2%E0%B8%A2/,รับซื้อโน๊ตบุ๊คหนองคาย ประเมินฟรีผ่านไลน์ @webuy | ร้านรับซื้อโน๊ตบุ๊ค.com,รับซื้อโน๊ตบุ๊ค หนองคาย ประเมินไว ส่งรูปเช็คราคาฟรี,รับซื้อโน๊ตบุ๊ค หนองคาย ส่งรูป รุ่น สเปก และอาการเพื่อประเมินเบื้องต้น การนัดรับขึ้นอยู่กับพื้นที่ ตารางงาน และการยืนยัน หรือสอบถามขั้นตอนจัดส่งเครื่องมาตรวจได้,https://ร้านรับซื้อโน๊ตบุ๊ค.com/รับซื้อโน๊ตบุ๊ค/หนองคาย/,(none),true,false,1,true,true,46,หน้าแรก / รับซื้อโน๊ตบุ๊ค / หนองคาย รับซื้อโน๊ตบุ๊ค หนองคาย ประเมินไว ส่งรูปเช็คราคาฟรี รับซื้อโน๊ตบุ๊ค หนองคาย ส่งรูป รุ่น สเปก และอาการเพื่อประเมินเบื้องต้น การนัดรับขึ้นอยู่กับพื้นที่ ตารางงาน และการยืนยัน หรือสอบถามข,/favicon.svg | /_astro/BaseLayout.Ce6jA0gB.css | /images/logo-ranrubsue-notebook-black-280.webp | /images/rubsue-notebook-process-steps-800.webp | /images/logo-ranrubsue-notebook-black-280.webp,,true
https://xn--42cn4aobed0eb6hubj4es0m5dhvd.com/%E0%B8%A3%E0%B8%B1%E0%B8%9A%E0%B8%8B%E0%B8%B7%E0%B9%89%E0%B8%AD%E0%B9%82%E0%B8%99%E0%B9%8A%E0%B8%95%E0%B8%9A%E0%B8%B8%E0%B9%8A%E0%B8%84/%E0%B8%AB%E0%B8%99%E0%B8%AD%E0%B8%87%E0%B8%9A%E0%B8%B1%E0%B8%A7%E0%B8%A5%E0%B8%B3%E0%B8%A0%E0%B8%B9/,Other,200,https://xn--42cn4aobed0eb6hubj4es0m5dhvd.com/%E0%B8%A3%E0%B8%B1%E0%B8%9A%E0%B8%8B%E0%B8%B7%E0%B9%89%E0%B8%AD%E0%B9%82%E0%B8%99%E0%B9%8A%E0%B8%95%E0%B8%9A%E0%B8%B8%E0%B9%8A%E0%B8%84/%E0%B8%AB%E0%B8%99%E0%B8%AD%E0%B8%87%E0%B8%9A%E0%B8%B1%E0%B8%A7%E0%B8%A5%E0%B8%B3%E0%B8%A0%E0%B8%B9/,รับซื้อโน๊ตบุ๊คหนองบัวลำภู ประเมินฟรีผ่านไลน์ @webuy | ร้านรับซื้อโน๊ตบุ๊ค.com,รับซื้อโน๊ตบุ๊ค หนองบัวลำภู ประเมินไว ส่งรูปเช็คราคาฟรี,รับซื้อโน๊ตบุ๊ค หนองบัวลำภู ส่งรูป รุ่น สเปก และอาการเพื่อประเมินเบื้องต้น การนัดรับขึ้นอยู่กับพื้นที่ ตารางงาน และการยืนยัน หรือสอบถามขั้นตอนจัดส่งเครื่องมาตรวจได้,https://ร้านรับซื้อโน๊ตบุ๊ค.com/รับซื้อโน๊ตบุ๊ค/หนองบัวลำภู/,(none),true,false,1,true,true,52,หน้าแรก / รับซื้อโน๊ตบุ๊ค / หนองบัวลำภู รับซื้อโน๊ตบุ๊ค หนองบัวลำภู ประเมินไว ส่งรูปเช็คราคาฟรี รับซื้อโน๊ตบุ๊ค หนองบัวลำภู ส่งรูป รุ่น สเปก และอาการเพื่อประเมินเบื้องต้น การนัดรับขึ้นอยู่กับพื้นที่ ตารางงาน และการยืนยัน,/favicon.svg | /_astro/BaseLayout.Ce6jA0gB.css | /images/logo-ranrubsue-notebook-black-280.webp | /images/rubsue-notebook-process-steps-800.webp | /images/logo-ranrubsue-notebook-black-280.webp,,true
https://xn--42cn4aobed0eb6hubj4es0m5dhvd.com/%E0%B8%A3%E0%B8%B1%E0%B8%9A%E0%B8%8B%E0%B8%B7%E0%B9%89%E0%B8%AD%E0%B9%82%E0%B8%99%E0%B9%8A%E0%B8%95%E0%B8%9A%E0%B8%B8%E0%B9%8A%E0%B8%84/%E0%B8%AB%E0%B8%B2%E0%B8%94%E0%B9%83%E0%B8%AB%E0%B8%8D%E0%B9%88/,Other,200,https://xn--42cn4aobed0eb6hubj4es0m5dhvd.com/%E0%B8%A3%E0%B8%B1%E0%B8%9A%E0%B8%8B%E0%B8%B7%E0%B9%89%E0%B8%AD%E0%B9%82%E0%B8%99%E0%B9%8A%E0%B8%95%E0%B8%9A%E0%B8%B8%E0%B9%8A%E0%B8%84/%E0%B8%AB%E0%B8%B2%E0%B8%94%E0%B9%83%E0%B8%AB%E0%B8%8D%E0%B9%88/,รับซื้อโน๊ตบุ๊คหาดใหญ่ ประเมินฟรีผ่านไลน์ @webuy | ร้านรับซื้อโน๊ตบุ๊ค.com,รับซื้อโน๊ตบุ๊ค หาดใหญ่ ประเมินไว ส่งรูปเช็คราคาฟรี,รับซื้อโน๊ตบุ๊ค หาดใหญ่ ส่งรูป รุ่น สเปก และอาการเพื่อประเมินเบื้องต้น การนัดรับขึ้นอยู่กับพื้นที่ ตารางงาน และการยืนยัน หรือสอบถามขั้นตอนจัดส่งเครื่องมาตรวจได้,https://ร้านรับซื้อโน๊ตบุ๊ค.com/รับซื้อโน๊ตบุ๊ค/หาดใหญ่/,(none),true,false,1,true,true,45,หน้าแรก / รับซื้อโน๊ตบุ๊ค / หาดใหญ่ รับซื้อโน๊ตบุ๊ค หาดใหญ่ ประเมินไว ส่งรูปเช็คราคาฟรี รับซื้อโน๊ตบุ๊ค หาดใหญ่ ส่งรูป รุ่น สเปก และอาการเพื่อประเมินเบื้องต้น การนัดรับขึ้นอยู่กับพื้นที่ ตารางงาน และการยืนยัน หรือสอบถามข,/favicon.svg | /_astro/BaseLayout.Ce6jA0gB.css | /images/logo-ranrubsue-notebook-black-280.webp | /images/rubsue-notebook-process-steps-800.webp | /images/logo-ranrubsue-notebook-black-280.webp,,true
https://xn--42cn4aobed0eb6hubj4es0m5dhvd.com/%E0%B8%A3%E0%B8%B1%E0%B8%9A%E0%B8%8B%E0%B8%B7%E0%B9%89%E0%B8%AD%E0%B9%82%E0%B8%99%E0%B9%8A%E0%B8%95%E0%B8%9A%E0%B8%B8%E0%B9%8A%E0%B8%84/%E0%B8%AB%E0%B9%89%E0%B8%A7%E0%B8%A2%E0%B8%82%E0%B8%A7%E0%B8%B2%E0%B8%87/,Other,200,https://xn--42cn4aobed0eb6hubj4es0m5dhvd.com/%E0%B8%A3%E0%B8%B1%E0%B8%9A%E0%B8%8B%E0%B8%B7%E0%B9%89%E0%B8%AD%E0%B9%82%E0%B8%99%E0%B9%8A%E0%B8%95%E0%B8%9A%E0%B8%B8%E0%B9%8A%E0%B8%84/%E0%B8%AB%E0%B9%89%E0%B8%A7%E0%B8%A2%E0%B8%82%E0%B8%A7%E0%B8%B2%E0%B8%87/,รับซื้อโน๊ตบุ๊คห้วยขวาง ประเมินฟรีผ่านไลน์ @webuy | ร้านรับซื้อโน๊ตบุ๊ค.com,รับซื้อโน๊ตบุ๊ค ห้วยขวาง ประเมินไว ส่งรูปเช็คราคาฟรี,รับซื้อโน๊ตบุ๊ค ห้วยขวาง ส่งรูป รุ่น สเปก และอาการเพื่อประเมินเบื้องต้น การนัดรับขึ้นอยู่กับพื้นที่ ตารางงาน และการยืนยัน หรือสอบถามขั้นตอนจัดส่งเครื่องมาตรวจได้,https://ร้านรับซื้อโน๊ตบุ๊ค.com/รับซื้อโน๊ตบุ๊ค/ห้วยขวาง/,(none),true,false,1,true,true,47,หน้าแรก / รับซื้อโน๊ตบุ๊ค / ห้วยขวาง รับซื้อโน๊ตบุ๊ค ห้วยขวาง ประเมินไว ส่งรูปเช็คราคาฟรี รับซื้อโน๊ตบุ๊ค ห้วยขวาง ส่งรูป รุ่น สเปก และอาการเพื่อประเมินเบื้องต้น การนัดรับขึ้นอยู่กับพื้นที่ ตารางงาน และการยืนยัน หรือสอบถ,/favicon.svg | /_astro/BaseLayout.Ce6jA0gB.css | /images/logo-ranrubsue-notebook-black-280.webp | /images/rubsue-notebook-process-steps-800.webp | /images/logo-ranrubsue-notebook-black-280.webp,,true
https://xn--42cn4aobed0eb6hubj4es0m5dhvd.com/%E0%B8%A3%E0%B8%B1%E0%B8%9A%E0%B8%8B%E0%B8%B7%E0%B9%89%E0%B8%AD%E0%B9%82%E0%B8%99%E0%B9%8A%E0%B8%95%E0%B8%9A%E0%B8%B8%E0%B9%8A%E0%B8%84/%E0%B8%AD%E0%B8%A2%E0%B8%B8%E0%B8%98%E0%B8%A2%E0%B8%B2/,Other,200,https://xn--42cn4aobed0eb6hubj4es0m5dhvd.com/%E0%B8%A3%E0%B8%B1%E0%B8%9A%E0%B8%8B%E0%B8%B7%E0%B9%89%E0%B8%AD%E0%B9%82%E0%B8%99%E0%B9%8A%E0%B8%95%E0%B8%9A%E0%B8%B8%E0%B9%8A%E0%B8%84/%E0%B8%AD%E0%B8%A2%E0%B8%B8%E0%B8%98%E0%B8%A2%E0%B8%B2/,รับซื้อโน๊ตบุ๊คอยุธยา ประเมินฟรีผ่านไลน์ @webuy | ร้านรับซื้อโน๊ตบุ๊ค.com,รับซื้อโน๊ตบุ๊ค อยุธยา ประเมินไว ส่งรูปเช็คราคาฟรี,รับซื้อโน๊ตบุ๊ค อยุธยา ส่งรูป รุ่น สเปก และอาการเพื่อประเมินเบื้องต้น การนัดรับขึ้นอยู่กับพื้นที่ ตารางงาน และการยืนยัน หรือสอบถามขั้นตอนจัดส่งเครื่องมาตรวจได้,https://ร้านรับซื้อโน๊ตบุ๊ค.com/รับซื้อโน๊ตบุ๊ค/อยุธยา/,(none),true,false,1,true,true,48,หน้าแรก / รับซื้อโน๊ตบุ๊ค / อยุธยา รับซื้อโน๊ตบุ๊ค อยุธยา ประเมินไว ส่งรูปเช็คราคาฟรี รับซื้อโน๊ตบุ๊ค อยุธยา ส่งรูป รุ่น สเปก และอาการเพื่อประเมินเบื้องต้น การนัดรับขึ้นอยู่กับพื้นที่ ตารางงาน และการยืนยัน หรือสอบถามขั้น,/favicon.svg | /_astro/BaseLayout.Ce6jA0gB.css | /images/logo-ranrubsue-notebook-black-280.webp | /images/rubsue-notebook-process-steps-800.webp | /images/logo-ranrubsue-notebook-black-280.webp,,true
https://xn--42cn4aobed0eb6hubj4es0m5dhvd.com/%E0%B8%A3%E0%B8%B1%E0%B8%9A%E0%B8%8B%E0%B8%B7%E0%B9%89%E0%B8%AD%E0%B9%82%E0%B8%99%E0%B9%8A%E0%B8%95%E0%B8%9A%E0%B8%B8%E0%B9%8A%E0%B8%84/%E0%B8%AD%E0%B8%B3%E0%B8%99%E0%B8%B2%E0%B8%88%E0%B9%80%E0%B8%88%E0%B8%A3%E0%B8%B4%E0%B8%8D/,Other,200,https://xn--42cn4aobed0eb6hubj4es0m5dhvd.com/%E0%B8%A3%E0%B8%B1%E0%B8%9A%E0%B8%8B%E0%B8%B7%E0%B9%89%E0%B8%AD%E0%B9%82%E0%B8%99%E0%B9%8A%E0%B8%95%E0%B8%9A%E0%B8%B8%E0%B9%8A%E0%B8%84/%E0%B8%AD%E0%B8%B3%E0%B8%99%E0%B8%B2%E0%B8%88%E0%B9%80%E0%B8%88%E0%B8%A3%E0%B8%B4%E0%B8%8D/,รับซื้อโน๊ตบุ๊คอำนาจเจริญ ประเมินฟรีผ่านไลน์ @webuy | ร้านรับซื้อโน๊ตบุ๊ค.com,รับซื้อโน๊ตบุ๊ค อำนาจเจริญ ประเมินไว ส่งรูปเช็คราคาฟรี,รับซื้อโน๊ตบุ๊ค อำนาจเจริญ ส่งรูป รุ่น สเปก และอาการเพื่อประเมินเบื้องต้น การนัดรับขึ้นอยู่กับพื้นที่ ตารางงาน และการยืนยัน หรือสอบถามขั้นตอนจัดส่งเครื่องมาตรวจได้,https://ร้านรับซื้อโน๊ตบุ๊ค.com/รับซื้อโน๊ตบุ๊ค/อำนาจเจริญ/,(none),true,false,1,true,true,44,หน้าแรก / รับซื้อโน๊ตบุ๊ค / อำนาจเจริญ รับซื้อโน๊ตบุ๊ค อำนาจเจริญ ประเมินไว ส่งรูปเช็คราคาฟรี รับซื้อโน๊ตบุ๊ค อำนาจเจริญ ส่งรูป รุ่น สเปก และอาการเพื่อประเมินเบื้องต้น การนัดรับขึ้นอยู่กับพื้นที่ ตารางงาน และการยืนยัน หร,/favicon.svg | /_astro/BaseLayout.Ce6jA0gB.css | /images/logo-ranrubsue-notebook-black-280.webp | /images/rubsue-notebook-process-steps-800.webp | /images/logo-ranrubsue-notebook-black-280.webp,,true
https://xn--42cn4aobed0eb6hubj4es0m5dhvd.com/%E0%B8%A3%E0%B8%B1%E0%B8%9A%E0%B8%8B%E0%B8%B7%E0%B9%89%E0%B8%AD%E0%B9%82%E0%B8%99%E0%B9%8A%E0%B8%95%E0%B8%9A%E0%B8%B8%E0%B9%8A%E0%B8%84/%E0%B8%AD%E0%B8%B8%E0%B8%94%E0%B8%A3%E0%B8%98%E0%B8%B2%E0%B8%99%E0%B8%B5/,Other,200,https://xn--42cn4aobed0eb6hubj4es0m5dhvd.com/%E0%B8%A3%E0%B8%B1%E0%B8%9A%E0%B8%8B%E0%B8%B7%E0%B9%89%E0%B8%AD%E0%B9%82%E0%B8%99%E0%B9%8A%E0%B8%95%E0%B8%9A%E0%B8%B8%E0%B9%8A%E0%B8%84/%E0%B8%AD%E0%B8%B8%E0%B8%94%E0%B8%A3%E0%B8%98%E0%B8%B2%E0%B8%99%E0%B8%B5/,รับซื้อโน๊ตบุ๊คอุดรธานี ประเมินฟรีผ่านไลน์ @webuy | ร้านรับซื้อโน๊ตบุ๊ค.com,รับซื้อโน๊ตบุ๊ค อุดรธานี ประเมินไว ส่งรูปเช็คราคาฟรี,รับซื้อโน๊ตบุ๊ค อุดรธานี ส่งรูป รุ่น สเปก และอาการเพื่อประเมินเบื้องต้น การนัดรับขึ้นอยู่กับพื้นที่ ตารางงาน และการยืนยัน หรือสอบถามขั้นตอนจัดส่งเครื่องมาตรวจได้,https://ร้านรับซื้อโน๊ตบุ๊ค.com/รับซื้อโน๊ตบุ๊ค/อุดรธานี/,(none),true,false,1,true,true,47,หน้าแรก / รับซื้อโน๊ตบุ๊ค / อุดรธานี รับซื้อโน๊ตบุ๊ค อุดรธานี ประเมินไว ส่งรูปเช็คราคาฟรี รับซื้อโน๊ตบุ๊ค อุดรธานี ส่งรูป รุ่น สเปก และอาการเพื่อประเมินเบื้องต้น การนัดรับขึ้นอยู่กับพื้นที่ ตารางงาน และการยืนยัน หรือสอบถ,/favicon.svg | /_astro/BaseLayout.Ce6jA0gB.css | /images/logo-ranrubsue-notebook-black-280.webp | /images/rubsue-notebook-process-steps-800.webp | /images/logo-ranrubsue-notebook-black-280.webp,,true
https://xn--42cn4aobed0eb6hubj4es0m5dhvd.com/%E0%B8%A3%E0%B8%B1%E0%B8%9A%E0%B8%8B%E0%B8%B7%E0%B9%89%E0%B8%AD%E0%B9%82%E0%B8%99%E0%B9%8A%E0%B8%95%E0%B8%9A%E0%B8%B8%E0%B9%8A%E0%B8%84/%E0%B8%AD%E0%B8%B8%E0%B8%95%E0%B8%A3%E0%B8%94%E0%B8%B4%E0%B8%95%E0%B8%96%E0%B9%8C/,Other,200,https://xn--42cn4aobed0eb6hubj4es0m5dhvd.com/%E0%B8%A3%E0%B8%B1%E0%B8%9A%E0%B8%8B%E0%B8%B7%E0%B9%89%E0%B8%AD%E0%B9%82%E0%B8%99%E0%B9%8A%E0%B8%95%E0%B8%9A%E0%B8%B8%E0%B9%8A%E0%B8%84/%E0%B8%AD%E0%B8%B8%E0%B8%95%E0%B8%A3%E0%B8%94%E0%B8%B4%E0%B8%95%E0%B8%96%E0%B9%8C/,รับซื้อโน๊ตบุ๊คอุตรดิตถ์ ประเมินฟรี | ร้านรับซื้อโน๊ตบุ๊ค.com,รับซื้อโน๊ตบุ๊ค อุตรดิตถ์ ประเมินไว ส่งรูปเช็คราคาฟรี,รับซื้อโน๊ตบุ๊ค อุตรดิตถ์ ส่งรูป รุ่น สเปก และอาการเพื่อประเมินเบื้องต้น การนัดรับขึ้นอยู่กับพื้นที่ ตารางงาน และการยืนยัน หรือสอบถามขั้นตอนจัดส่งเครื่องมาตรวจได้,https://ร้านรับซื้อโน๊ตบุ๊ค.com/รับซื้อโน๊ตบุ๊ค/อุตรดิตถ์/,(none),true,false,1,true,true,48,หน้าแรก / รับซื้อโน๊ตบุ๊ค / อุตรดิตถ์ รับซื้อโน๊ตบุ๊ค อุตรดิตถ์ ประเมินไว ส่งรูปเช็คราคาฟรี รับซื้อโน๊ตบุ๊ค อุตรดิตถ์ ส่งรูป รุ่น สเปก และอาการเพื่อประเมินเบื้องต้น การนัดรับขึ้นอยู่กับพื้นที่ ตารางงาน และการยืนยัน หรือส,/favicon.svg | /_astro/BaseLayout.Ce6jA0gB.css | /images/logo-ranrubsue-notebook-black-280.webp | /images/rubsue-notebook-process-steps-800.webp | /images/logo-ranrubsue-notebook-black-280.webp,,true
https://xn--42cn4aobed0eb6hubj4es0m5dhvd.com/%E0%B8%A3%E0%B8%B1%E0%B8%9A%E0%B8%8B%E0%B8%B7%E0%B9%89%E0%B8%AD%E0%B9%82%E0%B8%99%E0%B9%8A%E0%B8%95%E0%B8%9A%E0%B8%B8%E0%B9%8A%E0%B8%84/%E0%B8%AD%E0%B8%B8%E0%B8%97%E0%B8%B1%E0%B8%A2%E0%B8%98%E0%B8%B2%E0%B8%99%E0%B8%B5/,Other,200,https://xn--42cn4aobed0eb6hubj4es0m5dhvd.com/%E0%B8%A3%E0%B8%B1%E0%B8%9A%E0%B8%8B%E0%B8%B7%E0%B9%89%E0%B8%AD%E0%B9%82%E0%B8%99%E0%B9%8A%E0%B8%95%E0%B8%9A%E0%B8%B8%E0%B9%8A%E0%B8%84/%E0%B8%AD%E0%B8%B8%E0%B8%97%E0%B8%B1%E0%B8%A2%E0%B8%98%E0%B8%B2%E0%B8%99%E0%B8%B5/,รับซื้อโน๊ตบุ๊คอุทัยธานี ประเมินฟรีผ่านไลน์ @webuy | ร้านรับซื้อโน๊ตบุ๊ค.com,รับซื้อโน๊ตบุ๊ค อุทัยธานี ประเมินไว ส่งรูปเช็คราคาฟรี,รับซื้อโน๊ตบุ๊ค อุทัยธานี ส่งรูป รุ่น สเปก และอาการเพื่อประเมินเบื้องต้น การนัดรับขึ้นอยู่กับพื้นที่ ตารางงาน และการยืนยัน หรือสอบถามขั้นตอนจัดส่งเครื่องมาตรวจได้,https://ร้านรับซื้อโน๊ตบุ๊ค.com/รับซื้อโน๊ตบุ๊ค/อุทัยธานี/,(none),true,false,1,true,true,44,หน้าแรก / รับซื้อโน๊ตบุ๊ค / อุทัยธานี รับซื้อโน๊ตบุ๊ค อุทัยธานี ประเมินไว ส่งรูปเช็คราคาฟรี รับซื้อโน๊ตบุ๊ค อุทัยธานี ส่งรูป รุ่น สเปก และอาการเพื่อประเมินเบื้องต้น การนัดรับขึ้นอยู่กับพื้นที่ ตารางงาน และการยืนยัน หรือส,/favicon.svg | /_astro/BaseLayout.Ce6jA0gB.css | /images/logo-ranrubsue-notebook-black-280.webp | /images/rubsue-notebook-process-steps-800.webp | /images/logo-ranrubsue-notebook-black-280.webp,,true
https://xn--42cn4aobed0eb6hubj4es0m5dhvd.com/%E0%B8%A3%E0%B8%B1%E0%B8%9A%E0%B8%8B%E0%B8%B7%E0%B9%89%E0%B8%AD%E0%B9%82%E0%B8%99%E0%B9%8A%E0%B8%95%E0%B8%9A%E0%B8%B8%E0%B9%8A%E0%B8%84/%E0%B8%AD%E0%B8%B8%E0%B8%9A%E0%B8%A5%E0%B8%A3%E0%B8%B2%E0%B8%8A%E0%B8%98%E0%B8%B2%E0%B8%99%E0%B8%B5/,Other,200,https://xn--42cn4aobed0eb6hubj4es0m5dhvd.com/%E0%B8%A3%E0%B8%B1%E0%B8%9A%E0%B8%8B%E0%B8%B7%E0%B9%89%E0%B8%AD%E0%B9%82%E0%B8%99%E0%B9%8A%E0%B8%95%E0%B8%9A%E0%B8%B8%E0%B9%8A%E0%B8%84/%E0%B8%AD%E0%B8%B8%E0%B8%9A%E0%B8%A5%E0%B8%A3%E0%B8%B2%E0%B8%8A%E0%B8%98%E0%B8%B2%E0%B8%99%E0%B8%B5/,รับซื้อโน๊ตบุ๊คอุบลราชธานี ประเมินฟรีผ่านไลน์ @webuy | ร้านรับซื้อโน๊ตบุ๊ค.com,รับซื้อโน๊ตบุ๊ค อุบลราชธานี ประเมินไว ส่งรูปเช็คราคาฟรี,"รับซื้อโน๊ตบุ๊คอุบลราชธานี รับซื้อโน๊ตบุ๊คมือสอง รับซื้อ Notebook, MacBook, Gaming Notebook เครื่องเก่า เครื่องเสียบางอาการ ส่งรูปเช็คราคาโน๊ตบุ๊คฟรีผ่านไลน์ @webuy หรือโทร 0642579",https://ร้านรับซื้อโน๊ตบุ๊ค.com/รับซื้อโน๊ตบุ๊ค/อุบลราชธานี/,(none),true,false,1,true,true,47,"หน้าแรก / รับซื้อโน๊ตบุ๊ค / อุบลราชธานี รับซื้อโน๊ตบุ๊ค อุบลราชธานี ประเมินไว ส่งรูปเช็คราคาฟรี รับซื้อโน๊ตบุ๊คอุบลราชธานี รับซื้อโน๊ตบุ๊คมือสอง รับซื้อ Notebook, MacBook, Gaming Notebook เครื่องเก่า เครื่องเสียบางอาการ ",/favicon.svg | /_astro/BaseLayout.Ce6jA0gB.css | /images/logo-ranrubsue-notebook-black-280.webp | /images/rubsue-notebook-process-steps-800.webp | /images/logo-ranrubsue-notebook-black-280.webp,,true
https://xn--42cn4aobed0eb6hubj4es0m5dhvd.com/%E0%B8%A3%E0%B8%B1%E0%B8%9A%E0%B8%8B%E0%B8%B7%E0%B9%89%E0%B8%AD%E0%B9%82%E0%B8%99%E0%B9%8A%E0%B8%95%E0%B8%9A%E0%B8%B8%E0%B9%8A%E0%B8%84/%E0%B8%AD%E0%B9%88%E0%B8%B2%E0%B8%87%E0%B8%97%E0%B8%AD%E0%B8%87/,Other,200,https://xn--42cn4aobed0eb6hubj4es0m5dhvd.com/%E0%B8%A3%E0%B8%B1%E0%B8%9A%E0%B8%8B%E0%B8%B7%E0%B9%89%E0%B8%AD%E0%B9%82%E0%B8%99%E0%B9%8A%E0%B8%95%E0%B8%9A%E0%B8%B8%E0%B9%8A%E0%B8%84/%E0%B8%AD%E0%B9%88%E0%B8%B2%E0%B8%87%E0%B8%97%E0%B8%AD%E0%B8%87/,รับซื้อโน๊ตบุ๊คอ่างทอง ประเมินฟรีผ่านไลน์ @webuy | ร้านรับซื้อโน๊ตบุ๊ค.com,รับซื้อโน๊ตบุ๊ค อ่างทอง ประเมินไว ส่งรูปเช็คราคาฟรี,รับซื้อโน๊ตบุ๊ค อ่างทอง ส่งรูป รุ่น สเปก และอาการเพื่อประเมินเบื้องต้น การนัดรับขึ้นอยู่กับพื้นที่ ตารางงาน และการยืนยัน หรือสอบถามขั้นตอนจัดส่งเครื่องมาตรวจได้,https://ร้านรับซื้อโน๊ตบุ๊ค.com/รับซื้อโน๊ตบุ๊ค/อ่างทอง/,(none),true,false,1,true,true,49,หน้าแรก / รับซื้อโน๊ตบุ๊ค / อ่างทอง รับซื้อโน๊ตบุ๊ค อ่างทอง ประเมินไว ส่งรูปเช็คราคาฟรี รับซื้อโน๊ตบุ๊ค อ่างทอง ส่งรูป รุ่น สเปก และอาการเพื่อประเมินเบื้องต้น การนัดรับขึ้นอยู่กับพื้นที่ ตารางงาน และการยืนยัน หรือสอบถามข,/favicon.svg | /_astro/BaseLayout.Ce6jA0gB.css | /images/logo-ranrubsue-notebook-black-280.webp | /images/rubsue-notebook-process-steps-800.webp | /images/logo-ranrubsue-notebook-black-280.webp,,true
https://xn--42cn4aobed0eb6hubj4es0m5dhvd.com/%E0%B8%A3%E0%B8%B1%E0%B8%9A%E0%B8%8B%E0%B8%B7%E0%B9%89%E0%B8%AD%E0%B9%82%E0%B8%99%E0%B9%8A%E0%B8%95%E0%B8%9A%E0%B8%B8%E0%B9%8A%E0%B8%84/%E0%B8%AE%E0%B8%B2%E0%B8%A3%E0%B9%8C%E0%B8%94%E0%B8%94%E0%B8%B4%E0%B8%AA%E0%B8%81%E0%B9%8C%E0%B9%80%E0%B8%AA%E0%B8%B5%E0%B8%A2/,Other,200,https://xn--42cn4aobed0eb6hubj4es0m5dhvd.com/%E0%B8%A3%E0%B8%B1%E0%B8%9A%E0%B8%8B%E0%B8%B7%E0%B9%89%E0%B8%AD%E0%B9%82%E0%B8%99%E0%B9%8A%E0%B8%95%E0%B8%9A%E0%B8%B8%E0%B9%8A%E0%B8%84/%E0%B8%AE%E0%B8%B2%E0%B8%A3%E0%B9%8C%E0%B8%94%E0%B8%94%E0%B8%B4%E0%B8%AA%E0%B8%81%E0%B9%8C%E0%B9%80%E0%B8%AA%E0%B8%B5%E0%B8%A2/,รับซื้อโน๊ตบุ๊คฮาร์ดดิสก์เสีย ประเมินฟรี | ร้านรับซื้อโน๊ตบุ๊ค.com,รับซื้อโน๊ตบุ๊คฮาร์ดดิสก์เสีย ส่งอาการประเมินไว,รับซื้อโน๊ตบุ๊คฮาร์ดดิสก์เสีย เปิดช้า มองไม่เห็นไดรฟ์ หรือมีเสียงผิดปกติ ประเมินได้ฟรี,https://ร้านรับซื้อโน๊ตบุ๊ค.com/รับซื้อโน๊ตบุ๊ค/ฮาร์ดดิสก์เสีย/,(none),true,false,1,true,true,43,หน้าแรก / รับซื้อโน๊ตบุ๊ค / ฮาร์ดดิสก์เสีย รับซื้อโน๊ตบุ๊คฮาร์ดดิสก์เสีย ส่งอาการประเมินไว รับซื้อโน๊ตบุ๊คฮาร์ดดิสก์เสีย เปิดช้า มองไม่เห็นไดรฟ์ หรือมีเสียงผิดปกติ ประเมินได้ฟรี ประเมินจากอะไร: ส่งรูปและวิดีโอสั้น ๆ ให้เ,/favicon.svg | /_astro/BaseLayout.Ce6jA0gB.css | /images/logo-ranrubsue-notebook-black-280.webp | /images/rubsue-notebook-process-steps-800.webp | /images/logo-ranrubsue-notebook-black-280.webp,,true
https://xn--42cn4aobed0eb6hubj4es0m5dhvd.com/%E0%B8%A3%E0%B8%B1%E0%B8%9A%E0%B8%8B%E0%B8%B7%E0%B9%89%E0%B8%AD%E0%B9%82%E0%B8%99%E0%B9%8A%E0%B8%95%E0%B8%9A%E0%B8%B8%E0%B9%8A%E0%B8%84/%E0%B9%80%E0%B8%84%E0%B8%A3%E0%B8%B7%E0%B9%88%E0%B8%AD%E0%B8%87%E0%B9%80%E0%B8%81%E0%B9%88%E0%B8%B2/,Other,200,https://xn--42cn4aobed0eb6hubj4es0m5dhvd.com/%E0%B8%A3%E0%B8%B1%E0%B8%9A%E0%B8%8B%E0%B8%B7%E0%B9%89%E0%B8%AD%E0%B9%82%E0%B8%99%E0%B9%8A%E0%B8%95%E0%B8%9A%E0%B8%B8%E0%B9%8A%E0%B8%84/%E0%B9%80%E0%B8%84%E0%B8%A3%E0%B8%B7%E0%B9%88%E0%B8%AD%E0%B8%87%E0%B9%80%E0%B8%81%E0%B9%88%E0%B8%B2/,รับซื้อโน๊ตบุ๊คเครื่องเก่า ประเมินตามสเปกและสภาพการใช้งาน | ร้านรับซื้อโน๊ตบุ๊ค.com,รับซื้อโน๊ตบุ๊คเครื่องเก่า ส่งรุ่น สเปก และสภาพเพื่อประเมินเบื้องต้น,รับซื้อโน๊ตบุ๊คเครื่องเก่า/รุ่นเก่า ยังมีมูลค่าตามสเปกและสภาพ ส่งรูปประเมินฟรีได้อย่างรวดเร็ว,https://ร้านรับซื้อโน๊ตบุ๊ค.com/รับซื้อโน๊ตบุ๊ค/เครื่องเก่า/,(none),true,false,1,true,true,43,หน้าแรก / รับซื้อโน๊ตบุ๊ค / เครื่องเก่า รับซื้อโน๊ตบุ๊คเครื่องเก่า ส่งรุ่น สเปก และสภาพเพื่อประเมินเบื้องต้น รับซื้อโน๊ตบุ๊คเครื่องเก่า/รุ่นเก่า ยังมีมูลค่าตามสเปกและสภาพ ส่งรูปประเมินฟรีได้อย่างรวดเร็ว ประเมินจากอะไร: ส,/favicon.svg | /_astro/BaseLayout.Ce6jA0gB.css | /images/logo-ranrubsue-notebook-black-280.webp | /images/rubsue-notebook-process-steps-800.webp | /images/logo-ranrubsue-notebook-black-280.webp,,true
https://xn--42cn4aobed0eb6hubj4es0m5dhvd.com/%E0%B8%A3%E0%B8%B1%E0%B8%9A%E0%B8%8B%E0%B8%B7%E0%B9%89%E0%B8%AD%E0%B9%82%E0%B8%99%E0%B9%8A%E0%B8%95%E0%B8%9A%E0%B8%B8%E0%B9%8A%E0%B8%84/%E0%B9%80%E0%B8%84%E0%B8%A3%E0%B8%B7%E0%B9%88%E0%B8%AD%E0%B8%87%E0%B9%80%E0%B8%AA%E0%B8%B5%E0%B8%A2/,Other,200,https://xn--42cn4aobed0eb6hubj4es0m5dhvd.com/%E0%B8%A3%E0%B8%B1%E0%B8%9A%E0%B8%8B%E0%B8%B7%E0%B9%89%E0%B8%AD%E0%B9%82%E0%B8%99%E0%B9%8A%E0%B8%95%E0%B8%9A%E0%B8%B8%E0%B9%8A%E0%B8%84/%E0%B9%80%E0%B8%84%E0%B8%A3%E0%B8%B7%E0%B9%88%E0%B8%AD%E0%B8%87%E0%B9%80%E0%B8%AA%E0%B8%B5%E0%B8%A2/,รับซื้อโน๊ตบุ๊คเสีย ประเมินตามอาการจริง | ร้านรับซื้อโน๊ตบุ๊ค.com,รับซื้อโน๊ตบุ๊คเสีย,บริการรับซื้อโน๊ตบุ๊คเสียหลายอาการ ประเมินราคาตามสเปกและสภาพความเสียหายจริง ส่งรูปและรายละเอียดเพื่อรับราคาประเมินเบื้องต้นตามราคาประเมินอ้างอิงจริง,https://ร้านรับซื้อโน๊ตบุ๊ค.com/รับซื้อโน๊ตบุ๊ค/เครื่องเสีย/,(none),true,false,1,true,true,57,หน้าแรก / รับซื้อโน๊ตบุ๊ค / เครื่องเสีย รับซื้อโน๊ตบุ๊คเสีย บริการรับซื้อโน๊ตบุ๊คเสียหลายอาการ ประเมินราคาตามสเปกและสภาพความเสียหายจริง ส่งรูปและรายละเอียดเพื่อรับราคาประเมินเบื้องต้นตามราคาประเมินอ้างอิงจริง ประเมินจากอ,/favicon.svg | /_astro/BaseLayout.Ce6jA0gB.css | /images/logo-ranrubsue-notebook-black-280.webp | /images/rubsue-notebook-process-steps-800.webp | /images/logo-ranrubsue-notebook-black-280.webp,,true
https://xn--42cn4aobed0eb6hubj4es0m5dhvd.com/%E0%B8%A3%E0%B8%B1%E0%B8%9A%E0%B8%8B%E0%B8%B7%E0%B9%89%E0%B8%AD%E0%B9%82%E0%B8%99%E0%B9%8A%E0%B8%95%E0%B8%9A%E0%B8%B8%E0%B9%8A%E0%B8%84/%E0%B9%80%E0%B8%8A%E0%B8%B5%E0%B8%A2%E0%B8%87%E0%B8%A3%E0%B8%B2%E0%B8%A2/,Other,200,https://xn--42cn4aobed0eb6hubj4es0m5dhvd.com/%E0%B8%A3%E0%B8%B1%E0%B8%9A%E0%B8%8B%E0%B8%B7%E0%B9%89%E0%B8%AD%E0%B9%82%E0%B8%99%E0%B9%8A%E0%B8%95%E0%B8%9A%E0%B8%B8%E0%B9%8A%E0%B8%84/%E0%B9%80%E0%B8%8A%E0%B8%B5%E0%B8%A2%E0%B8%87%E0%B8%A3%E0%B8%B2%E0%B8%A2/,รับซื้อโน๊ตบุ๊คเชียงราย ประเมินฟรีผ่านไลน์ @webuy | ร้านรับซื้อโน๊ตบุ๊ค.com,รับซื้อโน๊ตบุ๊ค เชียงราย ประเมินไว ส่งรูปเช็คราคาฟรี,รับซื้อโน๊ตบุ๊ค เชียงราย ส่งรูป รุ่น สเปก และอาการเพื่อประเมินเบื้องต้น การนัดรับขึ้นอยู่กับพื้นที่ ตารางงาน และการยืนยัน หรือสอบถามขั้นตอนจัดส่งเครื่องมาตรวจได้,https://ร้านรับซื้อโน๊ตบุ๊ค.com/รับซื้อโน๊ตบุ๊ค/เชียงราย/,(none),true,false,1,true,true,49,หน้าแรก / รับซื้อโน๊ตบุ๊ค / เชียงราย รับซื้อโน๊ตบุ๊ค เชียงราย ประเมินไว ส่งรูปเช็คราคาฟรี รับซื้อโน๊ตบุ๊ค เชียงราย ส่งรูป รุ่น สเปก และอาการเพื่อประเมินเบื้องต้น การนัดรับขึ้นอยู่กับพื้นที่ ตารางงาน และการยืนยัน หรือสอบถ,/favicon.svg | /_astro/BaseLayout.Ce6jA0gB.css | /images/logo-ranrubsue-notebook-black-280.webp | /images/rubsue-notebook-process-steps-800.webp | /images/logo-ranrubsue-notebook-black-280.webp,,true
https://xn--42cn4aobed0eb6hubj4es0m5dhvd.com/%E0%B8%A3%E0%B8%B1%E0%B8%9A%E0%B8%8B%E0%B8%B7%E0%B9%89%E0%B8%AD%E0%B9%82%E0%B8%99%E0%B9%8A%E0%B8%95%E0%B8%9A%E0%B8%B8%E0%B9%8A%E0%B8%84/%E0%B9%80%E0%B8%8A%E0%B8%B5%E0%B8%A2%E0%B8%87%E0%B9%83%E0%B8%AB%E0%B8%A1%E0%B9%88/,Other,200,https://xn--42cn4aobed0eb6hubj4es0m5dhvd.com/%E0%B8%A3%E0%B8%B1%E0%B8%9A%E0%B8%8B%E0%B8%B7%E0%B9%89%E0%B8%AD%E0%B9%82%E0%B8%99%E0%B9%8A%E0%B8%95%E0%B8%9A%E0%B8%B8%E0%B9%8A%E0%B8%84/%E0%B9%80%E0%B8%8A%E0%B8%B5%E0%B8%A2%E0%B8%87%E0%B9%83%E0%B8%AB%E0%B8%A1%E0%B9%88/,รับซื้อโน๊ตบุ๊คเชียงใหม่ ประเมินฟรีผ่านไลน์ @webuy | ร้านรับซื้อโน๊ตบุ๊ค.com,รับซื้อโน๊ตบุ๊ค เชียงใหม่ ประเมินไว ส่งรูปเช็คราคาฟรี,รับซื้อโน๊ตบุ๊ค เชียงใหม่ ส่งรูป รุ่น สเปก และอาการเพื่อประเมินเบื้องต้น การนัดรับขึ้นอยู่กับพื้นที่ ตารางงาน และการยืนยัน หรือสอบถามขั้นตอนจัดส่งเครื่องมาตรวจได้,https://ร้านรับซื้อโน๊ตบุ๊ค.com/รับซื้อโน๊ตบุ๊ค/เชียงใหม่/,(none),true,false,1,true,true,50,หน้าแรก / รับซื้อโน๊ตบุ๊ค / เชียงใหม่ รับซื้อโน๊ตบุ๊ค เชียงใหม่ ประเมินไว ส่งรูปเช็คราคาฟรี รับซื้อโน๊ตบุ๊ค เชียงใหม่ ส่งรูป รุ่น สเปก และอาการเพื่อประเมินเบื้องต้น การนัดรับขึ้นอยู่กับพื้นที่ ตารางงาน และการยืนยัน หรือส,/favicon.svg | /_astro/BaseLayout.Ce6jA0gB.css | /images/logo-ranrubsue-notebook-black-280.webp | /images/rubsue-notebook-process-steps-800.webp | /images/logo-ranrubsue-notebook-black-280.webp,,true
https://xn--42cn4aobed0eb6hubj4es0m5dhvd.com/%E0%B8%A3%E0%B8%B1%E0%B8%9A%E0%B8%8B%E0%B8%B7%E0%B9%89%E0%B8%AD%E0%B9%82%E0%B8%99%E0%B9%8A%E0%B8%95%E0%B8%9A%E0%B8%B8%E0%B9%8A%E0%B8%84/%E0%B9%80%E0%B8%9B%E0%B8%B4%E0%B8%94%E0%B9%84%E0%B8%A1%E0%B9%88%E0%B8%95%E0%B8%B4%E0%B8%94/,Other,200,https://xn--42cn4aobed0eb6hubj4es0m5dhvd.com/%E0%B8%A3%E0%B8%B1%E0%B8%9A%E0%B8%8B%E0%B8%B7%E0%B9%89%E0%B8%AD%E0%B9%82%E0%B8%99%E0%B9%8A%E0%B8%95%E0%B8%9A%E0%B8%B8%E0%B9%8A%E0%B8%84/%E0%B9%80%E0%B8%9B%E0%B8%B4%E0%B8%94%E0%B9%84%E0%B8%A1%E0%B9%88%E0%B8%95%E0%B8%B4%E0%B8%94/,ขายโน๊ตบุ๊คเปิดไม่ติดได้ไหม ส่งอาการให้ร้านประเมินก่อน | ร้านรับซื้อโน๊ตบุ๊ค.com,รับซื้อโน๊ตบุ๊คเปิดไม่ติด ประเมินจากอาการ รุ่น และชิ้นส่วนที่ยังใช้ได้,รับซื้อโน๊ตบุ๊คเปิดไม่ติด/บูตไม่ขึ้น ประเมินราคาตามสเปกและอาการชำรุดจริง ส่งรูปหรือวิดีโอสั้นเพื่อรับกรอบราคาประเมินอ้างอิงเบื้องต้น,https://ร้านรับซื้อโน๊ตบุ๊ค.com/รับซื้อโน๊ตบุ๊ค/เปิดไม่ติด/,(none),true,false,1,true,true,47,หน้าแรก / รับซื้อโน๊ตบุ๊ค / เปิดไม่ติด รับซื้อโน๊ตบุ๊คเปิดไม่ติด ประเมินจากอาการ รุ่น และชิ้นส่วนที่ยังใช้ได้ รับซื้อโน๊ตบุ๊คเปิดไม่ติด/บูตไม่ขึ้น ประเมินราคาตามสเปกและอาการชำรุดจริง ส่งรูปหรือวิดีโอสั้นเพื่อรับกรอบราคาป,/favicon.svg | /_astro/BaseLayout.Ce6jA0gB.css | /images/logo-ranrubsue-notebook-black-280.webp | /images/rubsue-notebook-process-steps-800.webp | /images/logo-ranrubsue-notebook-black-280.webp,,true
https://xn--42cn4aobed0eb6hubj4es0m5dhvd.com/%E0%B8%A3%E0%B8%B1%E0%B8%9A%E0%B8%8B%E0%B8%B7%E0%B9%89%E0%B8%AD%E0%B9%82%E0%B8%99%E0%B9%8A%E0%B8%95%E0%B8%9A%E0%B8%B8%E0%B9%8A%E0%B8%84/%E0%B9%80%E0%B8%9E%E0%B8%8A%E0%B8%A3%E0%B8%9A%E0%B8%B8%E0%B8%A3%E0%B8%B5/,Other,200,https://xn--42cn4aobed0eb6hubj4es0m5dhvd.com/%E0%B8%A3%E0%B8%B1%E0%B8%9A%E0%B8%8B%E0%B8%B7%E0%B9%89%E0%B8%AD%E0%B9%82%E0%B8%99%E0%B9%8A%E0%B8%95%E0%B8%9A%E0%B8%B8%E0%B9%8A%E0%B8%84/%E0%B9%80%E0%B8%9E%E0%B8%8A%E0%B8%A3%E0%B8%9A%E0%B8%B8%E0%B8%A3%E0%B8%B5/,รับซื้อโน๊ตบุ๊คเพชรบุรี ประเมินฟรี | ร้านรับซื้อโน๊ตบุ๊ค.com,รับซื้อโน๊ตบุ๊ค เพชรบุรี ประเมินไว ส่งรูปเช็คราคาฟรี,รับซื้อโน๊ตบุ๊ค เพชรบุรี ส่งรูป รุ่น สเปก และอาการเพื่อประเมินเบื้องต้น การนัดรับขึ้นอยู่กับพื้นที่ ตารางงาน และการยืนยัน หรือสอบถามขั้นตอนจัดส่งเครื่องมาตรวจได้,https://ร้านรับซื้อโน๊ตบุ๊ค.com/รับซื้อโน๊ตบุ๊ค/เพชรบุรี/,(none),true,false,1,true,true,47,หน้าแรก / รับซื้อโน๊ตบุ๊ค / เพชรบุรี รับซื้อโน๊ตบุ๊ค เพชรบุรี ประเมินไว ส่งรูปเช็คราคาฟรี รับซื้อโน๊ตบุ๊ค เพชรบุรี ส่งรูป รุ่น สเปก และอาการเพื่อประเมินเบื้องต้น การนัดรับขึ้นอยู่กับพื้นที่ ตารางงาน และการยืนยัน หรือสอบถ,/favicon.svg | /_astro/BaseLayout.Ce6jA0gB.css | /images/logo-ranrubsue-notebook-black-280.webp | /images/rubsue-notebook-process-steps-800.webp | /images/logo-ranrubsue-notebook-black-280.webp,,true
https://xn--42cn4aobed0eb6hubj4es0m5dhvd.com/%E0%B8%A3%E0%B8%B1%E0%B8%9A%E0%B8%8B%E0%B8%B7%E0%B9%89%E0%B8%AD%E0%B9%82%E0%B8%99%E0%B9%8A%E0%B8%95%E0%B8%9A%E0%B8%B8%E0%B9%8A%E0%B8%84/%E0%B9%80%E0%B8%9E%E0%B8%8A%E0%B8%A3%E0%B8%9A%E0%B8%B9%E0%B8%A3%E0%B8%93%E0%B9%8C/,Other,200,https://xn--42cn4aobed0eb6hubj4es0m5dhvd.com/%E0%B8%A3%E0%B8%B1%E0%B8%9A%E0%B8%8B%E0%B8%B7%E0%B9%89%E0%B8%AD%E0%B9%82%E0%B8%99%E0%B9%8A%E0%B8%95%E0%B8%9A%E0%B8%B8%E0%B9%8A%E0%B8%84/%E0%B9%80%E0%B8%9E%E0%B8%8A%E0%B8%A3%E0%B8%9A%E0%B8%B9%E0%B8%A3%E0%B8%93%E0%B9%8C/,รับซื้อโน๊ตบุ๊คเพชรบูรณ์ ประเมินฟรี | ร้านรับซื้อโน๊ตบุ๊ค.com,รับซื้อโน๊ตบุ๊ค เพชรบูรณ์ ประเมินไว ส่งรูปเช็คราคาฟรี,รับซื้อโน๊ตบุ๊ค เพชรบูรณ์ ส่งรูป รุ่น สเปก และอาการเพื่อประเมินเบื้องต้น การนัดรับขึ้นอยู่กับพื้นที่ ตารางงาน และการยืนยัน หรือสอบถามขั้นตอนจัดส่งเครื่องมาตรวจได้,https://ร้านรับซื้อโน๊ตบุ๊ค.com/รับซื้อโน๊ตบุ๊ค/เพชรบูรณ์/,(none),true,false,1,true,true,50,หน้าแรก / รับซื้อโน๊ตบุ๊ค / เพชรบูรณ์ รับซื้อโน๊ตบุ๊ค เพชรบูรณ์ ประเมินไว ส่งรูปเช็คราคาฟรี รับซื้อโน๊ตบุ๊ค เพชรบูรณ์ ส่งรูป รุ่น สเปก และอาการเพื่อประเมินเบื้องต้น การนัดรับขึ้นอยู่กับพื้นที่ ตารางงาน และการยืนยัน หรือส,/favicon.svg | /_astro/BaseLayout.Ce6jA0gB.css | /images/logo-ranrubsue-notebook-black-280.webp | /images/rubsue-notebook-process-steps-800.webp | /images/logo-ranrubsue-notebook-black-280.webp,,true
https://xn--42cn4aobed0eb6hubj4es0m5dhvd.com/%E0%B8%A3%E0%B8%B1%E0%B8%9A%E0%B8%8B%E0%B8%B7%E0%B9%89%E0%B8%AD%E0%B9%82%E0%B8%99%E0%B9%8A%E0%B8%95%E0%B8%9A%E0%B8%B8%E0%B9%8A%E0%B8%84/%E0%B9%80%E0%B8%A1%E0%B8%99%E0%B8%9A%E0%B8%AD%E0%B8%A3%E0%B9%8C%E0%B8%94%E0%B9%80%E0%B8%AA%E0%B8%B5%E0%B8%A2/,Other,200,https://xn--42cn4aobed0eb6hubj4es0m5dhvd.com/%E0%B8%A3%E0%B8%B1%E0%B8%9A%E0%B8%8B%E0%B8%B7%E0%B9%89%E0%B8%AD%E0%B9%82%E0%B8%99%E0%B9%8A%E0%B8%95%E0%B8%9A%E0%B8%B8%E0%B9%8A%E0%B8%84/%E0%B9%80%E0%B8%A1%E0%B8%99%E0%B8%9A%E0%B8%AD%E0%B8%A3%E0%B9%8C%E0%B8%94%E0%B9%80%E0%B8%AA%E0%B8%B5%E0%B8%A2/,รับซื้อโน๊ตบุ๊คเมนบอร์ดเสียหรือบอร์ดช็อต ประเมินตามรุ่น | ร้านรับซื้อโน๊ตบุ๊ค.com,รับซื้อโน๊ตบุ๊คเมนบอร์ดเสีย แจ้งอาการและรุ่นเพื่อประเมินเบื้องต้น,รับซื้อโน๊ตบุ๊คเมนบอร์ดเสีย เปิดไม่ติดหรืออาการหนัก ประเมินตามรุ่นและมูลค่าอะไหล่ได้ฟรี,https://ร้านรับซื้อโน๊ตบุ๊ค.com/รับซื้อโน๊ตบุ๊ค/เมนบอร์ดเสีย/,(none),true,false,1,true,true,43,หน้าแรก / รับซื้อโน๊ตบุ๊ค / เมนบอร์ดเสีย รับซื้อโน๊ตบุ๊คเมนบอร์ดเสีย แจ้งอาการและรุ่นเพื่อประเมินเบื้องต้น รับซื้อโน๊ตบุ๊คเมนบอร์ดเสีย เปิดไม่ติดหรืออาการหนัก ประเมินตามรุ่นและมูลค่าอะไหล่ได้ฟรี ประเมินจากอะไร: ส่งรูปและ,/favicon.svg | /_astro/BaseLayout.Ce6jA0gB.css | /images/logo-ranrubsue-notebook-black-280.webp | /images/rubsue-notebook-process-steps-800.webp | /images/logo-ranrubsue-notebook-black-280.webp,,true
https://xn--42cn4aobed0eb6hubj4es0m5dhvd.com/%E0%B8%A3%E0%B8%B1%E0%B8%9A%E0%B8%8B%E0%B8%B7%E0%B9%89%E0%B8%AD%E0%B9%82%E0%B8%99%E0%B9%8A%E0%B8%95%E0%B8%9A%E0%B8%B8%E0%B9%8A%E0%B8%84/%E0%B9%80%E0%B8%A5%E0%B8%A2/,Other,200,https://xn--42cn4aobed0eb6hubj4es0m5dhvd.com/%E0%B8%A3%E0%B8%B1%E0%B8%9A%E0%B8%8B%E0%B8%B7%E0%B9%89%E0%B8%AD%E0%B9%82%E0%B8%99%E0%B9%8A%E0%B8%95%E0%B8%9A%E0%B8%B8%E0%B9%8A%E0%B8%84/%E0%B9%80%E0%B8%A5%E0%B8%A2/,รับซื้อโน๊ตบุ๊คเลย ประเมินฟรีผ่านไลน์ @webuy | ร้านรับซื้อโน๊ตบุ๊ค.com,รับซื้อโน๊ตบุ๊ค เลย ประเมินไว ส่งรูปเช็คราคาฟรี,รับซื้อโน๊ตบุ๊ค เลย ส่งรูป รุ่น สเปก และอาการเพื่อประเมินเบื้องต้น การนัดรับขึ้นอยู่กับพื้นที่ ตารางงาน และการยืนยัน หรือสอบถามขั้นตอนจัดส่งเครื่องมาตรวจได้,https://ร้านรับซื้อโน๊ตบุ๊ค.com/รับซื้อโน๊ตบุ๊ค/เลย/,(none),true,false,1,true,true,52,หน้าแรก / รับซื้อโน๊ตบุ๊ค / เลย รับซื้อโน๊ตบุ๊ค เลย ประเมินไว ส่งรูปเช็คราคาฟรี รับซื้อโน๊ตบุ๊ค เลย ส่งรูป รุ่น สเปก และอาการเพื่อประเมินเบื้องต้น การนัดรับขึ้นอยู่กับพื้นที่ ตารางงาน และการยืนยัน หรือสอบถามขั้นตอนจัดส่ง,/favicon.svg | /_astro/BaseLayout.Ce6jA0gB.css | /images/logo-ranrubsue-notebook-black-280.webp | /images/rubsue-notebook-process-steps-800.webp | /images/logo-ranrubsue-notebook-black-280.webp,,true
https://xn--42cn4aobed0eb6hubj4es0m5dhvd.com/%E0%B8%A3%E0%B8%B1%E0%B8%9A%E0%B8%8B%E0%B8%B7%E0%B9%89%E0%B8%AD%E0%B9%82%E0%B8%99%E0%B9%8A%E0%B8%95%E0%B8%9A%E0%B8%B8%E0%B9%8A%E0%B8%84/%E0%B9%81%E0%B8%9A%E0%B8%95%E0%B9%80%E0%B8%AA%E0%B8%B7%E0%B9%88%E0%B8%AD%E0%B8%A1/,Other,200,https://xn--42cn4aobed0eb6hubj4es0m5dhvd.com/%E0%B8%A3%E0%B8%B1%E0%B8%9A%E0%B8%8B%E0%B8%B7%E0%B9%89%E0%B8%AD%E0%B9%82%E0%B8%99%E0%B9%8A%E0%B8%95%E0%B8%9A%E0%B8%B8%E0%B9%8A%E0%B8%84/%E0%B9%81%E0%B8%9A%E0%B8%95%E0%B9%80%E0%B8%AA%E0%B8%B7%E0%B9%88%E0%B8%AD%E0%B8%A1/,รับซื้อโน๊ตบุ๊คแบตเสื่อม ดูสุขภาพแบตและสเปกก่อนเสนอราคา | ร้านรับซื้อโน๊ตบุ๊ค.com,รับซื้อโน๊ตบุ๊คแบตเสื่อม ส่งข้อมูลแบตและรุ่นเพื่อประเมินเบื้องต้น,รับซื้อโน๊ตบุ๊คแบตเสื่อม/แบตหมดไว ประเมินราคาตามรุ่นและระดับสุขภาพของแบตเตอรี่จริง ส่งรูปเพื่อเช็คราคาประเมินอ้างอิงเบื้องต้นผ่าน LINE @webuy,https://ร้านรับซื้อโน๊ตบุ๊ค.com/รับซื้อโน๊ตบุ๊ค/แบตเสื่อม/,(none),true,false,1,true,true,44,หน้าแรก / รับซื้อโน๊ตบุ๊ค / แบตเสื่อม รับซื้อโน๊ตบุ๊คแบตเสื่อม ส่งข้อมูลแบตและรุ่นเพื่อประเมินเบื้องต้น รับซื้อโน๊ตบุ๊คแบตเสื่อม/แบตหมดไว ประเมินราคาตามรุ่นและระดับสุขภาพของแบตเตอรี่จริง ส่งรูปเพื่อเช็คราคาประเมินอ้างอิง,/favicon.svg | /_astro/BaseLayout.Ce6jA0gB.css | /images/logo-ranrubsue-notebook-black-280.webp | /images/rubsue-notebook-process-steps-800.webp | /images/logo-ranrubsue-notebook-black-280.webp,,true
https://xn--42cn4aobed0eb6hubj4es0m5dhvd.com/%E0%B8%A3%E0%B8%B1%E0%B8%9A%E0%B8%8B%E0%B8%B7%E0%B9%89%E0%B8%AD%E0%B9%82%E0%B8%99%E0%B9%8A%E0%B8%95%E0%B8%9A%E0%B8%B8%E0%B9%8A%E0%B8%84/%E0%B9%81%E0%B8%9E%E0%B8%A3%E0%B9%88/,Other,200,https://xn--42cn4aobed0eb6hubj4es0m5dhvd.com/%E0%B8%A3%E0%B8%B1%E0%B8%9A%E0%B8%8B%E0%B8%B7%E0%B9%89%E0%B8%AD%E0%B9%82%E0%B8%99%E0%B9%8A%E0%B8%95%E0%B8%9A%E0%B8%B8%E0%B9%8A%E0%B8%84/%E0%B9%81%E0%B8%9E%E0%B8%A3%E0%B9%88/,รับซื้อโน๊ตบุ๊คแพร่ ประเมินฟรี | ร้านรับซื้อโน๊ตบุ๊ค.com,รับซื้อโน๊ตบุ๊ค แพร่ ประเมินไว ส่งรูปเช็คราคาฟรี,รับซื้อโน๊ตบุ๊ค แพร่ ส่งรูป รุ่น สเปก และอาการเพื่อประเมินเบื้องต้น การนัดรับขึ้นอยู่กับพื้นที่ ตารางงาน และการยืนยัน หรือสอบถามขั้นตอนจัดส่งเครื่องมาตรวจได้,https://ร้านรับซื้อโน๊ตบุ๊ค.com/รับซื้อโน๊ตบุ๊ค/แพร่/,(none),true,false,1,true,true,49,หน้าแรก / รับซื้อโน๊ตบุ๊ค / แพร่ รับซื้อโน๊ตบุ๊ค แพร่ ประเมินไว ส่งรูปเช็คราคาฟรี รับซื้อโน๊ตบุ๊ค แพร่ ส่งรูป รุ่น สเปก และอาการเพื่อประเมินเบื้องต้น การนัดรับขึ้นอยู่กับพื้นที่ ตารางงาน และการยืนยัน หรือสอบถามขั้นตอนจัด,/favicon.svg | /_astro/BaseLayout.Ce6jA0gB.css | /images/logo-ranrubsue-notebook-black-280.webp | /images/rubsue-notebook-process-steps-800.webp | /images/logo-ranrubsue-notebook-black-280.webp,,true
https://xn--42cn4aobed0eb6hubj4es0m5dhvd.com/%E0%B8%A3%E0%B8%B1%E0%B8%9A%E0%B8%8B%E0%B8%B7%E0%B9%89%E0%B8%AD%E0%B9%82%E0%B8%99%E0%B9%8A%E0%B8%95%E0%B8%9A%E0%B8%B8%E0%B9%8A%E0%B8%84/%E0%B9%81%E0%B8%A1%E0%B9%88%E0%B8%AE%E0%B9%88%E0%B8%AD%E0%B8%87%E0%B8%AA%E0%B8%AD%E0%B8%99/,Other,200,https://xn--42cn4aobed0eb6hubj4es0m5dhvd.com/%E0%B8%A3%E0%B8%B1%E0%B8%9A%E0%B8%8B%E0%B8%B7%E0%B9%89%E0%B8%AD%E0%B9%82%E0%B8%99%E0%B9%8A%E0%B8%95%E0%B8%9A%E0%B8%B8%E0%B9%8A%E0%B8%84/%E0%B9%81%E0%B8%A1%E0%B9%88%E0%B8%AE%E0%B9%88%E0%B8%AD%E0%B8%87%E0%B8%AA%E0%B8%AD%E0%B8%99/,รับซื้อโน๊ตบุ๊คแม่ฮ่องสอน ประเมินฟรีผ่านไลน์ @webuy | ร้านรับซื้อโน๊ตบุ๊ค.com,รับซื้อโน๊ตบุ๊ค แม่ฮ่องสอน ประเมินไว ส่งรูปเช็คราคาฟรี,รับซื้อโน๊ตบุ๊ค แม่ฮ่องสอน ส่งรูป รุ่น สเปก และอาการเพื่อประเมินเบื้องต้น การนัดรับขึ้นอยู่กับพื้นที่ ตารางงาน และการยืนยัน หรือสอบถามขั้นตอนจัดส่งเครื่องมาตรวจได้,https://ร้านรับซื้อโน๊ตบุ๊ค.com/รับซื้อโน๊ตบุ๊ค/แม่ฮ่องสอน/,(none),true,false,1,true,true,48,หน้าแรก / รับซื้อโน๊ตบุ๊ค / แม่ฮ่องสอน รับซื้อโน๊ตบุ๊ค แม่ฮ่องสอน ประเมินไว ส่งรูปเช็คราคาฟรี รับซื้อโน๊ตบุ๊ค แม่ฮ่องสอน ส่งรูป รุ่น สเปก และอาการเพื่อประเมินเบื้องต้น การนัดรับขึ้นอยู่กับพื้นที่ ตารางงาน และการยืนยัน หร,/favicon.svg | /_astro/BaseLayout.Ce6jA0gB.css | /images/logo-ranrubsue-notebook-black-280.webp | /images/rubsue-notebook-process-steps-800.webp | /images/logo-ranrubsue-notebook-black-280.webp,,true
https://xn--42cn4aobed0eb6hubj4es0m5dhvd.com/%E0%B8%A3%E0%B8%B1%E0%B8%9A%E0%B8%8B%E0%B8%B7%E0%B9%89%E0%B8%AD%E0%B9%82%E0%B8%99%E0%B9%8A%E0%B8%95%E0%B8%9A%E0%B8%B8%E0%B9%8A%E0%B8%84/%E0%B9%82%E0%B8%94%E0%B8%99%E0%B8%99%E0%B9%89%E0%B8%B3/,Other,200,https://xn--42cn4aobed0eb6hubj4es0m5dhvd.com/%E0%B8%A3%E0%B8%B1%E0%B8%9A%E0%B8%8B%E0%B8%B7%E0%B9%89%E0%B8%AD%E0%B9%82%E0%B8%99%E0%B9%8A%E0%B8%95%E0%B8%9A%E0%B8%B8%E0%B9%8A%E0%B8%84/%E0%B9%82%E0%B8%94%E0%B8%99%E0%B8%99%E0%B9%89%E0%B8%B3/,รับซื้อโน๊ตบุ๊คโดนน้ำ ประเมินความเสียหายหลังแจ้งอาการครบ | ร้านรับซื้อโน๊ตบุ๊ค.com,รับซื้อโน๊ตบุ๊คโดนน้ำ ส่งรูป/วิดีโออาการเพื่อประเมินตามสภาพจริง,รับซื้อโน๊ตบุ๊คโดนน้ำหรือมีประวัติความชื้น ประเมินตามรุ่น อาการ และโอกาสซ่อมได้ฟรี,https://ร้านรับซื้อโน๊ตบุ๊ค.com/รับซื้อโน๊ตบุ๊ค/โดนน้ำ/,(none),true,false,1,true,true,43,หน้าแรก / รับซื้อโน๊ตบุ๊ค / โดนน้ำ รับซื้อโน๊ตบุ๊คโดนน้ำ ส่งรูป/วิดีโออาการเพื่อประเมินตามสภาพจริง รับซื้อโน๊ตบุ๊คโดนน้ำหรือมีประวัติความชื้น ประเมินตามรุ่น อาการ และโอกาสซ่อมได้ฟรี ประเมินจากอะไร: ส่งรูปและวิดีโอสั้น ๆ ,/favicon.svg | /_astro/BaseLayout.Ce6jA0gB.css | /images/logo-ranrubsue-notebook-black-280.webp | /images/rubsue-notebook-process-steps-800.webp | /images/logo-ranrubsue-notebook-black-280.webp,,true
https://xn--42cn4aobed0eb6hubj4es0m5dhvd.com/%E0%B8%A3%E0%B8%B1%E0%B8%9A%E0%B8%8B%E0%B8%B7%E0%B9%89%E0%B8%AD%E0%B9%82%E0%B8%99%E0%B9%8A%E0%B8%95%E0%B8%9A%E0%B8%B8%E0%B9%8A%E0%B8%84/%E0%B9%83%E0%B8%81%E0%B8%A5%E0%B9%89%E0%B8%89%E0%B8%B1%E0%B8%99/,Other,200,https://xn--42cn4aobed0eb6hubj4es0m5dhvd.com/%E0%B8%A3%E0%B8%B1%E0%B8%9A%E0%B8%8B%E0%B8%B7%E0%B9%89%E0%B8%AD%E0%B9%82%E0%B8%99%E0%B9%8A%E0%B8%95%E0%B8%9A%E0%B8%B8%E0%B9%8A%E0%B8%84/%E0%B9%83%E0%B8%81%E0%B8%A5%E0%B9%89%E0%B8%89%E0%B8%B1%E0%B8%99/,รับซื้อโน๊ตบุ๊ค ใกล้ฉัน ประเมินฟรี | ร้านรับซื้อโน๊ตบุ๊ค.com,รับซื้อโน๊ตบุ๊คใกล้ฉัน นัดง่าย ประเมินไว,รับซื้อโน๊ตบุ๊ค ใกล้ฉัน ส่งรูป รุ่น สเปก และอาการเพื่อประเมินเบื้องต้น การนัดรับขึ้นอยู่กับพื้นที่ ตารางงาน และการยืนยัน หรือสอบถามขั้นตอนจัดส่งเครื่องมาตรวจได้,https://ร้านรับซื้อโน๊ตบุ๊ค.com/รับซื้อโน๊ตบุ๊ค/ใกล้ฉัน/,(none),true,false,1,true,true,48,หน้าแรก / รับซื้อโน๊ตบุ๊ค / ใกล้ฉัน รับซื้อโน๊ตบุ๊คใกล้ฉัน นัดง่าย ประเมินไว รับซื้อโน๊ตบุ๊ค ใกล้ฉัน ส่งรูป รุ่น สเปก และอาการเพื่อประเมินเบื้องต้น การนัดรับขึ้นอยู่กับพื้นที่ ตารางงาน และการยืนยัน หรือสอบถามขั้นตอนจัดส่,/favicon.svg | /_astro/BaseLayout.Ce6jA0gB.css | /images/logo-ranrubsue-notebook-black-280.webp | /images/rubsue-notebook-process-steps-800.webp | /images/logo-ranrubsue-notebook-black-280.webp,,true
https://xn--42cn4aobed0eb6hubj4es0m5dhvd.com/%E0%B8%A3%E0%B8%B1%E0%B8%9A%E0%B8%8B%E0%B8%B7%E0%B9%89%E0%B8%AD%E0%B9%82%E0%B8%99%E0%B9%8A%E0%B8%95%E0%B8%9A%E0%B8%B8%E0%B9%8A%E0%B8%84/%E0%B9%83%E0%B8%8A%E0%B9%89%E0%B8%87%E0%B8%B2%E0%B8%99%E0%B8%9B%E0%B8%81%E0%B8%95%E0%B8%B4/,Other,200,https://xn--42cn4aobed0eb6hubj4es0m5dhvd.com/%E0%B8%A3%E0%B8%B1%E0%B8%9A%E0%B8%8B%E0%B8%B7%E0%B9%89%E0%B8%AD%E0%B9%82%E0%B8%99%E0%B9%8A%E0%B8%95%E0%B8%9A%E0%B8%B8%E0%B9%8A%E0%B8%84/%E0%B9%83%E0%B8%8A%E0%B9%89%E0%B8%87%E0%B8%B2%E0%B8%99%E0%B8%9B%E0%B8%81%E0%B8%95%E0%B8%B4/,รับซื้อโน๊ตบุ๊คใช้งานปกติ ประเมินตามรุ่น สเปก และอุปกรณ์ | ร้านรับซื้อโน๊ตบุ๊ค.com,รับซื้อโน๊ตบุ๊คใช้งานปกติ ส่งรูปและสเปกเพื่อประเมินตามสภาพจริง,รับซื้อโน๊ตบุ๊คใช้งานปกติ สภาพดี ประเมินไวตามรุ่น/สเปก จ่ายเงินสดหรือโอนชำระเงินเมื่อรับเครื่อง,https://ร้านรับซื้อโน๊ตบุ๊ค.com/รับซื้อโน๊ตบุ๊ค/ใช้งานปกติ/,(none),true,false,1,true,true,42,หน้าแรก / รับซื้อโน๊ตบุ๊ค / ใช้งานปกติ รับซื้อโน๊ตบุ๊คใช้งานปกติ ส่งรูปและสเปกเพื่อประเมินตามสภาพจริง รับซื้อโน๊ตบุ๊คใช้งานปกติ สภาพดี ประเมินไวตามรุ่น/สเปก จ่ายเงินสดหรือโอนชำระเงินเมื่อรับเครื่อง ประเมินจากอะไร: ส่งรูป,/favicon.svg | /_astro/BaseLayout.Ce6jA0gB.css | /images/logo-ranrubsue-notebook-black-280.webp | /images/rubsue-notebook-process-steps-800.webp | /images/logo-ranrubsue-notebook-black-280.webp,,true
https://xn--42cn4aobed0eb6hubj4es0m5dhvd.com/%E0%B8%A3%E0%B8%B1%E0%B8%9A%E0%B8%8B%E0%B8%B7%E0%B9%89%E0%B8%AD%E0%B9%82%E0%B8%99%E0%B9%8A%E0%B8%95%E0%B8%9A%E0%B8%B8%E0%B9%8A%E0%B8%84/%E0%B9%84%E0%B8%9F%E0%B9%84%E0%B8%A1%E0%B9%88%E0%B9%80%E0%B8%82%E0%B9%89%E0%B8%B2/,Other,200,https://xn--42cn4aobed0eb6hubj4es0m5dhvd.com/%E0%B8%A3%E0%B8%B1%E0%B8%9A%E0%B8%8B%E0%B8%B7%E0%B9%89%E0%B8%AD%E0%B9%82%E0%B8%99%E0%B9%8A%E0%B8%95%E0%B8%9A%E0%B8%B8%E0%B9%8A%E0%B8%84/%E0%B9%84%E0%B8%9F%E0%B9%84%E0%B8%A1%E0%B9%88%E0%B9%80%E0%B8%82%E0%B9%89%E0%B8%B2/,รับซื้อโน๊ตบุ๊คไฟไม่เข้า ประเมินฟรี | ร้านรับซื้อโน๊ตบุ๊ค.com,รับซื้อโน๊ตบุ๊คไฟไม่เข้า ส่งอาการประเมินไว,รับซื้อโน๊ตบุ๊คไฟไม่เข้า เสียบชาร์จแล้วไม่มีไฟ ไม่มีสถานะ หรือเปิดไม่ติด ประเมินฟรี,https://ร้านรับซื้อโน๊ตบุ๊ค.com/รับซื้อโน๊ตบุ๊ค/ไฟไม่เข้า/,(none),true,false,1,true,true,43,หน้าแรก / รับซื้อโน๊ตบุ๊ค / ไฟไม่เข้า รับซื้อโน๊ตบุ๊คไฟไม่เข้า ส่งอาการประเมินไว รับซื้อโน๊ตบุ๊คไฟไม่เข้า เสียบชาร์จแล้วไม่มีไฟ ไม่มีสถานะ หรือเปิดไม่ติด ประเมินฟรี ประเมินจากอะไร: ส่งรูปและวิดีโอสั้น ๆ ให้เห็นอาการชัด พ,/favicon.svg | /_astro/BaseLayout.Ce6jA0gB.css | /images/logo-ranrubsue-notebook-black-280.webp | /images/rubsue-notebook-process-steps-800.webp | /images/logo-ranrubsue-notebook-black-280.webp,,true
https://xn--42cn4aobed0eb6hubj4es0m5dhvd.com/%E0%B8%A3%E0%B8%B1%E0%B8%9A%E0%B8%8B%E0%B8%B7%E0%B9%89%E0%B8%AD%E0%B9%82%E0%B8%99%E0%B9%8A%E0%B8%95%E0%B8%9A%E0%B8%B8%E0%B9%8A%E0%B8%84/%E0%B9%84%E0%B8%A1%E0%B9%88%E0%B8%A1%E0%B8%B5%E0%B8%97%E0%B8%B5%E0%B9%88%E0%B8%8A%E0%B8%B2%E0%B8%A3%E0%B9%8C%E0%B8%88/,Other,200,https://xn--42cn4aobed0eb6hubj4es0m5dhvd.com/%E0%B8%A3%E0%B8%B1%E0%B8%9A%E0%B8%8B%E0%B8%B7%E0%B9%89%E0%B8%AD%E0%B9%82%E0%B8%99%E0%B9%8A%E0%B8%95%E0%B8%9A%E0%B8%B8%E0%B9%8A%E0%B8%84/%E0%B9%84%E0%B8%A1%E0%B9%88%E0%B8%A1%E0%B8%B5%E0%B8%97%E0%B8%B5%E0%B9%88%E0%B8%8A%E0%B8%B2%E0%B8%A3%E0%B9%8C%E0%B8%88/,รับซื้อโน๊ตบุ๊คไม่มีที่ชาร์จ ได้ไหม ประเมินตามรุ่นและอุปกรณ์ | ร้านรับซื้อโน๊ตบุ๊ค.com,รับซื้อโน๊ตบุ๊คไม่มีที่ชาร์จ แจ้งรุ่นและอุปกรณ์ที่มีเพื่อประเมินเบื้องต้น,ไม่มีที่ชาร์จก็ขายได้ รับซื้อโน๊ตบุ๊คตามสภาพ ประเมินราคาเบื้องต้นตามรุ่นสเปกและพอร์ตชาร์จจริง ติดต่อส่งรูปได้อย่างรวดเร็วผ่านไลน์ @webuy,https://ร้านรับซื้อโน๊ตบุ๊ค.com/รับซื้อโน๊ตบุ๊ค/ไม่มีที่ชาร์จ/,(none),true,false,1,true,true,44,หน้าแรก / รับซื้อโน๊ตบุ๊ค / ไม่มีที่ชาร์จ รับซื้อโน๊ตบุ๊คไม่มีที่ชาร์จ แจ้งรุ่นและอุปกรณ์ที่มีเพื่อประเมินเบื้องต้น ไม่มีที่ชาร์จก็ขายได้ รับซื้อโน๊ตบุ๊คตามสภาพ ประเมินราคาเบื้องต้นตามรุ่นสเปกและพอร์ตชาร์จจริง ติดต่อส่งร,/favicon.svg | /_astro/BaseLayout.Ce6jA0gB.css | /images/logo-ranrubsue-notebook-black-280.webp | /images/rubsue-notebook-process-steps-800.webp | /images/logo-ranrubsue-notebook-black-280.webp,,true
https://xn--42cn4aobed0eb6hubj4es0m5dhvd.com/%E0%B8%A3%E0%B8%B1%E0%B8%9A%E0%B8%8B%E0%B8%B7%E0%B9%89%E0%B8%AD%E0%B9%82%E0%B8%99%E0%B9%8A%E0%B8%95%E0%B8%9A%E0%B8%B8%E0%B9%8A%E0%B8%84/acer-aspire-5/,Model,200,https://xn--42cn4aobed0eb6hubj4es0m5dhvd.com/%E0%B8%A3%E0%B8%B1%E0%B8%9A%E0%B8%8B%E0%B8%B7%E0%B9%89%E0%B8%AD%E0%B9%82%E0%B8%99%E0%B9%8A%E0%B8%95%E0%B8%9A%E0%B8%B8%E0%B9%8A%E0%B8%84/acer-aspire-5/,รับซื้อ Acer Aspire 5 มือสอง ประเมินตามสเปกและสภาพจอ | ร้านรับซื้อโน๊ตบุ๊ค.com,รับซื้อ Acer Aspire 5 มือสอง ประเมินราคายุติธรรม,รับซื้อ Acer Aspire 5 มือสอง ประเมินราคาฟรีจากข้อมูลชิป Intel/Ryzen ความจุ RAM/SSD ประวัติแบตเตอรี่ และสภาพหน้าจอ ส่งรูปถ่ายเช็คราคาได้ง่าย,https://ร้านรับซื้อโน๊ตบุ๊ค.com/รับซื้อโน๊ตบุ๊ค/acer-aspire-5/,(none),true,false,1,true,true,48,หน้าแรก / รับซื้อโน๊ตบุ๊ค / Acer Aspire 5 รับซื้อ Acer Aspire 5 มือสอง ประเมินราคายุติธรรม รับซื้อ Acer Aspire 5 มือสอง ประเมินราคาฟรีจากข้อมูลชิป Intel/Ryzen ความจุ RAM/SSD ประวัติแบตเตอรี่ และสภาพหน้าจอ ส่งรูปถ่ายเช็คร,/favicon.svg | /_astro/BaseLayout.Ce6jA0gB.css | /images/logo-ranrubsue-notebook-black-280.webp | /images/rubsue-notebook-process-steps-800.webp | /images/logo-ranrubsue-notebook-black-280.webp,,true
https://xn--42cn4aobed0eb6hubj4es0m5dhvd.com/%E0%B8%A3%E0%B8%B1%E0%B8%9A%E0%B8%8B%E0%B8%B7%E0%B9%89%E0%B8%AD%E0%B9%82%E0%B8%99%E0%B9%8A%E0%B8%95%E0%B8%9A%E0%B8%B8%E0%B9%8A%E0%B8%84/acer-nitro-16/,Model,200,https://xn--42cn4aobed0eb6hubj4es0m5dhvd.com/%E0%B8%A3%E0%B8%B1%E0%B8%9A%E0%B8%8B%E0%B8%B7%E0%B9%89%E0%B8%AD%E0%B9%82%E0%B8%99%E0%B9%8A%E0%B8%95%E0%B8%9A%E0%B8%B8%E0%B9%8A%E0%B8%84/acer-nitro-16/,รับซื้อ Acer Nitro 16 มือสอง | ร้านรับซื้อโน๊ตบุ๊ค.com,รับซื้อ Acer Nitro 16 มือสอง หลายรุ่นยอดนิยม,รับซื้อ Acer Nitro 16 มือสอง หลายรุ่นยอดนิยม ประเมินราคาตามสเปกการ์ดจอแยก สภาพพัดลมระบายความร้อน และระดับสุขภาพแบตเตอรี่ ส่งรูปเช็คราคาประเมินอ้างอิงทาง LINE @webuy ได้อย่างรวดเร็ว,https://ร้านรับซื้อโน๊ตบุ๊ค.com/รับซื้อโน๊ตบุ๊ค/acer-nitro-16/,(none),true,false,1,true,true,49,หน้าแรก / รับซื้อโน๊ตบุ๊ค / Acer Nitro 16 รับซื้อ Acer Nitro 16 มือสอง หลายรุ่นยอดนิยม รับซื้อ Acer Nitro 16 มือสอง หลายรุ่นยอดนิยม ประเมินราคาตามสเปกการ์ดจอแยก สภาพพัดลมระบายความร้อน และระดับสุขภาพแบตเตอรี่ ส่งรูปเช็ครา,/favicon.svg | /_astro/BaseLayout.Ce6jA0gB.css | /images/logo-ranrubsue-notebook-black-280.webp | /images/rubsue-notebook-process-steps-800.webp | /images/logo-ranrubsue-notebook-black-280.webp,,true
https://xn--42cn4aobed0eb6hubj4es0m5dhvd.com/%E0%B8%A3%E0%B8%B1%E0%B8%9A%E0%B8%8B%E0%B8%B7%E0%B9%89%E0%B8%AD%E0%B9%82%E0%B8%99%E0%B9%8A%E0%B8%95%E0%B8%9A%E0%B8%B8%E0%B9%8A%E0%B8%84/acer-nitro-17/,Model,200,https://xn--42cn4aobed0eb6hubj4es0m5dhvd.com/%E0%B8%A3%E0%B8%B1%E0%B8%9A%E0%B8%8B%E0%B8%B7%E0%B9%89%E0%B8%AD%E0%B9%82%E0%B8%99%E0%B9%8A%E0%B8%95%E0%B8%9A%E0%B8%B8%E0%B9%8A%E0%B8%84/acer-nitro-17/,รับซื้อ Acer Nitro 17 มือสอง ประเมินจาก GPU และสภาพความร้อน | ร้านรับซื้อโน๊ตบุ๊ค.com,รับซื้อ Acer Nitro 17 มือสอง หน้าจอ 17.3 นิ้ว,รับซื้อ Acer Nitro 17 มือสอง เกมมิ่งโน๊ตบุ๊คจอใหญ่ 17 นิ้ว ประเมินราคาตามรุ่นการ์ดจอแยก อัตรารีเฟรชเรท และประสิทธิภาพพัดลมระบายอากาศ ส่งภาพเช็คได้ฟรี,https://ร้านรับซื้อโน๊ตบุ๊ค.com/รับซื้อโน๊ตบุ๊ค/acer-nitro-17/,(none),true,false,1,true,true,48,หน้าแรก / รับซื้อโน๊ตบุ๊ค / Acer Nitro 17 รับซื้อ Acer Nitro 17 มือสอง หน้าจอ 17.3 นิ้ว รับซื้อ Acer Nitro 17 มือสอง เกมมิ่งโน๊ตบุ๊คจอใหญ่ 17 นิ้ว ประเมินราคาตามรุ่นการ์ดจอแยก อัตรารีเฟรชเรท และประสิทธิภาพพัดลมระบายอากาศ,/favicon.svg | /_astro/BaseLayout.Ce6jA0gB.css | /images/logo-ranrubsue-notebook-black-280.webp | /images/rubsue-notebook-process-steps-800.webp | /images/logo-ranrubsue-notebook-black-280.webp,,true
https://xn--42cn4aobed0eb6hubj4es0m5dhvd.com/%E0%B8%A3%E0%B8%B1%E0%B8%9A%E0%B8%8B%E0%B8%B7%E0%B9%89%E0%B8%AD%E0%B9%82%E0%B8%99%E0%B9%8A%E0%B8%95%E0%B8%9A%E0%B8%B8%E0%B9%8A%E0%B8%84/acer-nitro-v/,Model,200,https://xn--42cn4aobed0eb6hubj4es0m5dhvd.com/%E0%B8%A3%E0%B8%B1%E0%B8%9A%E0%B8%8B%E0%B8%B7%E0%B9%89%E0%B8%AD%E0%B9%82%E0%B8%99%E0%B9%8A%E0%B8%95%E0%B8%9A%E0%B8%B8%E0%B9%8A%E0%B8%84/acer-nitro-v/,รับซื้อ Acer Nitro V มือสอง ประเมินตามสเปก | ร้านรับซื้อโน๊ตบุ๊ค.com,รับซื้อ Acer Nitro V มือสอง เช็กราคาไวตามสเปก,รับซื้อ Acer Nitro V มือสอง เช็กสเปก CPU GPU RAM SSD และสภาพจริงก่อนตีราคา ส่งรูปประเมินฟรี เหมาะกับเครื่องเกมมิ่งที่ต้องการเช็กราคาไวและปิดดีลชัดเจน,https://ร้านรับซื้อโน๊ตบุ๊ค.com/รับซื้อโน๊ตบุ๊ค/acer-nitro-v/,(none),true,false,1,true,true,54,หน้าแรก / รับซื้อโน๊ตบุ๊ค / Acer Nitro V รับซื้อ Acer Nitro V มือสอง เช็กราคาไวตามสเปก รับซื้อ Acer Nitro V มือสอง เช็กสเปก CPU GPU RAM SSD และสภาพจริงก่อนตีราคา ส่งรูปประเมินฟรี เหมาะกับเครื่องเกมมิ่งที่ต้องการเช็กราคาไ,/favicon.svg | /_astro/BaseLayout.Ce6jA0gB.css | /images/logo-ranrubsue-notebook-black-280.webp | /images/rubsue-notebook-process-steps-800.webp | /images/logo-ranrubsue-notebook-black-280.webp,,true
https://xn--42cn4aobed0eb6hubj4es0m5dhvd.com/%E0%B8%A3%E0%B8%B1%E0%B8%9A%E0%B8%8B%E0%B8%B7%E0%B9%89%E0%B8%AD%E0%B9%82%E0%B8%99%E0%B9%8A%E0%B8%95%E0%B8%9A%E0%B8%B8%E0%B9%8A%E0%B8%84/acer-predator-helios/,Model,200,https://xn--42cn4aobed0eb6hubj4es0m5dhvd.com/%E0%B8%A3%E0%B8%B1%E0%B8%9A%E0%B8%8B%E0%B8%B7%E0%B9%89%E0%B8%AD%E0%B9%82%E0%B8%99%E0%B9%8A%E0%B8%95%E0%B8%9A%E0%B8%B8%E0%B9%8A%E0%B8%84/acer-predator-helios/,รับซื้อ Acer Predator Helios มือสอง ประเมินตามสเปก | ร้านรับซื้อโน๊ตบุ๊ค.com,รับซื้อ Acer Predator Helios มือสอง เช็กราคาไวตามสเปก,รับซื้อ Acer Predator Helios มือสอง เช็กสเปก CPU GPU RAM SSD และสภาพจริงก่อนตีราคา ส่งรูปประเมินฟรี เหมาะกับเครื่องเกมมิ่งที่ต้องการเช็กราคาไวและปิดดีลชัดเจน,https://ร้านรับซื้อโน๊ตบุ๊ค.com/รับซื้อโน๊ตบุ๊ค/acer-predator-helios/,(none),true,false,1,true,true,53,หน้าแรก / รับซื้อโน๊ตบุ๊ค / Acer Predator Helios รับซื้อ Acer Predator Helios มือสอง เช็กราคาไวตามสเปก รับซื้อ Acer Predator Helios มือสอง เช็กสเปก CPU GPU RAM SSD และสภาพจริงก่อนตีราคา ส่งรูปประเมินฟรี เหมาะกับเครื่องเก,/favicon.svg | /_astro/BaseLayout.Ce6jA0gB.css | /images/logo-ranrubsue-notebook-black-280.webp | /images/rubsue-notebook-process-steps-800.webp | /images/logo-ranrubsue-notebook-black-280.webp,,true
https://xn--42cn4aobed0eb6hubj4es0m5dhvd.com/%E0%B8%A3%E0%B8%B1%E0%B8%9A%E0%B8%8B%E0%B8%B7%E0%B9%89%E0%B8%AD%E0%B9%82%E0%B8%99%E0%B9%8A%E0%B8%95%E0%B8%9A%E0%B8%B8%E0%B9%8A%E0%B8%84/acer-predator-neo/,Model,200,https://xn--42cn4aobed0eb6hubj4es0m5dhvd.com/%E0%B8%A3%E0%B8%B1%E0%B8%9A%E0%B8%8B%E0%B8%B7%E0%B9%89%E0%B8%AD%E0%B9%82%E0%B8%99%E0%B9%8A%E0%B8%95%E0%B8%9A%E0%B8%B8%E0%B9%8A%E0%B8%84/acer-predator-neo/,รับซื้อ Acer Predator Helios Neo มือสอง | ร้านรับซื้อโน๊ตบุ๊ค.com,รับซื้อ Acer Predator Helios Neo มือสอง หลายรุ่นยอดนิยม,รับซื้อ Acer Predator Helios Neo มือสอง หลายรุ่นยอดนิยม ประเมินราคาตามสเปกการ์ดจอแยก สภาพพัดลมระบายความร้อน และบอดี้พรีเมียม ส่งรูปเช็คราคาประเมินอ้างอิงทาง LINE @webuy ได้อย่างรวด,https://ร้านรับซื้อโน๊ตบุ๊ค.com/รับซื้อโน๊ตบุ๊ค/acer-predator-neo/,(none),true,false,1,true,true,49,หน้าแรก / รับซื้อโน๊ตบุ๊ค / Acer Predator Helios Neo รับซื้อ Acer Predator Helios Neo มือสอง หลายรุ่นยอดนิยม รับซื้อ Acer Predator Helios Neo มือสอง หลายรุ่นยอดนิยม ประเมินราคาตามสเปกการ์ดจอแยก สภาพพัดลมระบายความร้อน และ,/favicon.svg | /_astro/BaseLayout.Ce6jA0gB.css | /images/logo-ranrubsue-notebook-black-280.webp | /images/rubsue-notebook-process-steps-800.webp | /images/logo-ranrubsue-notebook-black-280.webp,,true
https://xn--42cn4aobed0eb6hubj4es0m5dhvd.com/%E0%B8%A3%E0%B8%B1%E0%B8%9A%E0%B8%8B%E0%B8%B7%E0%B9%89%E0%B8%AD%E0%B9%82%E0%B8%99%E0%B9%8A%E0%B8%95%E0%B8%9A%E0%B8%B8%E0%B9%8A%E0%B8%84/acer-predator-triton/,Model,200,https://xn--42cn4aobed0eb6hubj4es0m5dhvd.com/%E0%B8%A3%E0%B8%B1%E0%B8%9A%E0%B8%8B%E0%B8%B7%E0%B9%89%E0%B8%AD%E0%B9%82%E0%B8%99%E0%B9%8A%E0%B8%95%E0%B8%9A%E0%B8%B8%E0%B9%8A%E0%B8%84/acer-predator-triton/,รับซื้อ Acer Predator Triton มือสอง ประเมินตามชิปเซ็ตและบอดี้ | ร้านรับซื้อโน๊ตบุ๊ค.com,รับซื้อ Acer Predator Triton มือสอง ตัวบางเบา,รับซื้อ Acer Predator Triton มือสอง พรีเมียมเกมมิ่งบางเบา ประเมินราคาตามรุ่น ชิปประมวลผล สภาพพอร์ต Thunderbolt และสุขภาพแบตเตอรี่ ส่งภาพเช็คราคาก่อนขายฟรี,https://ร้านรับซื้อโน๊ตบุ๊ค.com/รับซื้อโน๊ตบุ๊ค/acer-predator-triton/,(none),true,false,1,true,true,48,หน้าแรก / รับซื้อโน๊ตบุ๊ค / Acer Predator Triton รับซื้อ Acer Predator Triton มือสอง ตัวบางเบา รับซื้อ Acer Predator Triton มือสอง พรีเมียมเกมมิ่งบางเบา ประเมินราคาตามรุ่น ชิปประมวลผล สภาพพอร์ต Thunderbolt และสุขภาพแบตเต,/favicon.svg | /_astro/BaseLayout.Ce6jA0gB.css | /images/logo-ranrubsue-notebook-black-280.webp | /images/rubsue-notebook-process-steps-800.webp | /images/logo-ranrubsue-notebook-black-280.webp,,true
https://xn--42cn4aobed0eb6hubj4es0m5dhvd.com/%E0%B8%A3%E0%B8%B1%E0%B8%9A%E0%B8%8B%E0%B8%B7%E0%B9%89%E0%B8%AD%E0%B9%82%E0%B8%99%E0%B9%8A%E0%B8%95%E0%B8%9A%E0%B8%B8%E0%B9%8A%E0%B8%84/acer-swift/,Model,200,https://xn--42cn4aobed0eb6hubj4es0m5dhvd.com/%E0%B8%A3%E0%B8%B1%E0%B8%9A%E0%B8%8B%E0%B8%B7%E0%B9%89%E0%B8%AD%E0%B9%82%E0%B8%99%E0%B9%8A%E0%B8%95%E0%B8%9A%E0%B8%B8%E0%B9%8A%E0%B8%84/acer-swift/,รับซื้อ Acer Swift มือสอง ประเมินตามสเปกและสภาพ | ร้านรับซื้อโน๊ตบุ๊ค.com,รับซื้อ Acer Swift มือสอง หลายรุ่นยอดนิยม,รับซื้อ Acer Swift มือสอง หลายรุ่นยอดนิยม ประเมินราคาตามสเปก สภาพตัวเครื่องบางเบา และระดับสุขภาพแบตเตอรี่ ส่งรูปเช็คราคาประเมินอ้างอิงทาง LINE @webuy ได้อย่างรวดเร็ว ตอบกลับรวดเร็ว,https://ร้านรับซื้อโน๊ตบุ๊ค.com/รับซื้อโน๊ตบุ๊ค/acer-swift/,(none),true,false,1,true,true,50,หน้าแรก / รับซื้อโน๊ตบุ๊ค / Acer Swift รับซื้อ Acer Swift มือสอง หลายรุ่นยอดนิยม รับซื้อ Acer Swift มือสอง หลายรุ่นยอดนิยม ประเมินราคาตามสเปก สภาพตัวเครื่องบางเบา และระดับสุขภาพแบตเตอรี่ ส่งรูปเช็คราคาประเมินอ้างอิงทาง L,/favicon.svg | /_astro/BaseLayout.Ce6jA0gB.css | /images/logo-ranrubsue-notebook-black-280.webp | /images/rubsue-notebook-process-steps-800.webp | /images/logo-ranrubsue-notebook-black-280.webp,,true
https://xn--42cn4aobed0eb6hubj4es0m5dhvd.com/%E0%B8%A3%E0%B8%B1%E0%B8%9A%E0%B8%8B%E0%B8%B7%E0%B9%89%E0%B8%AD%E0%B9%82%E0%B8%99%E0%B9%8A%E0%B8%95%E0%B8%9A%E0%B8%B8%E0%B9%8A%E0%B8%84/acer-travelmate/,Model,200,https://xn--42cn4aobed0eb6hubj4es0m5dhvd.com/%E0%B8%A3%E0%B8%B1%E0%B8%9A%E0%B8%8B%E0%B8%B7%E0%B9%89%E0%B8%AD%E0%B9%82%E0%B8%99%E0%B9%8A%E0%B8%95%E0%B8%9A%E0%B8%B8%E0%B9%8A%E0%B8%84/acer-travelmate/,รับซื้อ Acer TravelMate มือสอง ประเมินตามสเปกและสภาพ | ร้านรับซื้อโน๊ตบุ๊ค.com,รับซื้อ Acer TravelMate มือสอง หลายรุ่นยอดนิยม,รับซื้อ Acer TravelMate มือสอง หลายรุ่นยอดนิยม ประเมินราคาตามสเปก สภาพตัวเครื่องทนทานเกรดธุรกิจ และระดับสุขภาพแบตเตอรี่ ส่งรูปเช็คราคาประเมินอ้างอิงทาง LINE @webuy ได้อย่างรวดเร็ว,https://ร้านรับซื้อโน๊ตบุ๊ค.com/รับซื้อโน๊ตบุ๊ค/acer-travelmate/,(none),true,false,1,true,true,49,หน้าแรก / รับซื้อโน๊ตบุ๊ค / Acer TravelMate รับซื้อ Acer TravelMate มือสอง หลายรุ่นยอดนิยม รับซื้อ Acer TravelMate มือสอง หลายรุ่นยอดนิยม ประเมินราคาตามสเปก สภาพตัวเครื่องทนทานเกรดธุรกิจ และระดับสุขภาพแบตเตอรี่ ส่งรูปเช็,/favicon.svg | /_astro/BaseLayout.Ce6jA0gB.css | /images/logo-ranrubsue-notebook-black-280.webp | /images/rubsue-notebook-process-steps-800.webp | /images/logo-ranrubsue-notebook-black-280.webp,,true
https://xn--42cn4aobed0eb6hubj4es0m5dhvd.com/%E0%B8%A3%E0%B8%B1%E0%B8%9A%E0%B8%8B%E0%B8%B7%E0%B9%89%E0%B8%AD%E0%B9%82%E0%B8%99%E0%B9%8A%E0%B8%95%E0%B8%9A%E0%B8%B8%E0%B9%8A%E0%B8%84/acer/,Brand,200,https://xn--42cn4aobed0eb6hubj4es0m5dhvd.com/%E0%B8%A3%E0%B8%B1%E0%B8%9A%E0%B8%8B%E0%B8%B7%E0%B9%89%E0%B8%AD%E0%B9%82%E0%B8%99%E0%B9%8A%E0%B8%95%E0%B8%9A%E0%B8%B8%E0%B9%8A%E0%B8%84/acer/,รับซื้อโน๊ตบุ๊ค Acer มือสอง ประเมินตามสเปกและสภาพ | ร้านรับซื้อโน๊ตบุ๊ค.com,รับซื้อโน๊ตบุ๊ค Acer มือสอง หลายรุ่นยอดนิยม,รับซื้อโน๊ตบุ๊ค Acer มือสอง หลายรุ่นยอดนิยม ประเมินราคาตามรุ่นย่อย สเปกภายใน และสภาพความสมบูรณ์ของเครื่องจริง ส่งรูปประเมินราคาประเมินอ้างอิงผ่าน LINE @webuy ได้อย่างรวดเร็ว,https://ร้านรับซื้อโน๊ตบุ๊ค.com/รับซื้อโน๊ตบุ๊ค/acer/,(none),true,false,1,true,true,54,หน้าแรก / รับซื้อโน๊ตบุ๊ค / Acer รับซื้อโน๊ตบุ๊ค Acer มือสอง หลายรุ่นยอดนิยม รับซื้อโน๊ตบุ๊ค Acer มือสอง หลายรุ่นยอดนิยม ประเมินราคาตามรุ่นย่อย สเปกภายใน และสภาพความสมบูรณ์ของเครื่องจริง ส่งรูปประเมินราคาประเมินอ้างอิงผ่,/favicon.svg | /_astro/BaseLayout.Ce6jA0gB.css | /images/logo-ranrubsue-notebook-black-280.webp | /images/rubsue-notebook-process-steps-800.webp | /images/logo-ranrubsue-notebook-black-280.webp,,true
https://xn--42cn4aobed0eb6hubj4es0m5dhvd.com/%E0%B8%A3%E0%B8%B1%E0%B8%9A%E0%B8%8B%E0%B8%B7%E0%B9%89%E0%B8%AD%E0%B9%82%E0%B8%99%E0%B9%8A%E0%B8%95%E0%B8%9A%E0%B8%B8%E0%B9%8A%E0%B8%84/alienware-m15-r7-r8/,Other,200,https://xn--42cn4aobed0eb6hubj4es0m5dhvd.com/%E0%B8%A3%E0%B8%B1%E0%B8%9A%E0%B8%8B%E0%B8%B7%E0%B9%89%E0%B8%AD%E0%B9%82%E0%B8%99%E0%B9%8A%E0%B8%95%E0%B8%9A%E0%B8%B8%E0%B9%8A%E0%B8%84/alienware-m15-r7-r8/,รับซื้อ Alienware m15 R7 R8 มือสอง ประเมินตามการ์ดจอแยกและสภาพ | ร้านรับซื้อโน๊ตบุ๊ค.com,รับซื้อ Alienware m15 R7 R8 มือสอง สเปกสูง,รับซื้อ Alienware m15 R7 และ R8 มือสอง เกมมิ่งไฮเอนด์ ประเมินราคาตามชิปประมวลผล สเปกการ์ดจอแยก ความสมบูรณ์ของช่องไฟ RGB และอุปกรณ์เดิม ส่งรูปเช็คฟรี,https://ร้านรับซื้อโน๊ตบุ๊ค.com/รับซื้อโน๊ตบุ๊ค/alienware-m15-r7-r8/,(none),true,false,1,true,true,48,หน้าแรก / รับซื้อโน๊ตบุ๊ค / Alienware m15 R7 R8 รับซื้อ Alienware m15 R7 R8 มือสอง สเปกสูง รับซื้อ Alienware m15 R7 และ R8 มือสอง เกมมิ่งไฮเอนด์ ประเมินราคาตามชิปประมวลผล สเปกการ์ดจอแยก ความสมบูรณ์ของช่องไฟ RGB และอุปกรณ,/favicon.svg | /_astro/BaseLayout.Ce6jA0gB.css | /images/logo-ranrubsue-notebook-black-280.webp | /images/rubsue-notebook-process-steps-800.webp | /images/logo-ranrubsue-notebook-black-280.webp,,true
https://xn--42cn4aobed0eb6hubj4es0m5dhvd.com/%E0%B8%A3%E0%B8%B1%E0%B8%9A%E0%B8%8B%E0%B8%B7%E0%B9%89%E0%B8%AD%E0%B9%82%E0%B8%99%E0%B9%8A%E0%B8%95%E0%B8%9A%E0%B8%B8%E0%B9%8A%E0%B8%84/alienware-m16/,Other,200,https://xn--42cn4aobed0eb6hubj4es0m5dhvd.com/%E0%B8%A3%E0%B8%B1%E0%B8%9A%E0%B8%8B%E0%B8%B7%E0%B9%89%E0%B8%AD%E0%B9%82%E0%B8%99%E0%B9%8A%E0%B8%95%E0%B8%9A%E0%B8%B8%E0%B9%8A%E0%B8%84/alienware-m16/,รับซื้อ Alienware m16 มือสอง ประเมินตามสเปก | ร้านรับซื้อโน๊ตบุ๊ค.com,รับซื้อ Alienware m16 มือสอง เช็กราคาไวตามสเปก,รับซื้อ Alienware m16 มือสอง เช็กสเปก CPU GPU RAM SSD และสภาพจริงก่อนตีราคา ส่งรูปประเมินฟรี เหมาะกับเครื่องเกมมิ่งที่ต้องการเช็กราคาไวและปิดดีลชัดเจน,https://ร้านรับซื้อโน๊ตบุ๊ค.com/รับซื้อโน๊ตบุ๊ค/alienware-m16/,(none),true,false,1,true,true,53,หน้าแรก / รับซื้อโน๊ตบุ๊ค / Alienware m16 รับซื้อ Alienware m16 มือสอง เช็กราคาไวตามสเปก รับซื้อ Alienware m16 มือสอง เช็กสเปก CPU GPU RAM SSD และสภาพจริงก่อนตีราคา ส่งรูปประเมินฟรี เหมาะกับเครื่องเกมมิ่งที่ต้องการเช็กรา,/favicon.svg | /_astro/BaseLayout.Ce6jA0gB.css | /images/logo-ranrubsue-notebook-black-280.webp | /images/rubsue-notebook-process-steps-800.webp | /images/logo-ranrubsue-notebook-black-280.webp,,true
https://xn--42cn4aobed0eb6hubj4es0m5dhvd.com/%E0%B8%A3%E0%B8%B1%E0%B8%9A%E0%B8%8B%E0%B8%B7%E0%B9%89%E0%B8%AD%E0%B9%82%E0%B8%99%E0%B9%8A%E0%B8%95%E0%B8%9A%E0%B8%B8%E0%B9%8A%E0%B8%84/alienware-m18/,Other,200,https://xn--42cn4aobed0eb6hubj4es0m5dhvd.com/%E0%B8%A3%E0%B8%B1%E0%B8%9A%E0%B8%8B%E0%B8%B7%E0%B9%89%E0%B8%AD%E0%B9%82%E0%B8%99%E0%B9%8A%E0%B8%95%E0%B8%9A%E0%B8%B8%E0%B9%8A%E0%B8%84/alienware-m18/,รับซื้อ Alienware m18 มือสอง ประเมินตามชิปเซ็ตและสภาพระบายความร้อน | ร้านรับซื้อโน๊ตบุ๊ค.com,รับซื้อ Alienware m18 มือสอง รุ่นยักษ์ใหญ่จอ 18 นิ้ว,รับซื้อ Alienware m18 มือสอง แล็ปท็อปเกมมิ่งจอยักษ์ใหญ่ 18 นิ้ว ประเมินราคาจากความแรง GPU การทำงานพัดลมระบายความร้อน และระดับความจุกระแสไฟแบตเตอรี่,https://ร้านรับซื้อโน๊ตบุ๊ค.com/รับซื้อโน๊ตบุ๊ค/alienware-m18/,(none),true,false,1,true,true,48,หน้าแรก / รับซื้อโน๊ตบุ๊ค / Alienware m18 รับซื้อ Alienware m18 มือสอง รุ่นยักษ์ใหญ่จอ 18 นิ้ว รับซื้อ Alienware m18 มือสอง แล็ปท็อปเกมมิ่งจอยักษ์ใหญ่ 18 นิ้ว ประเมินราคาจากความแรง GPU การทำงานพัดลมระบายความร้อน และระดับ,/favicon.svg | /_astro/BaseLayout.Ce6jA0gB.css | /images/logo-ranrubsue-notebook-black-280.webp | /images/rubsue-notebook-process-steps-800.webp | /images/logo-ranrubsue-notebook-black-280.webp,,true
https://xn--42cn4aobed0eb6hubj4es0m5dhvd.com/%E0%B8%A3%E0%B8%B1%E0%B8%9A%E0%B8%8B%E0%B8%B7%E0%B9%89%E0%B8%AD%E0%B9%82%E0%B8%99%E0%B9%8A%E0%B8%95%E0%B8%9A%E0%B8%B8%E0%B9%8A%E0%B8%84/alienware-x16/,Other,200,https://xn--42cn4aobed0eb6hubj4es0m5dhvd.com/%E0%B8%A3%E0%B8%B1%E0%B8%9A%E0%B8%8B%E0%B8%B7%E0%B9%89%E0%B8%AD%E0%B9%82%E0%B8%99%E0%B9%8A%E0%B8%95%E0%B8%9A%E0%B8%B8%E0%B9%8A%E0%B8%84/alienware-x16/,รับซื้อ Alienware x16 มือสอง ประเมินตามรุ่นการ์ดจอแยกและสภาพ | ร้านรับซื้อโน๊ตบุ๊ค.com,รับซื้อ Alienware x16 มือสอง ระดับพรีเมียม,รับซื้อ Alienware x16 มือสอง พรีเมียมเกมมิ่งบางเบา ประเมินราคาตามรุ่นย่อย ชิปกราฟิกการ์ดจอแยก สภาพพอร์ตเชื่อมต่อ และอุปกรณ์ของแท้ ส่งภาพประเมินราคาฟรี,https://ร้านรับซื้อโน๊ตบุ๊ค.com/รับซื้อโน๊ตบุ๊ค/alienware-x16/,(none),true,false,1,true,true,47,หน้าแรก / รับซื้อโน๊ตบุ๊ค / Alienware x16 รับซื้อ Alienware x16 มือสอง ระดับพรีเมียม รับซื้อ Alienware x16 มือสอง พรีเมียมเกมมิ่งบางเบา ประเมินราคาตามรุ่นย่อย ชิปกราฟิกการ์ดจอแยก สภาพพอร์ตเชื่อมต่อ และอุปกรณ์ของแท้ ส่งภา,/favicon.svg | /_astro/BaseLayout.Ce6jA0gB.css | /images/logo-ranrubsue-notebook-black-280.webp | /images/rubsue-notebook-process-steps-800.webp | /images/logo-ranrubsue-notebook-black-280.webp,,true
https://xn--42cn4aobed0eb6hubj4es0m5dhvd.com/%E0%B8%A3%E0%B8%B1%E0%B8%9A%E0%B8%8B%E0%B8%B7%E0%B9%89%E0%B8%AD%E0%B9%82%E0%B8%99%E0%B9%8A%E0%B8%95%E0%B8%9A%E0%B8%B8%E0%B9%8A%E0%B8%84/asus-expertbook/,Model,200,https://xn--42cn4aobed0eb6hubj4es0m5dhvd.com/%E0%B8%A3%E0%B8%B1%E0%B8%9A%E0%B8%8B%E0%B8%B7%E0%B9%89%E0%B8%AD%E0%B9%82%E0%B8%99%E0%B9%8A%E0%B8%95%E0%B8%9A%E0%B8%B8%E0%B9%8A%E0%B8%84/asus-expertbook/,รับซื้อ Asus ExpertBook มือสอง ประเมินตามสเปกและสภาพ | ร้านรับซื้อโน๊ตบุ๊ค.com,รับซื้อ Asus ExpertBook มือสอง หลายรุ่นยอดนิยม,รับซื้อ Asus ExpertBook มือสอง หลายรุ่นยอดนิยม ประเมินราคาตามสเปก สภาพความแข็งแรงของเครื่องธุรกิจ และระดับสุขภาพแบตเตอรี่ ส่งรูปเช็คราคาประเมินอ้างอิงผ่าน LINE @webuy ได้อย่างรวดเร,https://ร้านรับซื้อโน๊ตบุ๊ค.com/รับซื้อโน๊ตบุ๊ค/asus-expertbook/,(none),true,false,1,true,true,49,หน้าแรก / รับซื้อโน๊ตบุ๊ค / Asus ExpertBook รับซื้อ Asus ExpertBook มือสอง หลายรุ่นยอดนิยม รับซื้อ Asus ExpertBook มือสอง หลายรุ่นยอดนิยม ประเมินราคาตามสเปก สภาพความแข็งแรงของเครื่องธุรกิจ และระดับสุขภาพแบตเตอรี่ ส่งรูปเ,/favicon.svg | /_astro/BaseLayout.Ce6jA0gB.css | /images/logo-ranrubsue-notebook-black-280.webp | /images/rubsue-notebook-process-steps-800.webp | /images/logo-ranrubsue-notebook-black-280.webp,,true
https://xn--42cn4aobed0eb6hubj4es0m5dhvd.com/%E0%B8%A3%E0%B8%B1%E0%B8%9A%E0%B8%8B%E0%B8%B7%E0%B9%89%E0%B8%AD%E0%B9%82%E0%B8%99%E0%B9%8A%E0%B8%95%E0%B8%9A%E0%B8%B8%E0%B9%8A%E0%B8%84/asus-rog-ally-x/,Model,200,https://xn--42cn4aobed0eb6hubj4es0m5dhvd.com/%E0%B8%A3%E0%B8%B1%E0%B8%9A%E0%B8%8B%E0%B8%B7%E0%B9%89%E0%B8%AD%E0%B9%82%E0%B8%99%E0%B9%8A%E0%B8%95%E0%B8%9A%E0%B8%B8%E0%B9%8A%E0%B8%84/asus-rog-ally-x/,รับซื้อ Asus ROG Ally X มือสอง ประเมินตามสภาพและสุขภาพแบต | ร้านรับซื้อโน๊ตบุ๊ค.com,รับซื้อ Asus ROG Ally X มือสอง เครื่องเล่นเกมพกพา,รับซื้อเครื่องเกมพกพา Asus ROG Ally X มือสอง ประเมินราคาตามสภาพบอดี้ ความสมบูรณ์ของอนาล็อก ปุ่มกด หน้าจอสัมผัส และระดับแบตเตอรี่ ส่งรูปเช็คฟรี,https://ร้านรับซื้อโน๊ตบุ๊ค.com/รับซื้อโน๊ตบุ๊ค/asus-rog-ally-x/,(none),true,false,1,true,true,48,หน้าแรก / รับซื้อโน๊ตบุ๊ค / Asus ROG Ally X รับซื้อ Asus ROG Ally X มือสอง เครื่องเล่นเกมพกพา รับซื้อเครื่องเกมพกพา Asus ROG Ally X มือสอง ประเมินราคาตามสภาพบอดี้ ความสมบูรณ์ของอนาล็อก ปุ่มกด หน้าจอสัมผัส และระดับแบตเตอร,/favicon.svg | /_astro/BaseLayout.Ce6jA0gB.css | /images/logo-ranrubsue-notebook-black-280.webp | /images/rubsue-notebook-process-steps-800.webp | /images/logo-ranrubsue-notebook-black-280.webp,,true
https://xn--42cn4aobed0eb6hubj4es0m5dhvd.com/%E0%B8%A3%E0%B8%B1%E0%B8%9A%E0%B8%8B%E0%B8%B7%E0%B9%89%E0%B8%AD%E0%B9%82%E0%B8%99%E0%B9%8A%E0%B8%95%E0%B8%9A%E0%B8%B8%E0%B9%8A%E0%B8%84/asus-rog-flow/,Model,200,https://xn--42cn4aobed0eb6hubj4es0m5dhvd.com/%E0%B8%A3%E0%B8%B1%E0%B8%9A%E0%B8%8B%E0%B8%B7%E0%B9%89%E0%B8%AD%E0%B9%82%E0%B8%99%E0%B9%8A%E0%B8%95%E0%B8%9A%E0%B8%B8%E0%B9%8A%E0%B8%84/asus-rog-flow/,รับซื้อ Asus ROG Flow มือสอง ประเมินตามสภาพและรุ่นย่อย | ร้านรับซื้อโน๊ตบุ๊ค.com,รับซื้อ Asus ROG Flow มือสอง ซีรีส์ไฮบริดเกมมิ่ง,รับซื้อ Asus ROG Flow (X13/Z13/X16) มือสอง ประเมินราคาตามชิปประมวลผล สภาพหน้าจอทัชสกรีน ความแน่นหนาพับจอ และสภาพกล่องการ์ดจอแยก XG Mobile,https://ร้านรับซื้อโน๊ตบุ๊ค.com/รับซื้อโน๊ตบุ๊ค/asus-rog-flow/,(none),true,false,1,true,true,48,หน้าแรก / รับซื้อโน๊ตบุ๊ค / Asus ROG Flow รับซื้อ Asus ROG Flow มือสอง ซีรีส์ไฮบริดเกมมิ่ง รับซื้อ Asus ROG Flow (X13/Z13/X16) มือสอง ประเมินราคาตามชิปประมวลผล สภาพหน้าจอทัชสกรีน ความแน่นหนาพับจอ และสภาพกล่องการ์ดจอแยก X,/favicon.svg | /_astro/BaseLayout.Ce6jA0gB.css | /images/logo-ranrubsue-notebook-black-280.webp | /images/rubsue-notebook-process-steps-800.webp | /images/logo-ranrubsue-notebook-black-280.webp,,true
https://xn--42cn4aobed0eb6hubj4es0m5dhvd.com/%E0%B8%A3%E0%B8%B1%E0%B8%9A%E0%B8%8B%E0%B8%B7%E0%B9%89%E0%B8%AD%E0%B9%82%E0%B8%99%E0%B9%8A%E0%B8%95%E0%B8%9A%E0%B8%B8%E0%B9%8A%E0%B8%84/asus-rog-strix/,Model,200,https://xn--42cn4aobed0eb6hubj4es0m5dhvd.com/%E0%B8%A3%E0%B8%B1%E0%B8%9A%E0%B8%8B%E0%B8%B7%E0%B9%89%E0%B8%AD%E0%B9%82%E0%B8%99%E0%B9%8A%E0%B8%95%E0%B8%9A%E0%B8%B8%E0%B9%8A%E0%B8%84/asus-rog-strix/,รับซื้อ Asus ROG Strix มือสอง ประเมินตามสเปก | ร้านรับซื้อโน๊ตบุ๊ค.com,รับซื้อ Asus ROG Strix มือสอง เช็กราคาไวตามสเปก,รับซื้อ Asus ROG Strix มือสอง เช็กสเปก CPU GPU RAM SSD และสภาพจริงก่อนตีราคา ส่งรูปประเมินฟรี เหมาะกับเครื่องเกมมิ่งที่ต้องการเช็กราคาไวและปิดดีลชัดเจน,https://ร้านรับซื้อโน๊ตบุ๊ค.com/รับซื้อโน๊ตบุ๊ค/asus-rog-strix/,(none),true,false,1,true,true,54,หน้าแรก / รับซื้อโน๊ตบุ๊ค / Asus ROG Strix รับซื้อ Asus ROG Strix มือสอง เช็กราคาไวตามสเปก รับซื้อ Asus ROG Strix มือสอง เช็กสเปก CPU GPU RAM SSD และสภาพจริงก่อนตีราคา ส่งรูปประเมินฟรี เหมาะกับเครื่องเกมมิ่งที่ต้องการเช็,/favicon.svg | /_astro/BaseLayout.Ce6jA0gB.css | /images/logo-ranrubsue-notebook-black-280.webp | /images/rubsue-notebook-process-steps-800.webp | /images/logo-ranrubsue-notebook-black-280.webp,,true
https://xn--42cn4aobed0eb6hubj4es0m5dhvd.com/%E0%B8%A3%E0%B8%B1%E0%B8%9A%E0%B8%8B%E0%B8%B7%E0%B9%89%E0%B8%AD%E0%B9%82%E0%B8%99%E0%B9%8A%E0%B8%95%E0%B8%9A%E0%B8%B8%E0%B9%8A%E0%B8%84/asus-tuf-a15-f15/,Model,200,https://xn--42cn4aobed0eb6hubj4es0m5dhvd.com/%E0%B8%A3%E0%B8%B1%E0%B8%9A%E0%B8%8B%E0%B8%B7%E0%B9%89%E0%B8%AD%E0%B9%82%E0%B8%99%E0%B9%8A%E0%B8%95%E0%B8%9A%E0%B8%B8%E0%B9%8A%E0%B8%84/asus-tuf-a15-f15/,รับซื้อ Asus TUF A15 / F15 มือสอง ประเมินตามสเปก | ร้านรับซื้อโน๊ตบุ๊ค.com,รับซื้อ Asus TUF A15 / F15 มือสอง เช็กราคาไวตามสเปก,รับซื้อ Asus TUF A15 / F15 มือสอง เช็กสเปก CPU GPU RAM SSD และสภาพจริงก่อนตีราคา ส่งรูปประเมินฟรี เหมาะกับเครื่องเกมมิ่งที่ต้องการเช็กราคาไวและปิดดีลชัดเจน,https://ร้านรับซื้อโน๊ตบุ๊ค.com/รับซื้อโน๊ตบุ๊ค/asus-tuf-a15-f15/,(none),true,false,1,true,true,54,หน้าแรก / รับซื้อโน๊ตบุ๊ค / Asus TUF A15 / F15 รับซื้อ Asus TUF A15 / F15 มือสอง เช็กราคาไวตามสเปก รับซื้อ Asus TUF A15 / F15 มือสอง เช็กสเปก CPU GPU RAM SSD และสภาพจริงก่อนตีราคา ส่งรูปประเมินฟรี เหมาะกับเครื่องเกมมิ่งท,/favicon.svg | /_astro/BaseLayout.Ce6jA0gB.css | /images/logo-ranrubsue-notebook-black-280.webp | /images/rubsue-notebook-process-steps-800.webp | /images/logo-ranrubsue-notebook-black-280.webp,,true
https://xn--42cn4aobed0eb6hubj4es0m5dhvd.com/%E0%B8%A3%E0%B8%B1%E0%B8%9A%E0%B8%8B%E0%B8%B7%E0%B9%89%E0%B8%AD%E0%B9%82%E0%B8%99%E0%B9%8A%E0%B8%95%E0%B8%9A%E0%B8%B8%E0%B9%8A%E0%B8%84/asus-vivobook/,Model,200,https://xn--42cn4aobed0eb6hubj4es0m5dhvd.com/%E0%B8%A3%E0%B8%B1%E0%B8%9A%E0%B8%8B%E0%B8%B7%E0%B9%89%E0%B8%AD%E0%B9%82%E0%B8%99%E0%B9%8A%E0%B8%95%E0%B8%9A%E0%B8%B8%E0%B9%8A%E0%B8%84/asus-vivobook/,รับซื้อ Asus Vivobook มือสอง ประเมินตามสเปกและสภาพ | ร้านรับซื้อโน๊ตบุ๊ค.com,รับซื้อ Asus Vivobook มือสอง หลายรุ่นยอดนิยม,รับซื้อ Asus Vivobook มือสอง หลายรุ่นยอดนิยม ประเมินราคาตามสเปก สภาพการใช้งานจริง และระดับสุขภาพแบตเตอรี่ ส่งรูปเช็คราคาประเมินอ้างอิงผ่าน LINE @webuy ได้อย่างรวดเร็ว,https://ร้านรับซื้อโน๊ตบุ๊ค.com/รับซื้อโน๊ตบุ๊ค/asus-vivobook/,(none),true,false,1,true,true,49,หน้าแรก / รับซื้อโน๊ตบุ๊ค / Asus Vivobook รับซื้อ Asus Vivobook มือสอง หลายรุ่นยอดนิยม รับซื้อ Asus Vivobook มือสอง หลายรุ่นยอดนิยม ประเมินราคาตามสเปก สภาพการใช้งานจริง และระดับสุขภาพแบตเตอรี่ ส่งรูปเช็คราคาประเมินอ้างอิ,/favicon.svg | /_astro/BaseLayout.Ce6jA0gB.css | /images/logo-ranrubsue-notebook-black-280.webp | /images/rubsue-notebook-process-steps-800.webp | /images/logo-ranrubsue-notebook-black-280.webp,,true
https://xn--42cn4aobed0eb6hubj4es0m5dhvd.com/%E0%B8%A3%E0%B8%B1%E0%B8%9A%E0%B8%8B%E0%B8%B7%E0%B9%89%E0%B8%AD%E0%B9%82%E0%B8%99%E0%B9%8A%E0%B8%95%E0%B8%9A%E0%B8%B8%E0%B9%8A%E0%B8%84/asus-zenbook/,Model,200,https://xn--42cn4aobed0eb6hubj4es0m5dhvd.com/%E0%B8%A3%E0%B8%B1%E0%B8%9A%E0%B8%8B%E0%B8%B7%E0%B9%89%E0%B8%AD%E0%B9%82%E0%B8%99%E0%B9%8A%E0%B8%95%E0%B8%9A%E0%B8%B8%E0%B9%8A%E0%B8%84/asus-zenbook/,รับซื้อ Asus Zenbook มือสอง ประเมินตามรุ่น | ร้านรับซื้อโน๊ตบุ๊ค.com,รับซื้อ Asus Zenbook มือสอง เช็กราคาไวตามรุ่น,รับซื้อ Asus Zenbook มือสอง ประเมินฟรีตามรุ่น สเปก และสภาพเครื่อง เหมาะกับโน๊ตบุ๊คทำงาน เครื่องบริษัท และเครื่องใช้งานทั่วไปที่ต้องการเช็กราคาไว,https://ร้านรับซื้อโน๊ตบุ๊ค.com/รับซื้อโน๊ตบุ๊ค/asus-zenbook/,(none),true,false,1,true,true,54,หน้าแรก / รับซื้อโน๊ตบุ๊ค / Asus Zenbook รับซื้อ Asus Zenbook มือสอง เช็กราคาไวตามรุ่น รับซื้อ Asus Zenbook มือสอง ประเมินฟรีตามรุ่น สเปก และสภาพเครื่อง เหมาะกับโน๊ตบุ๊คทำงาน เครื่องบริษัท และเครื่องใช้งานทั่วไปที่ต้องกา,/favicon.svg | /_astro/BaseLayout.Ce6jA0gB.css | /images/logo-ranrubsue-notebook-black-280.webp | /images/rubsue-notebook-process-steps-800.webp | /images/logo-ranrubsue-notebook-black-280.webp,,true
https://xn--42cn4aobed0eb6hubj4es0m5dhvd.com/%E0%B8%A3%E0%B8%B1%E0%B8%9A%E0%B8%8B%E0%B8%B7%E0%B9%89%E0%B8%AD%E0%B9%82%E0%B8%99%E0%B9%8A%E0%B8%95%E0%B8%9A%E0%B8%B8%E0%B9%8A%E0%B8%84/asus-zephyrus-g14/,Model,200,https://xn--42cn4aobed0eb6hubj4es0m5dhvd.com/%E0%B8%A3%E0%B8%B1%E0%B8%9A%E0%B8%8B%E0%B8%B7%E0%B9%89%E0%B8%AD%E0%B9%82%E0%B8%99%E0%B9%8A%E0%B8%95%E0%B8%9A%E0%B8%B8%E0%B9%8A%E0%B8%84/asus-zephyrus-g14/,รับซื้อ Asus ROG Zephyrus G14 มือสอง ประเมินตามสเปก | ร้านรับซื้อโน๊ตบุ๊ค.com,รับซื้อ Asus ROG Zephyrus G14 มือสอง เช็กราคาไวตามสเปก,รับซื้อ Asus ROG Zephyrus G14 มือสอง เช็กสเปก CPU GPU RAM SSD และสภาพจริงก่อนตีราคา ส่งรูปประเมินฟรี เหมาะกับเครื่องเกมมิ่งที่ต้องการเช็กราคาไวและปิดดีลชัดเจน,https://ร้านรับซื้อโน๊ตบุ๊ค.com/รับซื้อโน๊ตบุ๊ค/asus-zephyrus-g14/,(none),true,false,1,true,true,55,หน้าแรก / รับซื้อโน๊ตบุ๊ค / Asus ROG Zephyrus G14 รับซื้อ Asus ROG Zephyrus G14 มือสอง เช็กราคาไวตามสเปก รับซื้อ Asus ROG Zephyrus G14 มือสอง เช็กสเปก CPU GPU RAM SSD และสภาพจริงก่อนตีราคา ส่งรูปประเมินฟรี เหมาะกับเครื่อ,/favicon.svg | /_astro/BaseLayout.Ce6jA0gB.css | /images/logo-ranrubsue-notebook-black-280.webp | /images/rubsue-notebook-process-steps-800.webp | /images/logo-ranrubsue-notebook-black-280.webp,,true
https://xn--42cn4aobed0eb6hubj4es0m5dhvd.com/%E0%B8%A3%E0%B8%B1%E0%B8%9A%E0%B8%8B%E0%B8%B7%E0%B9%89%E0%B8%AD%E0%B9%82%E0%B8%99%E0%B9%8A%E0%B8%95%E0%B8%9A%E0%B8%B8%E0%B9%8A%E0%B8%84/asus-zephyrus-g16/,Model,200,https://xn--42cn4aobed0eb6hubj4es0m5dhvd.com/%E0%B8%A3%E0%B8%B1%E0%B8%9A%E0%B8%8B%E0%B8%B7%E0%B9%89%E0%B8%AD%E0%B9%82%E0%B8%99%E0%B9%8A%E0%B8%95%E0%B8%9A%E0%B8%B8%E0%B9%8A%E0%B8%84/asus-zephyrus-g16/,รับซื้อ Asus Zephyrus G16 มือสอง ประเมินตามสภาพและหน้าจอ OLED | ร้านรับซื้อโน๊ตบุ๊ค.com,รับซื้อ Asus Zephyrus G16 มือสอง พรีเมียมบางเบา,รับซื้อ Asus ROG Zephyrus G16 มือสอง ประเมินราคาตามชิปประมวลผล ชิปเซ็ตการ์ดจอแยก สุขภาพหน้าจอ OLED และความพรีเมียมของบอดี้ ส่งรูปถ่ายเช็คฟรี,https://ร้านรับซื้อโน๊ตบุ๊ค.com/รับซื้อโน๊ตบุ๊ค/asus-zephyrus-g16/,(none),true,false,1,true,true,50,หน้าแรก / รับซื้อโน๊ตบุ๊ค / Asus ROG Zephyrus G16 รับซื้อ Asus Zephyrus G16 มือสอง พรีเมียมบางเบา รับซื้อ Asus ROG Zephyrus G16 มือสอง ประเมินราคาตามชิปประมวลผล ชิปเซ็ตการ์ดจอแยก สุขภาพหน้าจอ OLED และความพรีเมียมของบอดี้,/favicon.svg | /_astro/BaseLayout.Ce6jA0gB.css | /images/logo-ranrubsue-notebook-black-280.webp | /images/rubsue-notebook-process-steps-800.webp | /images/logo-ranrubsue-notebook-black-280.webp,,true
https://xn--42cn4aobed0eb6hubj4es0m5dhvd.com/%E0%B8%A3%E0%B8%B1%E0%B8%9A%E0%B8%8B%E0%B8%B7%E0%B9%89%E0%B8%AD%E0%B9%82%E0%B8%99%E0%B9%8A%E0%B8%95%E0%B8%9A%E0%B8%B8%E0%B9%8A%E0%B8%84/asus-zephyrus/,Model,200,https://xn--42cn4aobed0eb6hubj4es0m5dhvd.com/%E0%B8%A3%E0%B8%B1%E0%B8%9A%E0%B8%8B%E0%B8%B7%E0%B9%89%E0%B8%AD%E0%B9%82%E0%B8%99%E0%B9%8A%E0%B8%95%E0%B8%9A%E0%B8%B8%E0%B9%8A%E0%B8%84/asus-zephyrus/,รับซื้อ Asus Zephyrus มือสอง ประเมินตามสเปกและสภาพ | ร้านรับซื้อโน๊ตบุ๊ค.com,รับซื้อ Asus Zephyrus มือสอง หลายรุ่นยอดนิยม,รับซื้อ Asus Zephyrus มือสอง หลายรุ่นยอดนิยม ประเมินราคาตามสเปกการ์ดจอแยก สภาพพัดลมระบายความร้อน และบอดี้พรีเมียม ส่งรูปเช็คราคาประเมินอ้างอิงทาง LINE @webuy ได้อย่างรวดเร็ว ตอบกลั,https://ร้านรับซื้อโน๊ตบุ๊ค.com/รับซื้อโน๊ตบุ๊ค/asus-zephyrus/,(none),true,false,1,true,true,55,หน้าแรก / รับซื้อโน๊ตบุ๊ค / Asus Zephyrus รับซื้อ Asus Zephyrus มือสอง หลายรุ่นยอดนิยม รับซื้อ Asus Zephyrus มือสอง หลายรุ่นยอดนิยม ประเมินราคาตามสเปกการ์ดจอแยก สภาพพัดลมระบายความร้อน และบอดี้พรีเมียม ส่งรูปเช็คราคาประเม,/favicon.svg | /_astro/BaseLayout.Ce6jA0gB.css | /images/logo-ranrubsue-notebook-black-280.webp | /images/rubsue-notebook-process-steps-800.webp | /images/logo-ranrubsue-notebook-black-280.webp,,true
https://xn--42cn4aobed0eb6hubj4es0m5dhvd.com/%E0%B8%A3%E0%B8%B1%E0%B8%9A%E0%B8%8B%E0%B8%B7%E0%B9%89%E0%B8%AD%E0%B9%82%E0%B8%99%E0%B9%8A%E0%B8%95%E0%B8%9A%E0%B8%B8%E0%B9%8A%E0%B8%84/asus/,Brand,200,https://xn--42cn4aobed0eb6hubj4es0m5dhvd.com/%E0%B8%A3%E0%B8%B1%E0%B8%9A%E0%B8%8B%E0%B8%B7%E0%B9%89%E0%B8%AD%E0%B9%82%E0%B8%99%E0%B9%8A%E0%B8%95%E0%B8%9A%E0%B8%B8%E0%B9%8A%E0%B8%84/asus/,รับซื้อโน๊ตบุ๊ค Asus มือสอง ประเมินตามสเปกและสภาพ | ร้านรับซื้อโน๊ตบุ๊ค.com,รับซื้อโน๊ตบุ๊ค Asus มือสอง หลายรุ่นยอดนิยม,รับซื้อโน๊ตบุ๊ค Asus มือสอง หลายรุ่นยอดนิยม ประเมินราคาตามสเปก สภาพการใช้งานจริง และพอร์ตเชื่อมต่อ ส่งรูปเช็คราคาประเมินอ้างอิงผ่าน LINE @webuy ได้อย่างรวดเร็ว ตอบกลับรวดเร็ว,https://ร้านรับซื้อโน๊ตบุ๊ค.com/รับซื้อโน๊ตบุ๊ค/asus/,(none),true,false,1,true,true,54,หน้าแรก / รับซื้อโน๊ตบุ๊ค / Asus รับซื้อโน๊ตบุ๊ค Asus มือสอง หลายรุ่นยอดนิยม รับซื้อโน๊ตบุ๊ค Asus มือสอง หลายรุ่นยอดนิยม ประเมินราคาตามสเปก สภาพการใช้งานจริง และพอร์ตเชื่อมต่อ ส่งรูปเช็คราคาประเมินอ้างอิงผ่าน LINE @webuy,/favicon.svg | /_astro/BaseLayout.Ce6jA0gB.css | /images/logo-ranrubsue-notebook-black-280.webp | /images/rubsue-notebook-process-steps-800.webp | /images/logo-ranrubsue-notebook-black-280.webp,,true
https://xn--42cn4aobed0eb6hubj4es0m5dhvd.com/%E0%B8%A3%E0%B8%B1%E0%B8%9A%E0%B8%8B%E0%B8%B7%E0%B9%89%E0%B8%AD%E0%B9%82%E0%B8%99%E0%B9%8A%E0%B8%95%E0%B8%9A%E0%B8%B8%E0%B9%8A%E0%B8%84/dell-g15-g16/,Model,200,https://xn--42cn4aobed0eb6hubj4es0m5dhvd.com/%E0%B8%A3%E0%B8%B1%E0%B8%9A%E0%B8%8B%E0%B8%B7%E0%B9%89%E0%B8%AD%E0%B9%82%E0%B8%99%E0%B9%8A%E0%B8%95%E0%B8%9A%E0%B8%B8%E0%B9%8A%E0%B8%84/dell-g15-g16/,รับซื้อ Dell G15 G16 มือสอง ประเมินตามสเปกการ์ดจอและสภาพ | ร้านรับซื้อโน๊ตบุ๊ค.com,รับซื้อ Dell G15 G16 มือสอง หลายรุ่นยอดนิยม,รับซื้อ Dell G15 และ G16 มือสอง เกมมิ่งเกียร์ยอดนิยม ประเมินราคาตามชิป Intel/Ryzen ความแรงการ์ดจอแยก สภาพพลาสติกบอดี้ และระดับแบต ส่งรูปเช็คฟรี,https://ร้านรับซื้อโน๊ตบุ๊ค.com/รับซื้อโน๊ตบุ๊ค/dell-g15-g16/,(none),true,false,1,true,true,48,หน้าแรก / รับซื้อโน๊ตบุ๊ค / Dell G15 และ G16 รับซื้อ Dell G15 G16 มือสอง หลายรุ่นยอดนิยม รับซื้อ Dell G15 และ G16 มือสอง เกมมิ่งเกียร์ยอดนิยม ประเมินราคาตามชิป Intel/Ryzen ความแรงการ์ดจอแยก สภาพพลาสติกบอดี้ และระดับแบต ส,/favicon.svg | /_astro/BaseLayout.Ce6jA0gB.css | /images/logo-ranrubsue-notebook-black-280.webp | /images/rubsue-notebook-process-steps-800.webp | /images/logo-ranrubsue-notebook-black-280.webp,,true
https://xn--42cn4aobed0eb6hubj4es0m5dhvd.com/%E0%B8%A3%E0%B8%B1%E0%B8%9A%E0%B8%8B%E0%B8%B7%E0%B9%89%E0%B8%AD%E0%B9%82%E0%B8%99%E0%B9%8A%E0%B8%95%E0%B8%9A%E0%B8%B8%E0%B9%8A%E0%B8%84/dell-inspiron-15/,Model,200,https://xn--42cn4aobed0eb6hubj4es0m5dhvd.com/%E0%B8%A3%E0%B8%B1%E0%B8%9A%E0%B8%8B%E0%B8%B7%E0%B9%89%E0%B8%AD%E0%B9%82%E0%B8%99%E0%B9%8A%E0%B8%95%E0%B8%9A%E0%B8%B8%E0%B9%8A%E0%B8%84/dell-inspiron-15/,รับซื้อ Dell Inspiron 15 มือสอง ประเมินตามรุ่นและสุขภาพแบต | ร้านรับซื้อโน๊ตบุ๊ค.com,รับซื้อ Dell Inspiron 15 มือสอง สำหรับทำงาน,รับซื้อ Dell Inspiron 15 มือสอง แล็ปท็อปสำหรับใช้ทำงานทั่วไป ประเมินราคาตามสเปกชิป CPU สภาพหน้าจอ IPS และบอดี้ขอบยางเดิม ส่งภาพประเมินราคาฟรี,https://ร้านรับซื้อโน๊ตบุ๊ค.com/รับซื้อโน๊ตบุ๊ค/dell-inspiron-15/,(none),true,false,1,true,true,48,หน้าแรก / รับซื้อโน๊ตบุ๊ค / Dell Inspiron 15 รับซื้อ Dell Inspiron 15 มือสอง สำหรับทำงาน รับซื้อ Dell Inspiron 15 มือสอง แล็ปท็อปสำหรับใช้ทำงานทั่วไป ประเมินราคาตามสเปกชิป CPU สภาพหน้าจอ IPS และบอดี้ขอบยางเดิม ส่งภาพประเ,/favicon.svg | /_astro/BaseLayout.Ce6jA0gB.css | /images/logo-ranrubsue-notebook-black-280.webp | /images/rubsue-notebook-process-steps-800.webp | /images/logo-ranrubsue-notebook-black-280.webp,,true
https://xn--42cn4aobed0eb6hubj4es0m5dhvd.com/%E0%B8%A3%E0%B8%B1%E0%B8%9A%E0%B8%8B%E0%B8%B7%E0%B9%89%E0%B8%AD%E0%B9%82%E0%B8%99%E0%B9%8A%E0%B8%95%E0%B8%9A%E0%B8%B8%E0%B9%8A%E0%B8%84/dell-latitude/,Model,200,https://xn--42cn4aobed0eb6hubj4es0m5dhvd.com/%E0%B8%A3%E0%B8%B1%E0%B8%9A%E0%B8%8B%E0%B8%B7%E0%B9%89%E0%B8%AD%E0%B9%82%E0%B8%99%E0%B9%8A%E0%B8%95%E0%B8%9A%E0%B8%B8%E0%B9%8A%E0%B8%84/dell-latitude/,รับซื้อ Dell Latitude มือสอง ประเมินตามรุ่น | ร้านรับซื้อโน๊ตบุ๊ค.com,รับซื้อ Dell Latitude มือสอง เช็กราคาไวตามรุ่น,รับซื้อ Dell Latitude มือสอง ประเมินฟรีตามรุ่น สเปก และสภาพเครื่อง เหมาะกับโน๊ตบุ๊คทำงาน เครื่องบริษัท และเครื่องใช้งานทั่วไปที่ต้องการเช็กราคาไว,https://ร้านรับซื้อโน๊ตบุ๊ค.com/รับซื้อโน๊ตบุ๊ค/dell-latitude/,(none),true,false,1,true,true,54,หน้าแรก / รับซื้อโน๊ตบุ๊ค / Dell Latitude รับซื้อ Dell Latitude มือสอง เช็กราคาไวตามรุ่น รับซื้อ Dell Latitude มือสอง ประเมินฟรีตามรุ่น สเปก และสภาพเครื่อง เหมาะกับโน๊ตบุ๊คทำงาน เครื่องบริษัท และเครื่องใช้งานทั่วไปที่ต้อ,/favicon.svg | /_astro/BaseLayout.Ce6jA0gB.css | /images/logo-ranrubsue-notebook-black-280.webp | /images/rubsue-notebook-process-steps-800.webp | /images/logo-ranrubsue-notebook-black-280.webp,,true
https://xn--42cn4aobed0eb6hubj4es0m5dhvd.com/%E0%B8%A3%E0%B8%B1%E0%B8%9A%E0%B8%8B%E0%B8%B7%E0%B9%89%E0%B8%AD%E0%B9%82%E0%B8%99%E0%B9%8A%E0%B8%95%E0%B8%9A%E0%B8%B8%E0%B9%8A%E0%B8%84/dell-vostro/,Model,200,https://xn--42cn4aobed0eb6hubj4es0m5dhvd.com/%E0%B8%A3%E0%B8%B1%E0%B8%9A%E0%B8%8B%E0%B8%B7%E0%B9%89%E0%B8%AD%E0%B9%82%E0%B8%99%E0%B9%8A%E0%B8%95%E0%B8%9A%E0%B8%B8%E0%B9%8A%E0%B8%84/dell-vostro/,รับซื้อ Dell Vostro มือสอง ประเมินตามสเปกและสภาพ | ร้านรับซื้อโน๊ตบุ๊ค.com,รับซื้อ Dell Vostro มือสอง หลายรุ่นยอดนิยม,รับซื้อ Dell Vostro มือสอง หลายรุ่นยอดนิยม ประเมินราคาตามสเปก สภาพความแข็งแรงของเครื่องธุรกิจ และระดับสุขภาพแบตเตอรี่ ส่งรูปเช็คราคาประเมินอ้างอิงทาง LINE @webuy ได้อย่างรวดเร็ว,https://ร้านรับซื้อโน๊ตบุ๊ค.com/รับซื้อโน๊ตบุ๊ค/dell-vostro/,(none),true,false,1,true,true,49,หน้าแรก / รับซื้อโน๊ตบุ๊ค / Dell Vostro รับซื้อ Dell Vostro มือสอง หลายรุ่นยอดนิยม รับซื้อ Dell Vostro มือสอง หลายรุ่นยอดนิยม ประเมินราคาตามสเปก สภาพความแข็งแรงของเครื่องธุรกิจ และระดับสุขภาพแบตเตอรี่ ส่งรูปเช็คราคาประเม,/favicon.svg | /_astro/BaseLayout.Ce6jA0gB.css | /images/logo-ranrubsue-notebook-black-280.webp | /images/rubsue-notebook-process-steps-800.webp | /images/logo-ranrubsue-notebook-black-280.webp,,true
https://xn--42cn4aobed0eb6hubj4es0m5dhvd.com/%E0%B8%A3%E0%B8%B1%E0%B8%9A%E0%B8%8B%E0%B8%B7%E0%B9%89%E0%B8%AD%E0%B9%82%E0%B8%99%E0%B9%8A%E0%B8%95%E0%B8%9A%E0%B8%B8%E0%B9%8A%E0%B8%84/dell-xps-13-15/,Model,200,https://xn--42cn4aobed0eb6hubj4es0m5dhvd.com/%E0%B8%A3%E0%B8%B1%E0%B8%9A%E0%B8%8B%E0%B8%B7%E0%B9%89%E0%B8%AD%E0%B9%82%E0%B8%99%E0%B9%8A%E0%B8%95%E0%B8%9A%E0%B8%B8%E0%B9%8A%E0%B8%84/dell-xps-13-15/,รับซื้อ Dell XPS 13 และ 15 มือสอง ประเมินตามรุ่น | ร้านรับซื้อโน๊ตบุ๊ค.com,รับซื้อ Dell XPS 13 และ 15 มือสอง เช็กราคาไวตามรุ่น,รับซื้อ Dell XPS 13 และ 15 มือสอง ประเมินฟรีตามรุ่น สเปก และสภาพเครื่อง เหมาะกับโน๊ตบุ๊คทำงาน เครื่องบริษัท และเครื่องใช้งานทั่วไปที่ต้องการเช็กราคาไว,https://ร้านรับซื้อโน๊ตบุ๊ค.com/รับซื้อโน๊ตบุ๊ค/dell-xps-13-15/,(none),true,false,1,true,true,53,หน้าแรก / รับซื้อโน๊ตบุ๊ค / Dell XPS 13 และ 15 รับซื้อ Dell XPS 13 และ 15 มือสอง เช็กราคาไวตามรุ่น รับซื้อ Dell XPS 13 และ 15 มือสอง ประเมินฟรีตามรุ่น สเปก และสภาพเครื่อง เหมาะกับโน๊ตบุ๊คทำงาน เครื่องบริษัท และเครื่องใช้,/favicon.svg | /_astro/BaseLayout.Ce6jA0gB.css | /images/logo-ranrubsue-notebook-black-280.webp | /images/rubsue-notebook-process-steps-800.webp | /images/logo-ranrubsue-notebook-black-280.webp,,true
https://xn--42cn4aobed0eb6hubj4es0m5dhvd.com/%E0%B8%A3%E0%B8%B1%E0%B8%9A%E0%B8%8B%E0%B8%B7%E0%B9%89%E0%B8%AD%E0%B9%82%E0%B8%99%E0%B9%8A%E0%B8%95%E0%B8%9A%E0%B8%B8%E0%B9%8A%E0%B8%84/dell/,Brand,200,https://xn--42cn4aobed0eb6hubj4es0m5dhvd.com/%E0%B8%A3%E0%B8%B1%E0%B8%9A%E0%B8%8B%E0%B8%B7%E0%B9%89%E0%B8%AD%E0%B9%82%E0%B8%99%E0%B9%8A%E0%B8%95%E0%B8%9A%E0%B8%B8%E0%B9%8A%E0%B8%84/dell/,รับซื้อโน๊ตบุ๊ค Dell มือสอง ประเมินตามสเปกและสภาพ | ร้านรับซื้อโน๊ตบุ๊ค.com,รับซื้อโน๊ตบุ๊ค Dell มือสอง หลายรุ่นยอดนิยม,รับซื้อโน๊ตบุ๊ค Dell มือสอง หลายรุ่นยอดนิยม ประเมินราคาตามซีรีส์ สเปก และรหัส Service Tag จริง ส่งรูปเช็คราคาประเมินอ้างอิงผ่าน LINE @webuy ได้อย่างรวดเร็ว ตอบกลับไว,https://ร้านรับซื้อโน๊ตบุ๊ค.com/รับซื้อโน๊ตบุ๊ค/dell/,(none),true,false,1,true,true,50,หน้าแรก / รับซื้อโน๊ตบุ๊ค / Dell รับซื้อโน๊ตบุ๊ค Dell มือสอง หลายรุ่นยอดนิยม รับซื้อโน๊ตบุ๊ค Dell มือสอง หลายรุ่นยอดนิยม ประเมินราคาตามซีรีส์ สเปก และรหัส Service Tag จริง ส่งรูปเช็คราคาประเมินอ้างอิงผ่าน LINE @webuy ได้,/favicon.svg | /_astro/BaseLayout.Ce6jA0gB.css | /images/logo-ranrubsue-notebook-black-280.webp | /images/rubsue-notebook-process-steps-800.webp | /images/logo-ranrubsue-notebook-black-280.webp,,true
https://xn--42cn4aobed0eb6hubj4es0m5dhvd.com/%E0%B8%A3%E0%B8%B1%E0%B8%9A%E0%B8%8B%E0%B8%B7%E0%B9%89%E0%B8%AD%E0%B9%82%E0%B8%99%E0%B9%8A%E0%B8%95%E0%B8%9A%E0%B8%B8%E0%B9%8A%E0%B8%84/gaming/,Other,200,https://xn--42cn4aobed0eb6hubj4es0m5dhvd.com/%E0%B8%A3%E0%B8%B1%E0%B8%9A%E0%B8%8B%E0%B8%B7%E0%B9%89%E0%B8%AD%E0%B9%82%E0%B8%99%E0%B9%8A%E0%B8%95%E0%B8%9A%E0%B8%B8%E0%B9%8A%E0%B8%84/gaming/,รับซื้อโน๊ตบุ๊ค Gaming ประเมินตามสเปก GPU | ร้านรับซื้อโน๊ตบุ๊ค.com,รับซื้อโน๊ตบุ๊ค Gaming,บริการรับซื้อโน๊ตบุ๊ค Gaming มือสอง ประเมินตามสเปก GPU CPU RAM และสภาพจอ ระบบระบายความร้อน ส่งรูปเช็คราคาเบื้องต้นฟรีผ่าน LINE @webuy,https://ร้านรับซื้อโน๊ตบุ๊ค.com/รับซื้อโน๊ตบุ๊ค/gaming/,(none),true,false,1,true,true,107,หน้าแรก / รับซื้อโน๊ตบุ๊ค / Gaming Notebook รับซื้อโน๊ตบุ๊ค Gaming บริการรับซื้อโน๊ตบุ๊ค Gaming มือสอง ประเมินตามสเปก GPU CPU RAM และสภาพจอ ระบบระบายความร้อน ส่งรูปเช็คราคาเบื้องต้นฟรีผ่าน LINE @webuy หน้านี้รวมซีรีส์หลั,/favicon.svg | /_astro/BaseLayout.Ce6jA0gB.css | /images/logo-ranrubsue-notebook-black-280.webp | /images/rubsue-notebook-process-steps-800.webp | /images/logo-ranrubsue-notebook-black-280.webp,,true
https://xn--42cn4aobed0eb6hubj4es0m5dhvd.com/%E0%B8%A3%E0%B8%B1%E0%B8%9A%E0%B8%8B%E0%B8%B7%E0%B9%89%E0%B8%AD%E0%B9%82%E0%B8%99%E0%B9%8A%E0%B8%95%E0%B8%9A%E0%B8%B8%E0%B9%8A%E0%B8%84/gigabyte-aorus/,Model,200,https://xn--42cn4aobed0eb6hubj4es0m5dhvd.com/%E0%B8%A3%E0%B8%B1%E0%B8%9A%E0%B8%8B%E0%B8%B7%E0%B9%89%E0%B8%AD%E0%B9%82%E0%B8%99%E0%B9%8A%E0%B8%95%E0%B8%9A%E0%B8%B8%E0%B9%8A%E0%B8%84/gigabyte-aorus/,รับซื้อ Gigabyte Aorus มือสอง ประเมินตามชิปเซ็ตและสภาพ | ร้านรับซื้อโน๊ตบุ๊ค.com,รับซื้อ Gigabyte Aorus มือสอง ประเมินราคาตามสเปก,รับซื้อ Gigabyte Aorus มือสอง เกมมิ่งเกียร์สเปกสูง ประเมินราคาตามชิปประมวลผล การ์ดจอแยก อัตรารีเฟรชหน้าจอ และสภาพความร้อนของเครื่อง ส่งภาพประเมินฟรี,https://ร้านรับซื้อโน๊ตบุ๊ค.com/รับซื้อโน๊ตบุ๊ค/gigabyte-aorus/,(none),true,false,1,true,true,48,หน้าแรก / รับซื้อโน๊ตบุ๊ค / Gigabyte Aorus รับซื้อ Gigabyte Aorus มือสอง ประเมินราคาตามสเปก รับซื้อ Gigabyte Aorus มือสอง เกมมิ่งเกียร์สเปกสูง ประเมินราคาตามชิปประมวลผล การ์ดจอแยก อัตรารีเฟรชหน้าจอ และสภาพความร้อนของเครื,/favicon.svg | /_astro/BaseLayout.Ce6jA0gB.css | /images/logo-ranrubsue-notebook-black-280.webp | /images/rubsue-notebook-process-steps-800.webp | /images/logo-ranrubsue-notebook-black-280.webp,,true
https://xn--42cn4aobed0eb6hubj4es0m5dhvd.com/%E0%B8%A3%E0%B8%B1%E0%B8%9A%E0%B8%8B%E0%B8%B7%E0%B9%89%E0%B8%AD%E0%B9%82%E0%B8%99%E0%B9%8A%E0%B8%95%E0%B8%9A%E0%B8%B8%E0%B9%8A%E0%B8%84/gigabyte/,Brand,200,https://xn--42cn4aobed0eb6hubj4es0m5dhvd.com/%E0%B8%A3%E0%B8%B1%E0%B8%9A%E0%B8%8B%E0%B8%B7%E0%B9%89%E0%B8%AD%E0%B9%82%E0%B8%99%E0%B9%8A%E0%B8%95%E0%B8%9A%E0%B8%B8%E0%B9%8A%E0%B8%84/gigabyte/,รับซื้อโน๊ตบุ๊ค Gigabyte มือสอง ประเมินตามสเปกและสภาพ | ร้านรับซื้อโน๊ตบุ๊ค.com,รับซื้อโน๊ตบุ๊ค Gigabyte มือสอง หลายรุ่นยอดนิยม,รับซื้อโน๊ตบุ๊ค Gigabyte มือสอง ประเมินราคาตามรุ่น สเปก และสภาพจริงของเครื่อง ส่งรูปหน้าจอ เช็คประกัน และอุปกรณ์ที่มีเพื่อรับการประเมินราคาขายเบื้องต้น,https://ร้านรับซื้อโน๊ตบุ๊ค.com/รับซื้อโน๊ตบุ๊ค/gigabyte/,(none),true,false,1,true,true,44,หน้าแรก / รับซื้อโน๊ตบุ๊ค / Gigabyte รับซื้อโน๊ตบุ๊ค Gigabyte มือสอง หลายรุ่นยอดนิยม รับซื้อโน๊ตบุ๊ค Gigabyte มือสอง ประเมินราคาตามรุ่น สเปก และสภาพจริงของเครื่อง ส่งรูปหน้าจอ เช็คประกัน และอุปกรณ์ที่มีเพื่อรับการประเมิน,/favicon.svg | /_astro/BaseLayout.Ce6jA0gB.css | /images/logo-ranrubsue-notebook-black-280.webp | /images/rubsue-notebook-process-steps-800.webp | /images/logo-ranrubsue-notebook-black-280.webp,,true
https://xn--42cn4aobed0eb6hubj4es0m5dhvd.com/%E0%B8%A3%E0%B8%B1%E0%B8%9A%E0%B8%8B%E0%B8%B7%E0%B9%89%E0%B8%AD%E0%B9%82%E0%B8%99%E0%B9%8A%E0%B8%95%E0%B8%9A%E0%B8%B8%E0%B9%8A%E0%B8%84/hdmi-%E0%B9%80%E0%B8%AA%E0%B8%B5%E0%B8%A2/,Other,200,https://xn--42cn4aobed0eb6hubj4es0m5dhvd.com/%E0%B8%A3%E0%B8%B1%E0%B8%9A%E0%B8%8B%E0%B8%B7%E0%B9%89%E0%B8%AD%E0%B9%82%E0%B8%99%E0%B9%8A%E0%B8%95%E0%B8%9A%E0%B8%B8%E0%B9%8A%E0%B8%84/hdmi-%E0%B9%80%E0%B8%AA%E0%B8%B5%E0%B8%A2/,รับซื้อโน๊ตบุ๊ค HDMI เสีย ประเมินฟรี | ร้านรับซื้อโน๊ตบุ๊ค.com,รับซื้อโน๊ตบุ๊ค HDMI เสีย ส่งอาการประเมินไว,รับซื้อโน๊ตบุ๊ค HDMI เสีย ต่อจอนอกไม่ได้หรือภาพไม่ขึ้น ประเมินฟรีตามรุ่นและสภาพจริง,https://ร้านรับซื้อโน๊ตบุ๊ค.com/รับซื้อโน๊ตบุ๊ค/hdmi-เสีย/,(none),true,false,1,true,true,44,หน้าแรก / รับซื้อโน๊ตบุ๊ค / HDMI เสีย รับซื้อโน๊ตบุ๊ค HDMI เสีย ส่งอาการประเมินไว รับซื้อโน๊ตบุ๊ค HDMI เสีย ต่อจอนอกไม่ได้หรือภาพไม่ขึ้น ประเมินฟรีตามรุ่นและสภาพจริง ประเมินจากอะไร: ส่งรูปและวิดีโอสั้น ๆ ให้เห็นอาการชัด ,/favicon.svg | /_astro/BaseLayout.Ce6jA0gB.css | /images/logo-ranrubsue-notebook-black-280.webp | /images/rubsue-notebook-process-steps-800.webp | /images/logo-ranrubsue-notebook-black-280.webp,,true
https://xn--42cn4aobed0eb6hubj4es0m5dhvd.com/%E0%B8%A3%E0%B8%B1%E0%B8%9A%E0%B8%8B%E0%B8%B7%E0%B9%89%E0%B8%AD%E0%B9%82%E0%B8%99%E0%B9%8A%E0%B8%95%E0%B8%9A%E0%B8%B8%E0%B9%8A%E0%B8%84/honor-magicbook/,Other,200,https://xn--42cn4aobed0eb6hubj4es0m5dhvd.com/%E0%B8%A3%E0%B8%B1%E0%B8%9A%E0%B8%8B%E0%B8%B7%E0%B9%89%E0%B8%AD%E0%B9%82%E0%B8%99%E0%B9%8A%E0%B8%95%E0%B8%9A%E0%B8%B8%E0%B9%8A%E0%B8%84/honor-magicbook/,รับซื้อ Honor MagicBook มือสอง ประเมินตามรุ่นและสุขภาพแบต | ร้านรับซื้อโน๊ตบุ๊ค.com,รับซื้อ Honor MagicBook มือสอง หลายรุ่นยอดนิยม,รับซื้อ Honor MagicBook มือสอง ประเมินราคาตามชิปประมวลผล สภาพภายนอก บานพับ และความคงทนของแบตเตอรี่ ส่งข้อมูลและรูปถ่ายประเมินเบื้องต้นได้อย่างรวดเร็ว,https://ร้านรับซื้อโน๊ตบุ๊ค.com/รับซื้อโน๊ตบุ๊ค/honor-magicbook/,(none),true,false,1,true,true,47,หน้าแรก / รับซื้อโน๊ตบุ๊ค / Honor MagicBook รับซื้อ Honor MagicBook มือสอง หลายรุ่นยอดนิยม รับซื้อ Honor MagicBook มือสอง ประเมินราคาตามชิปประมวลผล สภาพภายนอก บานพับ และความคงทนของแบตเตอรี่ ส่งข้อมูลและรูปถ่ายประเมินเบื้,/favicon.svg | /_astro/BaseLayout.Ce6jA0gB.css | /images/logo-ranrubsue-notebook-black-280.webp | /images/rubsue-notebook-process-steps-800.webp | /images/logo-ranrubsue-notebook-black-280.webp,,true
https://xn--42cn4aobed0eb6hubj4es0m5dhvd.com/%E0%B8%A3%E0%B8%B1%E0%B8%9A%E0%B8%8B%E0%B8%B7%E0%B9%89%E0%B8%AD%E0%B9%82%E0%B8%99%E0%B9%8A%E0%B8%95%E0%B8%9A%E0%B8%B8%E0%B9%8A%E0%B8%84/honor/,Other,200,https://xn--42cn4aobed0eb6hubj4es0m5dhvd.com/%E0%B8%A3%E0%B8%B1%E0%B8%9A%E0%B8%8B%E0%B8%B7%E0%B9%89%E0%B8%AD%E0%B9%82%E0%B8%99%E0%B9%8A%E0%B8%95%E0%B8%9A%E0%B8%B8%E0%B9%8A%E0%B8%84/honor/,รับซื้อโน๊ตบุ๊ค Honor มือสอง ประเมินตามสภาพและรุ่นย่อย | ร้านรับซื้อโน๊ตบุ๊ค.com,รับซื้อโน๊ตบุ๊ค Honor มือสอง หลายรุ่นยอดนิยม,รับซื้อโน๊ตบุ๊ค Honor มือสอง หลากหลายสภาพการใช้งานตามเงื่อนไข ประเมินราคาจากข้อมูลสเปก CPU/RAM/SSD สภาพภายนอก และสุขภาพแบตเตอรี่ ส่งรูปประเมินเบื้องต้นฟรี,https://ร้านรับซื้อโน๊ตบุ๊ค.com/รับซื้อโน๊ตบุ๊ค/honor/,(none),true,false,1,true,true,44,หน้าแรก / รับซื้อโน๊ตบุ๊ค / Honor รับซื้อโน๊ตบุ๊ค Honor มือสอง หลายรุ่นยอดนิยม รับซื้อโน๊ตบุ๊ค Honor มือสอง หลากหลายสภาพการใช้งานตามเงื่อนไข ประเมินราคาจากข้อมูลสเปก CPU/RAM/SSD สภาพภายนอก และสุขภาพแบตเตอรี่ ส่งรูปประเมิ,/favicon.svg | /_astro/BaseLayout.Ce6jA0gB.css | /images/logo-ranrubsue-notebook-black-280.webp | /images/rubsue-notebook-process-steps-800.webp | /images/logo-ranrubsue-notebook-black-280.webp,,true
https://xn--42cn4aobed0eb6hubj4es0m5dhvd.com/%E0%B8%A3%E0%B8%B1%E0%B8%9A%E0%B8%8B%E0%B8%B7%E0%B9%89%E0%B8%AD%E0%B9%82%E0%B8%99%E0%B9%8A%E0%B8%95%E0%B8%9A%E0%B8%B8%E0%B9%8A%E0%B8%84/hp-elitebook/,Model,200,https://xn--42cn4aobed0eb6hubj4es0m5dhvd.com/%E0%B8%A3%E0%B8%B1%E0%B8%9A%E0%B8%8B%E0%B8%B7%E0%B9%89%E0%B8%AD%E0%B9%82%E0%B8%99%E0%B9%8A%E0%B8%95%E0%B8%9A%E0%B8%B8%E0%B9%8A%E0%B8%84/hp-elitebook/,รับซื้อ HP EliteBook มือสอง ประเมินตามรุ่น | ร้านรับซื้อโน๊ตบุ๊ค.com,รับซื้อ HP EliteBook มือสอง เช็กราคาไวตามรุ่น,รับซื้อ HP EliteBook มือสอง ประเมินฟรีตามรุ่น สเปก และสภาพเครื่อง เหมาะกับโน๊ตบุ๊คทำงาน เครื่องบริษัท และเครื่องใช้งานทั่วไปที่ต้องการเช็กราคาไว,https://ร้านรับซื้อโน๊ตบุ๊ค.com/รับซื้อโน๊ตบุ๊ค/hp-elitebook/,(none),true,false,1,true,true,54,หน้าแรก / รับซื้อโน๊ตบุ๊ค / HP EliteBook รับซื้อ HP EliteBook มือสอง เช็กราคาไวตามรุ่น รับซื้อ HP EliteBook มือสอง ประเมินฟรีตามรุ่น สเปก และสภาพเครื่อง เหมาะกับโน๊ตบุ๊คทำงาน เครื่องบริษัท และเครื่องใช้งานทั่วไปที่ต้องกา,/favicon.svg | /_astro/BaseLayout.Ce6jA0gB.css | /images/logo-ranrubsue-notebook-black-280.webp | /images/rubsue-notebook-process-steps-800.webp | /images/logo-ranrubsue-notebook-black-280.webp,,true
https://xn--42cn4aobed0eb6hubj4es0m5dhvd.com/%E0%B8%A3%E0%B8%B1%E0%B8%9A%E0%B8%8B%E0%B8%B7%E0%B9%89%E0%B8%AD%E0%B9%82%E0%B8%99%E0%B9%8A%E0%B8%95%E0%B8%9A%E0%B8%B8%E0%B9%8A%E0%B8%84/hp-envy-x360/,Model,200,https://xn--42cn4aobed0eb6hubj4es0m5dhvd.com/%E0%B8%A3%E0%B8%B1%E0%B8%9A%E0%B8%8B%E0%B8%B7%E0%B9%89%E0%B8%AD%E0%B9%82%E0%B8%99%E0%B9%8A%E0%B8%95%E0%B8%9A%E0%B8%B8%E0%B9%8A%E0%B8%84/hp-envy-x360/,รับซื้อ HP Envy x360 มือสอง ประเมินตามสภาพทัชสกรีนและพับจอ | ร้านรับซื้อโน๊ตบุ๊ค.com,รับซื้อ HP Envy x360 มือสอง ไฮบริดพับได้,รับซื้อ HP Envy x360 มือสอง รุ่นไฮบริดพับได้ ประเมินราคาตามชิปประมวลผล สภาพทัชสกรีนหน้าจอ ความสมบูรณ์บานพับพับได้ และปากกาเดิม ส่งรูปประเมินฟรี,https://ร้านรับซื้อโน๊ตบุ๊ค.com/รับซื้อโน๊ตบุ๊ค/hp-envy-x360/,(none),true,false,1,true,true,48,หน้าแรก / รับซื้อโน๊ตบุ๊ค / HP Envy x360 รับซื้อ HP Envy x360 มือสอง ไฮบริดพับได้ รับซื้อ HP Envy x360 มือสอง รุ่นไฮบริดพับได้ ประเมินราคาตามชิปประมวลผล สภาพทัชสกรีนหน้าจอ ความสมบูรณ์บานพับพับได้ และปากกาเดิม ส่งรูปประเม,/favicon.svg | /_astro/BaseLayout.Ce6jA0gB.css | /images/logo-ranrubsue-notebook-black-280.webp | /images/rubsue-notebook-process-steps-800.webp | /images/logo-ranrubsue-notebook-black-280.webp,,true
https://xn--42cn4aobed0eb6hubj4es0m5dhvd.com/%E0%B8%A3%E0%B8%B1%E0%B8%9A%E0%B8%8B%E0%B8%B7%E0%B9%89%E0%B8%AD%E0%B9%82%E0%B8%99%E0%B9%8A%E0%B8%95%E0%B8%9A%E0%B8%B8%E0%B9%8A%E0%B8%84/hp-omen-16/,Model,200,https://xn--42cn4aobed0eb6hubj4es0m5dhvd.com/%E0%B8%A3%E0%B8%B1%E0%B8%9A%E0%B8%8B%E0%B8%B7%E0%B9%89%E0%B8%AD%E0%B9%82%E0%B8%99%E0%B9%8A%E0%B8%95%E0%B8%9A%E0%B8%B8%E0%B9%8A%E0%B8%84/hp-omen-16/,รับซื้อ HP Omen 16 มือสอง ประเมินตามรุ่นการ์ดจอแยกและสภาพ | ร้านรับซื้อโน๊ตบุ๊ค.com,รับซื้อ HP Omen 16 มือสอง ประเมินราคายุติธรรม,รับซื้อ HP OMEN 16 มือสอง เกมมิ่งแล็ปท็อปเกรดพรีเมียม ประเมินราคาตามการ์ดจอแยก สภาพพัดลม ความร้อนสะสม และตำหนิจอภาพ ส่งรูปประเมินได้ฟรี,https://ร้านรับซื้อโน๊ตบุ๊ค.com/รับซื้อโน๊ตบุ๊ค/hp-omen-16/,(none),true,false,1,true,true,48,หน้าแรก / รับซื้อโน๊ตบุ๊ค / HP OMEN 16 รับซื้อ HP Omen 16 มือสอง ประเมินราคายุติธรรม รับซื้อ HP OMEN 16 มือสอง เกมมิ่งแล็ปท็อปเกรดพรีเมียม ประเมินราคาตามการ์ดจอแยก สภาพพัดลม ความร้อนสะสม และตำหนิจอภาพ ส่งรูปประเมินได้ฟรี,/favicon.svg | /_astro/BaseLayout.Ce6jA0gB.css | /images/logo-ranrubsue-notebook-black-280.webp | /images/rubsue-notebook-process-steps-800.webp | /images/logo-ranrubsue-notebook-black-280.webp,,true
https://xn--42cn4aobed0eb6hubj4es0m5dhvd.com/%E0%B8%A3%E0%B8%B1%E0%B8%9A%E0%B8%8B%E0%B8%B7%E0%B9%89%E0%B8%AD%E0%B9%82%E0%B8%99%E0%B9%8A%E0%B8%95%E0%B8%9A%E0%B8%B8%E0%B9%8A%E0%B8%84/hp-omen-17/,Model,200,https://xn--42cn4aobed0eb6hubj4es0m5dhvd.com/%E0%B8%A3%E0%B8%B1%E0%B8%9A%E0%B8%8B%E0%B8%B7%E0%B9%89%E0%B8%AD%E0%B9%82%E0%B8%99%E0%B9%8A%E0%B8%95%E0%B8%9A%E0%B8%B8%E0%B9%8A%E0%B8%84/hp-omen-17/,รับซื้อ HP Omen 17 มือสอง ประเมินจาก GPU และสภาพความร้อน | ร้านรับซื้อโน๊ตบุ๊ค.com,รับซื้อ HP Omen 17 มือสอง หน้าจอ 17.3 นิ้ว,รับซื้อ HP OMEN 17 มือสอง แล็ปท็อปเกมมิ่งจอยักษ์ 17 นิ้ว ประเมินราคาตามสเปกชิปเซ็ต GPU แยก สภาพระบายความร้อน และอุปกรณ์ของแท้ ส่งรูปเช็คฟรี,https://ร้านรับซื้อโน๊ตบุ๊ค.com/รับซื้อโน๊ตบุ๊ค/hp-omen-17/,(none),true,false,1,true,true,48,หน้าแรก / รับซื้อโน๊ตบุ๊ค / HP OMEN 17 รับซื้อ HP Omen 17 มือสอง หน้าจอ 17.3 นิ้ว รับซื้อ HP OMEN 17 มือสอง แล็ปท็อปเกมมิ่งจอยักษ์ 17 นิ้ว ประเมินราคาตามสเปกชิปเซ็ต GPU แยก สภาพระบายความร้อน และอุปกรณ์ของแท้ ส่งรูปเช็คฟร,/favicon.svg | /_astro/BaseLayout.Ce6jA0gB.css | /images/logo-ranrubsue-notebook-black-280.webp | /images/rubsue-notebook-process-steps-800.webp | /images/logo-ranrubsue-notebook-black-280.webp,,true
https://xn--42cn4aobed0eb6hubj4es0m5dhvd.com/%E0%B8%A3%E0%B8%B1%E0%B8%9A%E0%B8%8B%E0%B8%B7%E0%B9%89%E0%B8%AD%E0%B9%82%E0%B8%99%E0%B9%8A%E0%B8%95%E0%B8%9A%E0%B8%B8%E0%B9%8A%E0%B8%84/hp-omen-transcend/,Model,200,https://xn--42cn4aobed0eb6hubj4es0m5dhvd.com/%E0%B8%A3%E0%B8%B1%E0%B8%9A%E0%B8%8B%E0%B8%B7%E0%B9%89%E0%B8%AD%E0%B9%82%E0%B8%99%E0%B9%8A%E0%B8%95%E0%B8%9A%E0%B8%B8%E0%B9%8A%E0%B8%84/hp-omen-transcend/,รับซื้อ HP Omen Transcend มือสอง ประเมินตามสภาพและรุ่นย่อย | ร้านรับซื้อโน๊ตบุ๊ค.com,รับซื้อ HP Omen Transcend มือสอง ตัวบางเบา,รับซื้อ HP OMEN Transcend มือสอง ซีรีส์เกมมิ่งพรีเมียมบางเบา ประเมินราคาตามรุ่นย่อย ชิปประมวลผล สภาพจอ OLED และอุปกรณ์ของแท้ ส่งรูปเช็คฟรี,https://ร้านรับซื้อโน๊ตบุ๊ค.com/รับซื้อโน๊ตบุ๊ค/hp-omen-transcend/,(none),true,false,1,true,true,48,หน้าแรก / รับซื้อโน๊ตบุ๊ค / HP OMEN Transcend รับซื้อ HP Omen Transcend มือสอง ตัวบางเบา รับซื้อ HP OMEN Transcend มือสอง ซีรีส์เกมมิ่งพรีเมียมบางเบา ประเมินราคาตามรุ่นย่อย ชิปประมวลผล สภาพจอ OLED และอุปกรณ์ของแท้ ส่งรูป,/favicon.svg | /_astro/BaseLayout.Ce6jA0gB.css | /images/logo-ranrubsue-notebook-black-280.webp | /images/rubsue-notebook-process-steps-800.webp | /images/logo-ranrubsue-notebook-black-280.webp,,true
https://xn--42cn4aobed0eb6hubj4es0m5dhvd.com/%E0%B8%A3%E0%B8%B1%E0%B8%9A%E0%B8%8B%E0%B8%B7%E0%B9%89%E0%B8%AD%E0%B9%82%E0%B8%99%E0%B9%8A%E0%B8%95%E0%B8%9A%E0%B8%B8%E0%B9%8A%E0%B8%84/hp-pavilion/,Model,200,https://xn--42cn4aobed0eb6hubj4es0m5dhvd.com/%E0%B8%A3%E0%B8%B1%E0%B8%9A%E0%B8%8B%E0%B8%B7%E0%B9%89%E0%B8%AD%E0%B9%82%E0%B8%99%E0%B9%8A%E0%B8%95%E0%B8%9A%E0%B8%B8%E0%B9%8A%E0%B8%84/hp-pavilion/,รับซื้อ HP Pavilion มือสอง | ร้านรับซื้อโน๊ตบุ๊ค.com,รับซื้อ HP Pavilion มือสอง หลายรุ่นยอดนิยม,รับซื้อ HP Pavilion มือสอง หลายรุ่นยอดนิยม ประเมินราคาตามสเปก สภาพการใช้งานจริง และระดับสุขภาพแบตเตอรี่ ส่งรูปเช็คราคาประเมินอ้างอิงทาง LINE @webuy ได้อย่างรวดเร็ว,https://ร้านรับซื้อโน๊ตบุ๊ค.com/รับซื้อโน๊ตบุ๊ค/hp-pavilion/,(none),true,false,1,true,true,49,หน้าแรก / รับซื้อโน๊ตบุ๊ค / HP Pavilion รับซื้อ HP Pavilion มือสอง หลายรุ่นยอดนิยม รับซื้อ HP Pavilion มือสอง หลายรุ่นยอดนิยม ประเมินราคาตามสเปก สภาพการใช้งานจริง และระดับสุขภาพแบตเตอรี่ ส่งรูปเช็คราคาประเมินอ้างอิงทาง L,/favicon.svg | /_astro/BaseLayout.Ce6jA0gB.css | /images/logo-ranrubsue-notebook-black-280.webp | /images/rubsue-notebook-process-steps-800.webp | /images/logo-ranrubsue-notebook-black-280.webp,,true
https://xn--42cn4aobed0eb6hubj4es0m5dhvd.com/%E0%B8%A3%E0%B8%B1%E0%B8%9A%E0%B8%8B%E0%B8%B7%E0%B9%89%E0%B8%AD%E0%B9%82%E0%B8%99%E0%B9%8A%E0%B8%95%E0%B8%9A%E0%B8%B8%E0%B9%8A%E0%B8%84/hp-probook/,Model,200,https://xn--42cn4aobed0eb6hubj4es0m5dhvd.com/%E0%B8%A3%E0%B8%B1%E0%B8%9A%E0%B8%8B%E0%B8%B7%E0%B9%89%E0%B8%AD%E0%B9%82%E0%B8%99%E0%B9%8A%E0%B8%95%E0%B8%9A%E0%B8%B8%E0%B9%8A%E0%B8%84/hp-probook/,รับซื้อ HP ProBook มือสอง ประเมินตามรุ่น | ร้านรับซื้อโน๊ตบุ๊ค.com,รับซื้อ HP ProBook มือสอง เช็กราคาไวตามรุ่น,รับซื้อ HP ProBook มือสอง ประเมินฟรีตามรุ่น สเปก และสภาพเครื่อง เหมาะกับโน๊ตบุ๊คทำงาน เครื่องบริษัท และเครื่องใช้งานทั่วไปที่ต้องการเช็กราคาไว,https://ร้านรับซื้อโน๊ตบุ๊ค.com/รับซื้อโน๊ตบุ๊ค/hp-probook/,(none),true,false,1,true,true,54,หน้าแรก / รับซื้อโน๊ตบุ๊ค / HP ProBook รับซื้อ HP ProBook มือสอง เช็กราคาไวตามรุ่น รับซื้อ HP ProBook มือสอง ประเมินฟรีตามรุ่น สเปก และสภาพเครื่อง เหมาะกับโน๊ตบุ๊คทำงาน เครื่องบริษัท และเครื่องใช้งานทั่วไปที่ต้องการเช็กร,/favicon.svg | /_astro/BaseLayout.Ce6jA0gB.css | /images/logo-ranrubsue-notebook-black-280.webp | /images/rubsue-notebook-process-steps-800.webp | /images/logo-ranrubsue-notebook-black-280.webp,,true
https://xn--42cn4aobed0eb6hubj4es0m5dhvd.com/%E0%B8%A3%E0%B8%B1%E0%B8%9A%E0%B8%8B%E0%B8%B7%E0%B9%89%E0%B8%AD%E0%B9%82%E0%B8%99%E0%B9%8A%E0%B8%95%E0%B8%9A%E0%B8%B8%E0%B9%8A%E0%B8%84/hp-spectre-x360/,Model,200,https://xn--42cn4aobed0eb6hubj4es0m5dhvd.com/%E0%B8%A3%E0%B8%B1%E0%B8%9A%E0%B8%8B%E0%B8%B7%E0%B9%89%E0%B8%AD%E0%B9%82%E0%B8%99%E0%B9%8A%E0%B8%95%E0%B8%9A%E0%B8%B8%E0%B9%8A%E0%B8%84/hp-spectre-x360/,รับซื้อ HP Spectre x360 มือสอง ประเมินตามสเปกและกลไกพับจอ | ร้านรับซื้อโน๊ตบุ๊ค.com,รับซื้อ HP Spectre x360 มือสอง พรีเมียมพับได้,รับซื้อ HP Spectre x360 มือสอง รุ่นอัลตร้าบุ๊คพรีเมียมพับจอได้ ประเมินราคาตามชิปประมวลผล สภาพทัชสกรีน ความแน่นข้อต่อ และอุปกรณ์เดิม ส่งภาพประเมินฟรี,https://ร้านรับซื้อโน๊ตบุ๊ค.com/รับซื้อโน๊ตบุ๊ค/hp-spectre-x360/,(none),true,false,1,true,true,48,หน้าแรก / รับซื้อโน๊ตบุ๊ค / HP Spectre x360 รับซื้อ HP Spectre x360 มือสอง พรีเมียมพับได้ รับซื้อ HP Spectre x360 มือสอง รุ่นอัลตร้าบุ๊คพรีเมียมพับจอได้ ประเมินราคาตามชิปประมวลผล สภาพทัชสกรีน ความแน่นข้อต่อ และอุปกรณ์เดิ,/favicon.svg | /_astro/BaseLayout.Ce6jA0gB.css | /images/logo-ranrubsue-notebook-black-280.webp | /images/rubsue-notebook-process-steps-800.webp | /images/logo-ranrubsue-notebook-black-280.webp,,true
https://xn--42cn4aobed0eb6hubj4es0m5dhvd.com/%E0%B8%A3%E0%B8%B1%E0%B8%9A%E0%B8%8B%E0%B8%B7%E0%B9%89%E0%B8%AD%E0%B9%82%E0%B8%99%E0%B9%8A%E0%B8%95%E0%B8%9A%E0%B8%B8%E0%B9%8A%E0%B8%84/hp-victus-15/,Model,200,https://xn--42cn4aobed0eb6hubj4es0m5dhvd.com/%E0%B8%A3%E0%B8%B1%E0%B8%9A%E0%B8%8B%E0%B8%B7%E0%B9%89%E0%B8%AD%E0%B9%82%E0%B8%99%E0%B9%8A%E0%B8%95%E0%B8%9A%E0%B8%B8%E0%B9%8A%E0%B8%84/hp-victus-15/,รับซื้อ HP Victus 15 มือสอง ประเมินตามสเปก | ร้านรับซื้อโน๊ตบุ๊ค.com,รับซื้อ HP Victus 15 มือสอง เช็กราคาไวตามสเปก,รับซื้อ HP Victus 15 มือสอง เช็กสเปก CPU GPU RAM SSD และสภาพจริงก่อนตีราคา ส่งรูปประเมินฟรี เหมาะกับเครื่องเกมมิ่งที่ต้องการเช็กราคาไวและปิดดีลชัดเจน,https://ร้านรับซื้อโน๊ตบุ๊ค.com/รับซื้อโน๊ตบุ๊ค/hp-victus-15/,(none),true,false,1,true,true,54,หน้าแรก / รับซื้อโน๊ตบุ๊ค / HP Victus 15 รับซื้อ HP Victus 15 มือสอง เช็กราคาไวตามสเปก รับซื้อ HP Victus 15 มือสอง เช็กสเปก CPU GPU RAM SSD และสภาพจริงก่อนตีราคา ส่งรูปประเมินฟรี เหมาะกับเครื่องเกมมิ่งที่ต้องการเช็กราคาไ,/favicon.svg | /_astro/BaseLayout.Ce6jA0gB.css | /images/logo-ranrubsue-notebook-black-280.webp | /images/rubsue-notebook-process-steps-800.webp | /images/logo-ranrubsue-notebook-black-280.webp,,true
https://xn--42cn4aobed0eb6hubj4es0m5dhvd.com/%E0%B8%A3%E0%B8%B1%E0%B8%9A%E0%B8%8B%E0%B8%B7%E0%B9%89%E0%B8%AD%E0%B9%82%E0%B8%99%E0%B9%8A%E0%B8%95%E0%B8%9A%E0%B8%B8%E0%B9%8A%E0%B8%84/hp-victus-16/,Model,200,https://xn--42cn4aobed0eb6hubj4es0m5dhvd.com/%E0%B8%A3%E0%B8%B1%E0%B8%9A%E0%B8%8B%E0%B8%B7%E0%B9%89%E0%B8%AD%E0%B9%82%E0%B8%99%E0%B9%8A%E0%B8%95%E0%B8%9A%E0%B8%B8%E0%B9%8A%E0%B8%84/hp-victus-16/,รับซื้อ HP Victus 16 มือสอง | ร้านรับซื้อโน๊ตบุ๊ค.com,รับซื้อ HP Victus 16 มือสอง หลายรุ่นยอดนิยม,รับซื้อ HP Victus 16 มือสอง หลายรุ่นยอดนิยม ประเมินราคาตามสเปกการ์ดจอแยก สภาพพัดลมระบายความร้อน และระดับสุขภาพแบตเตอรี่ ส่งรูปเช็คราคาประเมินอ้างอิงทาง LINE @webuy ได้อย่างรวดเร็ว,https://ร้านรับซื้อโน๊ตบุ๊ค.com/รับซื้อโน๊ตบุ๊ค/hp-victus-16/,(none),true,false,1,true,true,49,หน้าแรก / รับซื้อโน๊ตบุ๊ค / HP Victus 16 รับซื้อ HP Victus 16 มือสอง หลายรุ่นยอดนิยม รับซื้อ HP Victus 16 มือสอง หลายรุ่นยอดนิยม ประเมินราคาตามสเปกการ์ดจอแยก สภาพพัดลมระบายความร้อน และระดับสุขภาพแบตเตอรี่ ส่งรูปเช็คราคาป,/favicon.svg | /_astro/BaseLayout.Ce6jA0gB.css | /images/logo-ranrubsue-notebook-black-280.webp | /images/rubsue-notebook-process-steps-800.webp | /images/logo-ranrubsue-notebook-black-280.webp,,true
https://xn--42cn4aobed0eb6hubj4es0m5dhvd.com/%E0%B8%A3%E0%B8%B1%E0%B8%9A%E0%B8%8B%E0%B8%B7%E0%B9%89%E0%B8%AD%E0%B9%82%E0%B8%99%E0%B9%8A%E0%B8%95%E0%B8%9A%E0%B8%B8%E0%B9%8A%E0%B8%84/hp-victus-17/,Model,200,https://xn--42cn4aobed0eb6hubj4es0m5dhvd.com/%E0%B8%A3%E0%B8%B1%E0%B8%9A%E0%B8%8B%E0%B8%B7%E0%B9%89%E0%B8%AD%E0%B9%82%E0%B8%99%E0%B9%8A%E0%B8%95%E0%B8%9A%E0%B8%B8%E0%B9%8A%E0%B8%84/hp-victus-17/,รับซื้อ HP Victus 17 มือสอง ประเมินตามการ์ดจอแยกและข้อพับจอ | ร้านรับซื้อโน๊ตบุ๊ค.com,รับซื้อ HP Victus 17 มือสอง รุ่นจอ 17.3 นิ้ว,รับซื้อ HP Victus 17 มือสอง เกมมิ่งจอ 17 นิ้ว ประเมินราคาตามชิปประมวลผล สเปกการ์ดจอแยก สภาพพัดลมระบายลม และความตึงของข้อพับจอ ส่งรูปเช็คฟรี,https://ร้านรับซื้อโน๊ตบุ๊ค.com/รับซื้อโน๊ตบุ๊ค/hp-victus-17/,(none),true,false,1,true,true,48,หน้าแรก / รับซื้อโน๊ตบุ๊ค / HP Victus 17 รับซื้อ HP Victus 17 มือสอง รุ่นจอ 17.3 นิ้ว รับซื้อ HP Victus 17 มือสอง เกมมิ่งจอ 17 นิ้ว ประเมินราคาตามชิปประมวลผล สเปกการ์ดจอแยก สภาพพัดลมระบายลม และความตึงของข้อพับจอ ส่งรูปเช,/favicon.svg | /_astro/BaseLayout.Ce6jA0gB.css | /images/logo-ranrubsue-notebook-black-280.webp | /images/rubsue-notebook-process-steps-800.webp | /images/logo-ranrubsue-notebook-black-280.webp,,true
https://xn--42cn4aobed0eb6hubj4es0m5dhvd.com/%E0%B8%A3%E0%B8%B1%E0%B8%9A%E0%B8%8B%E0%B8%B7%E0%B9%89%E0%B8%AD%E0%B9%82%E0%B8%99%E0%B9%8A%E0%B8%95%E0%B8%9A%E0%B8%B8%E0%B9%8A%E0%B8%84/hp/,Brand,200,https://xn--42cn4aobed0eb6hubj4es0m5dhvd.com/%E0%B8%A3%E0%B8%B1%E0%B8%9A%E0%B8%8B%E0%B8%B7%E0%B9%89%E0%B8%AD%E0%B9%82%E0%B8%99%E0%B9%8A%E0%B8%95%E0%B8%9A%E0%B8%B8%E0%B9%8A%E0%B8%84/hp/,รับซื้อโน๊ตบุ๊ค HP มือสอง ประเมินตามสเปกและสภาพ | ร้านรับซื้อโน๊ตบุ๊ค.com,รับซื้อโน๊ตบุ๊ค HP มือสอง หลายรุ่นยอดนิยม,รับซื้อโน๊ตบุ๊ค HP มือสอง หลายรุ่นยอดนิยม ประเมินราคาตามซีรีส์ สเปก และรหัสเครื่องจริง ส่งรูปประเมินราคาประเมินอ้างอิงผ่าน LINE @webuy ได้อย่างรวดเร็ว ตอบกลับรวดเร็ว,https://ร้านรับซื้อโน๊ตบุ๊ค.com/รับซื้อโน๊ตบุ๊ค/hp/,(none),true,false,1,true,true,56,หน้าแรก / รับซื้อโน๊ตบุ๊ค / HP รับซื้อโน๊ตบุ๊ค HP มือสอง หลายรุ่นยอดนิยม รับซื้อโน๊ตบุ๊ค HP มือสอง หลายรุ่นยอดนิยม ประเมินราคาตามซีรีส์ สเปก และรหัสเครื่องจริง ส่งรูปประเมินราคาประเมินอ้างอิงผ่าน LINE @webuy ได้อย่างรวดเ,/favicon.svg | /_astro/BaseLayout.Ce6jA0gB.css | /images/logo-ranrubsue-notebook-black-280.webp | /images/rubsue-notebook-process-steps-800.webp | /images/logo-ranrubsue-notebook-black-280.webp,,true
https://xn--42cn4aobed0eb6hubj4es0m5dhvd.com/%E0%B8%A3%E0%B8%B1%E0%B8%9A%E0%B8%8B%E0%B8%B7%E0%B9%89%E0%B8%AD%E0%B9%82%E0%B8%99%E0%B9%8A%E0%B8%95%E0%B8%9A%E0%B8%B8%E0%B9%8A%E0%B8%84/huawei-matebook/,Model,200,https://xn--42cn4aobed0eb6hubj4es0m5dhvd.com/%E0%B8%A3%E0%B8%B1%E0%B8%9A%E0%B8%8B%E0%B8%B7%E0%B9%89%E0%B8%AD%E0%B9%82%E0%B8%99%E0%B9%8A%E0%B8%95%E0%B8%9A%E0%B8%B8%E0%B9%8A%E0%B8%84/huawei-matebook/,รับซื้อ Huawei MateBook มือสอง ประเมินตามชิปเซ็ตและสภาพ | ร้านรับซื้อโน๊ตบุ๊ค.com,รับซื้อ Huawei MateBook มือสอง หลายรุ่นยอดนิยม,รับซื้อ Huawei MateBook มือสอง ประเมินราคาตามขนาดหน้าจอ รุ่นย่อย ชิปประมวลผล ความสมบูรณ์ของทัชแพด และสุขภาพแบตเตอรี่ ส่งรูปประเมินราคาเบื้องต้นได้ฟรี,https://ร้านรับซื้อโน๊ตบุ๊ค.com/รับซื้อโน๊ตบุ๊ค/huawei-matebook/,(none),true,false,1,true,true,47,หน้าแรก / รับซื้อโน๊ตบุ๊ค / Huawei MateBook รับซื้อ Huawei MateBook มือสอง หลายรุ่นยอดนิยม รับซื้อ Huawei MateBook มือสอง ประเมินราคาตามขนาดหน้าจอ รุ่นย่อย ชิปประมวลผล ความสมบูรณ์ของทัชแพด และสุขภาพแบตเตอรี่ ส่งรูปประเมิ,/favicon.svg | /_astro/BaseLayout.Ce6jA0gB.css | /images/logo-ranrubsue-notebook-black-280.webp | /images/rubsue-notebook-process-steps-800.webp | /images/logo-ranrubsue-notebook-black-280.webp,,true
https://xn--42cn4aobed0eb6hubj4es0m5dhvd.com/%E0%B8%A3%E0%B8%B1%E0%B8%9A%E0%B8%8B%E0%B8%B7%E0%B9%89%E0%B8%AD%E0%B9%82%E0%B8%99%E0%B9%8A%E0%B8%95%E0%B8%9A%E0%B8%B8%E0%B9%8A%E0%B8%84/huawei/,Brand,200,https://xn--42cn4aobed0eb6hubj4es0m5dhvd.com/%E0%B8%A3%E0%B8%B1%E0%B8%9A%E0%B8%8B%E0%B8%B7%E0%B9%89%E0%B8%AD%E0%B9%82%E0%B8%99%E0%B9%8A%E0%B8%95%E0%B8%9A%E0%B8%B8%E0%B9%8A%E0%B8%84/huawei/,รับซื้อโน๊ตบุ๊ค Huawei มือสอง ประเมินตามสเปกและสภาพ | ร้านรับซื้อโน๊ตบุ๊ค.com,รับซื้อโน๊ตบุ๊ค Huawei มือสอง หลายรุ่นยอดนิยม,รับซื้อโน๊ตบุ๊ค Huawei มือสอง หลายรุ่นยอดนิยม ประเมินราคาตามสเปก สภาพจริงของเครื่องบางเบา และระดับสุขภาพแบตเตอรี่ ส่งรูปเช็คราคาประเมินอ้างอิงผ่าน LINE @webuy ได้อย่างรวดเร็ว,https://ร้านรับซื้อโน๊ตบุ๊ค.com/รับซื้อโน๊ตบุ๊ค/huawei/,(none),true,false,1,true,true,46,หน้าแรก / รับซื้อโน๊ตบุ๊ค / Huawei รับซื้อโน๊ตบุ๊ค Huawei มือสอง หลายรุ่นยอดนิยม รับซื้อโน๊ตบุ๊ค Huawei มือสอง หลายรุ่นยอดนิยม ประเมินราคาตามสเปก สภาพจริงของเครื่องบางเบา และระดับสุขภาพแบตเตอรี่ ส่งรูปเช็คราคาประเมินอ้าง,/favicon.svg | /_astro/BaseLayout.Ce6jA0gB.css | /images/logo-ranrubsue-notebook-black-280.webp | /images/rubsue-notebook-process-steps-800.webp | /images/logo-ranrubsue-notebook-black-280.webp,,true
https://xn--42cn4aobed0eb6hubj4es0m5dhvd.com/%E0%B8%A3%E0%B8%B1%E0%B8%9A%E0%B8%8B%E0%B8%B7%E0%B9%89%E0%B8%AD%E0%B9%82%E0%B8%99%E0%B9%8A%E0%B8%95%E0%B8%9A%E0%B8%B8%E0%B9%8A%E0%B8%84/lenovo-ideapad-3-5/,Model,200,https://xn--42cn4aobed0eb6hubj4es0m5dhvd.com/%E0%B8%A3%E0%B8%B1%E0%B8%9A%E0%B8%8B%E0%B8%B7%E0%B9%89%E0%B8%AD%E0%B9%82%E0%B8%99%E0%B9%8A%E0%B8%95%E0%B8%9A%E0%B8%B8%E0%B9%8A%E0%B8%84/lenovo-ideapad-3-5/,รับซื้อ Lenovo IdeaPad 3 และ 5 มือสอง ประเมินฟรี | ร้านรับซื้อโน๊ตบุ๊ค.com,รับซื้อ Lenovo IdeaPad 3 และ 5 มือสอง ส่งรูปเช็คราคาไว,รับซื้อ Lenovo IdeaPad 3 และ 5 มือสอง ประเมินฟรีตามสเปก แบต และสภาพจริงของเครื่องใช้งานทั่วไป,https://ร้านรับซื้อโน๊ตบุ๊ค.com/รับซื้อโน๊ตบุ๊ค/lenovo-ideapad-3-5/,(none),true,false,1,true,true,50,หน้าแรก / รับซื้อโน๊ตบุ๊ค / Lenovo IdeaPad 3 และ 5 รับซื้อ Lenovo IdeaPad 3 และ 5 มือสอง ส่งรูปเช็คราคาไว รับซื้อ Lenovo IdeaPad 3 และ 5 มือสอง ประเมินฟรีตามสเปก แบต และสภาพจริงของเครื่องใช้งานทั่วไป รุ่น Lenovo IdeaPad ,/favicon.svg | /_astro/BaseLayout.Ce6jA0gB.css | /images/logo-ranrubsue-notebook-black-280.webp | /images/rubsue-notebook-process-steps-800.webp | /images/logo-ranrubsue-notebook-black-280.webp,,true
https://xn--42cn4aobed0eb6hubj4es0m5dhvd.com/%E0%B8%A3%E0%B8%B1%E0%B8%9A%E0%B8%8B%E0%B8%B7%E0%B9%89%E0%B8%AD%E0%B9%82%E0%B8%99%E0%B9%8A%E0%B8%95%E0%B8%9A%E0%B8%B8%E0%B9%8A%E0%B8%84/lenovo-legion-5/,Model,200,https://xn--42cn4aobed0eb6hubj4es0m5dhvd.com/%E0%B8%A3%E0%B8%B1%E0%B8%9A%E0%B8%8B%E0%B8%B7%E0%B9%89%E0%B8%AD%E0%B9%82%E0%B8%99%E0%B9%8A%E0%B8%95%E0%B8%9A%E0%B8%B8%E0%B9%8A%E0%B8%84/lenovo-legion-5/,รับซื้อ Lenovo Legion 5 มือสอง ประเมินตามสเปก | ร้านรับซื้อโน๊ตบุ๊ค.com,รับซื้อ Lenovo Legion 5 มือสอง เช็กราคาไวตามสเปก,รับซื้อ Lenovo Legion 5 มือสอง เช็กสเปก CPU GPU RAM SSD และสภาพจริงก่อนตีราคา ส่งรูปประเมินฟรี เหมาะกับเครื่องเกมมิ่งที่ต้องการเช็กราคาไวและปิดดีลชัดเจน,https://ร้านรับซื้อโน๊ตบุ๊ค.com/รับซื้อโน๊ตบุ๊ค/lenovo-legion-5/,(none),true,false,1,true,true,50,หน้าแรก / รับซื้อโน๊ตบุ๊ค / Lenovo Legion 5 รับซื้อ Lenovo Legion 5 มือสอง เช็กราคาไวตามสเปก รับซื้อ Lenovo Legion 5 มือสอง เช็กสเปก CPU GPU RAM SSD และสภาพจริงก่อนตีราคา ส่งรูปประเมินฟรี เหมาะกับเครื่องเกมมิ่งที่ต้องการ,/favicon.svg | /_astro/BaseLayout.Ce6jA0gB.css | /images/logo-ranrubsue-notebook-black-280.webp | /images/rubsue-notebook-process-steps-800.webp | /images/logo-ranrubsue-notebook-black-280.webp,,true
https://xn--42cn4aobed0eb6hubj4es0m5dhvd.com/%E0%B8%A3%E0%B8%B1%E0%B8%9A%E0%B8%8B%E0%B8%B7%E0%B9%89%E0%B8%AD%E0%B9%82%E0%B8%99%E0%B9%8A%E0%B8%95%E0%B8%9A%E0%B8%B8%E0%B9%8A%E0%B8%84/lenovo-legion-pro-7/,Model,200,https://xn--42cn4aobed0eb6hubj4es0m5dhvd.com/%E0%B8%A3%E0%B8%B1%E0%B8%9A%E0%B8%8B%E0%B8%B7%E0%B9%89%E0%B8%AD%E0%B9%82%E0%B8%99%E0%B9%8A%E0%B8%95%E0%B8%9A%E0%B8%B8%E0%B9%8A%E0%B8%84/lenovo-legion-pro-7/,รับซื้อ Lenovo Legion Pro 7 มือสอง ประเมินตามสเปก | ร้านรับซื้อโน๊ตบุ๊ค.com,รับซื้อ Lenovo Legion Pro 7 มือสอง เช็กราคาไวตามสเปก,รับซื้อ Lenovo Legion Pro 7 มือสอง เช็กสเปก CPU GPU RAM SSD และสภาพจริงก่อนตีราคา ส่งรูปประเมินฟรี เหมาะกับเครื่องเกมมิ่งที่ต้องการเช็กราคาไวและปิดดีลชัดเจน,https://ร้านรับซื้อโน๊ตบุ๊ค.com/รับซื้อโน๊ตบุ๊ค/lenovo-legion-pro-7/,(none),true,false,1,true,true,52,หน้าแรก / รับซื้อโน๊ตบุ๊ค / Lenovo Legion Pro 7 รับซื้อ Lenovo Legion Pro 7 มือสอง เช็กราคาไวตามสเปก รับซื้อ Lenovo Legion Pro 7 มือสอง เช็กสเปก CPU GPU RAM SSD และสภาพจริงก่อนตีราคา ส่งรูปประเมินฟรี เหมาะกับเครื่องเกมมิ,/favicon.svg | /_astro/BaseLayout.Ce6jA0gB.css | /images/logo-ranrubsue-notebook-black-280.webp | /images/rubsue-notebook-process-steps-800.webp | /images/logo-ranrubsue-notebook-black-280.webp,,true
https://xn--42cn4aobed0eb6hubj4es0m5dhvd.com/%E0%B8%A3%E0%B8%B1%E0%B8%9A%E0%B8%8B%E0%B8%B7%E0%B9%89%E0%B8%AD%E0%B9%82%E0%B8%99%E0%B9%8A%E0%B8%95%E0%B8%9A%E0%B8%B8%E0%B9%8A%E0%B8%84/lenovo-legion-pro/,Model,200,https://xn--42cn4aobed0eb6hubj4es0m5dhvd.com/%E0%B8%A3%E0%B8%B1%E0%B8%9A%E0%B8%8B%E0%B8%B7%E0%B9%89%E0%B8%AD%E0%B9%82%E0%B8%99%E0%B9%8A%E0%B8%95%E0%B8%9A%E0%B8%B8%E0%B9%8A%E0%B8%84/lenovo-legion-pro/,รับซื้อ Lenovo Legion Pro มือสอง ประเมินตามสเปกและสภาพ | ร้านรับซื้อโน๊ตบุ๊ค.com,รับซื้อ Lenovo Legion Pro มือสอง หลายรุ่นยอดนิยม,รับซื้อ Lenovo Legion Pro มือสอง หลายรุ่นยอดนิยม ประเมินราคาตามสเปกการ์ดจอแยก สภาพพัดลมระบายความร้อน และระดับสุขภาพแบตเตอรี่ ส่งรูปเช็คราคาประเมินอ้างอิงทาง LINE @webuy ได้อย่างรวด,https://ร้านรับซื้อโน๊ตบุ๊ค.com/รับซื้อโน๊ตบุ๊ค/lenovo-legion-pro/,(none),true,false,1,true,true,50,หน้าแรก / รับซื้อโน๊ตบุ๊ค / Lenovo Legion Pro รับซื้อ Lenovo Legion Pro มือสอง หลายรุ่นยอดนิยม รับซื้อ Lenovo Legion Pro มือสอง หลายรุ่นยอดนิยม ประเมินราคาตามสเปกการ์ดจอแยก สภาพพัดลมระบายความร้อน และระดับสุขภาพแบตเตอรี่ ,/favicon.svg | /_astro/BaseLayout.Ce6jA0gB.css | /images/logo-ranrubsue-notebook-black-280.webp | /images/rubsue-notebook-process-steps-800.webp | /images/logo-ranrubsue-notebook-black-280.webp,,true
https://xn--42cn4aobed0eb6hubj4es0m5dhvd.com/%E0%B8%A3%E0%B8%B1%E0%B8%9A%E0%B8%8B%E0%B8%B7%E0%B9%89%E0%B8%AD%E0%B9%82%E0%B8%99%E0%B9%8A%E0%B8%95%E0%B8%9A%E0%B8%B8%E0%B9%8A%E0%B8%84/lenovo-legion-slim/,Model,200,https://xn--42cn4aobed0eb6hubj4es0m5dhvd.com/%E0%B8%A3%E0%B8%B1%E0%B8%9A%E0%B8%8B%E0%B8%B7%E0%B9%89%E0%B8%AD%E0%B9%82%E0%B8%99%E0%B9%8A%E0%B8%95%E0%B8%9A%E0%B8%B8%E0%B9%8A%E0%B8%84/lenovo-legion-slim/,รับซื้อ Lenovo Legion Slim มือสอง ประเมินตามสเปกและสภาพ | ร้านรับซื้อโน๊ตบุ๊ค.com,รับซื้อ Lenovo Legion Slim มือสอง หลายรุ่นยอดนิยม,รับซื้อ Lenovo Legion Slim มือสอง หลายรุ่นยอดนิยม ประเมินราคาตามสเปกการ์ดจอแยก สภาพพัดลมระบายความร้อน และบอดี้บางเบา ส่งรูปเช็คราคาประเมินอ้างอิงทาง LINE @webuy ได้อย่างรวดเร็ว,https://ร้านรับซื้อโน๊ตบุ๊ค.com/รับซื้อโน๊ตบุ๊ค/lenovo-legion-slim/,(none),true,false,1,true,true,50,หน้าแรก / รับซื้อโน๊ตบุ๊ค / Lenovo Legion Slim รับซื้อ Lenovo Legion Slim มือสอง หลายรุ่นยอดนิยม รับซื้อ Lenovo Legion Slim มือสอง หลายรุ่นยอดนิยม ประเมินราคาตามสเปกการ์ดจอแยก สภาพพัดลมระบายความร้อน และบอดี้บางเบา ส่งรูป,/favicon.svg | /_astro/BaseLayout.Ce6jA0gB.css | /images/logo-ranrubsue-notebook-black-280.webp | /images/rubsue-notebook-process-steps-800.webp | /images/logo-ranrubsue-notebook-black-280.webp,,true
https://xn--42cn4aobed0eb6hubj4es0m5dhvd.com/%E0%B8%A3%E0%B8%B1%E0%B8%9A%E0%B8%8B%E0%B8%B7%E0%B9%89%E0%B8%AD%E0%B9%82%E0%B8%99%E0%B9%8A%E0%B8%95%E0%B8%9A%E0%B8%B8%E0%B9%8A%E0%B8%84/lenovo-loq-15-16/,Model,200,https://xn--42cn4aobed0eb6hubj4es0m5dhvd.com/%E0%B8%A3%E0%B8%B1%E0%B8%9A%E0%B8%8B%E0%B8%B7%E0%B9%89%E0%B8%AD%E0%B9%82%E0%B8%99%E0%B9%8A%E0%B8%95%E0%B8%9A%E0%B8%B8%E0%B9%8A%E0%B8%84/lenovo-loq-15-16/,รับซื้อ Lenovo LOQ 15 / 16 มือสอง | ร้านรับซื้อโน๊ตบุ๊ค.com,รับซื้อ Lenovo LOQ 15 / 16 มือสอง หลายรุ่นยอดนิยม,รับซื้อ Lenovo LOQ มือสอง หลายรุ่นยอดนิยม ประเมินราคาตามสเปกการ์ดจอแยก สภาพพัดลมระบายความร้อน และระดับสุขภาพแบตเตอรี่ ส่งรูปเช็คราคาประเมินอ้างอิงทาง LINE @webuy ได้อย่างรวดเร็ว,https://ร้านรับซื้อโน๊ตบุ๊ค.com/รับซื้อโน๊ตบุ๊ค/lenovo-loq-15-16/,(none),true,false,1,true,true,50,หน้าแรก / รับซื้อโน๊ตบุ๊ค / Lenovo LOQ 15 / 16 รับซื้อ Lenovo LOQ 15 / 16 มือสอง หลายรุ่นยอดนิยม รับซื้อ Lenovo LOQ มือสอง หลายรุ่นยอดนิยม ประเมินราคาตามสเปกการ์ดจอแยก สภาพพัดลมระบายความร้อน และระดับสุขภาพแบตเตอรี่ ส่งรู,/favicon.svg | /_astro/BaseLayout.Ce6jA0gB.css | /images/logo-ranrubsue-notebook-black-280.webp | /images/rubsue-notebook-process-steps-800.webp | /images/logo-ranrubsue-notebook-black-280.webp,,true
https://xn--42cn4aobed0eb6hubj4es0m5dhvd.com/%E0%B8%A3%E0%B8%B1%E0%B8%9A%E0%B8%8B%E0%B8%B7%E0%B9%89%E0%B8%AD%E0%B9%82%E0%B8%99%E0%B9%8A%E0%B8%95%E0%B8%9A%E0%B8%B8%E0%B9%8A%E0%B8%84/lenovo-thinkbook/,Model,200,https://xn--42cn4aobed0eb6hubj4es0m5dhvd.com/%E0%B8%A3%E0%B8%B1%E0%B8%9A%E0%B8%8B%E0%B8%B7%E0%B9%89%E0%B8%AD%E0%B9%82%E0%B8%99%E0%B9%8A%E0%B8%95%E0%B8%9A%E0%B8%B8%E0%B9%8A%E0%B8%84/lenovo-thinkbook/,รับซื้อ Lenovo ThinkBook มือสอง ประเมินตามสเปกและสภาพ | ร้านรับซื้อโน๊ตบุ๊ค.com,รับซื้อ Lenovo ThinkBook มือสอง หลายรุ่นยอดนิยม,รับซื้อ Lenovo ThinkBook มือสอง หลายรุ่นยอดนิยม ประเมินราคาตามสเปก สภาพความแข็งแรงของเครื่องทำงาน และระดับสุขภาพแบตเตอรี่ ส่งรูปเช็คราคาผ่าน LINE @webuy ได้อย่างรวดเร็ว,https://ร้านรับซื้อโน๊ตบุ๊ค.com/รับซื้อโน๊ตบุ๊ค/lenovo-thinkbook/,(none),true,false,1,true,true,49,หน้าแรก / รับซื้อโน๊ตบุ๊ค / Lenovo ThinkBook รับซื้อ Lenovo ThinkBook มือสอง หลายรุ่นยอดนิยม รับซื้อ Lenovo ThinkBook มือสอง หลายรุ่นยอดนิยม ประเมินราคาตามสเปก สภาพความแข็งแรงของเครื่องทำงาน และระดับสุขภาพแบตเตอรี่ ส่งรู,/favicon.svg | /_astro/BaseLayout.Ce6jA0gB.css | /images/logo-ranrubsue-notebook-black-280.webp | /images/rubsue-notebook-process-steps-800.webp | /images/logo-ranrubsue-notebook-black-280.webp,,true
https://xn--42cn4aobed0eb6hubj4es0m5dhvd.com/%E0%B8%A3%E0%B8%B1%E0%B8%9A%E0%B8%8B%E0%B8%B7%E0%B9%89%E0%B8%AD%E0%B9%82%E0%B8%99%E0%B9%8A%E0%B8%95%E0%B8%9A%E0%B8%B8%E0%B9%8A%E0%B8%84/lenovo-yoga/,Model,200,https://xn--42cn4aobed0eb6hubj4es0m5dhvd.com/%E0%B8%A3%E0%B8%B1%E0%B8%9A%E0%B8%8B%E0%B8%B7%E0%B9%89%E0%B8%AD%E0%B9%82%E0%B8%99%E0%B9%8A%E0%B8%95%E0%B8%9A%E0%B8%B8%E0%B9%8A%E0%B8%84/lenovo-yoga/,รับซื้อ Lenovo Yoga มือสอง ประเมินตามสเปกและสภาพ | ร้านรับซื้อโน๊ตบุ๊ค.com,รับซื้อ Lenovo Yoga มือสอง หลายรุ่นยอดนิยม,รับซื้อ Lenovo Yoga มือสอง หลายรุ่นยอดนิยม ประเมินราคาตามสเปก สภาพบานพับ 360 องศา ระบบทัชสกรีน และระดับสุขภาพแบตเตอรี่ ส่งรูปเช็คราคาผ่าน LINE @webuy ได้อย่างรวดเร็ว,https://ร้านรับซื้อโน๊ตบุ๊ค.com/รับซื้อโน๊ตบุ๊ค/lenovo-yoga/,(none),true,false,1,true,true,49,หน้าแรก / รับซื้อโน๊ตบุ๊ค / Lenovo Yoga รับซื้อ Lenovo Yoga มือสอง หลายรุ่นยอดนิยม รับซื้อ Lenovo Yoga มือสอง หลายรุ่นยอดนิยม ประเมินราคาตามสเปก สภาพบานพับ 360 องศา ระบบทัชสกรีน และระดับสุขภาพแบตเตอรี่ ส่งรูปเช็คราคาผ่าน,/favicon.svg | /_astro/BaseLayout.Ce6jA0gB.css | /images/logo-ranrubsue-notebook-black-280.webp | /images/rubsue-notebook-process-steps-800.webp | /images/logo-ranrubsue-notebook-black-280.webp,,true
https://xn--42cn4aobed0eb6hubj4es0m5dhvd.com/%E0%B8%A3%E0%B8%B1%E0%B8%9A%E0%B8%8B%E0%B8%B7%E0%B9%89%E0%B8%AD%E0%B9%82%E0%B8%99%E0%B9%8A%E0%B8%95%E0%B8%9A%E0%B8%B8%E0%B9%8A%E0%B8%84/lenovo/,Brand,200,https://xn--42cn4aobed0eb6hubj4es0m5dhvd.com/%E0%B8%A3%E0%B8%B1%E0%B8%9A%E0%B8%8B%E0%B8%B7%E0%B9%89%E0%B8%AD%E0%B9%82%E0%B8%99%E0%B9%8A%E0%B8%95%E0%B8%9A%E0%B8%B8%E0%B9%8A%E0%B8%84/lenovo/,รับซื้อโน๊ตบุ๊ค Lenovo มือสอง ประเมินตามสเปกและสภาพ | ร้านรับซื้อโน๊ตบุ๊ค.com,รับซื้อโน๊ตบุ๊ค Lenovo มือสอง หลายรุ่นยอดนิยม,รับซื้อโน๊ตบุ๊ค Lenovo มือสอง หลายรุ่นยอดนิยม ประเมินราคาตามซีรีส์ สเปก และสภาพความสมบูรณ์จริง ส่งรูปและรายละเอียดเช็คราคาทาง LINE @webuy ได้อย่างรวดเร็ว ตอบกลับไว,https://ร้านรับซื้อโน๊ตบุ๊ค.com/รับซื้อโน๊ตบุ๊ค/lenovo/,(none),true,false,1,true,true,55,หน้าแรก / รับซื้อโน๊ตบุ๊ค / Lenovo รับซื้อโน๊ตบุ๊ค Lenovo มือสอง หลายรุ่นยอดนิยม รับซื้อโน๊ตบุ๊ค Lenovo มือสอง หลายรุ่นยอดนิยม ประเมินราคาตามซีรีส์ สเปก และสภาพความสมบูรณ์จริง ส่งรูปและรายละเอียดเช็คราคาทาง LINE @webuy ไ,/favicon.svg | /_astro/BaseLayout.Ce6jA0gB.css | /images/logo-ranrubsue-notebook-black-280.webp | /images/rubsue-notebook-process-steps-800.webp | /images/logo-ranrubsue-notebook-black-280.webp,,true
https://xn--42cn4aobed0eb6hubj4es0m5dhvd.com/%E0%B8%A3%E0%B8%B1%E0%B8%9A%E0%B8%8B%E0%B8%B7%E0%B9%89%E0%B8%AD%E0%B9%82%E0%B8%99%E0%B9%8A%E0%B8%95%E0%B8%9A%E0%B8%B8%E0%B9%8A%E0%B8%84/lg-gram/,Other,200,https://xn--42cn4aobed0eb6hubj4es0m5dhvd.com/%E0%B8%A3%E0%B8%B1%E0%B8%9A%E0%B8%8B%E0%B8%B7%E0%B9%89%E0%B8%AD%E0%B9%82%E0%B8%99%E0%B9%8A%E0%B8%95%E0%B8%9A%E0%B8%B8%E0%B9%8A%E0%B8%84/lg-gram/,รับซื้อ LG Gram มือสอง ประเมินตามขนาดหน้าจอและน้ำหนัก | ร้านรับซื้อโน๊ตบุ๊ค.com,รับซื้อ LG Gram มือสอง ประเมินราคาตามรุ่น,รับซื้อ LG Gram มือสอง ซีรีส์บางเบาเกรดพรีเมียม ประเมินราคาตามปีเปิดตัว ชิปประมวลผล สภาพความตึงของบานพับฝาจอ และอุปกรณ์ที่มี ส่งรูปถ่ายเช็คฟรี,https://ร้านรับซื้อโน๊ตบุ๊ค.com/รับซื้อโน๊ตบุ๊ค/lg-gram/,(none),true,false,1,true,true,47,หน้าแรก / รับซื้อโน๊ตบุ๊ค / LG Gram รับซื้อ LG Gram มือสอง ประเมินราคาตามรุ่น รับซื้อ LG Gram มือสอง ซีรีส์บางเบาเกรดพรีเมียม ประเมินราคาตามปีเปิดตัว ชิปประมวลผล สภาพความตึงของบานพับฝาจอ และอุปกรณ์ที่มี ส่งรูปถ่ายเช็คฟรี,/favicon.svg | /_astro/BaseLayout.Ce6jA0gB.css | /images/logo-ranrubsue-notebook-black-280.webp | /images/rubsue-notebook-process-steps-800.webp | /images/logo-ranrubsue-notebook-black-280.webp,,true
https://xn--42cn4aobed0eb6hubj4es0m5dhvd.com/%E0%B8%A3%E0%B8%B1%E0%B8%9A%E0%B8%8B%E0%B8%B7%E0%B9%89%E0%B8%AD%E0%B9%82%E0%B8%99%E0%B9%8A%E0%B8%95%E0%B8%9A%E0%B8%B8%E0%B9%8A%E0%B8%84/lg/,Other,200,https://xn--42cn4aobed0eb6hubj4es0m5dhvd.com/%E0%B8%A3%E0%B8%B1%E0%B8%9A%E0%B8%8B%E0%B8%B7%E0%B9%89%E0%B8%AD%E0%B9%82%E0%B8%99%E0%B9%8A%E0%B8%95%E0%B8%9A%E0%B8%B8%E0%B9%8A%E0%B8%84/lg/,รับซื้อโน๊ตบุ๊ค LG มือสอง ประเมินตามสเปกและสุขภาพแบต | ร้านรับซื้อโน๊ตบุ๊ค.com,รับซื้อโน๊ตบุ๊ค LG มือสอง พรีเมียมบางเบา,รับซื้อโน๊ตบุ๊ค LG มือสอง โดยเฉพาะซีรีส์ LG Gram บางเบาพรีเมียม ประเมินราคาตามรุ่นย่อย ขนาดหน้าจอ น้ำหนัก และสภาพของบอดี้ภายนอก ส่งรูปเช็คได้ง่าย,https://ร้านรับซื้อโน๊ตบุ๊ค.com/รับซื้อโน๊ตบุ๊ค/lg/,(none),true,false,1,true,true,44,หน้าแรก / รับซื้อโน๊ตบุ๊ค / LG รับซื้อโน๊ตบุ๊ค LG มือสอง พรีเมียมบางเบา รับซื้อโน๊ตบุ๊ค LG มือสอง โดยเฉพาะซีรีส์ LG Gram บางเบาพรีเมียม ประเมินราคาตามรุ่นย่อย ขนาดหน้าจอ น้ำหนัก และสภาพของบอดี้ภายนอก ส่งรูปเช็คได้ง่าย หน,/favicon.svg | /_astro/BaseLayout.Ce6jA0gB.css | /images/logo-ranrubsue-notebook-black-280.webp | /images/rubsue-notebook-process-steps-800.webp | /images/logo-ranrubsue-notebook-black-280.webp,,true
https://xn--42cn4aobed0eb6hubj4es0m5dhvd.com/%E0%B8%A3%E0%B8%B1%E0%B8%9A%E0%B8%8B%E0%B8%B7%E0%B9%89%E0%B8%AD%E0%B9%82%E0%B8%99%E0%B9%8A%E0%B8%95%E0%B8%9A%E0%B8%B8%E0%B9%8A%E0%B8%84/macbook-air-13/,Model,200,https://xn--42cn4aobed0eb6hubj4es0m5dhvd.com/%E0%B8%A3%E0%B8%B1%E0%B8%9A%E0%B8%8B%E0%B8%B7%E0%B9%89%E0%B8%AD%E0%B9%82%E0%B8%99%E0%B9%8A%E0%B8%95%E0%B8%9A%E0%B8%B8%E0%B9%8A%E0%B8%84/macbook-air-13/,รับซื้อ MacBook Air 13 นิ้ว มือสอง ประเมินฟรี | ร้านรับซื้อโน๊ตบุ๊ค.com,รับซื้อ MacBook Air 13 นิ้ว มือสอง เช็กราคาไว ส่งรูปประเมินฟรี,รับซื้อ MacBook Air 13 นิ้ว มือสอง ประเมินราคาฟรีจากรูปเครื่อง เช็กชิป สเปก Battery Health และอุปกรณ์ครบก่อนขาย พร้อมนัดรับหรือส่งเครื่องได้ตามสะดวก,https://ร้านรับซื้อโน๊ตบุ๊ค.com/รับซื้อโน๊ตบุ๊ค/macbook-air-13/,(none),true,false,1,true,true,51,หน้าแรก / รับซื้อโน๊ตบุ๊ค / MacBook Air 13 นิ้ว รับซื้อ MacBook Air 13 นิ้ว มือสอง เช็กราคาไว ส่งรูปประเมินฟรี รับซื้อ MacBook Air 13 นิ้ว มือสอง ประเมินราคาฟรีจากรูปเครื่อง เช็กชิป สเปก Battery Health และอุปกรณ์ครบก่อนข,/favicon.svg | /_astro/BaseLayout.Ce6jA0gB.css | /images/logo-ranrubsue-notebook-black-280.webp | /images/rubsue-notebook-process-steps-800.webp | /images/logo-ranrubsue-notebook-black-280.webp,,true
https://xn--42cn4aobed0eb6hubj4es0m5dhvd.com/%E0%B8%A3%E0%B8%B1%E0%B8%9A%E0%B8%8B%E0%B8%B7%E0%B9%89%E0%B8%AD%E0%B9%82%E0%B8%99%E0%B9%8A%E0%B8%95%E0%B8%9A%E0%B8%B8%E0%B9%8A%E0%B8%84/macbook-air-15/,Model,200,https://xn--42cn4aobed0eb6hubj4es0m5dhvd.com/%E0%B8%A3%E0%B8%B1%E0%B8%9A%E0%B8%8B%E0%B8%B7%E0%B9%89%E0%B8%AD%E0%B9%82%E0%B8%99%E0%B9%8A%E0%B8%95%E0%B8%9A%E0%B8%B8%E0%B9%8A%E0%B8%84/macbook-air-15/,รับซื้อ MacBook Air 15 นิ้ว มือสอง ประเมินฟรี | ร้านรับซื้อโน๊ตบุ๊ค.com,รับซื้อ MacBook Air 15 นิ้ว มือสอง เช็กราคาไว ส่งรูปประเมินฟรี,รับซื้อ MacBook Air 15 นิ้ว มือสอง ประเมินราคาฟรีจากรูปเครื่อง เช็กชิป สเปก Battery Health และอุปกรณ์ครบก่อนขาย พร้อมนัดรับหรือส่งเครื่องได้ตามสะดวก,https://ร้านรับซื้อโน๊ตบุ๊ค.com/รับซื้อโน๊ตบุ๊ค/macbook-air-15/,(none),true,false,1,true,true,51,หน้าแรก / รับซื้อโน๊ตบุ๊ค / MacBook Air 15 นิ้ว รับซื้อ MacBook Air 15 นิ้ว มือสอง เช็กราคาไว ส่งรูปประเมินฟรี รับซื้อ MacBook Air 15 นิ้ว มือสอง ประเมินราคาฟรีจากรูปเครื่อง เช็กชิป สเปก Battery Health และอุปกรณ์ครบก่อนข,/favicon.svg | /_astro/BaseLayout.Ce6jA0gB.css | /images/logo-ranrubsue-notebook-black-280.webp | /images/rubsue-notebook-process-steps-800.webp | /images/logo-ranrubsue-notebook-black-280.webp,,true
https://xn--42cn4aobed0eb6hubj4es0m5dhvd.com/%E0%B8%A3%E0%B8%B1%E0%B8%9A%E0%B8%8B%E0%B8%B7%E0%B9%89%E0%B8%AD%E0%B9%82%E0%B8%99%E0%B9%8A%E0%B8%95%E0%B8%9A%E0%B8%B8%E0%B9%8A%E0%B8%84/macbook-air-m1/,Model,200,https://xn--42cn4aobed0eb6hubj4es0m5dhvd.com/%E0%B8%A3%E0%B8%B1%E0%B8%9A%E0%B8%8B%E0%B8%B7%E0%B9%89%E0%B8%AD%E0%B9%82%E0%B8%99%E0%B9%8A%E0%B8%95%E0%B8%9A%E0%B8%B8%E0%B9%8A%E0%B8%84/macbook-air-m1/,รับซื้อ MacBook Air M1 มือสอง ประเมินฟรี | ร้านรับซื้อโน๊ตบุ๊ค.com,รับซื้อ MacBook Air M1 มือสอง เช็กราคาไว ส่งรูปประเมินฟรี,รับซื้อ MacBook Air M1 มือสอง ประเมินราคาฟรีจากรูปเครื่อง เช็กชิป สเปก Battery Health และอุปกรณ์ครบก่อนขาย พร้อมนัดรับหรือส่งเครื่องได้ตามสะดวก,https://ร้านรับซื้อโน๊ตบุ๊ค.com/รับซื้อโน๊ตบุ๊ค/macbook-air-m1/,(none),true,false,1,true,true,53,หน้าแรก / รับซื้อโน๊ตบุ๊ค / MacBook Air M1 รับซื้อ MacBook Air M1 มือสอง เช็กราคาไว ส่งรูปประเมินฟรี รับซื้อ MacBook Air M1 มือสอง ประเมินราคาฟรีจากรูปเครื่อง เช็กชิป สเปก Battery Health และอุปกรณ์ครบก่อนขาย พร้อมนัดรับห,/favicon.svg | /_astro/BaseLayout.Ce6jA0gB.css | /images/logo-ranrubsue-notebook-black-280.webp | /images/rubsue-notebook-process-steps-800.webp | /images/logo-ranrubsue-notebook-black-280.webp,,true
https://xn--42cn4aobed0eb6hubj4es0m5dhvd.com/%E0%B8%A3%E0%B8%B1%E0%B8%9A%E0%B8%8B%E0%B8%B7%E0%B9%89%E0%B8%AD%E0%B9%82%E0%B8%99%E0%B9%8A%E0%B8%95%E0%B8%9A%E0%B8%B8%E0%B9%8A%E0%B8%84/macbook-air-m2/,Model,200,https://xn--42cn4aobed0eb6hubj4es0m5dhvd.com/%E0%B8%A3%E0%B8%B1%E0%B8%9A%E0%B8%8B%E0%B8%B7%E0%B9%89%E0%B8%AD%E0%B9%82%E0%B8%99%E0%B9%8A%E0%B8%95%E0%B8%9A%E0%B8%B8%E0%B9%8A%E0%B8%84/macbook-air-m2/,รับซื้อ MacBook Air M2 มือสอง ประเมินฟรี | ร้านรับซื้อโน๊ตบุ๊ค.com,รับซื้อ MacBook Air M2 มือสอง เช็กราคาไว ส่งรูปประเมินฟรี,รับซื้อ MacBook Air M2 มือสอง ประเมินราคาฟรีจากรูปเครื่อง เช็กชิป สเปก Battery Health และอุปกรณ์ครบก่อนขาย พร้อมนัดรับหรือส่งเครื่องได้ตามสะดวก,https://ร้านรับซื้อโน๊ตบุ๊ค.com/รับซื้อโน๊ตบุ๊ค/macbook-air-m2/,(none),true,false,1,true,true,54,หน้าแรก / รับซื้อโน๊ตบุ๊ค / MacBook Air M2 รับซื้อ MacBook Air M2 มือสอง เช็กราคาไว ส่งรูปประเมินฟรี รับซื้อ MacBook Air M2 มือสอง ประเมินราคาฟรีจากรูปเครื่อง เช็กชิป สเปก Battery Health และอุปกรณ์ครบก่อนขาย พร้อมนัดรับห,/favicon.svg | /_astro/BaseLayout.Ce6jA0gB.css | /images/logo-ranrubsue-notebook-black-280.webp | /images/rubsue-notebook-process-steps-800.webp | /images/logo-ranrubsue-notebook-black-280.webp,,true
https://xn--42cn4aobed0eb6hubj4es0m5dhvd.com/%E0%B8%A3%E0%B8%B1%E0%B8%9A%E0%B8%8B%E0%B8%B7%E0%B9%89%E0%B8%AD%E0%B9%82%E0%B8%99%E0%B9%8A%E0%B8%95%E0%B8%9A%E0%B8%B8%E0%B9%8A%E0%B8%84/macbook-air-m3/,Model,200,https://xn--42cn4aobed0eb6hubj4es0m5dhvd.com/%E0%B8%A3%E0%B8%B1%E0%B8%9A%E0%B8%8B%E0%B8%B7%E0%B9%89%E0%B8%AD%E0%B9%82%E0%B8%99%E0%B9%8A%E0%B8%95%E0%B8%9A%E0%B8%B8%E0%B9%8A%E0%B8%84/macbook-air-m3/,รับซื้อ MacBook Air M3 มือสอง ประเมินฟรี | ร้านรับซื้อโน๊ตบุ๊ค.com,รับซื้อ MacBook Air M3 มือสอง เช็กราคาไว ส่งรูปประเมินฟรี,รับซื้อ MacBook Air M3 มือสอง ประเมินราคาฟรีจากรูปเครื่อง เช็กชิป สเปก Battery Health และอุปกรณ์ครบก่อนขาย พร้อมนัดรับหรือส่งเครื่องได้ตามสะดวก,https://ร้านรับซื้อโน๊ตบุ๊ค.com/รับซื้อโน๊ตบุ๊ค/macbook-air-m3/,(none),true,false,1,true,true,53,หน้าแรก / รับซื้อโน๊ตบุ๊ค / MacBook Air M3 รับซื้อ MacBook Air M3 มือสอง เช็กราคาไว ส่งรูปประเมินฟรี รับซื้อ MacBook Air M3 มือสอง ประเมินราคาฟรีจากรูปเครื่อง เช็กชิป สเปก Battery Health และอุปกรณ์ครบก่อนขาย พร้อมนัดรับห,/favicon.svg | /_astro/BaseLayout.Ce6jA0gB.css | /images/logo-ranrubsue-notebook-black-280.webp | /images/rubsue-notebook-process-steps-800.webp | /images/logo-ranrubsue-notebook-black-280.webp,,true
https://xn--42cn4aobed0eb6hubj4es0m5dhvd.com/%E0%B8%A3%E0%B8%B1%E0%B8%9A%E0%B8%8B%E0%B8%B7%E0%B9%89%E0%B8%AD%E0%B9%82%E0%B8%99%E0%B9%8A%E0%B8%95%E0%B8%9A%E0%B8%B8%E0%B9%8A%E0%B8%84/macbook-air-m4/,Model,200,https://xn--42cn4aobed0eb6hubj4es0m5dhvd.com/%E0%B8%A3%E0%B8%B1%E0%B8%9A%E0%B8%8B%E0%B8%B7%E0%B9%89%E0%B8%AD%E0%B9%82%E0%B8%99%E0%B9%8A%E0%B8%95%E0%B8%9A%E0%B8%B8%E0%B9%8A%E0%B8%84/macbook-air-m4/,รับซื้อ MacBook Air M4 มือสอง ประเมินฟรี | ร้านรับซื้อโน๊ตบุ๊ค.com,รับซื้อ MacBook Air M4 มือสอง เช็กราคาไว ส่งรูปประเมินฟรี,รับซื้อ MacBook Air M4 มือสอง ประเมินราคาฟรีจากรูปเครื่อง เช็กชิป สเปก Battery Health และอุปกรณ์ครบก่อนขาย พร้อมนัดรับหรือส่งเครื่องได้ตามสะดวก,https://ร้านรับซื้อโน๊ตบุ๊ค.com/รับซื้อโน๊ตบุ๊ค/macbook-air-m4/,(none),true,false,1,true,true,51,หน้าแรก / รับซื้อโน๊ตบุ๊ค / MacBook Air M4 รับซื้อ MacBook Air M4 มือสอง เช็กราคาไว ส่งรูปประเมินฟรี รับซื้อ MacBook Air M4 มือสอง ประเมินราคาฟรีจากรูปเครื่อง เช็กชิป สเปก Battery Health และอุปกรณ์ครบก่อนขาย พร้อมนัดรับห,/favicon.svg | /_astro/BaseLayout.Ce6jA0gB.css | /images/logo-ranrubsue-notebook-black-280.webp | /images/rubsue-notebook-process-steps-800.webp | /images/logo-ranrubsue-notebook-black-280.webp,,true
https://xn--42cn4aobed0eb6hubj4es0m5dhvd.com/%E0%B8%A3%E0%B8%B1%E0%B8%9A%E0%B8%8B%E0%B8%B7%E0%B9%89%E0%B8%AD%E0%B9%82%E0%B8%99%E0%B9%8A%E0%B8%95%E0%B8%9A%E0%B8%B8%E0%B9%8A%E0%B8%84/macbook-air-m5/,Model,200,https://xn--42cn4aobed0eb6hubj4es0m5dhvd.com/%E0%B8%A3%E0%B8%B1%E0%B8%9A%E0%B8%8B%E0%B8%B7%E0%B9%89%E0%B8%AD%E0%B9%82%E0%B8%99%E0%B9%8A%E0%B8%95%E0%B8%9A%E0%B8%B8%E0%B9%8A%E0%B8%84/macbook-air-m5/,รับซื้อ MacBook Air M5 มือสอง ประเมินฟรี | ร้านรับซื้อโน๊ตบุ๊ค.com,รับซื้อ MacBook Air M5 มือสอง เช็กราคาไว ส่งรูปประเมินฟรี,รับซื้อ MacBook Air M5 มือสอง ประเมินราคาฟรีจากรูปเครื่อง เช็กชิป สเปก Battery Health และอุปกรณ์ครบก่อนขาย พร้อมนัดรับหรือส่งเครื่องได้ตามสะดวก,https://ร้านรับซื้อโน๊ตบุ๊ค.com/รับซื้อโน๊ตบุ๊ค/macbook-air-m5/,(none),true,false,1,true,true,51,หน้าแรก / รับซื้อโน๊ตบุ๊ค / MacBook Air M5 รับซื้อ MacBook Air M5 มือสอง เช็กราคาไว ส่งรูปประเมินฟรี รับซื้อ MacBook Air M5 มือสอง ประเมินราคาฟรีจากรูปเครื่อง เช็กชิป สเปก Battery Health และอุปกรณ์ครบก่อนขาย พร้อมนัดรับห,/favicon.svg | /_astro/BaseLayout.Ce6jA0gB.css | /images/logo-ranrubsue-notebook-black-280.webp | /images/rubsue-notebook-process-steps-800.webp | /images/logo-ranrubsue-notebook-black-280.webp,,true
https://xn--42cn4aobed0eb6hubj4es0m5dhvd.com/%E0%B8%A3%E0%B8%B1%E0%B8%9A%E0%B8%8B%E0%B8%B7%E0%B9%89%E0%B8%AD%E0%B9%82%E0%B8%99%E0%B9%8A%E0%B8%95%E0%B8%9A%E0%B8%B8%E0%B9%8A%E0%B8%84/macbook-battery-health/,Model,200,https://xn--42cn4aobed0eb6hubj4es0m5dhvd.com/%E0%B8%A3%E0%B8%B1%E0%B8%9A%E0%B8%8B%E0%B8%B7%E0%B9%89%E0%B8%AD%E0%B9%82%E0%B8%99%E0%B9%8A%E0%B8%95%E0%B8%9A%E0%B8%B8%E0%B9%8A%E0%B8%84/macbook-battery-health/,รับซื้อ MacBook Battery Health ต่ำ ประเมินฟรี | ร้านรับซื้อโน๊ตบุ๊ค.com,รับซื้อ MacBook Battery Health ต่ำ ส่งรูปเช็คราคาไว,รับซื้อ MacBook ที่มีความกังวลเรื่อง Battery Health ต่ำ ประเมินราคาตามรุ่นสุขภาพแบตเตอรี่และรอบการชาร์จจริง ส่งรูปเพื่อเช็คราคาประเมินอ้างอิงเบื้องต้นได้ฟรี,https://ร้านรับซื้อโน๊ตบุ๊ค.com/รับซื้อโน๊ตบุ๊ค/macbook-battery-health/,(none),true,false,1,true,true,44,หน้าแรก / รับซื้อโน๊ตบุ๊ค / MacBook Battery Health รับซื้อ MacBook Battery Health ต่ำ ส่งรูปเช็คราคาไว รับซื้อ MacBook ที่มีความกังวลเรื่อง Battery Health ต่ำ ประเมินราคาตามรุ่นสุขภาพแบตเตอรี่และรอบการชาร์จจริง ส่งรูปเพื,/favicon.svg | /_astro/BaseLayout.Ce6jA0gB.css | /images/logo-ranrubsue-notebook-black-280.webp | /images/rubsue-notebook-process-steps-800.webp | /images/logo-ranrubsue-notebook-black-280.webp,,true
https://xn--42cn4aobed0eb6hubj4es0m5dhvd.com/%E0%B8%A3%E0%B8%B1%E0%B8%9A%E0%B8%8B%E0%B8%B7%E0%B9%89%E0%B8%AD%E0%B9%82%E0%B8%99%E0%B9%8A%E0%B8%95%E0%B8%9A%E0%B8%B8%E0%B9%8A%E0%B8%84/macbook-battery-swollen/,Model,200,https://xn--42cn4aobed0eb6hubj4es0m5dhvd.com/%E0%B8%A3%E0%B8%B1%E0%B8%9A%E0%B8%8B%E0%B8%B7%E0%B9%89%E0%B8%AD%E0%B9%82%E0%B8%99%E0%B9%8A%E0%B8%95%E0%B8%9A%E0%B8%B8%E0%B9%8A%E0%B8%84/macbook-battery-swollen/,รับซื้อ MacBook แบตบวม ประเมินราคาตามสเปกและระดับความเสียหาย | ร้านรับซื้อโน๊ตบุ๊ค.com,รับซื้อ MacBook แบตบวม ประเมินตามสภาพและรุ่นย่อย,รับซื้อ MacBook แบตบวม ฝาโก่ง หรือทัชแพดขยับไม่ได้ ประเมินราคาหักลบอย่างเหมาะสมตามรุ่น สเปก และสภาพจริง ส่งรูปเพื่อรับคำแนะนำและราคาเบื้องต้นได้ฟรี,https://ร้านรับซื้อโน๊ตบุ๊ค.com/รับซื้อโน๊ตบุ๊ค/macbook-battery-swollen/,(none),true,false,1,true,true,43,หน้าแรก / รับซื้อโน๊ตบุ๊ค / MacBook แบตบวม รับซื้อ MacBook แบตบวม ประเมินตามสภาพและรุ่นย่อย รับซื้อ MacBook แบตบวม ฝาโก่ง หรือทัชแพดขยับไม่ได้ ประเมินราคาหักลบอย่างเหมาะสมตามรุ่น สเปก และสภาพจริง ส่งรูปเพื่อรับคำแนะนำและ,/favicon.svg | /_astro/BaseLayout.Ce6jA0gB.css | /images/logo-ranrubsue-notebook-black-280.webp | /images/rubsue-notebook-process-steps-800.webp | /images/logo-ranrubsue-notebook-black-280.webp,,true
https://xn--42cn4aobed0eb6hubj4es0m5dhvd.com/%E0%B8%A3%E0%B8%B1%E0%B8%9A%E0%B8%8B%E0%B8%B7%E0%B9%89%E0%B8%AD%E0%B9%82%E0%B8%99%E0%B9%8A%E0%B8%95%E0%B8%9A%E0%B8%B8%E0%B9%8A%E0%B8%84/macbook-charge-port/,Model,200,https://xn--42cn4aobed0eb6hubj4es0m5dhvd.com/%E0%B8%A3%E0%B8%B1%E0%B8%9A%E0%B8%8B%E0%B8%B7%E0%B9%89%E0%B8%AD%E0%B9%82%E0%B8%99%E0%B9%8A%E0%B8%95%E0%B8%9A%E0%B8%B8%E0%B9%8A%E0%B8%84/macbook-charge-port/,รับซื้อ MacBook ชาร์จไฟไม่เข้า ประเมินตามชิปเซ็ตและอะไหล่ชำรุด | ร้านรับซื้อโน๊ตบุ๊ค.com,รับซื้อ MacBook ชาร์จไฟไม่เข้า ประเมินราคายุติธรรม,รับซื้อ MacBook พอร์ตชาร์จเสีย ชาร์จไฟไม่เข้า ประเมินราคาประเมินอ้างอิงตามรุ่นย่อย สเปก และการหักลบชิ้นส่วนอะไหล่ MagSafe/USB-C ส่งรูปเช็คฟรี,https://ร้านรับซื้อโน๊ตบุ๊ค.com/รับซื้อโน๊ตบุ๊ค/macbook-charge-port/,(none),true,false,1,true,true,43,หน้าแรก / รับซื้อโน๊ตบุ๊ค / MacBook ชาร์จไม่เข้า รับซื้อ MacBook ชาร์จไฟไม่เข้า ประเมินราคายุติธรรม รับซื้อ MacBook พอร์ตชาร์จเสีย ชาร์จไฟไม่เข้า ประเมินราคาประเมินอ้างอิงตามรุ่นย่อย สเปก และการหักลบชิ้นส่วนอะไหล่ MagSaf,/favicon.svg | /_astro/BaseLayout.Ce6jA0gB.css | /images/logo-ranrubsue-notebook-black-280.webp | /images/rubsue-notebook-process-steps-800.webp | /images/logo-ranrubsue-notebook-black-280.webp,,true
https://xn--42cn4aobed0eb6hubj4es0m5dhvd.com/%E0%B8%A3%E0%B8%B1%E0%B8%9A%E0%B8%8B%E0%B8%B7%E0%B9%89%E0%B8%AD%E0%B9%82%E0%B8%99%E0%B9%8A%E0%B8%95%E0%B8%9A%E0%B8%B8%E0%B9%8A%E0%B8%84/macbook-cycle-count/,Model,200,https://xn--42cn4aobed0eb6hubj4es0m5dhvd.com/%E0%B8%A3%E0%B8%B1%E0%B8%9A%E0%B8%8B%E0%B8%B7%E0%B9%89%E0%B8%AD%E0%B9%82%E0%B8%99%E0%B9%8A%E0%B8%95%E0%B8%9A%E0%B8%B8%E0%B9%8A%E0%B8%84/macbook-cycle-count/,รับซื้อ MacBook Cycle Count สูง ประเมินตามรุ่นและสุขภาพแบต | ร้านรับซื้อโน๊ตบุ๊ค.com,รับซื้อ MacBook Cycle Count สูง รอบชาร์จเยอะ,รับซื้อ MacBook ที่มีจำนวนรอบชาร์จ Cycle Count สูง หรือแบตเตอรี่เสื่อมสภาพ ประเมินราคาตามสเปกและเปอร์เซ็นต์สุขภาพแบตเตอรี่เต็มประสิทธิภาพจริง ส่งภาพเช็คได้ฟรี,https://ร้านรับซื้อโน๊ตบุ๊ค.com/รับซื้อโน๊ตบุ๊ค/macbook-cycle-count/,(none),true,false,1,true,true,43,หน้าแรก / รับซื้อโน๊ตบุ๊ค / MacBook Cycle Count สูง รับซื้อ MacBook Cycle Count สูง รอบชาร์จเยอะ รับซื้อ MacBook ที่มีจำนวนรอบชาร์จ Cycle Count สูง หรือแบตเตอรี่เสื่อมสภาพ ประเมินราคาตามสเปกและเปอร์เซ็นต์สุขภาพแบตเตอรี่เ,/favicon.svg | /_astro/BaseLayout.Ce6jA0gB.css | /images/logo-ranrubsue-notebook-black-280.webp | /images/rubsue-notebook-process-steps-800.webp | /images/logo-ranrubsue-notebook-black-280.webp,,true
https://xn--42cn4aobed0eb6hubj4es0m5dhvd.com/%E0%B8%A3%E0%B8%B1%E0%B8%9A%E0%B8%8B%E0%B8%B7%E0%B9%89%E0%B8%AD%E0%B9%82%E0%B8%99%E0%B9%8A%E0%B8%95%E0%B8%9A%E0%B8%B8%E0%B9%8A%E0%B8%84/macbook-keyboard-issue/,Model,200,https://xn--42cn4aobed0eb6hubj4es0m5dhvd.com/%E0%B8%A3%E0%B8%B1%E0%B8%9A%E0%B8%8B%E0%B8%B7%E0%B9%89%E0%B8%AD%E0%B9%82%E0%B8%99%E0%B9%8A%E0%B8%95%E0%B8%9A%E0%B8%B8%E0%B9%8A%E0%B8%84/macbook-keyboard-issue/,รับซื้อ MacBook คีย์บอร์ดเสีย ประเมินตามรุ่นและแป้นพิมพ์ชำรุด | ร้านรับซื้อโน๊ตบุ๊ค.com,รับซื้อ MacBook คีย์บอร์ดเสีย ประเมินตามสเปก,รับซื้อ MacBook คีย์บอร์ดเสีย ปุ่มกดไม่ติด หรือปุ่มหลุด ประเมินราคาตามรุ่นย่อย สเปก และการหักลบค่าซ่อมแซมแผงแป้นพิมพ์คีย์บอร์ด ส่งรูปประเมินราคาฟรี,https://ร้านรับซื้อโน๊ตบุ๊ค.com/รับซื้อโน๊ตบุ๊ค/macbook-keyboard-issue/,(none),true,false,1,true,true,43,หน้าแรก / รับซื้อโน๊ตบุ๊ค / MacBook คีย์บอร์ดเสีย รับซื้อ MacBook คีย์บอร์ดเสีย ประเมินตามสเปก รับซื้อ MacBook คีย์บอร์ดเสีย ปุ่มกดไม่ติด หรือปุ่มหลุด ประเมินราคาตามรุ่นย่อย สเปก และการหักลบค่าซ่อมแซมแผงแป้นพิมพ์คีย์บอร์,/favicon.svg | /_astro/BaseLayout.Ce6jA0gB.css | /images/logo-ranrubsue-notebook-black-280.webp | /images/rubsue-notebook-process-steps-800.webp | /images/logo-ranrubsue-notebook-black-280.webp,,true
https://xn--42cn4aobed0eb6hubj4es0m5dhvd.com/%E0%B8%A3%E0%B8%B1%E0%B8%9A%E0%B8%8B%E0%B8%B7%E0%B9%89%E0%B8%AD%E0%B9%82%E0%B8%99%E0%B9%8A%E0%B8%95%E0%B8%9A%E0%B8%B8%E0%B9%8A%E0%B8%84/macbook-mdm/,Model,200,https://xn--42cn4aobed0eb6hubj4es0m5dhvd.com/%E0%B8%A3%E0%B8%B1%E0%B8%9A%E0%B8%8B%E0%B8%B7%E0%B9%89%E0%B8%AD%E0%B9%82%E0%B8%99%E0%B9%8A%E0%B8%95%E0%B8%9A%E0%B8%B8%E0%B9%8A%E0%B8%84/macbook-mdm/,MacBook ติด MDM ขายได้ไหม | ร้านรับซื้อโน๊ตบุ๊ค.com,MacBook ติด MDM ขายได้ไหม เช็กก่อนนัดขาย,บริการรับซื้อ MacBook ที่มีข้อจำกัดในการจัดการระบบ (MDM) ยินดีให้คำแนะนำเกี่ยวกับขั้นตอนการตรวจสอบสิทธิ์และการจัดการระบบอย่างถูกต้อง,https://ร้านรับซื้อโน๊ตบุ๊ค.com/รับซื้อโน๊ตบุ๊ค/macbook-mdm/,(none),true,false,1,true,true,43,หน้าแรก / รับซื้อโน๊ตบุ๊ค / MacBook ติด MDM MacBook ติด MDM ขายได้ไหม เช็กก่อนนัดขาย บริการรับซื้อ MacBook ที่มีข้อจำกัดในการจัดการระบบ (MDM) ยินดีให้คำแนะนำเกี่ยวกับขั้นตอนการตรวจสอบสิทธิ์และการจัดการระบบอย่างถูกต้อง ปร,/favicon.svg | /_astro/BaseLayout.Ce6jA0gB.css | /images/logo-ranrubsue-notebook-black-280.webp | /images/rubsue-notebook-process-steps-800.webp | /images/logo-ranrubsue-notebook-black-280.webp,,true
https://xn--42cn4aobed0eb6hubj4es0m5dhvd.com/%E0%B8%A3%E0%B8%B1%E0%B8%9A%E0%B8%8B%E0%B8%B7%E0%B9%89%E0%B8%AD%E0%B9%82%E0%B8%99%E0%B9%8A%E0%B8%95%E0%B8%9A%E0%B8%B8%E0%B9%8A%E0%B8%84/macbook-no-box-no-receipt/,Model,200,https://xn--42cn4aobed0eb6hubj4es0m5dhvd.com/%E0%B8%A3%E0%B8%B1%E0%B8%9A%E0%B8%8B%E0%B8%B7%E0%B9%89%E0%B8%AD%E0%B9%82%E0%B8%99%E0%B9%8A%E0%B8%95%E0%B8%9A%E0%B8%B8%E0%B9%8A%E0%B8%84/macbook-no-box-no-receipt/,รับซื้อ MacBook ไม่มีกล่อง ไม่มีใบเสร็จ ประเมินสเปกและเอกสารแสดงสิทธิ์ | ร้านรับซื้อโน๊ตบุ๊ค.com,รับซื้อ MacBook ไม่มีกล่อง ไม่มีใบเสร็จ ประเมินตามสเปก,รับซื้อ MacBook ไม่มีกล่อง หรือไม่มีใบเสร็จรับเงิน ประเมินราคาตามรุ่นย่อย สเปก สภาพการชาร์จ และการยืนยันความเป็นเจ้าของที่ถูกต้อง ส่งรูปประเมินได้ฟรี,https://ร้านรับซื้อโน๊ตบุ๊ค.com/รับซื้อโน๊ตบุ๊ค/macbook-no-box-no-receipt/,(none),true,false,1,true,true,43,หน้าแรก / รับซื้อโน๊ตบุ๊ค / MacBook ไม่มีกล่อง ไม่มีใบเสร็จ รับซื้อ MacBook ไม่มีกล่อง ไม่มีใบเสร็จ ประเมินตามสเปก รับซื้อ MacBook ไม่มีกล่อง หรือไม่มีใบเสร็จรับเงิน ประเมินราคาตามรุ่นย่อย สเปก สภาพการชาร์จ และการยืนยันค,/favicon.svg | /_astro/BaseLayout.Ce6jA0gB.css | /images/logo-ranrubsue-notebook-black-280.webp | /images/rubsue-notebook-process-steps-800.webp | /images/logo-ranrubsue-notebook-black-280.webp,,true
https://xn--42cn4aobed0eb6hubj4es0m5dhvd.com/%E0%B8%A3%E0%B8%B1%E0%B8%9A%E0%B8%8B%E0%B8%B7%E0%B9%89%E0%B8%AD%E0%B9%82%E0%B8%99%E0%B9%8A%E0%B8%95%E0%B8%9A%E0%B8%B8%E0%B9%8A%E0%B8%84/macbook-pro-14/,Model,200,https://xn--42cn4aobed0eb6hubj4es0m5dhvd.com/%E0%B8%A3%E0%B8%B1%E0%B8%9A%E0%B8%8B%E0%B8%B7%E0%B9%89%E0%B8%AD%E0%B9%82%E0%B8%99%E0%B9%8A%E0%B8%95%E0%B8%9A%E0%B8%B8%E0%B9%8A%E0%B8%84/macbook-pro-14/,รับซื้อ MacBook Pro 14 นิ้ว มือสอง ประเมินฟรี | ร้านรับซื้อโน๊ตบุ๊ค.com,รับซื้อ MacBook Pro 14 นิ้ว มือสอง เช็กราคาไว ส่งรูปประเมินฟรี,รับซื้อ MacBook Pro 14 นิ้ว มือสอง ประเมินราคาฟรีจากรูปเครื่อง เช็กชิป สเปก Battery Health และอุปกรณ์ครบก่อนขาย พร้อมนัดรับหรือส่งเครื่องได้ตามสะดวก,https://ร้านรับซื้อโน๊ตบุ๊ค.com/รับซื้อโน๊ตบุ๊ค/macbook-pro-14/,(none),true,false,1,true,true,51,หน้าแรก / รับซื้อโน๊ตบุ๊ค / MacBook Pro 14 นิ้ว รับซื้อ MacBook Pro 14 นิ้ว มือสอง เช็กราคาไว ส่งรูปประเมินฟรี รับซื้อ MacBook Pro 14 นิ้ว มือสอง ประเมินราคาฟรีจากรูปเครื่อง เช็กชิป สเปก Battery Health และอุปกรณ์ครบก่อนข,/favicon.svg | /_astro/BaseLayout.Ce6jA0gB.css | /images/logo-ranrubsue-notebook-black-280.webp | /images/rubsue-notebook-process-steps-800.webp | /images/logo-ranrubsue-notebook-black-280.webp,,true
https://xn--42cn4aobed0eb6hubj4es0m5dhvd.com/%E0%B8%A3%E0%B8%B1%E0%B8%9A%E0%B8%8B%E0%B8%B7%E0%B9%89%E0%B8%AD%E0%B9%82%E0%B8%99%E0%B9%8A%E0%B8%95%E0%B8%9A%E0%B8%B8%E0%B9%8A%E0%B8%84/macbook-pro-16/,Model,200,https://xn--42cn4aobed0eb6hubj4es0m5dhvd.com/%E0%B8%A3%E0%B8%B1%E0%B8%9A%E0%B8%8B%E0%B8%B7%E0%B9%89%E0%B8%AD%E0%B9%82%E0%B8%99%E0%B9%8A%E0%B8%95%E0%B8%9A%E0%B8%B8%E0%B9%8A%E0%B8%84/macbook-pro-16/,รับซื้อ MacBook Pro 16 นิ้ว มือสอง ประเมินฟรี | ร้านรับซื้อโน๊ตบุ๊ค.com,รับซื้อ MacBook Pro 16 นิ้ว มือสอง เช็กราคาไว ส่งรูปประเมินฟรี,รับซื้อ MacBook Pro 16 นิ้ว มือสอง ประเมินราคาฟรีจากรูปเครื่อง เช็กชิป สเปก Battery Health และอุปกรณ์ครบก่อนขาย พร้อมนัดรับหรือส่งเครื่องได้ตามสะดวก,https://ร้านรับซื้อโน๊ตบุ๊ค.com/รับซื้อโน๊ตบุ๊ค/macbook-pro-16/,(none),true,false,1,true,true,51,หน้าแรก / รับซื้อโน๊ตบุ๊ค / MacBook Pro 16 นิ้ว รับซื้อ MacBook Pro 16 นิ้ว มือสอง เช็กราคาไว ส่งรูปประเมินฟรี รับซื้อ MacBook Pro 16 นิ้ว มือสอง ประเมินราคาฟรีจากรูปเครื่อง เช็กชิป สเปก Battery Health และอุปกรณ์ครบก่อนข,/favicon.svg | /_astro/BaseLayout.Ce6jA0gB.css | /images/logo-ranrubsue-notebook-black-280.webp | /images/rubsue-notebook-process-steps-800.webp | /images/logo-ranrubsue-notebook-black-280.webp,,true
https://xn--42cn4aobed0eb6hubj4es0m5dhvd.com/%E0%B8%A3%E0%B8%B1%E0%B8%9A%E0%B8%8B%E0%B8%B7%E0%B9%89%E0%B8%AD%E0%B9%82%E0%B8%99%E0%B9%8A%E0%B8%95%E0%B8%9A%E0%B8%B8%E0%B9%8A%E0%B8%84/macbook-pro-m1/,Model,200,https://xn--42cn4aobed0eb6hubj4es0m5dhvd.com/%E0%B8%A3%E0%B8%B1%E0%B8%9A%E0%B8%8B%E0%B8%B7%E0%B9%89%E0%B8%AD%E0%B9%82%E0%B8%99%E0%B9%8A%E0%B8%95%E0%B8%9A%E0%B8%B8%E0%B9%8A%E0%B8%84/macbook-pro-m1/,รับซื้อ MacBook Pro M1 มือสอง ประเมินฟรี | ร้านรับซื้อโน๊ตบุ๊ค.com,รับซื้อ MacBook Pro M1 มือสอง เช็กราคาไว ส่งรูปประเมินฟรี,รับซื้อ MacBook Pro M1 มือสอง ประเมินราคาฟรีจากรูปเครื่อง เช็กชิป สเปก Battery Health และอุปกรณ์ครบก่อนขาย พร้อมนัดรับหรือส่งเครื่องได้ตามสะดวก,https://ร้านรับซื้อโน๊ตบุ๊ค.com/รับซื้อโน๊ตบุ๊ค/macbook-pro-m1/,(none),true,false,1,true,true,54,หน้าแรก / รับซื้อโน๊ตบุ๊ค / MacBook Pro M1 รับซื้อ MacBook Pro M1 มือสอง เช็กราคาไว ส่งรูปประเมินฟรี รับซื้อ MacBook Pro M1 มือสอง ประเมินราคาฟรีจากรูปเครื่อง เช็กชิป สเปก Battery Health และอุปกรณ์ครบก่อนขาย พร้อมนัดรับห,/favicon.svg | /_astro/BaseLayout.Ce6jA0gB.css | /images/logo-ranrubsue-notebook-black-280.webp | /images/rubsue-notebook-process-steps-800.webp | /images/logo-ranrubsue-notebook-black-280.webp,,true
https://xn--42cn4aobed0eb6hubj4es0m5dhvd.com/%E0%B8%A3%E0%B8%B1%E0%B8%9A%E0%B8%8B%E0%B8%B7%E0%B9%89%E0%B8%AD%E0%B9%82%E0%B8%99%E0%B9%8A%E0%B8%95%E0%B8%9A%E0%B8%B8%E0%B9%8A%E0%B8%84/macbook-pro-m2/,Model,200,https://xn--42cn4aobed0eb6hubj4es0m5dhvd.com/%E0%B8%A3%E0%B8%B1%E0%B8%9A%E0%B8%8B%E0%B8%B7%E0%B9%89%E0%B8%AD%E0%B9%82%E0%B8%99%E0%B9%8A%E0%B8%95%E0%B8%9A%E0%B8%B8%E0%B9%8A%E0%B8%84/macbook-pro-m2/,รับซื้อ MacBook Pro M2 มือสอง ประเมินฟรี | ร้านรับซื้อโน๊ตบุ๊ค.com,รับซื้อ MacBook Pro M2 มือสอง ประเมินไว,รับซื้อ MacBook Pro M2 มือสอง ทุกความจุ ประเมินราคาตามระดับสุขภาพแบตเตอรี่ รอบการชาร์จ และสภาพเครื่องจริง ส่งรูปเช็คราคาประเมินอ้างอิงผ่าน LINE @webuy ได้อย่างรวดเร็ว,https://ร้านรับซื้อโน๊ตบุ๊ค.com/รับซื้อโน๊ตบุ๊ค/macbook-pro-m2/,(none),true,false,1,true,true,54,หน้าแรก / รับซื้อโน๊ตบุ๊ค / MacBook Pro M2 รับซื้อ MacBook Pro M2 มือสอง ประเมินไว รับซื้อ MacBook Pro M2 มือสอง ทุกความจุ ประเมินราคาตามระดับสุขภาพแบตเตอรี่ รอบการชาร์จ และสภาพเครื่องจริง ส่งรูปเช็คราคาประเมินอ้างอิงผ่า,/favicon.svg | /_astro/BaseLayout.Ce6jA0gB.css | /images/logo-ranrubsue-notebook-black-280.webp | /images/rubsue-notebook-process-steps-800.webp | /images/logo-ranrubsue-notebook-black-280.webp,,true
https://xn--42cn4aobed0eb6hubj4es0m5dhvd.com/%E0%B8%A3%E0%B8%B1%E0%B8%9A%E0%B8%8B%E0%B8%B7%E0%B9%89%E0%B8%AD%E0%B9%82%E0%B8%99%E0%B9%8A%E0%B8%95%E0%B8%9A%E0%B8%B8%E0%B9%8A%E0%B8%84/macbook-pro-m3/,Model,200,https://xn--42cn4aobed0eb6hubj4es0m5dhvd.com/%E0%B8%A3%E0%B8%B1%E0%B8%9A%E0%B8%8B%E0%B8%B7%E0%B9%89%E0%B8%AD%E0%B9%82%E0%B8%99%E0%B9%8A%E0%B8%95%E0%B8%9A%E0%B8%B8%E0%B9%8A%E0%B8%84/macbook-pro-m3/,รับซื้อ MacBook Pro M3 มือสอง ประเมินฟรี | ร้านรับซื้อโน๊ตบุ๊ค.com,รับซื้อ MacBook Pro M3 มือสอง เช็กราคาไว ส่งรูปประเมินฟรี,รับซื้อ MacBook Pro M3 มือสอง ประเมินราคาฟรีจากรูปเครื่อง เช็กชิป สเปก Battery Health และอุปกรณ์ครบก่อนขาย พร้อมนัดรับหรือส่งเครื่องได้ตามสะดวก,https://ร้านรับซื้อโน๊ตบุ๊ค.com/รับซื้อโน๊ตบุ๊ค/macbook-pro-m3/,(none),true,false,1,true,true,54,หน้าแรก / รับซื้อโน๊ตบุ๊ค / MacBook Pro M3 รับซื้อ MacBook Pro M3 มือสอง เช็กราคาไว ส่งรูปประเมินฟรี รับซื้อ MacBook Pro M3 มือสอง ประเมินราคาฟรีจากรูปเครื่อง เช็กชิป สเปก Battery Health และอุปกรณ์ครบก่อนขาย พร้อมนัดรับห,/favicon.svg | /_astro/BaseLayout.Ce6jA0gB.css | /images/logo-ranrubsue-notebook-black-280.webp | /images/rubsue-notebook-process-steps-800.webp | /images/logo-ranrubsue-notebook-black-280.webp,,true
https://xn--42cn4aobed0eb6hubj4es0m5dhvd.com/%E0%B8%A3%E0%B8%B1%E0%B8%9A%E0%B8%8B%E0%B8%B7%E0%B9%89%E0%B8%AD%E0%B9%82%E0%B8%99%E0%B9%8A%E0%B8%95%E0%B8%9A%E0%B8%B8%E0%B9%8A%E0%B8%84/macbook-pro-m4/,Model,200,https://xn--42cn4aobed0eb6hubj4es0m5dhvd.com/%E0%B8%A3%E0%B8%B1%E0%B8%9A%E0%B8%8B%E0%B8%B7%E0%B9%89%E0%B8%AD%E0%B9%82%E0%B8%99%E0%B9%8A%E0%B8%95%E0%B8%9A%E0%B8%B8%E0%B9%8A%E0%B8%84/macbook-pro-m4/,รับซื้อ MacBook Pro M4 มือสอง ประเมินฟรี | ร้านรับซื้อโน๊ตบุ๊ค.com,รับซื้อ MacBook Pro M4 มือสอง ประเมินไว,รับซื้อ MacBook Pro M4 มือสอง ทุกความจุ ประเมินราคาตามระดับสุขภาพแบตเตอรี่ รอบการชาร์จ และสภาพเครื่องจริง ส่งรูปเช็คราคาประเมินอ้างอิงทาง LINE @webuy ได้อย่างรวดเร็ว,https://ร้านรับซื้อโน๊ตบุ๊ค.com/รับซื้อโน๊ตบุ๊ค/macbook-pro-m4/,(none),true,false,1,true,true,54,หน้าแรก / รับซื้อโน๊ตบุ๊ค / MacBook Pro M4 รับซื้อ MacBook Pro M4 มือสอง ประเมินไว รับซื้อ MacBook Pro M4 มือสอง ทุกความจุ ประเมินราคาตามระดับสุขภาพแบตเตอรี่ รอบการชาร์จ และสภาพเครื่องจริง ส่งรูปเช็คราคาประเมินอ้างอิงทาง,/favicon.svg | /_astro/BaseLayout.Ce6jA0gB.css | /images/logo-ranrubsue-notebook-black-280.webp | /images/rubsue-notebook-process-steps-800.webp | /images/logo-ranrubsue-notebook-black-280.webp,,true
https://xn--42cn4aobed0eb6hubj4es0m5dhvd.com/%E0%B8%A3%E0%B8%B1%E0%B8%9A%E0%B8%8B%E0%B8%B7%E0%B9%89%E0%B8%AD%E0%B9%82%E0%B8%99%E0%B9%8A%E0%B8%95%E0%B8%9A%E0%B8%B8%E0%B9%8A%E0%B8%84/macbook-pro-m5/,Model,200,https://xn--42cn4aobed0eb6hubj4es0m5dhvd.com/%E0%B8%A3%E0%B8%B1%E0%B8%9A%E0%B8%8B%E0%B8%B7%E0%B9%89%E0%B8%AD%E0%B9%82%E0%B8%99%E0%B9%8A%E0%B8%95%E0%B8%9A%E0%B8%B8%E0%B9%8A%E0%B8%84/macbook-pro-m5/,รับซื้อ MacBook Pro M5 มือสอง ประเมินฟรี | ร้านรับซื้อโน๊ตบุ๊ค.com,รับซื้อ MacBook Pro M5 มือสอง เช็กราคาไว ส่งรูปประเมินฟรี,รับซื้อ MacBook Pro M5 มือสอง ประเมินราคาฟรีจากรูปเครื่อง เช็กชิป สเปก Battery Health และอุปกรณ์ครบก่อนขาย พร้อมนัดรับหรือส่งเครื่องได้ตามสะดวก,https://ร้านรับซื้อโน๊ตบุ๊ค.com/รับซื้อโน๊ตบุ๊ค/macbook-pro-m5/,(none),true,false,1,true,true,53,หน้าแรก / รับซื้อโน๊ตบุ๊ค / MacBook Pro M5 รับซื้อ MacBook Pro M5 มือสอง เช็กราคาไว ส่งรูปประเมินฟรี รับซื้อ MacBook Pro M5 มือสอง ประเมินราคาฟรีจากรูปเครื่อง เช็กชิป สเปก Battery Health และอุปกรณ์ครบก่อนขาย พร้อมนัดรับห,/favicon.svg | /_astro/BaseLayout.Ce6jA0gB.css | /images/logo-ranrubsue-notebook-black-280.webp | /images/rubsue-notebook-process-steps-800.webp | /images/logo-ranrubsue-notebook-black-280.webp,,true
https://xn--42cn4aobed0eb6hubj4es0m5dhvd.com/%E0%B8%A3%E0%B8%B1%E0%B8%9A%E0%B8%8B%E0%B8%B7%E0%B9%89%E0%B8%AD%E0%B9%82%E0%B8%99%E0%B9%8A%E0%B8%95%E0%B8%9A%E0%B8%B8%E0%B9%8A%E0%B8%84/macbook-screen-crack/,Model,200,https://xn--42cn4aobed0eb6hubj4es0m5dhvd.com/%E0%B8%A3%E0%B8%B1%E0%B8%9A%E0%B8%8B%E0%B8%B7%E0%B9%89%E0%B8%AD%E0%B9%82%E0%B8%99%E0%B9%8A%E0%B8%95%E0%B8%9A%E0%B8%B8%E0%B9%8A%E0%B8%84/macbook-screen-crack/,รับซื้อ MacBook จอร้าว จอแตก ประเมินตามสเปกและราคาอะไหล่ | ร้านรับซื้อโน๊ตบุ๊ค.com,รับซื้อ MacBook จอร้าว จอแตก ประเมินตามสภาพ,รับซื้อ MacBook จอร้าว จอแตก จอลาย หรือแสดงผลครึ่งซีก ประเมินราคาประเมินอ้างอิงตามสภาพตลาดหักลบค่าจอใหม่ตามรุ่นย่อย ส่งภาพถ่ายเช็คฟรี,https://ร้านรับซื้อโน๊ตบุ๊ค.com/รับซื้อโน๊ตบุ๊ค/macbook-screen-crack/,(none),true,false,1,true,true,43,หน้าแรก / รับซื้อโน๊ตบุ๊ค / MacBook จอร้าว รับซื้อ MacBook จอร้าว จอแตก ประเมินตามสภาพ รับซื้อ MacBook จอร้าว จอแตก จอลาย หรือแสดงผลครึ่งซีก ประเมินราคาประเมินอ้างอิงตามสภาพตลาดหักลบค่าจอใหม่ตามรุ่นย่อย ส่งภาพถ่ายเช็คฟรี,/favicon.svg | /_astro/BaseLayout.Ce6jA0gB.css | /images/logo-ranrubsue-notebook-black-280.webp | /images/rubsue-notebook-process-steps-800.webp | /images/logo-ranrubsue-notebook-black-280.webp,,true
https://xn--42cn4aobed0eb6hubj4es0m5dhvd.com/%E0%B8%A3%E0%B8%B1%E0%B8%9A%E0%B8%8B%E0%B8%B7%E0%B9%89%E0%B8%AD%E0%B9%82%E0%B8%99%E0%B9%8A%E0%B8%95%E0%B8%9A%E0%B8%B8%E0%B9%8A%E0%B8%84/macbook/,Brand,200,https://xn--42cn4aobed0eb6hubj4es0m5dhvd.com/%E0%B8%A3%E0%B8%B1%E0%B8%9A%E0%B8%8B%E0%B8%B7%E0%B9%89%E0%B8%AD%E0%B9%82%E0%B8%99%E0%B9%8A%E0%B8%95%E0%B8%9A%E0%B8%B8%E0%B9%8A%E0%B8%84/macbook/,รับซื้อ MacBook มือสอง ประเมินตามชิปและแบต | ร้านรับซื้อโน๊ตบุ๊ค.com,รับซื้อ MacBook มือสอง หลายรุ่นยอดนิยม,รับซื้อ MacBook มือสองหลายรุ่นยอดนิยม ประเมินราคาตามชิปหน่วยประมวลผล สุขภาพแบตเตอรี่ และสภาพจริงของเครื่องอย่างโปร่งใส ส่งรูปเช็คราคาประเมินอ้างอิงทาง LINE @webuy ได้อย่างรวดเร็ว,https://ร้านรับซื้อโน๊ตบุ๊ค.com/รับซื้อโน๊ตบุ๊ค/macbook/,(none),true,false,1,true,true,59,หน้าแรก / รับซื้อโน๊ตบุ๊ค / MacBook รับซื้อ MacBook มือสอง หลายรุ่นยอดนิยม รับซื้อ MacBook มือสองหลายรุ่นยอดนิยม ประเมินราคาตามชิปหน่วยประมวลผล สุขภาพแบตเตอรี่ และสภาพจริงของเครื่องอย่างโปร่งใส ส่งรูปเช็คราคาประเมินอ้างอ,/favicon.svg | /_astro/BaseLayout.Ce6jA0gB.css | /images/logo-ranrubsue-notebook-black-280.webp | /images/rubsue-notebook-process-steps-800.webp | /images/logo-ranrubsue-notebook-black-280.webp,,true
https://xn--42cn4aobed0eb6hubj4es0m5dhvd.com/%E0%B8%A3%E0%B8%B1%E0%B8%9A%E0%B8%8B%E0%B8%B7%E0%B9%89%E0%B8%AD%E0%B9%82%E0%B8%99%E0%B9%8A%E0%B8%95%E0%B8%9A%E0%B8%B8%E0%B9%8A%E0%B8%84/msi-cyborg-15/,Model,200,https://xn--42cn4aobed0eb6hubj4es0m5dhvd.com/%E0%B8%A3%E0%B8%B1%E0%B8%9A%E0%B8%8B%E0%B8%B7%E0%B9%89%E0%B8%AD%E0%B9%82%E0%B8%99%E0%B9%8A%E0%B8%95%E0%B8%9A%E0%B8%B8%E0%B9%8A%E0%B8%84/msi-cyborg-15/,รับซื้อ MSI Cyborg 15 มือสอง ประเมินฟรี | ร้านรับซื้อโน๊ตบุ๊ค.com,รับซื้อ MSI Cyborg 15 มือสอง ส่งรูปประเมินไว,รับซื้อ MSI Cyborg 15 มือสอง ประเมินตาม GPU สภาพจอ ความร้อน และสภาพจริงของเกมมิ่งโน๊ตบุ๊คได้ฟรี,https://ร้านรับซื้อโน๊ตบุ๊ค.com/รับซื้อโน๊ตบุ๊ค/msi-cyborg-15/,(none),true,false,1,true,true,47,หน้าแรก / รับซื้อโน๊ตบุ๊ค / MSI Cyborg 15 รับซื้อ MSI Cyborg 15 มือสอง ส่งรูปประเมินไว รับซื้อ MSI Cyborg 15 มือสอง ประเมินตาม GPU สภาพจอ ความร้อน และสภาพจริงของเกมมิ่งโน๊ตบุ๊คได้ฟรี รุ่น MSI Cyborg 15 ควรแจ้งปีที่ซื้อ ช,/favicon.svg | /_astro/BaseLayout.Ce6jA0gB.css | /images/logo-ranrubsue-notebook-black-280.webp | /images/rubsue-notebook-process-steps-800.webp | /images/logo-ranrubsue-notebook-black-280.webp,,true
https://xn--42cn4aobed0eb6hubj4es0m5dhvd.com/%E0%B8%A3%E0%B8%B1%E0%B8%9A%E0%B8%8B%E0%B8%B7%E0%B9%89%E0%B8%AD%E0%B9%82%E0%B8%99%E0%B9%8A%E0%B8%95%E0%B8%9A%E0%B8%B8%E0%B9%8A%E0%B8%84/msi-katana-15/,Model,200,https://xn--42cn4aobed0eb6hubj4es0m5dhvd.com/%E0%B8%A3%E0%B8%B1%E0%B8%9A%E0%B8%8B%E0%B8%B7%E0%B9%89%E0%B8%AD%E0%B9%82%E0%B8%99%E0%B9%8A%E0%B8%95%E0%B8%9A%E0%B8%B8%E0%B9%8A%E0%B8%84/msi-katana-15/,รับซื้อ MSI Katana 15 มือสอง ประเมินตามสเปก | ร้านรับซื้อโน๊ตบุ๊ค.com,รับซื้อ MSI Katana 15 มือสอง เช็กราคาไวตามสเปก,รับซื้อ MSI Katana 15 มือสอง เช็กสเปก CPU GPU RAM SSD และสภาพจริงก่อนตีราคา ส่งรูปประเมินฟรี เหมาะกับเครื่องเกมมิ่งที่ต้องการเช็กราคาไวและปิดดีลชัดเจน,https://ร้านรับซื้อโน๊ตบุ๊ค.com/รับซื้อโน๊ตบุ๊ค/msi-katana-15/,(none),true,false,1,true,true,52,หน้าแรก / รับซื้อโน๊ตบุ๊ค / MSI Katana 15 รับซื้อ MSI Katana 15 มือสอง เช็กราคาไวตามสเปก รับซื้อ MSI Katana 15 มือสอง เช็กสเปก CPU GPU RAM SSD และสภาพจริงก่อนตีราคา ส่งรูปประเมินฟรี เหมาะกับเครื่องเกมมิ่งที่ต้องการเช็กรา,/favicon.svg | /_astro/BaseLayout.Ce6jA0gB.css | /images/logo-ranrubsue-notebook-black-280.webp | /images/rubsue-notebook-process-steps-800.webp | /images/logo-ranrubsue-notebook-black-280.webp,,true
https://xn--42cn4aobed0eb6hubj4es0m5dhvd.com/%E0%B8%A3%E0%B8%B1%E0%B8%9A%E0%B8%8B%E0%B8%B7%E0%B9%89%E0%B8%AD%E0%B9%82%E0%B8%99%E0%B9%8A%E0%B8%95%E0%B8%9A%E0%B8%B8%E0%B9%8A%E0%B8%84/msi-modern/,Model,200,https://xn--42cn4aobed0eb6hubj4es0m5dhvd.com/%E0%B8%A3%E0%B8%B1%E0%B8%9A%E0%B8%8B%E0%B8%B7%E0%B9%89%E0%B8%AD%E0%B9%82%E0%B8%99%E0%B9%8A%E0%B8%95%E0%B8%9A%E0%B8%B8%E0%B9%8A%E0%B8%84/msi-modern/,รับซื้อ MSI Modern มือสอง | ร้านรับซื้อโน๊ตบุ๊ค.com,รับซื้อ MSI Modern มือสอง หลายรุ่นยอดนิยม,รับซื้อ MSI Modern มือสอง หลายรุ่นยอดนิยม ประเมินราคาตามสเปก สภาพความแข็งแรงของบอดี้ และระดับสุขภาพแบตเตอรี่ ส่งรูปเช็คราคาประเมินอ้างอิงทาง LINE @webuy ได้อย่างรวดเร็ว,https://ร้านรับซื้อโน๊ตบุ๊ค.com/รับซื้อโน๊ตบุ๊ค/msi-modern/,(none),true,false,1,true,true,49,หน้าแรก / รับซื้อโน๊ตบุ๊ค / MSI Modern รับซื้อ MSI Modern มือสอง หลายรุ่นยอดนิยม รับซื้อ MSI Modern มือสอง หลายรุ่นยอดนิยม ประเมินราคาตามสเปก สภาพความแข็งแรงของบอดี้ และระดับสุขภาพแบตเตอรี่ ส่งรูปเช็คราคาประเมินอ้างอิงทา,/favicon.svg | /_astro/BaseLayout.Ce6jA0gB.css | /images/logo-ranrubsue-notebook-black-280.webp | /images/rubsue-notebook-process-steps-800.webp | /images/logo-ranrubsue-notebook-black-280.webp,,true
https://xn--42cn4aobed0eb6hubj4es0m5dhvd.com/%E0%B8%A3%E0%B8%B1%E0%B8%9A%E0%B8%8B%E0%B8%B7%E0%B9%89%E0%B8%AD%E0%B9%82%E0%B8%99%E0%B9%8A%E0%B8%95%E0%B8%9A%E0%B8%B8%E0%B9%8A%E0%B8%84/msi-raider-18/,Model,200,https://xn--42cn4aobed0eb6hubj4es0m5dhvd.com/%E0%B8%A3%E0%B8%B1%E0%B8%9A%E0%B8%8B%E0%B8%B7%E0%B9%89%E0%B8%AD%E0%B9%82%E0%B8%99%E0%B9%8A%E0%B8%95%E0%B8%9A%E0%B8%B8%E0%B9%8A%E0%B8%84/msi-raider-18/,รับซื้อ MSI Raider 18 มือสอง ประเมินฟรี | ร้านรับซื้อโน๊ตบุ๊ค.com,รับซื้อ MSI Raider 18 มือสอง ส่งรูปเช็กราคาไว,รับซื้อ MSI Raider 18 มือสอง ประเมินฟรีจาก GPU จอ ระบบระบายความร้อน และสภาพจริงของเกมมิ่งโน๊ตบุ๊คระดับสูง,https://ร้านรับซื้อโน๊ตบุ๊ค.com/รับซื้อโน๊ตบุ๊ค/msi-raider-18/,(none),true,false,1,true,true,47,หน้าแรก / รับซื้อโน๊ตบุ๊ค / MSI Raider 18 รับซื้อ MSI Raider 18 มือสอง ส่งรูปเช็กราคาไว รับซื้อ MSI Raider 18 มือสอง ประเมินฟรีจาก GPU จอ ระบบระบายความร้อน และสภาพจริงของเกมมิ่งโน๊ตบุ๊คระดับสูง รุ่น MSI Raider 18 ควรแจ้ง,/favicon.svg | /_astro/BaseLayout.Ce6jA0gB.css | /images/logo-ranrubsue-notebook-black-280.webp | /images/rubsue-notebook-process-steps-800.webp | /images/logo-ranrubsue-notebook-black-280.webp,,true
https://xn--42cn4aobed0eb6hubj4es0m5dhvd.com/%E0%B8%A3%E0%B8%B1%E0%B8%9A%E0%B8%8B%E0%B8%B7%E0%B9%89%E0%B8%AD%E0%B9%82%E0%B8%99%E0%B9%8A%E0%B8%95%E0%B8%9A%E0%B8%B8%E0%B9%8A%E0%B8%84/msi-stealth-14/,Model,200,https://xn--42cn4aobed0eb6hubj4es0m5dhvd.com/%E0%B8%A3%E0%B8%B1%E0%B8%9A%E0%B8%8B%E0%B8%B7%E0%B9%89%E0%B8%AD%E0%B9%82%E0%B8%99%E0%B9%8A%E0%B8%95%E0%B8%9A%E0%B8%B8%E0%B9%8A%E0%B8%84/msi-stealth-14/,รับซื้อ MSI Stealth 14 มือสอง ประเมินฟรี | ร้านรับซื้อโน๊ตบุ๊ค.com,รับซื้อ MSI Stealth 14 มือสอง ส่งรูปประเมินไว,รับซื้อ MSI Stealth 14 มือสอง ประเมินฟรีจาก GPU จอ สภาพบอดี้ และความร้อนของเกมมิ่งโน๊ตบุ๊คสายบางเบา,https://ร้านรับซื้อโน๊ตบุ๊ค.com/รับซื้อโน๊ตบุ๊ค/msi-stealth-14/,(none),true,false,1,true,true,47,หน้าแรก / รับซื้อโน๊ตบุ๊ค / MSI Stealth 14 รับซื้อ MSI Stealth 14 มือสอง ส่งรูปประเมินไว รับซื้อ MSI Stealth 14 มือสอง ประเมินฟรีจาก GPU จอ สภาพบอดี้ และความร้อนของเกมมิ่งโน๊ตบุ๊คสายบางเบา รุ่น MSI Stealth 14 ควรแจ้งปีที,/favicon.svg | /_astro/BaseLayout.Ce6jA0gB.css | /images/logo-ranrubsue-notebook-black-280.webp | /images/rubsue-notebook-process-steps-800.webp | /images/logo-ranrubsue-notebook-black-280.webp,,true
https://xn--42cn4aobed0eb6hubj4es0m5dhvd.com/%E0%B8%A3%E0%B8%B1%E0%B8%9A%E0%B8%8B%E0%B8%B7%E0%B9%89%E0%B8%AD%E0%B9%82%E0%B8%99%E0%B9%8A%E0%B8%95%E0%B8%9A%E0%B8%B8%E0%B9%8A%E0%B8%84/msi-stealth-16/,Model,200,https://xn--42cn4aobed0eb6hubj4es0m5dhvd.com/%E0%B8%A3%E0%B8%B1%E0%B8%9A%E0%B8%8B%E0%B8%B7%E0%B9%89%E0%B8%AD%E0%B9%82%E0%B8%99%E0%B9%8A%E0%B8%95%E0%B8%9A%E0%B8%B8%E0%B9%8A%E0%B8%84/msi-stealth-16/,รับซื้อ MSI Stealth 16 มือสอง ประเมินฟรี | ร้านรับซื้อโน๊ตบุ๊ค.com,รับซื้อ MSI Stealth 16 มือสอง ส่งรูปประเมินไว,รับซื้อ MSI Stealth 16 มือสอง ประเมินฟรีจาก GPU จอ สภาพบอดี้ และความร้อนของเกมมิ่งโน๊ตบุ๊คสายบางเบา,https://ร้านรับซื้อโน๊ตบุ๊ค.com/รับซื้อโน๊ตบุ๊ค/msi-stealth-16/,(none),true,false,1,true,true,47,หน้าแรก / รับซื้อโน๊ตบุ๊ค / MSI Stealth 16 รับซื้อ MSI Stealth 16 มือสอง ส่งรูปประเมินไว รับซื้อ MSI Stealth 16 มือสอง ประเมินฟรีจาก GPU จอ สภาพบอดี้ และความร้อนของเกมมิ่งโน๊ตบุ๊คสายบางเบา รุ่น MSI Stealth 16 ควรแจ้งปีที,/favicon.svg | /_astro/BaseLayout.Ce6jA0gB.css | /images/logo-ranrubsue-notebook-black-280.webp | /images/rubsue-notebook-process-steps-800.webp | /images/logo-ranrubsue-notebook-black-280.webp,,true
https://xn--42cn4aobed0eb6hubj4es0m5dhvd.com/%E0%B8%A3%E0%B8%B1%E0%B8%9A%E0%B8%8B%E0%B8%B7%E0%B9%89%E0%B8%AD%E0%B9%82%E0%B8%99%E0%B9%8A%E0%B8%95%E0%B8%9A%E0%B8%B8%E0%B9%8A%E0%B8%84/msi-vector-16-hx/,Model,200,https://xn--42cn4aobed0eb6hubj4es0m5dhvd.com/%E0%B8%A3%E0%B8%B1%E0%B8%9A%E0%B8%8B%E0%B8%B7%E0%B9%89%E0%B8%AD%E0%B9%82%E0%B8%99%E0%B9%8A%E0%B8%95%E0%B8%9A%E0%B8%B8%E0%B9%8A%E0%B8%84/msi-vector-16-hx/,รับซื้อ MSI Vector 16 HX มือสอง ประเมินฟรี | ร้านรับซื้อโน๊ตบุ๊ค.com,รับซื้อ MSI Vector 16 HX มือสอง ส่งรูปเช็คราคาไว,รับซื้อ MSI Vector 16 HX มือสอง ประเมินฟรีตาม GPU จอ ความร้อน และสภาพจริงของเกมมิ่งสเปกสูงสายทำงานหนัก,https://ร้านรับซื้อโน๊ตบุ๊ค.com/รับซื้อโน๊ตบุ๊ค/msi-vector-16-hx/,(none),true,false,1,true,true,47,หน้าแรก / รับซื้อโน๊ตบุ๊ค / MSI Vector 16 HX รับซื้อ MSI Vector 16 HX มือสอง ส่งรูปเช็คราคาไว รับซื้อ MSI Vector 16 HX มือสอง ประเมินฟรีตาม GPU จอ ความร้อน และสภาพจริงของเกมมิ่งสเปกสูงสายทำงานหนัก รุ่น MSI Vector 16 HX ค,/favicon.svg | /_astro/BaseLayout.Ce6jA0gB.css | /images/logo-ranrubsue-notebook-black-280.webp | /images/rubsue-notebook-process-steps-800.webp | /images/logo-ranrubsue-notebook-black-280.webp,,true
https://xn--42cn4aobed0eb6hubj4es0m5dhvd.com/%E0%B8%A3%E0%B8%B1%E0%B8%9A%E0%B8%8B%E0%B8%B7%E0%B9%89%E0%B8%AD%E0%B9%82%E0%B8%99%E0%B9%8A%E0%B8%95%E0%B8%9A%E0%B8%B8%E0%B9%8A%E0%B8%84/msi/,Brand,200,https://xn--42cn4aobed0eb6hubj4es0m5dhvd.com/%E0%B8%A3%E0%B8%B1%E0%B8%9A%E0%B8%8B%E0%B8%B7%E0%B9%89%E0%B8%AD%E0%B9%82%E0%B8%99%E0%B9%8A%E0%B8%95%E0%B8%9A%E0%B8%B8%E0%B9%8A%E0%B8%84/msi/,รับซื้อโน๊ตบุ๊ค MSI มือสอง ประเมินตามสเปกและสภาพ | ร้านรับซื้อโน๊ตบุ๊ค.com,รับซื้อโน๊ตบุ๊ค MSI มือสอง หลายรุ่นยอดนิยม,รับซื้อโน๊ตบุ๊ค MSI มือสอง หลายรุ่นยอดนิยม ประเมินราคาตามซีรีส์ สเปก และรหัสเครื่องจริง ส่งรูปประเมินราคาประเมินอ้างอิงผ่าน LINE @webuy ได้อย่างรวดเร็ว ตอบกลับรวดเร็ว,https://ร้านรับซื้อโน๊ตบุ๊ค.com/รับซื้อโน๊ตบุ๊ค/msi/,(none),true,false,1,true,true,52,หน้าแรก / รับซื้อโน๊ตบุ๊ค / MSI รับซื้อโน๊ตบุ๊ค MSI มือสอง หลายรุ่นยอดนิยม รับซื้อโน๊ตบุ๊ค MSI มือสอง หลายรุ่นยอดนิยม ประเมินราคาตามซีรีส์ สเปก และรหัสเครื่องจริง ส่งรูปประเมินราคาประเมินอ้างอิงผ่าน LINE @webuy ได้อย่างร,/favicon.svg | /_astro/BaseLayout.Ce6jA0gB.css | /images/logo-ranrubsue-notebook-black-280.webp | /images/rubsue-notebook-process-steps-800.webp | /images/logo-ranrubsue-notebook-black-280.webp,,true
https://xn--42cn4aobed0eb6hubj4es0m5dhvd.com/%E0%B8%A3%E0%B8%B1%E0%B8%9A%E0%B8%8B%E0%B8%B7%E0%B9%89%E0%B8%AD%E0%B9%82%E0%B8%99%E0%B9%8A%E0%B8%95%E0%B8%9A%E0%B8%B8%E0%B9%8A%E0%B8%84/razer-blade/,Other,200,https://xn--42cn4aobed0eb6hubj4es0m5dhvd.com/%E0%B8%A3%E0%B8%B1%E0%B8%9A%E0%B8%8B%E0%B8%B7%E0%B9%89%E0%B8%AD%E0%B9%82%E0%B8%99%E0%B9%8A%E0%B8%95%E0%B8%9A%E0%B8%B8%E0%B9%8A%E0%B8%84/razer-blade/,รับซื้อ Razer Blade มือสอง ประเมินตามสเปกและการ์ดจอแยก | ร้านรับซื้อโน๊ตบุ๊ค.com,รับซื้อ Razer Blade มือสอง เกมมิ่งเกียร์สเปกสูง,รับซื้อ Razer Blade มือสอง เกมมิ่งโน๊ตบุ๊คเกรดพรีเมียม ประเมินราคาตามปีโมเดล ชิปกราฟิกการ์ดจอแยก และสภาพระบบระบายความร้อนของเครื่อง ส่งรูปประเมินได้ฟรี,https://ร้านรับซื้อโน๊ตบุ๊ค.com/รับซื้อโน๊ตบุ๊ค/razer-blade/,(none),true,false,1,true,true,47,หน้าแรก / รับซื้อโน๊ตบุ๊ค / Razer Blade รับซื้อ Razer Blade มือสอง เกมมิ่งเกียร์สเปกสูง รับซื้อ Razer Blade มือสอง เกมมิ่งโน๊ตบุ๊คเกรดพรีเมียม ประเมินราคาตามปีโมเดล ชิปกราฟิกการ์ดจอแยก และสภาพระบบระบายความร้อนของเครื่อง ,/favicon.svg | /_astro/BaseLayout.Ce6jA0gB.css | /images/logo-ranrubsue-notebook-black-280.webp | /images/rubsue-notebook-process-steps-800.webp | /images/logo-ranrubsue-notebook-black-280.webp,,true
https://xn--42cn4aobed0eb6hubj4es0m5dhvd.com/%E0%B8%A3%E0%B8%B1%E0%B8%9A%E0%B8%8B%E0%B8%B7%E0%B9%89%E0%B8%AD%E0%B9%82%E0%B8%99%E0%B9%8A%E0%B8%95%E0%B8%9A%E0%B8%B8%E0%B9%8A%E0%B8%84/razer/,Other,200,https://xn--42cn4aobed0eb6hubj4es0m5dhvd.com/%E0%B8%A3%E0%B8%B1%E0%B8%9A%E0%B8%8B%E0%B8%B7%E0%B9%89%E0%B8%AD%E0%B9%82%E0%B8%99%E0%B9%8A%E0%B8%95%E0%B8%9A%E0%B8%B8%E0%B9%8A%E0%B8%84/razer/,รับซื้อโน๊ตบุ๊ค Razer มือสอง ประเมินตามรุ่นย่อยและสภาพเครื่อง | ร้านรับซื้อโน๊ตบุ๊ค.com,รับซื้อโน๊ตบุ๊ค Razer มือสอง พรีเมียมเกมมิ่ง,รับซื้อโน๊ตบุ๊ค Razer มือสอง หลายรุ่นยอดนิยมพรีเมียมเกมมิ่ง ประเมินราคาตามรุ่น ขนาดจอ ชิปกราฟิกการ์ดจอแยก และสภาพความร้อนของเครื่อง ส่งรูปประเมินได้ฟรี,https://ร้านรับซื้อโน๊ตบุ๊ค.com/รับซื้อโน๊ตบุ๊ค/razer/,(none),true,false,1,true,true,44,หน้าแรก / รับซื้อโน๊ตบุ๊ค / Razer รับซื้อโน๊ตบุ๊ค Razer มือสอง พรีเมียมเกมมิ่ง รับซื้อโน๊ตบุ๊ค Razer มือสอง หลายรุ่นยอดนิยมพรีเมียมเกมมิ่ง ประเมินราคาตามรุ่น ขนาดจอ ชิปกราฟิกการ์ดจอแยก และสภาพความร้อนของเครื่อง ส่งรูปประ,/favicon.svg | /_astro/BaseLayout.Ce6jA0gB.css | /images/logo-ranrubsue-notebook-black-280.webp | /images/rubsue-notebook-process-steps-800.webp | /images/logo-ranrubsue-notebook-black-280.webp,,true
https://xn--42cn4aobed0eb6hubj4es0m5dhvd.com/%E0%B8%A3%E0%B8%B1%E0%B8%9A%E0%B8%8B%E0%B8%B7%E0%B9%89%E0%B8%AD%E0%B9%82%E0%B8%99%E0%B9%8A%E0%B8%95%E0%B8%9A%E0%B8%B8%E0%B9%8A%E0%B8%84/samsung-galaxy-book/,Model,200,https://xn--42cn4aobed0eb6hubj4es0m5dhvd.com/%E0%B8%A3%E0%B8%B1%E0%B8%9A%E0%B8%8B%E0%B8%B7%E0%B9%89%E0%B8%AD%E0%B9%82%E0%B8%99%E0%B9%8A%E0%B8%95%E0%B8%9A%E0%B8%B8%E0%B9%8A%E0%B8%84/samsung-galaxy-book/,รับซื้อ Samsung Galaxy Book มือสอง ประเมินฟรี | ร้านรับซื้อโน๊ตบุ๊ค.com,รับซื้อ Samsung Galaxy Book มือสอง ส่งรูปเช็คราคาไว,รับซื้อ Samsung Galaxy Book มือสอง ประเมินฟรีตามสเปก แบต จอ และสภาพจริงของเครื่องบางเบา,https://ร้านรับซื้อโน๊ตบุ๊ค.com/รับซื้อโน๊ตบุ๊ค/samsung-galaxy-book/,(none),true,false,1,true,true,46,หน้าแรก / รับซื้อโน๊ตบุ๊ค / Samsung Galaxy Book รับซื้อ Samsung Galaxy Book มือสอง ส่งรูปเช็คราคาไว รับซื้อ Samsung Galaxy Book มือสอง ประเมินฟรีตามสเปก แบต จอ และสภาพจริงของเครื่องบางเบา รุ่น Samsung Galaxy Book ควรแจ้ง,/favicon.svg | /_astro/BaseLayout.Ce6jA0gB.css | /images/logo-ranrubsue-notebook-black-280.webp | /images/rubsue-notebook-process-steps-800.webp | /images/logo-ranrubsue-notebook-black-280.webp,,true
https://xn--42cn4aobed0eb6hubj4es0m5dhvd.com/%E0%B8%A3%E0%B8%B1%E0%B8%9A%E0%B8%8B%E0%B8%B7%E0%B9%89%E0%B8%AD%E0%B9%82%E0%B8%99%E0%B9%8A%E0%B8%95%E0%B8%9A%E0%B8%B8%E0%B9%8A%E0%B8%84/samsung/,Brand,200,https://xn--42cn4aobed0eb6hubj4es0m5dhvd.com/%E0%B8%A3%E0%B8%B1%E0%B8%9A%E0%B8%8B%E0%B8%B7%E0%B9%89%E0%B8%AD%E0%B9%82%E0%B8%99%E0%B9%8A%E0%B8%95%E0%B8%9A%E0%B8%B8%E0%B9%8A%E0%B8%84/samsung/,รับซื้อโน๊ตบุ๊ค Samsung มือสอง ประเมินตามสเปกและสภาพ | ร้านรับซื้อโน๊ตบุ๊ค.com,รับซื้อโน๊ตบุ๊ค Samsung มือสอง ส่งรูปเช็คราคาไว,รับซื้อโน๊ตบุ๊ค Samsung มือสอง หลายรุ่นยอดนิยม ประเมินราคาตามสเปก สภาพจริงของเครื่องบางเบา และจอแสดงผล AMOLED ส่งรูปเช็คราคาประเมินอ้างอิงทาง LINE @webuy ได้อย่างรวดเร็ว,https://ร้านรับซื้อโน๊ตบุ๊ค.com/รับซื้อโน๊ตบุ๊ค/samsung/,(none),true,false,1,true,true,46,หน้าแรก / รับซื้อโน๊ตบุ๊ค / Samsung รับซื้อโน๊ตบุ๊ค Samsung มือสอง ส่งรูปเช็คราคาไว รับซื้อโน๊ตบุ๊ค Samsung มือสอง หลายรุ่นยอดนิยม ประเมินราคาตามสเปก สภาพจริงของเครื่องบางเบา และจอแสดงผล AMOLED ส่งรูปเช็คราคาประเมินอ้างอ,/favicon.svg | /_astro/BaseLayout.Ce6jA0gB.css | /images/logo-ranrubsue-notebook-black-280.webp | /images/rubsue-notebook-process-steps-800.webp | /images/logo-ranrubsue-notebook-black-280.webp,,true
https://xn--42cn4aobed0eb6hubj4es0m5dhvd.com/%E0%B8%A3%E0%B8%B1%E0%B8%9A%E0%B8%8B%E0%B8%B7%E0%B9%89%E0%B8%AD%E0%B9%82%E0%B8%99%E0%B9%8A%E0%B8%95%E0%B8%9A%E0%B8%B8%E0%B9%8A%E0%B8%84/ssd-%E0%B9%80%E0%B8%AA%E0%B8%B5%E0%B8%A2/,Condition,200,https://xn--42cn4aobed0eb6hubj4es0m5dhvd.com/%E0%B8%A3%E0%B8%B1%E0%B8%9A%E0%B8%8B%E0%B8%B7%E0%B9%89%E0%B8%AD%E0%B9%82%E0%B8%99%E0%B9%8A%E0%B8%95%E0%B8%9A%E0%B8%B8%E0%B9%8A%E0%B8%84/ssd-%E0%B9%80%E0%B8%AA%E0%B8%B5%E0%B8%A2/,รับซื้อโน๊ตบุ๊ค SSD เสีย ประเมินฟรี | ร้านรับซื้อโน๊ตบุ๊ค.com,รับซื้อโน๊ตบุ๊ค SSD เสีย ส่งอาการประเมินไว,รับซื้อโน๊ตบุ๊ค SSD เสีย บูตไม่ขึ้น มองไม่เห็นไดรฟ์ หรือค้างบ่อย ประเมินฟรีตามสภาพจริง,https://ร้านรับซื้อโน๊ตบุ๊ค.com/รับซื้อโน๊ตบุ๊ค/ssd-เสีย/,(none),true,false,1,true,true,42,หน้าแรก / รับซื้อโน๊ตบุ๊ค / SSD เสีย รับซื้อโน๊ตบุ๊ค SSD เสีย ส่งอาการประเมินไว รับซื้อโน๊ตบุ๊ค SSD เสีย บูตไม่ขึ้น มองไม่เห็นไดรฟ์ หรือค้างบ่อย ประเมินฟรีตามสภาพจริง ประเมินจากอะไร: ส่งรูปและวิดีโอสั้น ๆ ให้เห็นอาการชัด,/favicon.svg | /_astro/BaseLayout.Ce6jA0gB.css | /images/logo-ranrubsue-notebook-black-280.webp | /images/rubsue-notebook-process-steps-800.webp | /images/logo-ranrubsue-notebook-black-280.webp,,true
https://xn--42cn4aobed0eb6hubj4es0m5dhvd.com/%E0%B8%A3%E0%B8%B1%E0%B8%9A%E0%B8%8B%E0%B8%B7%E0%B9%89%E0%B8%AD%E0%B9%82%E0%B8%99%E0%B9%8A%E0%B8%95%E0%B8%9A%E0%B8%B8%E0%B9%8A%E0%B8%84/surface-book/,Model,200,https://xn--42cn4aobed0eb6hubj4es0m5dhvd.com/%E0%B8%A3%E0%B8%B1%E0%B8%9A%E0%B8%8B%E0%B8%B7%E0%B9%89%E0%B8%AD%E0%B9%82%E0%B8%99%E0%B9%8A%E0%B8%95%E0%B8%9A%E0%B8%B8%E0%B9%8A%E0%B8%84/surface-book/,รับซื้อ Surface Book มือสอง ประเมินตามชิปเซ็ตและสภาพกลไก | ร้านรับซื้อโน๊ตบุ๊ค.com,รับซื้อ Surface Book มือสอง ไฮบริดถอดจอได้,รับซื้อ Surface Book มือสอง รุ่นไฮบริดถอดจอได้ ประเมินราคาตามรุ่นย่อย ชิปประมวลผล สภาพการแยกหน้าจอ สุขภาพแบตเตอรี่คู่อุปกรณ์ ส่งภาพเช็คได้ฟรี,https://ร้านรับซื้อโน๊ตบุ๊ค.com/รับซื้อโน๊ตบุ๊ค/surface-book/,(none),true,false,1,true,true,47,หน้าแรก / รับซื้อโน๊ตบุ๊ค / Surface Book รับซื้อ Surface Book มือสอง ไฮบริดถอดจอได้ รับซื้อ Surface Book มือสอง รุ่นไฮบริดถอดจอได้ ประเมินราคาตามรุ่นย่อย ชิปประมวลผล สภาพการแยกหน้าจอ สุขภาพแบตเตอรี่คู่อุปกรณ์ ส่งภาพเช็คไ,/favicon.svg | /_astro/BaseLayout.Ce6jA0gB.css | /images/logo-ranrubsue-notebook-black-280.webp | /images/rubsue-notebook-process-steps-800.webp | /images/logo-ranrubsue-notebook-black-280.webp,,true
https://xn--42cn4aobed0eb6hubj4es0m5dhvd.com/%E0%B8%A3%E0%B8%B1%E0%B8%9A%E0%B8%8B%E0%B8%B7%E0%B9%89%E0%B8%AD%E0%B9%82%E0%B8%99%E0%B9%8A%E0%B8%95%E0%B8%9A%E0%B8%B8%E0%B9%8A%E0%B8%84/surface-laptop-go/,Model,200,https://xn--42cn4aobed0eb6hubj4es0m5dhvd.com/%E0%B8%A3%E0%B8%B1%E0%B8%9A%E0%B8%8B%E0%B8%B7%E0%B9%89%E0%B8%AD%E0%B9%82%E0%B8%99%E0%B9%8A%E0%B8%95%E0%B8%9A%E0%B8%B8%E0%B9%8A%E0%B8%84/surface-laptop-go/,รับซื้อ Surface Laptop Go มือสอง ประเมินฟรี | ร้านรับซื้อโน๊ตบุ๊ค.com,รับซื้อ Surface Laptop Go มือสอง ส่งรูปประเมินไว,รับซื้อ Surface Laptop Go มือสอง ประเมินฟรีตามสเปก แบต และสภาพจริงของเครื่องบางเบา,https://ร้านรับซื้อโน๊ตบุ๊ค.com/รับซื้อโน๊ตบุ๊ค/surface-laptop-go/,(none),true,false,1,true,true,53,หน้าแรก / รับซื้อโน๊ตบุ๊ค / Surface Laptop Go รับซื้อ Surface Laptop Go มือสอง ส่งรูปประเมินไว รับซื้อ Surface Laptop Go มือสอง ประเมินฟรีตามสเปก แบต และสภาพจริงของเครื่องบางเบา รุ่น Surface Laptop Go ควรแจ้งปีที่ซื้อ ชิ,/favicon.svg | /_astro/BaseLayout.Ce6jA0gB.css | /images/logo-ranrubsue-notebook-black-280.webp | /images/rubsue-notebook-process-steps-800.webp | /images/logo-ranrubsue-notebook-black-280.webp,,true
https://xn--42cn4aobed0eb6hubj4es0m5dhvd.com/%E0%B8%A3%E0%B8%B1%E0%B8%9A%E0%B8%8B%E0%B8%B7%E0%B9%89%E0%B8%AD%E0%B9%82%E0%B8%99%E0%B9%8A%E0%B8%95%E0%B8%9A%E0%B8%B8%E0%B9%8A%E0%B8%84/surface-laptop/,Model,200,https://xn--42cn4aobed0eb6hubj4es0m5dhvd.com/%E0%B8%A3%E0%B8%B1%E0%B8%9A%E0%B8%8B%E0%B8%B7%E0%B9%89%E0%B8%AD%E0%B9%82%E0%B8%99%E0%B9%8A%E0%B8%95%E0%B8%9A%E0%B8%B8%E0%B9%8A%E0%B8%84/surface-laptop/,รับซื้อ Surface Laptop มือสอง ประเมินตามรุ่น | ร้านรับซื้อโน๊ตบุ๊ค.com,รับซื้อ Surface Laptop มือสอง เช็กราคาไวตามรุ่น,รับซื้อ Surface Laptop มือสอง ประเมินฟรีตามรุ่น สเปก และสภาพเครื่อง เหมาะกับโน๊ตบุ๊คทำงาน เครื่องบริษัท และเครื่องใช้งานทั่วไปที่ต้องการเช็กราคาไว,https://ร้านรับซื้อโน๊ตบุ๊ค.com/รับซื้อโน๊ตบุ๊ค/surface-laptop/,(none),true,false,1,true,true,59,หน้าแรก / รับซื้อโน๊ตบุ๊ค / Surface Laptop รับซื้อ Surface Laptop มือสอง เช็กราคาไวตามรุ่น รับซื้อ Surface Laptop มือสอง ประเมินฟรีตามรุ่น สเปก และสภาพเครื่อง เหมาะกับโน๊ตบุ๊คทำงาน เครื่องบริษัท และเครื่องใช้งานทั่วไปที่,/favicon.svg | /_astro/BaseLayout.Ce6jA0gB.css | /images/logo-ranrubsue-notebook-black-280.webp | /images/rubsue-notebook-process-steps-800.webp | /images/logo-ranrubsue-notebook-black-280.webp,,true
https://xn--42cn4aobed0eb6hubj4es0m5dhvd.com/%E0%B8%A3%E0%B8%B1%E0%B8%9A%E0%B8%8B%E0%B8%B7%E0%B9%89%E0%B8%AD%E0%B9%82%E0%B8%99%E0%B9%8A%E0%B8%95%E0%B8%9A%E0%B8%B8%E0%B9%8A%E0%B8%84/surface-pro/,Model,200,https://xn--42cn4aobed0eb6hubj4es0m5dhvd.com/%E0%B8%A3%E0%B8%B1%E0%B8%9A%E0%B8%8B%E0%B8%B7%E0%B9%89%E0%B8%AD%E0%B9%82%E0%B8%99%E0%B9%8A%E0%B8%95%E0%B8%9A%E0%B8%B8%E0%B9%8A%E0%B8%84/surface-pro/,รับซื้อ Surface Pro มือสอง | ร้านรับซื้อโน๊ตบุ๊ค.com,รับซื้อ Surface Pro มือสอง หลายรุ่นยอดนิยม,รับซื้อ Surface Pro มือสอง หลายรุ่นยอดนิยม ประเมินราคาตามสเปก สภาพหน้าจอทัชสกรีน และระดับสุขภาพแบตเตอรี่ ส่งรูปเช็คราคาประเมินอ้างอิงทาง LINE @webuy ได้อย่างรวดเร็ว,https://ร้านรับซื้อโน๊ตบุ๊ค.com/รับซื้อโน๊ตบุ๊ค/surface-pro/,(none),true,false,1,true,true,52,หน้าแรก / รับซื้อโน๊ตบุ๊ค / Surface Pro รับซื้อ Surface Pro มือสอง หลายรุ่นยอดนิยม รับซื้อ Surface Pro มือสอง หลายรุ่นยอดนิยม ประเมินราคาตามสเปก สภาพหน้าจอทัชสกรีน และระดับสุขภาพแบตเตอรี่ ส่งรูปเช็คราคาประเมินอ้างอิงทาง ,/favicon.svg | /_astro/BaseLayout.Ce6jA0gB.css | /images/logo-ranrubsue-notebook-black-280.webp | /images/rubsue-notebook-process-steps-800.webp | /images/logo-ranrubsue-notebook-black-280.webp,,true
https://xn--42cn4aobed0eb6hubj4es0m5dhvd.com/%E0%B8%A3%E0%B8%B1%E0%B8%9A%E0%B8%8B%E0%B8%B7%E0%B9%89%E0%B8%AD%E0%B9%82%E0%B8%99%E0%B9%8A%E0%B8%95%E0%B8%9A%E0%B8%B8%E0%B9%8A%E0%B8%84/surface/,Brand,200,https://xn--42cn4aobed0eb6hubj4es0m5dhvd.com/%E0%B8%A3%E0%B8%B1%E0%B8%9A%E0%B8%8B%E0%B8%B7%E0%B9%89%E0%B8%AD%E0%B9%82%E0%B8%99%E0%B9%8A%E0%B8%95%E0%B8%9A%E0%B8%B8%E0%B9%8A%E0%B8%84/surface/,รับซื้อ Microsoft Surface มือสอง ประเมินตามสเปกและสภาพ | ร้านรับซื้อโน๊ตบุ๊ค.com,รับซื้อ Microsoft Surface มือสอง หลายรุ่นยอดนิยม,รับซื้อ Microsoft Surface มือสอง หลายรุ่นยอดนิยม ประเมินราคาตามซีรีส์ สเปก สภาพจอทัชสกรีน และระดับสุขภาพแบตเตอรี่จริง ส่งรูปเช็คราคาประเมินอ้างอิงทาง LINE @webuy ได้อย่างรวดเร็ว ตอ,https://ร้านรับซื้อโน๊ตบุ๊ค.com/รับซื้อโน๊ตบุ๊ค/surface/,(none),true,false,1,true,true,49,หน้าแรก / รับซื้อโน๊ตบุ๊ค / Microsoft Surface รับซื้อ Microsoft Surface มือสอง หลายรุ่นยอดนิยม รับซื้อ Microsoft Surface มือสอง หลายรุ่นยอดนิยม ประเมินราคาตามซีรีส์ สเปก สภาพจอทัชสกรีน และระดับสุขภาพแบตเตอรี่จริง ส่งรูปเ,/favicon.svg | /_astro/BaseLayout.Ce6jA0gB.css | /images/logo-ranrubsue-notebook-black-280.webp | /images/rubsue-notebook-process-steps-800.webp | /images/logo-ranrubsue-notebook-black-280.webp,,true
https://xn--42cn4aobed0eb6hubj4es0m5dhvd.com/%E0%B8%A3%E0%B8%B1%E0%B8%9A%E0%B8%8B%E0%B8%B7%E0%B9%89%E0%B8%AD%E0%B9%82%E0%B8%99%E0%B9%8A%E0%B8%95%E0%B8%9A%E0%B8%B8%E0%B9%8A%E0%B8%84/thinkpad-e14-e15/,Other,200,https://xn--42cn4aobed0eb6hubj4es0m5dhvd.com/%E0%B8%A3%E0%B8%B1%E0%B8%9A%E0%B8%8B%E0%B8%B7%E0%B9%89%E0%B8%AD%E0%B9%82%E0%B8%99%E0%B9%8A%E0%B8%95%E0%B8%9A%E0%B8%B8%E0%B9%8A%E0%B8%84/thinkpad-e14-e15/,รับซื้อ Lenovo ThinkPad E14 / E15 มือสอง | ร้านรับซื้อโน๊ตบุ๊ค.com,รับซื้อ Lenovo ThinkPad E14 / E15 มือสอง หลายรุ่นยอดนิยม,รับซื้อ Lenovo ThinkPad E14 / E15 มือสอง หลายรุ่นยอดนิยม ประเมินราคาตามสเปก สภาพความแข็งแรงของเครื่องทำงาน และระดับสุขภาพแบตเตอรี่ ส่งรูปเช็คราคาประเมินอ้างอิงทาง LINE @webuy ได้อย,https://ร้านรับซื้อโน๊ตบุ๊ค.com/รับซื้อโน๊ตบุ๊ค/thinkpad-e14-e15/,(none),true,false,1,true,true,47,หน้าแรก / รับซื้อโน๊ตบุ๊ค / ThinkPad E14 / E15 รับซื้อ Lenovo ThinkPad E14 / E15 มือสอง หลายรุ่นยอดนิยม รับซื้อ Lenovo ThinkPad E14 / E15 มือสอง หลายรุ่นยอดนิยม ประเมินราคาตามสเปก สภาพความแข็งแรงของเครื่องทำงาน และระดับส,/favicon.svg | /_astro/BaseLayout.Ce6jA0gB.css | /images/logo-ranrubsue-notebook-black-280.webp | /images/rubsue-notebook-process-steps-800.webp | /images/logo-ranrubsue-notebook-black-280.webp,,true
https://xn--42cn4aobed0eb6hubj4es0m5dhvd.com/%E0%B8%A3%E0%B8%B1%E0%B8%9A%E0%B8%8B%E0%B8%B7%E0%B9%89%E0%B8%AD%E0%B9%82%E0%B8%99%E0%B9%8A%E0%B8%95%E0%B8%9A%E0%B8%B8%E0%B9%8A%E0%B8%84/thinkpad-t14/,Other,200,https://xn--42cn4aobed0eb6hubj4es0m5dhvd.com/%E0%B8%A3%E0%B8%B1%E0%B8%9A%E0%B8%8B%E0%B8%B7%E0%B9%89%E0%B8%AD%E0%B9%82%E0%B8%99%E0%B9%8A%E0%B8%95%E0%B8%9A%E0%B8%B8%E0%B9%8A%E0%B8%84/thinkpad-t14/,รับซื้อ ThinkPad T14 มือสอง ประเมินตามรุ่น | ร้านรับซื้อโน๊ตบุ๊ค.com,รับซื้อ ThinkPad T14 มือสอง เช็กราคาไวตามรุ่น,รับซื้อ ThinkPad T14 มือสอง ประเมินฟรีตามรุ่น สเปก และสภาพเครื่อง เหมาะกับโน๊ตบุ๊คทำงาน เครื่องบริษัท และเครื่องใช้งานทั่วไปที่ต้องการเช็กราคาไว,https://ร้านรับซื้อโน๊ตบุ๊ค.com/รับซื้อโน๊ตบุ๊ค/thinkpad-t14/,(none),true,false,1,true,true,54,หน้าแรก / รับซื้อโน๊ตบุ๊ค / ThinkPad T14 รับซื้อ ThinkPad T14 มือสอง เช็กราคาไวตามรุ่น รับซื้อ ThinkPad T14 มือสอง ประเมินฟรีตามรุ่น สเปก และสภาพเครื่อง เหมาะกับโน๊ตบุ๊คทำงาน เครื่องบริษัท และเครื่องใช้งานทั่วไปที่ต้องกา,/favicon.svg | /_astro/BaseLayout.Ce6jA0gB.css | /images/logo-ranrubsue-notebook-black-280.webp | /images/rubsue-notebook-process-steps-800.webp | /images/logo-ranrubsue-notebook-black-280.webp,,true
https://xn--42cn4aobed0eb6hubj4es0m5dhvd.com/%E0%B8%A3%E0%B8%B1%E0%B8%9A%E0%B8%8B%E0%B8%B7%E0%B9%89%E0%B8%AD%E0%B9%82%E0%B8%99%E0%B9%8A%E0%B8%95%E0%B8%9A%E0%B8%B8%E0%B9%8A%E0%B8%84/thinkpad-x1-carbon/,Other,200,https://xn--42cn4aobed0eb6hubj4es0m5dhvd.com/%E0%B8%A3%E0%B8%B1%E0%B8%9A%E0%B8%8B%E0%B8%B7%E0%B9%89%E0%B8%AD%E0%B9%82%E0%B8%99%E0%B9%8A%E0%B8%95%E0%B8%9A%E0%B8%B8%E0%B9%8A%E0%B8%84/thinkpad-x1-carbon/,รับซื้อ ThinkPad X1 Carbon มือสอง ประเมินตามรุ่น | ร้านรับซื้อโน๊ตบุ๊ค.com,รับซื้อ ThinkPad X1 Carbon มือสอง เช็กราคาไวตามรุ่น,รับซื้อ ThinkPad X1 Carbon มือสอง ประเมินฟรีตามรุ่น สเปก และสภาพเครื่อง เหมาะกับโน๊ตบุ๊คทำงาน เครื่องบริษัท และเครื่องใช้งานทั่วไปที่ต้องการเช็กราคาไว,https://ร้านรับซื้อโน๊ตบุ๊ค.com/รับซื้อโน๊ตบุ๊ค/thinkpad-x1-carbon/,(none),true,false,1,true,true,54,หน้าแรก / รับซื้อโน๊ตบุ๊ค / ThinkPad X1 Carbon รับซื้อ ThinkPad X1 Carbon มือสอง เช็กราคาไวตามรุ่น รับซื้อ ThinkPad X1 Carbon มือสอง ประเมินฟรีตามรุ่น สเปก และสภาพเครื่อง เหมาะกับโน๊ตบุ๊คทำงาน เครื่องบริษัท และเครื่องใช้,/favicon.svg | /_astro/BaseLayout.Ce6jA0gB.css | /images/logo-ranrubsue-notebook-black-280.webp | /images/rubsue-notebook-process-steps-800.webp | /images/logo-ranrubsue-notebook-black-280.webp,,true
https://xn--42cn4aobed0eb6hubj4es0m5dhvd.com/%E0%B8%A3%E0%B8%B1%E0%B8%9A%E0%B8%8B%E0%B8%B7%E0%B9%89%E0%B8%AD%E0%B9%82%E0%B8%99%E0%B9%8A%E0%B8%95%E0%B8%9A%E0%B8%B8%E0%B9%8A%E0%B8%84/wifi-%E0%B9%84%E0%B8%A1%E0%B9%88%E0%B8%95%E0%B8%B4%E0%B8%94/,Other,200,https://xn--42cn4aobed0eb6hubj4es0m5dhvd.com/%E0%B8%A3%E0%B8%B1%E0%B8%9A%E0%B8%8B%E0%B8%B7%E0%B9%89%E0%B8%AD%E0%B9%82%E0%B8%99%E0%B9%8A%E0%B8%95%E0%B8%9A%E0%B8%B8%E0%B9%8A%E0%B8%84/wifi-%E0%B9%84%E0%B8%A1%E0%B9%88%E0%B8%95%E0%B8%B4%E0%B8%94/,รับซื้อโน๊ตบุ๊ค WiFi ไม่ติด ประเมินอาการเครือข่ายและรุ่น | ร้านรับซื้อโน๊ตบุ๊ค.com,รับซื้อโน๊ตบุ๊ค WiFi ไม่ติด แจ้งอาการเชื่อมต่อและรุ่นเพื่อประเมิน,รับซื้อโน๊ตบุ๊ค WiFi ไม่ติด เชื่อมต่อไม่ได้ หรือบลูทูธมีปัญหา ประเมินตามรุ่นและสภาพจริงได้ฟรี,https://ร้านรับซื้อโน๊ตบุ๊ค.com/รับซื้อโน๊ตบุ๊ค/wifi-ไม่ติด/,(none),true,false,1,true,true,42,หน้าแรก / รับซื้อโน๊ตบุ๊ค / WiFi ไม่ติด รับซื้อโน๊ตบุ๊ค WiFi ไม่ติด แจ้งอาการเชื่อมต่อและรุ่นเพื่อประเมิน รับซื้อโน๊ตบุ๊ค WiFi ไม่ติด เชื่อมต่อไม่ได้ หรือบลูทูธมีปัญหา ประเมินตามรุ่นและสภาพจริงได้ฟรี ประเมินจากอะไร: ส่งร,/favicon.svg | /_astro/BaseLayout.Ce6jA0gB.css | /images/logo-ranrubsue-notebook-black-280.webp | /images/rubsue-notebook-process-steps-800.webp | /images/logo-ranrubsue-notebook-black-280.webp,,true
https://xn--42cn4aobed0eb6hubj4es0m5dhvd.com/%E0%B8%A3%E0%B8%B1%E0%B8%9A%E0%B8%8B%E0%B8%B7%E0%B9%89%E0%B8%AD-notebook/,Other,200,https://xn--42cn4aobed0eb6hubj4es0m5dhvd.com/%E0%B8%A3%E0%B8%B1%E0%B8%9A%E0%B8%8B%E0%B8%B7%E0%B9%89%E0%B8%AD-notebook/,รับซื้อ Notebook คืออะไร แยกประเภทเครื่องก่อนส่งประเมิน | ร้านรับซื้อโน๊ตบุ๊ค.com,รับซื้อ Notebook แยกประเภทเครื่องก่อนส่งประเมิน,หน้าอธิบายคำเรียก Notebook และประเภทเครื่องพกพาที่ใช้ค้นหาเป็นภาษาอังกฤษ ส่งรูป รุ่น สเปก และสภาพเพื่อประเมินเบื้องต้น — บริการรับซื้อหลักภาษาไทยอยู่ที่หน้าแรก,https://ร้านรับซื้อโน๊ตบุ๊ค.com/รับซื้อ-notebook/,(none),true,false,1,true,true,62,รับซื้อ Notebook แยกประเภทเครื่องก่อนส่งประเมิน สำหรับผู้ค้นหาด้วยคำภาษาอังกฤษ Notebook — อธิบายประเภทเครื่องก่อน แล้วค่อยส่งรูปประเมินผ่าน LINE @webuy ✦ แอดไลน์ @webuy ส่งรูปประเมินราคา โทร 0642579353 คำว่า Notebook ในห,/favicon.svg | /_astro/BaseLayout.Ce6jA0gB.css | /images/logo-ranrubsue-notebook-black-280.webp | /images/logo-ranrubsue-notebook-black-280.webp,,true
https://xn--42cn4aobed0eb6hubj4es0m5dhvd.com/%E0%B8%A3%E0%B8%B1%E0%B8%9A%E0%B8%9B%E0%B8%A3%E0%B8%B0%E0%B8%A1%E0%B8%B9%E0%B8%A5%E0%B8%84%E0%B8%AD%E0%B8%A1/,Other,200,https://xn--42cn4aobed0eb6hubj4es0m5dhvd.com/%E0%B8%A3%E0%B8%B1%E0%B8%9A%E0%B8%9B%E0%B8%A3%E0%B8%B0%E0%B8%A1%E0%B8%B9%E0%B8%A5%E0%B8%84%E0%B8%AD%E0%B8%A1/,รับประมูลคอมพิวเตอร์ เข้าร่วมประมูลคอมโรงเรียน หน่วยงานราชการ จ่ายสด อิงราคาจากสภาพจริงของเครื่อง | ร้านรับซื้อโน๊ตบุ๊ค.com,รับประมูลคอมพิวเตอร์องค์กร สู้อิงราคาจากสภาพจริงของเครื่อง พร้อมชำระเงินหลังตรวจรับและตกลงราคา,ศูนย์บริการรับประมูลคอมพิวเตอร์มือสอง เข้าร่วมประมูลคอมพิวเตอร์หน่วยงานราชการ รัฐวิสาหกิจ และบริษัทเอกชน ให้อิงราคาจากสภาพจริงของเครื่อง ปฏิบัติตามระเบียบพัสดุ พร้อมชำระเงินหลังตรว,https://ร้านรับซื้อโน๊ตบุ๊ค.com/รับประมูลคอม/,(none),true,false,1,true,true,38,รับประมูลคอมพิวเตอร์องค์กร สู้อิงราคาจากสภาพจริงของเครื่อง พร้อมชำระเงินหลังตรวจรับและตกลงราคา พาร์ทเนอร์ที่พร้อมเข้าร่วมประมูลคอมพิวเตอร์ปลดระวางของหน่วยงานราชการ รัฐวิสาหกิจ และบริษัทเอกชนขนาดใหญ่ ดำเนินการถูกต้องตามระ,/favicon.svg | /_astro/BaseLayout.Ce6jA0gB.css | /images/logo-ranrubsue-notebook-black-280.webp | /images/logo-ranrubsue-notebook-black-280.webp,,true
https://xn--42cn4aobed0eb6hubj4es0m5dhvd.com/%E0%B8%A3%E0%B8%B1%E0%B8%9A%E0%B9%80%E0%B8%AB%E0%B8%A1%E0%B8%B2%E0%B8%84%E0%B8%AD%E0%B8%A1%E0%B8%9E%E0%B8%B4%E0%B8%A7%E0%B9%80%E0%B8%95%E0%B8%AD%E0%B8%A3%E0%B9%8C/,Other,200,https://xn--42cn4aobed0eb6hubj4es0m5dhvd.com/%E0%B8%A3%E0%B8%B1%E0%B8%9A%E0%B9%80%E0%B8%AB%E0%B8%A1%E0%B8%B2%E0%B8%84%E0%B8%AD%E0%B8%A1%E0%B8%9E%E0%B8%B4%E0%B8%A7%E0%B9%80%E0%B8%95%E0%B8%AD%E0%B8%A3%E0%B9%8C/,รับเหมาคอมพิวเตอร์ออฟฟิศ ประเมินราคายกชุด โละคอมบริษัท อิงราคาจากสภาพจริงของเครื่อง | ร้านรับซื้อโน๊ตบุ๊ค.com,บริการรับเหมาคอมพิวเตอร์ โละคอมออฟฟิศ ได้ราคาสูง จบไว,ศูนย์บริการรับเหมาคอมพิวเตอร์สำนักงาน โละ PC องค์กร ร้านเกม โรงเรียน รับประมูลคอมพิวเตอร์ให้อิงราคาจากสภาพจริงของเครื่อง จ่ายสด ทำลายข้อมูลปลอดภัย ทั้งหมด ขนย้ายฟรี,https://ร้านรับซื้อโน๊ตบุ๊ค.com/รับเหมาคอมพิวเตอร์/,(none),true,false,1,true,true,38,บริการรับเหมาคอมพิวเตอร์ โละคอมออฟฟิศ ได้ราคาสูง จบไว จัดการคอมพิวเตอร์พีซีตั้งโต๊ะแบบยกชุด ทั้งในสำนักงาน โรงเรียน หรือร้านอินเทอร์เน็ต เรามีทีมประเมินราคามืออาชีพ พร้อมเข้ารับซื้อแบบเหมาจ่ายด้วยเงินสด บริการ Data Sanit,/favicon.svg | /_astro/BaseLayout.Ce6jA0gB.css | /images/logo-ranrubsue-notebook-black-280.webp | /images/logo-ranrubsue-notebook-black-280.webp,,true
https://xn--42cn4aobed0eb6hubj4es0m5dhvd.com/%E0%B8%A3%E0%B8%B1%E0%B8%9A%E0%B9%80%E0%B8%AB%E0%B8%A1%E0%B8%B2%E0%B9%82%E0%B8%99%E0%B9%8A%E0%B8%95%E0%B8%9A%E0%B8%B8%E0%B9%8A%E0%B8%84/,Other,200,https://xn--42cn4aobed0eb6hubj4es0m5dhvd.com/%E0%B8%A3%E0%B8%B1%E0%B8%9A%E0%B9%80%E0%B8%AB%E0%B8%A1%E0%B8%B2%E0%B9%82%E0%B8%99%E0%B9%8A%E0%B8%95%E0%B8%9A%E0%B8%B8%E0%B9%8A%E0%B8%84/,รับเหมาโน๊ตบุ๊ค งานยกล็อตสำหรับองค์กร | ร้านรับซื้อโน๊ตบุ๊ค.com,รับเหมาโน๊ตบุ๊คองค์กร หน้าสนับสนุนงานยกล็อตสำหรับองค์กร,หน้าสนับสนุนงานรับเหมาโน๊ตบุ๊คแบบยกล็อต ส่ง Inventory List รุ่น สเปก จำนวน สภาพ และพื้นที่เพื่อประเมินเบื้องต้น โดยงานองค์กรหลักอยู่หน้ารับซื้อโน๊ตบุ๊คบริษัท,https://ร้านรับซื้อโน๊ตบุ๊ค.com/รับเหมาโน๊ตบุ๊ค/,(none),true,false,1,true,true,39,รับเหมาโน๊ตบุ๊คองค์กร หน้าสนับสนุนงานยกล็อตสำหรับองค์กร ส่ง Inventory List รุ่น สเปก จำนวน สภาพ และพื้นที่เพื่อประเมินเบื้องต้น การนัดตรวจขึ้นอยู่กับรายละเอียดงานและการยืนยันจากทีมงาน ราคาสุดท้ายยืนยันหลังตรวจเครื่องจริง,/favicon.svg | /_astro/BaseLayout.Ce6jA0gB.css | /images/logo-ranrubsue-notebook-black-280.webp | /images/logo-ranrubsue-notebook-black-280.webp,,true
https://xn--42cn4aobed0eb6hubj4es0m5dhvd.com/%E0%B8%A7%E0%B8%B4%E0%B8%98%E0%B8%B5%E0%B8%82%E0%B8%B2%E0%B8%A2%E0%B9%82%E0%B8%99%E0%B9%8A%E0%B8%95%E0%B8%9A%E0%B8%B8%E0%B9%8A%E0%B8%84/,Other,200,https://xn--42cn4aobed0eb6hubj4es0m5dhvd.com/%E0%B8%A7%E0%B8%B4%E0%B8%98%E0%B8%B5%E0%B8%82%E0%B8%B2%E0%B8%A2%E0%B9%82%E0%B8%99%E0%B9%8A%E0%B8%95%E0%B8%9A%E0%B8%B8%E0%B9%8A%E0%B8%84/,วิธีขายโน๊ตบุ๊คมือสองให้ได้ราคาดีและปลอดภัย | ร้านรับซื้อโน๊ตบุ๊ค.com,วิธีขายโน๊ตบุ๊คมือสองให้ได้ราคาดีและปลอดภัย,แนะนำวิธีขายโน๊ตบุ๊คมือสอง: เตรียมรูป เช็คสเปก ล้างข้อมูล และส่งประเมินราคาก่อนขาย เพื่อได้ราคาดีและปลอดภัย,https://ร้านรับซื้อโน๊ตบุ๊ค.com/วิธีขายโน๊ตบุ๊ค/,(none),true,false,1,true,true,54,วิธีขายโน๊ตบุ๊คมือสองให้ได้ราคาดีและปลอดภัย ถ้าคุณอยาก ขายโน๊ตบุ๊คมือสอง ให้จบไวและปลอดภัย สิ่งสำคัญคือ “เตรียมข้อมูลให้ครบ” มากกว่าพยายามเดาราคาเอง หน้านี้สรุปขั้นตอนแบบทำตามได้จริง ตั้งแต่เช็คราคาเบื้องต้น การถ่ายรูป ก,/favicon.svg | /_astro/BaseLayout.Ce6jA0gB.css | /images/logo-ranrubsue-notebook-black-280.webp | /images/logo-ranrubsue-notebook-black-280.webp,,true
https://xn--42cn4aobed0eb6hubj4es0m5dhvd.com/%E0%B9%80%E0%B8%81%E0%B8%B5%E0%B9%88%E0%B8%A2%E0%B8%A7%E0%B8%81%E0%B8%B1%E0%B8%9A%E0%B9%80%E0%B8%A3%E0%B8%B2/,Other,200,https://xn--42cn4aobed0eb6hubj4es0m5dhvd.com/%E0%B9%80%E0%B8%81%E0%B8%B5%E0%B9%88%E0%B8%A2%E0%B8%A7%E0%B8%81%E0%B8%B1%E0%B8%9A%E0%B9%80%E0%B8%A3%E0%B8%B2/,เกี่ยวกับเรา | ร้านรับซื้อโน๊ตบุ๊ค.com,เกี่ยวกับ ร้านรับซื้อโน๊ตบุ๊ค.com,รู้จักร้านรับซื้อโน๊ตบุ๊ค.com — รับซื้อโน๊ตบุ๊คมือสองหลายยี่ห้อ ประเมินฟรี ตอบไว จ่ายเงินสดหรือโอนชำระเงิน เน้นความชัดเจนและปลอดภัย,https://ร้านรับซื้อโน๊ตบุ๊ค.com/เกี่ยวกับเรา/,(none),true,false,1,true,true,41,เกี่ยวกับ ร้านรับซื้อโน๊ตบุ๊ค.com เราเป็นทีมรับซื้อโน๊ตบุ๊คมือสองที่โฟกัส “ความเร็ว + ความชัดเจน” ลูกค้าส่วนใหญ่ต้องการคำตอบง่าย ๆ: เครื่องรุ่นนี้ขายได้ไหม ได้ราคาเท่าไร และจบงานอย่างปลอดภัย. เราจึงออกแบบขั้นตอนให้สั้น: ,/favicon.svg | /_astro/BaseLayout.Ce6jA0gB.css | /images/logo-ranrubsue-notebook-black-280.webp | /images/logo-ranrubsue-notebook-black-280.webp,,true
https://xn--42cn4aobed0eb6hubj4es0m5dhvd.com/%E0%B9%80%E0%B8%8A%E0%B9%87%E0%B8%84%E0%B8%A3%E0%B8%B2%E0%B8%84%E0%B8%B2%E0%B9%82%E0%B8%99%E0%B9%8A%E0%B8%95%E0%B8%9A%E0%B8%B8%E0%B9%8A%E0%B8%84%E0%B8%A1%E0%B8%B7%E0%B8%AD%E0%B8%AA%E0%B8%AD%E0%B8%87/,Other,200,https://xn--42cn4aobed0eb6hubj4es0m5dhvd.com/%E0%B9%80%E0%B8%8A%E0%B9%87%E0%B8%84%E0%B8%A3%E0%B8%B2%E0%B8%84%E0%B8%B2%E0%B9%82%E0%B8%99%E0%B9%8A%E0%B8%95%E0%B8%9A%E0%B8%B8%E0%B9%8A%E0%B8%84%E0%B8%A1%E0%B8%B7%E0%B8%AD%E0%B8%AA%E0%B8%AD%E0%B8%87/,เช็คราคาโน๊ตบุ๊คมือสอง ประเมินฟรี แจ้งราคาก่อนขาย | ร้านรับซื้อโน๊ตบุ๊ค.com,เช็คราคาโน๊ตบุ๊คมือสอง ประเมินฟรี แจ้งราคาก่อนตัดสินใจขาย,บริการเช็คราคาโน๊ตบุ๊คมือสองฟรีผ่าน LINE ส่งรูปและสเปกเพื่อรับราคาเบื้องต้น ประเมินตามสภาพจริงและเทียบราคาประเมินอ้างอิง แจ้งราคาก่อนตัดสินใจขาย,https://ร้านรับซื้อโน๊ตบุ๊ค.com/เช็คราคาโน๊ตบุ๊คมือสอง/,(none),true,false,1,true,true,58,เช็คราคาโน๊ตบุ๊คมือสอง ประเมินฟรี แจ้งราคาก่อนตัดสินใจขาย เหมาะกับเครื่องที่ผ่านการใช้งานแล้ว ส่งรูปและสเปกมาทาง LINE เพื่อรับราคาเบื้องต้นโดยไม่มีค่าใช้จ่าย ✦ แอดไลน์ @webuy ส่งรูปประเมินราคา โทร 0642579353 หน้านี้เน้นค,/favicon.svg | /_astro/BaseLayout.Ce6jA0gB.css | /images/logo-ranrubsue-notebook-black-280.webp | /images/logo-ranrubsue-notebook-black-280.webp,,true
https://xn--42cn4aobed0eb6hubj4es0m5dhvd.com/%E0%B9%80%E0%B8%8A%E0%B9%87%E0%B8%84%E0%B8%A3%E0%B8%B2%E0%B8%84%E0%B8%B2%E0%B9%82%E0%B8%99%E0%B9%8A%E0%B8%95%E0%B8%9A%E0%B8%B8%E0%B9%8A%E0%B8%84/,Other,200,https://xn--42cn4aobed0eb6hubj4es0m5dhvd.com/%E0%B9%80%E0%B8%8A%E0%B9%87%E0%B8%84%E0%B8%A3%E0%B8%B2%E0%B8%84%E0%B8%B2%E0%B9%82%E0%B8%99%E0%B9%8A%E0%B8%95%E0%B8%9A%E0%B8%B8%E0%B9%8A%E0%B8%84/,เช็คราคาโน๊ตบุ๊ค รู้กรอบราคาก่อนตัดสินใจขาย | ร้านรับซื้อโน๊ตบุ๊ค.com,เช็คราคาโน๊ตบุ๊ค รู้กรอบราคาก่อนตัดสินใจขาย,เช็คราคาโน๊ตบุ๊คก่อนขาย ส่งรูป รุ่น สเปก และสภาพทาง LINE เพื่อรับราคาประเมินเบื้องต้นฟรี ไม่ผูกมัดขาย อธิบายชัดว่าราคาเบื้องต้นกับราคาสุดท้ายหลังตรวจเครื่องต่างกันอย่างไร,https://ร้านรับซื้อโน๊ตบุ๊ค.com/เช็คราคาโน๊ตบุ๊ค/,(none),true,false,1,true,true,53,เช็คราคาโน๊ตบุ๊ค รู้กรอบราคาก่อนตัดสินใจขาย ส่งรูปและข้อมูลเครื่องทาง LINE @webuy เพื่อรับราคาประเมินเบื้องต้น — ใช้ตัดสินใจก่อน ไม่ต้องขายทันที ✦ แอดไลน์ @webuy ส่งรูปประเมินราคา โทร 0642579353 หน้านี้สำหรับคนที่อยากรู้,/favicon.svg | /_astro/BaseLayout.Ce6jA0gB.css | /images/logo-ranrubsue-notebook-black-280.webp | /images/logo-ranrubsue-notebook-black-280.webp,,true
https://xn--42cn4aobed0eb6hubj4es0m5dhvd.com/%E0%B9%80%E0%B8%A7%E0%B9%87%E0%B8%9A%E0%B9%84%E0%B8%8B%E0%B8%95%E0%B9%8C%E0%B9%83%E0%B8%99%E0%B9%80%E0%B8%84%E0%B8%A3%E0%B8%B7%E0%B8%AD/,Other,200,https://xn--42cn4aobed0eb6hubj4es0m5dhvd.com/%E0%B9%80%E0%B8%A7%E0%B9%87%E0%B8%9A%E0%B9%84%E0%B8%8B%E0%B8%95%E0%B9%8C%E0%B9%83%E0%B8%99%E0%B9%80%E0%B8%84%E0%B8%A3%E0%B8%B7%E0%B8%AD/,เว็บไซต์ในเครือและบริการรับซื้อสินค้าไอที | ร้านรับซื้อโน๊ตบุ๊ค.com,เว็บไซต์ในเครือและบริการรับซื้อสินค้าไอที,รวมเว็บไซต์ในเครือสำหรับบริการรับซื้อสินค้าไอที รับซื้อโน๊ตบุ๊ค คอมพิวเตอร์ iPhone iPad MacBook กล้องมือสอง และบริการจำนำสินค้าไอทีในบางพื้นที่,https://ร้านรับซื้อโน๊ตบุ๊ค.com/เว็บไซต์ในเครือ/,(none),true,false,1,true,true,42,หน้าแรก / เว็บไซต์ในเครือ เว็บไซต์ในเครือและบริการรับซื้อสินค้าไอที ร้านรับซื้อโน๊ตบุ๊ค.com เป็นหนึ่งในช่องทางของกลุ่มบริการที่เน้นการรับซื้อและประเมิน โน๊ตบุ๊ค หรือ Notebook มือสองโดยเฉพาะ เพื่อให้ผู้ใช้งานสามารถส่งรูป ,/favicon.svg | /_astro/BaseLayout.Ce6jA0gB.css | /images/logo-ranrubsue-notebook-black-280.webp | /images/logo-ranrubsue-notebook-black-280.webp,,true
https://xn--42cn4aobed0eb6hubj4es0m5dhvd.com/blog/,Blog,200,https://xn--42cn4aobed0eb6hubj4es0m5dhvd.com/blog/,บทความ | ร้านรับซื้อโน๊ตบุ๊ค.com,บทความ,บทความแนะนำเกี่ยวกับการขายโน๊ตบุ๊คมือสอง การเช็คราคา การล้างข้อมูล และคำถามที่พบบ่อย,https://ร้านรับซื้อโน๊ตบุ๊ค.com/blog/,(none),true,false,1,true,true,160,บทความ รวมบทความสั้น ๆ เพื่อช่วยให้ขายโน๊ตบุ๊คมือสองได้ง่ายขึ้น ตั้งแต่เช็คราคา ไปจนถึงการล้างข้อมูลก่อนขาย กรณีศึกษา • 23/5/2569 กรณีศึกษาจำลอง: รับซื้อโน๊ตบุ๊คโดนน้ำหก บอร์ดช็อตเปิดไม่ติด การประเมินราคาตามสภาพแทนการซ่อ,/favicon.svg | /_astro/BaseLayout.Ce6jA0gB.css | /images/logo-ranrubsue-notebook-black-280.webp | /images/logo-ranrubsue-notebook-black-280.webp,,true
https://xn--42cn4aobed0eb6hubj4es0m5dhvd.com/blog/%E0%B8%81%E0%B8%A3%E0%B8%93%E0%B8%B5%E0%B8%A8%E0%B8%B6%E0%B8%81%E0%B8%A9%E0%B8%B2-%E0%B8%A3%E0%B8%B1%E0%B8%9A%E0%B8%8B%E0%B8%B7%E0%B9%89%E0%B8%AD%E0%B9%82%E0%B8%99%E0%B9%8A%E0%B8%95%E0%B8%9A%E0%B8%B8%E0%B9%8A%E0%B8%84%E0%B8%9A%E0%B8%AD%E0%B8%A3%E0%B9%8C%E0%B8%94%E0%B9%80%E0%B8%AA%E0%B8%B5%E0%B8%A2%E0%B8%8A%E0%B9%87%E0%B8%AD%E0%B8%95-%E0%B8%84%E0%B9%88%E0%B8%B2%E0%B8%8B%E0%B9%88%E0%B8%AD%E0%B8%A1%E0%B9%84%E0%B8%A1%E0%B9%88%E0%B8%84%E0%B8%B8%E0%B9%89%E0%B8%A1/,Blog,200,https://xn--42cn4aobed0eb6hubj4es0m5dhvd.com/blog/%E0%B8%81%E0%B8%A3%E0%B8%93%E0%B8%B5%E0%B8%A8%E0%B8%B6%E0%B8%81%E0%B8%A9%E0%B8%B2-%E0%B8%A3%E0%B8%B1%E0%B8%9A%E0%B8%8B%E0%B8%B7%E0%B9%89%E0%B8%AD%E0%B9%82%E0%B8%99%E0%B9%8A%E0%B8%95%E0%B8%9A%E0%B8%B8%E0%B9%8A%E0%B8%84%E0%B8%9A%E0%B8%AD%E0%B8%A3%E0%B9%8C%E0%B8%94%E0%B9%80%E0%B8%AA%E0%B8%B5%E0%B8%A2%E0%B8%8A%E0%B9%87%E0%B8%AD%E0%B8%95-%E0%B8%84%E0%B9%88%E0%B8%B2%E0%B8%8B%E0%B9%88%E0%B8%AD%E0%B8%A1%E0%B9%84%E0%B8%A1%E0%B9%88%E0%B8%84%E0%B8%B8%E0%B9%89%E0%B8%A1/,กรณีศึกษาจำลอง: รับซื้อ Gaming Notebook บอร์ดช็อต การวิเคราะห์ราคาประเมินอ้างอิงตามมูลค่าอะไหล่ทดแทน | ร้านรับซื้อโน๊ตบุ๊ค.com,กรณีศึกษาจำลอง: รับซื้อ Gaming Notebook บอร์ดช็อต การวิเคราะห์ราคาประเมินอ้างอิงตามมูลค่าอะไหล่ทดแทน,แนวทางการประเมินราคาและรับซื้อ Gaming Notebook บอร์ดเสียช็อต พัดลมไม่หมุน ช่างเสนอราคาซ่อมเมนบอร์ดและชิปการ์ดจอแยกสูงเกินคุ้ม การส่งขายตามสภาพจริง,https://ร้านรับซื้อโน๊ตบุ๊ค.com/blog/กรณีศึกษา-รับซื้อโน๊ตบุ๊คบอร์ดเสียช็อต-ค่าซ่อมไม่คุ้ม/,(none),true,false,1,true,true,44,หน้าแรก / บทความ / กรณีศึกษาจำลอง: รับซื้อ Gaming Notebook บอร์ดช็อต การวิเคราะห์ราคาประเมินอ้างอิงตามมูลค่าอะไหล่ทดแทน กรณีศึกษา • เผยแพร่ 23/5/2569 กรณีศึกษาจำลอง: รับซื้อ Gaming Notebook บอร์ดช็อต การวิเคราะห์ราคาประเ,/favicon.svg | /_astro/BaseLayout.Ce6jA0gB.css | /images/logo-ranrubsue-notebook-black-280.webp | /images/logo-ranrubsue-notebook-black-280.webp,,true
https://xn--42cn4aobed0eb6hubj4es0m5dhvd.com/blog/%E0%B8%81%E0%B8%A3%E0%B8%93%E0%B8%B5%E0%B8%A8%E0%B8%B6%E0%B8%81%E0%B8%A9%E0%B8%B2-%E0%B8%A3%E0%B8%B1%E0%B8%9A%E0%B8%8B%E0%B8%B7%E0%B9%89%E0%B8%AD%E0%B9%82%E0%B8%99%E0%B9%8A%E0%B8%95%E0%B8%9A%E0%B8%B8%E0%B9%8A%E0%B8%84%E0%B8%AD%E0%B8%87%E0%B8%84%E0%B9%8C%E0%B8%81%E0%B8%A3-20-%E0%B9%80%E0%B8%84%E0%B8%A3%E0%B8%B7%E0%B9%88%E0%B8%AD%E0%B8%87-%E0%B8%9B%E0%B8%A5%E0%B8%94-asset-tag/,Blog,200,https://xn--42cn4aobed0eb6hubj4es0m5dhvd.com/blog/%E0%B8%81%E0%B8%A3%E0%B8%93%E0%B8%B5%E0%B8%A8%E0%B8%B6%E0%B8%81%E0%B8%A9%E0%B8%B2-%E0%B8%A3%E0%B8%B1%E0%B8%9A%E0%B8%8B%E0%B8%B7%E0%B9%89%E0%B8%AD%E0%B9%82%E0%B8%99%E0%B9%8A%E0%B8%95%E0%B8%9A%E0%B8%B8%E0%B9%8A%E0%B8%84%E0%B8%AD%E0%B8%87%E0%B8%84%E0%B9%8C%E0%B8%81%E0%B8%A3-20-%E0%B9%80%E0%B8%84%E0%B8%A3%E0%B8%B7%E0%B9%88%E0%B8%AD%E0%B8%87-%E0%B8%9B%E0%B8%A5%E0%B8%94-asset-tag/,กรณีศึกษาจำลอง: รับซื้อโน๊ตบุ๊คองค์กรและบริษัท 20 เครื่อง การจัดการสิทธิ์และการล้างข้อมูลอย่างถูกต้อง | ร้านรับซื้อโน๊ตบุ๊ค.com,กรณีศึกษาจำลอง: รับซื้อโน๊ตบุ๊คองค์กรและบริษัท 20 เครื่อง การจัดการสิทธิ์และการล้างข้อมูลอย่างถูกต้อง,แนวทางการรับซื้อแบบมวลรวม (Bulk Buy) โน๊ตบุ๊คสำนักงานและบริษัทล้างสต็อก 20 เครื่อง พร้อมแนวทางการปลดสิทธิ์บัญชีองค์กร ปลดล็อกระบบ Asset MDM และการทำความสะอาดข้อมูลเพื่อความปลอดภัย,https://ร้านรับซื้อโน๊ตบุ๊ค.com/blog/กรณีศึกษา-รับซื้อโน๊ตบุ๊คองค์กร-20-เครื่อง-ปลด-asset-tag/,(none),true,false,1,true,true,44,หน้าแรก / บทความ / กรณีศึกษาจำลอง: รับซื้อโน๊ตบุ๊คองค์กรและบริษัท 20 เครื่อง การจัดการสิทธิ์และการล้างข้อมูลอย่างถูกต้อง กรณีศึกษา • เผยแพร่ 23/5/2569 กรณีศึกษาจำลอง: รับซื้อโน๊ตบุ๊คองค์กรและบริษัท 20 เครื่อง การจัดการสิ,/favicon.svg | /_astro/BaseLayout.Ce6jA0gB.css | /images/logo-ranrubsue-notebook-black-280.webp | /images/logo-ranrubsue-notebook-black-280.webp,,true
https://xn--42cn4aobed0eb6hubj4es0m5dhvd.com/blog/%E0%B8%81%E0%B8%A3%E0%B8%93%E0%B8%B5%E0%B8%A8%E0%B8%B6%E0%B8%81%E0%B8%A9%E0%B8%B2-%E0%B8%A3%E0%B8%B1%E0%B8%9A%E0%B8%8B%E0%B8%B7%E0%B9%89%E0%B8%AD%E0%B9%82%E0%B8%99%E0%B9%8A%E0%B8%95%E0%B8%9A%E0%B8%B8%E0%B9%8A%E0%B8%84%E0%B9%82%E0%B8%94%E0%B8%99%E0%B8%99%E0%B9%89%E0%B8%B3%E0%B8%AB%E0%B8%81-%E0%B8%9A%E0%B8%AD%E0%B8%A3%E0%B9%8C%E0%B8%94%E0%B8%8A%E0%B9%87%E0%B8%AD%E0%B8%95%E0%B9%80%E0%B8%9B%E0%B8%B4%E0%B8%94%E0%B9%84%E0%B8%A1%E0%B9%88%E0%B8%95%E0%B8%B4%E0%B8%94/,Blog,200,https://xn--42cn4aobed0eb6hubj4es0m5dhvd.com/blog/%E0%B8%81%E0%B8%A3%E0%B8%93%E0%B8%B5%E0%B8%A8%E0%B8%B6%E0%B8%81%E0%B8%A9%E0%B8%B2-%E0%B8%A3%E0%B8%B1%E0%B8%9A%E0%B8%8B%E0%B8%B7%E0%B9%89%E0%B8%AD%E0%B9%82%E0%B8%99%E0%B9%8A%E0%B8%95%E0%B8%9A%E0%B8%B8%E0%B9%8A%E0%B8%84%E0%B9%82%E0%B8%94%E0%B8%99%E0%B8%99%E0%B9%89%E0%B8%B3%E0%B8%AB%E0%B8%81-%E0%B8%9A%E0%B8%AD%E0%B8%A3%E0%B9%8C%E0%B8%94%E0%B8%8A%E0%B9%87%E0%B8%AD%E0%B8%95%E0%B9%80%E0%B8%9B%E0%B8%B4%E0%B8%94%E0%B9%84%E0%B8%A1%E0%B9%88%E0%B8%95%E0%B8%B4%E0%B8%94/,กรณีศึกษาจำลอง: รับซื้อโน๊ตบุ๊คโดนน้ำหก บอร์ดช็อตเปิดไม่ติด การประเมินราคาตามสภาพแทนการซ่อม | ร้านรับซื้อโน๊ตบุ๊ค.com,กรณีศึกษาจำลอง: รับซื้อโน๊ตบุ๊คโดนน้ำหก บอร์ดช็อตเปิดไม่ติด การประเมินราคาตามสภาพแทนการซ่อม,แนวทางการประเมินราคาซากโน๊ตบุ๊คโดนน้ำหก บอร์ดช็อต เสียหลายจุดที่ประเมินค่าซ่อมแล้วไม่คุ้มค่า การขายตามสภาพเพื่อนำเงินไปสมทบซื้อเครื่องใหม่,https://ร้านรับซื้อโน๊ตบุ๊ค.com/blog/กรณีศึกษา-รับซื้อโน๊ตบุ๊คโดนน้ำหก-บอร์ดช็อตเปิดไม่ติด/,(none),true,false,1,true,true,44,หน้าแรก / บทความ / กรณีศึกษาจำลอง: รับซื้อโน๊ตบุ๊คโดนน้ำหก บอร์ดช็อตเปิดไม่ติด การประเมินราคาตามสภาพแทนการซ่อม กรณีศึกษา • เผยแพร่ 23/5/2569 กรณีศึกษาจำลอง: รับซื้อโน๊ตบุ๊คโดนน้ำหก บอร์ดช็อตเปิดไม่ติด การประเมินราคาตามสภ,/favicon.svg | /_astro/BaseLayout.Ce6jA0gB.css | /images/logo-ranrubsue-notebook-black-280.webp | /images/logo-ranrubsue-notebook-black-280.webp,,true
https://xn--42cn4aobed0eb6hubj4es0m5dhvd.com/blog/%E0%B8%81%E0%B9%88%E0%B8%AD%E0%B8%99%E0%B8%82%E0%B8%B2%E0%B8%A2%E0%B9%82%E0%B8%99%E0%B9%8A%E0%B8%95%E0%B8%9A%E0%B8%B8%E0%B9%8A%E0%B8%84%E0%B8%95%E0%B9%89%E0%B8%AD%E0%B8%87%E0%B8%A5%E0%B9%89%E0%B8%B2%E0%B8%87%E0%B8%82%E0%B9%89%E0%B8%AD%E0%B8%A1%E0%B8%B9%E0%B8%A5%E0%B8%AD%E0%B8%A2%E0%B9%88%E0%B8%B2%E0%B8%87%E0%B9%84%E0%B8%A3/,Blog,200,https://xn--42cn4aobed0eb6hubj4es0m5dhvd.com/blog/%E0%B8%81%E0%B9%88%E0%B8%AD%E0%B8%99%E0%B8%82%E0%B8%B2%E0%B8%A2%E0%B9%82%E0%B8%99%E0%B9%8A%E0%B8%95%E0%B8%9A%E0%B8%B8%E0%B9%8A%E0%B8%84%E0%B8%95%E0%B9%89%E0%B8%AD%E0%B8%87%E0%B8%A5%E0%B9%89%E0%B8%B2%E0%B8%87%E0%B8%82%E0%B9%89%E0%B8%AD%E0%B8%A1%E0%B8%B9%E0%B8%A5%E0%B8%AD%E0%B8%A2%E0%B9%88%E0%B8%B2%E0%B8%87%E0%B9%84%E0%B8%A3/,ก่อนขายโน๊ตบุ๊คต้องล้างข้อมูลอย่างไร ให้ปลอดภัยและถูกต้อง | ร้านรับซื้อโน๊ตบุ๊ค.com,ก่อนขายโน๊ตบุ๊คต้องล้างข้อมูลอย่างไร ให้ปลอดภัยและถูกต้อง,วิธีล้างข้อมูลก่อนขายโน๊ตบุ๊คให้ปลอดภัย ทั้ง Windows และ MacBook พร้อมเช็คลิสต์สำรองข้อมูลและออกจากระบบบัญชีสำคัญ,https://ร้านรับซื้อโน๊ตบุ๊ค.com/blog/ก่อนขายโน๊ตบุ๊คต้องล้างข้อมูลอย่างไร/,(none),true,false,1,true,true,42,หน้าแรก / บทความ / ก่อนขายโน๊ตบุ๊คต้องล้างข้อมูลอย่างไร ให้ปลอดภัยและถูกต้อง ความปลอดภัยข้อมูล • เผยแพร่ 16/4/2569 ก่อนขายโน๊ตบุ๊คต้องล้างข้อมูลอย่างไร ให้ปลอดภัยและถูกต้อง วิธีล้างข้อมูลก่อนขายโน๊ตบุ๊คให้ปลอดภัย ทั้ง Wi,/favicon.svg | /_astro/BaseLayout.Ce6jA0gB.css | /images/logo-ranrubsue-notebook-black-280.webp | /images/logo-ranrubsue-notebook-black-280.webp,,true
https://xn--42cn4aobed0eb6hubj4es0m5dhvd.com/blog/%E0%B8%82%E0%B8%B2%E0%B8%A2%E0%B9%82%E0%B8%99%E0%B9%8A%E0%B8%95%E0%B8%9A%E0%B8%B8%E0%B9%8A%E0%B8%84%E0%B8%97%E0%B8%B5%E0%B9%88%E0%B9%84%E0%B8%AB%E0%B8%99%E0%B8%94%E0%B8%B5-%E0%B9%84%E0%B8%94%E0%B9%89%E0%B8%A3%E0%B8%B2%E0%B8%84%E0%B8%B2%E0%B9%81%E0%B8%A5%E0%B8%B0%E0%B8%9B%E0%B8%A5%E0%B8%AD%E0%B8%94%E0%B8%A0%E0%B8%B1%E0%B8%A2/,Blog,200,https://xn--42cn4aobed0eb6hubj4es0m5dhvd.com/blog/%E0%B8%82%E0%B8%B2%E0%B8%A2%E0%B9%82%E0%B8%99%E0%B9%8A%E0%B8%95%E0%B8%9A%E0%B8%B8%E0%B9%8A%E0%B8%84%E0%B8%97%E0%B8%B5%E0%B9%88%E0%B9%84%E0%B8%AB%E0%B8%99%E0%B8%94%E0%B8%B5-%E0%B9%84%E0%B8%94%E0%B9%89%E0%B8%A3%E0%B8%B2%E0%B8%84%E0%B8%B2%E0%B9%81%E0%B8%A5%E0%B8%B0%E0%B8%9B%E0%B8%A5%E0%B8%AD%E0%B8%94%E0%B8%A0%E0%B8%B1%E0%B8%A2/,ขายโน๊ตบุ๊คที่ไหนดี ได้ราคาและปลอดภัย | ร้านรับซื้อโน๊ตบุ๊ค.com,ขายโน๊ตบุ๊คที่ไหนดี ได้ราคาและปลอดภัย,แนวทางเลือกช่องทางขายโน๊ตบุ๊คมือสองให้ได้ราคาและปลอดภัย พร้อมเช็คลิสต์เตรียมเครื่องก่อนขาย,https://ร้านรับซื้อโน๊ตบุ๊ค.com/blog/ขายโน๊ตบุ๊คที่ไหนดี-ได้ราคาและปลอดภัย/,(none),true,false,1,true,true,58,หน้าแรก / บทความ / ขายโน๊ตบุ๊คที่ไหนดี ได้ราคาและปลอดภัย คู่มือขายโน๊ตบุ๊ค • เผยแพร่ 20/4/2569 ขายโน๊ตบุ๊คที่ไหนดี ได้ราคาและปลอดภัย แนวทางเลือกช่องทางขายโน๊ตบุ๊คมือสองให้ได้ราคาและปลอดภัย พร้อมเช็คลิสต์เตรียมเครื่องก่อน,/favicon.svg | /_astro/BaseLayout.Ce6jA0gB.css | /images/logo-ranrubsue-notebook-black-280.webp | /images/logo-ranrubsue-notebook-black-280.webp,,true
https://xn--42cn4aobed0eb6hubj4es0m5dhvd.com/blog/%E0%B8%82%E0%B8%B2%E0%B8%A2%E0%B9%82%E0%B8%99%E0%B9%8A%E0%B8%95%E0%B8%9A%E0%B8%B8%E0%B9%8A%E0%B8%84%E0%B8%99%E0%B8%B1%E0%B8%81%E0%B8%A8%E0%B8%B6%E0%B8%81%E0%B8%A9%E0%B8%B2-%E0%B8%95%E0%B9%89%E0%B8%AD%E0%B8%87%E0%B8%A5%E0%B9%89%E0%B8%B2%E0%B8%87%E0%B8%82%E0%B9%89%E0%B8%AD%E0%B8%A1%E0%B8%B9%E0%B8%A5%E0%B8%AD%E0%B8%B0%E0%B9%84%E0%B8%A3%E0%B8%9A%E0%B9%89%E0%B8%B2%E0%B8%87/,Blog,200,https://xn--42cn4aobed0eb6hubj4es0m5dhvd.com/blog/%E0%B8%82%E0%B8%B2%E0%B8%A2%E0%B9%82%E0%B8%99%E0%B9%8A%E0%B8%95%E0%B8%9A%E0%B8%B8%E0%B9%8A%E0%B8%84%E0%B8%99%E0%B8%B1%E0%B8%81%E0%B8%A8%E0%B8%B6%E0%B8%81%E0%B8%A9%E0%B8%B2-%E0%B8%95%E0%B9%89%E0%B8%AD%E0%B8%87%E0%B8%A5%E0%B9%89%E0%B8%B2%E0%B8%87%E0%B8%82%E0%B9%89%E0%B8%AD%E0%B8%A1%E0%B8%B9%E0%B8%A5%E0%B8%AD%E0%B8%B0%E0%B9%84%E0%B8%A3%E0%B8%9A%E0%B9%89%E0%B8%B2%E0%B8%87/,ขายโน๊ตบุ๊คนักศึกษา ต้องล้างข้อมูลอะไรบ้าง | ร้านรับซื้อโน๊ตบุ๊ค.com,ขายโน๊ตบุ๊คนักศึกษา ต้องล้างข้อมูลอะไรบ้าง,เช็กลิสต์สำหรับนักศึกษาที่จะขายโน๊ตบุ๊ค ว่าควรล้างไฟล์ งานเรียน บัญชีมหาวิทยาลัย และแอปที่ผูกกับเครื่องอะไรบ้างก่อนส่งมอบ,https://ร้านรับซื้อโน๊ตบุ๊ค.com/blog/ขายโน๊ตบุ๊คนักศึกษา-ต้องล้างข้อมูลอะไรบ้าง/,(none),true,false,1,true,true,43,หน้าแรก / บทความ / ขายโน๊ตบุ๊คนักศึกษา ต้องล้างข้อมูลอะไรบ้าง เตรียมขาย • เผยแพร่ 16/5/2569 ขายโน๊ตบุ๊คนักศึกษา ต้องล้างข้อมูลอะไรบ้าง เช็กลิสต์สำหรับนักศึกษาที่จะขายโน๊ตบุ๊ค ว่าควรล้างไฟล์ งานเรียน บัญชีมหาวิทยาลัย และแ,/favicon.svg | /_astro/BaseLayout.Ce6jA0gB.css | /images/logo-ranrubsue-notebook-black-280.webp | /images/logo-ranrubsue-notebook-black-280.webp,,true
https://xn--42cn4aobed0eb6hubj4es0m5dhvd.com/blog/%E0%B8%82%E0%B8%B2%E0%B8%A2%E0%B9%82%E0%B8%99%E0%B9%8A%E0%B8%95%E0%B8%9A%E0%B8%B8%E0%B9%8A%E0%B8%84%E0%B8%9A%E0%B8%A3%E0%B8%B4%E0%B8%A9%E0%B8%B1%E0%B8%97-%E0%B8%95%E0%B9%89%E0%B8%AD%E0%B8%87%E0%B9%80%E0%B8%95%E0%B8%A3%E0%B8%B5%E0%B8%A2%E0%B8%A1%E0%B8%AD%E0%B8%B0%E0%B9%84%E0%B8%A3/,Blog,200,https://xn--42cn4aobed0eb6hubj4es0m5dhvd.com/blog/%E0%B8%82%E0%B8%B2%E0%B8%A2%E0%B9%82%E0%B8%99%E0%B9%8A%E0%B8%95%E0%B8%9A%E0%B8%B8%E0%B9%8A%E0%B8%84%E0%B8%9A%E0%B8%A3%E0%B8%B4%E0%B8%A9%E0%B8%B1%E0%B8%97-%E0%B8%95%E0%B9%89%E0%B8%AD%E0%B8%87%E0%B9%80%E0%B8%95%E0%B8%A3%E0%B8%B5%E0%B8%A2%E0%B8%A1%E0%B8%AD%E0%B8%B0%E0%B9%84%E0%B8%A3/,ขายโน๊ตบุ๊คบริษัท ต้องเตรียมอะไรบ้าง | ร้านรับซื้อโน๊ตบุ๊ค.com,ขายโน๊ตบุ๊คบริษัท ต้องเตรียมอะไรบ้าง,สรุปสิ่งที่ควรเตรียมก่อนขายโน๊ตบุ๊คบริษัท ตั้งแต่สิทธิ์อนุมัติ รายการทรัพย์สิน การล้างข้อมูล ไปจนถึงวิธีลดความสับสนระหว่างฝ่ายไอทีกับผู้รับซื้อ,https://ร้านรับซื้อโน๊ตบุ๊ค.com/blog/ขายโน๊ตบุ๊คบริษัท-ต้องเตรียมอะไร/,(none),true,false,1,true,true,43,หน้าแรก / บทความ / ขายโน๊ตบุ๊คบริษัท ต้องเตรียมอะไรบ้าง เตรียมขาย • เผยแพร่ 16/5/2569 ขายโน๊ตบุ๊คบริษัท ต้องเตรียมอะไรบ้าง สรุปสิ่งที่ควรเตรียมก่อนขายโน๊ตบุ๊คบริษัท ตั้งแต่สิทธิ์อนุมัติ รายการทรัพย์สิน การล้างข้อมูล ไปจน,/favicon.svg | /_astro/BaseLayout.Ce6jA0gB.css | /images/logo-ranrubsue-notebook-black-280.webp | /images/blog/corporate-laptop-bulk-buy.webp | /images/logo-ranrubsue-notebook-black-280.webp,,true
https://xn--42cn4aobed0eb6hubj4es0m5dhvd.com/blog/%E0%B8%82%E0%B8%B2%E0%B8%A2%E0%B9%82%E0%B8%99%E0%B9%8A%E0%B8%95%E0%B8%9A%E0%B8%B8%E0%B9%8A%E0%B8%84%E0%B8%A1%E0%B8%B5-asset-tag-%E0%B9%84%E0%B8%94%E0%B9%89%E0%B9%84%E0%B8%AB%E0%B8%A1/,Blog,200,https://xn--42cn4aobed0eb6hubj4es0m5dhvd.com/blog/%E0%B8%82%E0%B8%B2%E0%B8%A2%E0%B9%82%E0%B8%99%E0%B9%8A%E0%B8%95%E0%B8%9A%E0%B8%B8%E0%B9%8A%E0%B8%84%E0%B8%A1%E0%B8%B5-asset-tag-%E0%B9%84%E0%B8%94%E0%B9%89%E0%B9%84%E0%B8%AB%E0%B8%A1/,ขายโน๊ตบุ๊คมี Asset Tag ได้ไหม | ร้านรับซื้อโน๊ตบุ๊ค.com,ขายโน๊ตบุ๊คมี Asset Tag ได้ไหม,เครื่องติดสติ๊กเกอร์ทรัพย์สินหรือ Asset Tag ยังขายได้ไหม? สรุปว่าร้านรับซื้อดูอะไรบ้าง และควรแจ้งอย่างไรให้ประเมินได้ตรง,https://ร้านรับซื้อโน๊ตบุ๊ค.com/blog/ขายโน๊ตบุ๊คมี-asset-tag-ได้ไหม/,(none),true,false,1,true,true,43,หน้าแรก / บทความ / ขายโน๊ตบุ๊คมี Asset Tag ได้ไหม เตรียมขาย • เผยแพร่ 16/5/2569 ขายโน๊ตบุ๊คมี Asset Tag ได้ไหม เครื่องติดสติ๊กเกอร์ทรัพย์สินหรือ Asset Tag ยังขายได้ไหม? สรุปว่าร้านรับซื้อดูอะไรบ้าง และควรแจ้งอย่างไรให้ปร,/favicon.svg | /_astro/BaseLayout.Ce6jA0gB.css | /images/logo-ranrubsue-notebook-black-280.webp | /images/logo-ranrubsue-notebook-black-280.webp,,true
https://xn--42cn4aobed0eb6hubj4es0m5dhvd.com/blog/%E0%B8%82%E0%B8%B2%E0%B8%A2%E0%B9%82%E0%B8%99%E0%B9%8A%E0%B8%95%E0%B8%9A%E0%B8%B8%E0%B9%8A%E0%B8%84%E0%B9%84%E0%B8%A1%E0%B9%88%E0%B8%A1%E0%B8%B5%E0%B8%81%E0%B8%A5%E0%B9%88%E0%B8%AD%E0%B8%87-%E0%B9%84%E0%B8%A1%E0%B9%88%E0%B8%A1%E0%B8%B5%E0%B8%97%E0%B8%B5%E0%B9%88%E0%B8%8A%E0%B8%B2%E0%B8%A3%E0%B9%8C%E0%B8%88-%E0%B9%84%E0%B8%A1%E0%B9%88%E0%B8%A1%E0%B8%B5%E0%B9%83%E0%B8%9A%E0%B9%80%E0%B8%AA%E0%B8%A3%E0%B9%87%E0%B8%88-%E0%B8%9E%E0%B8%A3%E0%B9%89%E0%B8%AD%E0%B8%A1%E0%B8%81%E0%B8%B1%E0%B8%99%E0%B9%84%E0%B8%94%E0%B9%89%E0%B9%84%E0%B8%AB%E0%B8%A1/,Blog,200,https://xn--42cn4aobed0eb6hubj4es0m5dhvd.com/blog/%E0%B8%82%E0%B8%B2%E0%B8%A2%E0%B9%82%E0%B8%99%E0%B9%8A%E0%B8%95%E0%B8%9A%E0%B8%B8%E0%B9%8A%E0%B8%84%E0%B9%84%E0%B8%A1%E0%B9%88%E0%B8%A1%E0%B8%B5%E0%B8%81%E0%B8%A5%E0%B9%88%E0%B8%AD%E0%B8%87-%E0%B9%84%E0%B8%A1%E0%B9%88%E0%B8%A1%E0%B8%B5%E0%B8%97%E0%B8%B5%E0%B9%88%E0%B8%8A%E0%B8%B2%E0%B8%A3%E0%B9%8C%E0%B8%88-%E0%B9%84%E0%B8%A1%E0%B9%88%E0%B8%A1%E0%B8%B5%E0%B9%83%E0%B8%9A%E0%B9%80%E0%B8%AA%E0%B8%A3%E0%B9%87%E0%B8%88-%E0%B8%9E%E0%B8%A3%E0%B9%89%E0%B8%AD%E0%B8%A1%E0%B8%81%E0%B8%B1%E0%B8%99%E0%B9%84%E0%B8%94%E0%B9%89%E0%B9%84%E0%B8%AB%E0%B8%A1/,ขายโน๊ตบุ๊คไม่มีกล่อง ไม่มีที่ชาร์จ ไม่มีใบเสร็จ พร้อมกันได้ไหม | ร้านรับซื้อโน๊ตบุ๊ค.com,ขายโน๊ตบุ๊คไม่มีกล่อง ไม่มีที่ชาร์จ ไม่มีใบเสร็จ พร้อมกันได้ไหม,รวมคำตอบสำหรับคนที่อุปกรณ์ไม่ครบทั้งกล่อง ที่ชาร์จ และใบเสร็จ ว่ายังขายได้ไหม ร้านรับซื้อดูอะไรแทน และควรแจ้งข้อมูลแบบไหน,https://ร้านรับซื้อโน๊ตบุ๊ค.com/blog/ขายโน๊ตบุ๊คไม่มีกล่อง-ไม่มีที่ชาร์จ-ไม่มีใบเสร็จ-พร้อมกันได้ไหม/,(none),true,false,1,true,true,43,หน้าแรก / บทความ / ขายโน๊ตบุ๊คไม่มีกล่อง ไม่มีที่ชาร์จ ไม่มีใบเสร็จ พร้อมกันได้ไหม เตรียมขาย • เผยแพร่ 16/5/2569 ขายโน๊ตบุ๊คไม่มีกล่อง ไม่มีที่ชาร์จ ไม่มีใบเสร็จ พร้อมกันได้ไหม รวมคำตอบสำหรับคนที่อุปกรณ์ไม่ครบทั้งกล่อง ท,/favicon.svg | /_astro/BaseLayout.Ce6jA0gB.css | /images/logo-ranrubsue-notebook-black-280.webp | /images/logo-ranrubsue-notebook-black-280.webp,,true
https://xn--42cn4aobed0eb6hubj4es0m5dhvd.com/blog/%E0%B8%82%E0%B8%B2%E0%B8%A2%E0%B9%82%E0%B8%99%E0%B9%8A%E0%B8%95%E0%B8%9A%E0%B8%B8%E0%B9%8A%E0%B8%84-%E0%B9%81%E0%B8%A5%E0%B8%B0%E0%B8%82%E0%B8%B2%E0%B8%A2%E0%B9%82%E0%B8%99%E0%B9%8A%E0%B8%95%E0%B8%9A%E0%B8%B8%E0%B9%8A%E0%B8%84%E0%B8%A1%E0%B8%B7%E0%B8%AD%E0%B8%AA%E0%B8%AD%E0%B8%87-%E0%B8%84%E0%B8%B9%E0%B9%88%E0%B8%A1%E0%B8%B7%E0%B8%AD%E0%B9%80%E0%B8%95%E0%B8%A3%E0%B8%B5%E0%B8%A2%E0%B8%A1%E0%B9%80%E0%B8%84%E0%B8%A3%E0%B8%B7%E0%B9%88%E0%B8%AD%E0%B8%87%E0%B9%81%E0%B8%A5%E0%B8%B0%E0%B8%9B%E0%B8%B4%E0%B8%94%E0%B8%94%E0%B8%B5%E0%B8%A5/,Blog,200,https://xn--42cn4aobed0eb6hubj4es0m5dhvd.com/blog/%E0%B8%82%E0%B8%B2%E0%B8%A2%E0%B9%82%E0%B8%99%E0%B9%8A%E0%B8%95%E0%B8%9A%E0%B8%B8%E0%B9%8A%E0%B8%84-%E0%B9%81%E0%B8%A5%E0%B8%B0%E0%B8%82%E0%B8%B2%E0%B8%A2%E0%B9%82%E0%B8%99%E0%B9%8A%E0%B8%95%E0%B8%9A%E0%B8%B8%E0%B9%8A%E0%B8%84%E0%B8%A1%E0%B8%B7%E0%B8%AD%E0%B8%AA%E0%B8%AD%E0%B8%87-%E0%B8%84%E0%B8%B9%E0%B9%88%E0%B8%A1%E0%B8%B7%E0%B8%AD%E0%B9%80%E0%B8%95%E0%B8%A3%E0%B8%B5%E0%B8%A2%E0%B8%A1%E0%B9%80%E0%B8%84%E0%B8%A3%E0%B8%B7%E0%B9%88%E0%B8%AD%E0%B8%87%E0%B9%81%E0%B8%A5%E0%B8%B0%E0%B8%9B%E0%B8%B4%E0%B8%94%E0%B8%94%E0%B8%B5%E0%B8%A5/,ขายโน๊ตบุ๊ค และขายโน๊ตบุ๊คมือสอง คู่มือเตรียมเครื่องและปิดดีลแบบมืออาชีพ | ร้านรับซื้อโน๊ตบุ๊ค.com,ขายโน๊ตบุ๊ค และขายโน๊ตบุ๊คมือสอง คู่มือเตรียมเครื่องและปิดดีลแบบมืออาชีพ,เช็คลิสต์ก่อนขาย การล้างข้อมูล การถ่ายรูป การเลือกช่องทาง และการสื่อสารราคากับร้านรับซื้อโน๊ตบุ๊ค รวมลิงก์ไปหน้าขายโน๊ตบุ๊คและบริการที่เกี่ยวข้อง,https://ร้านรับซื้อโน๊ตบุ๊ค.com/blog/ขายโน๊ตบุ๊ค-และขายโน๊ตบุ๊คมือสอง-คู่มือเตรียมเครื่องและปิดดีล/,(none),true,false,1,true,true,56,หน้าแรก / บทความ / ขายโน๊ตบุ๊ค และขายโน๊ตบุ๊คมือสอง คู่มือเตรียมเครื่องและปิดดีลแบบมืออาชีพ คู่มือหลัก • เผยแพร่ 1/5/2569 ขายโน๊ตบุ๊ค และขายโน๊ตบุ๊คมือสอง คู่มือเตรียมเครื่องและปิดดีลแบบมืออาชีพ เช็คลิสต์ก่อนขาย การล้างข,/favicon.svg | /_astro/BaseLayout.Ce6jA0gB.css | /images/logo-ranrubsue-notebook-black-280.webp | /images/blog/meetup-laptop-buy-transaction.webp | /images/logo-ranrubsue-notebook-black-280.webp,,true
https://xn--42cn4aobed0eb6hubj4es0m5dhvd.com/blog/%E0%B8%82%E0%B8%B2%E0%B8%A2%E0%B9%82%E0%B8%99%E0%B9%8A%E0%B8%95%E0%B8%9A%E0%B8%B8%E0%B9%8A%E0%B8%84-%E0%B9%84%E0%B8%A1%E0%B9%88%E0%B8%A1%E0%B8%B5%E0%B8%81%E0%B8%A5%E0%B9%88%E0%B8%AD%E0%B8%87-%E0%B9%84%E0%B8%A1%E0%B9%88%E0%B8%A1%E0%B8%B5%E0%B9%83%E0%B8%9A%E0%B9%80%E0%B8%AA%E0%B8%A3%E0%B9%87%E0%B8%88/,Blog,200,https://xn--42cn4aobed0eb6hubj4es0m5dhvd.com/blog/%E0%B8%82%E0%B8%B2%E0%B8%A2%E0%B9%82%E0%B8%99%E0%B9%8A%E0%B8%95%E0%B8%9A%E0%B8%B8%E0%B9%8A%E0%B8%84-%E0%B9%84%E0%B8%A1%E0%B9%88%E0%B8%A1%E0%B8%B5%E0%B8%81%E0%B8%A5%E0%B9%88%E0%B8%AD%E0%B8%87-%E0%B9%84%E0%B8%A1%E0%B9%88%E0%B8%A1%E0%B8%B5%E0%B9%83%E0%B8%9A%E0%B9%80%E0%B8%AA%E0%B8%A3%E0%B9%87%E0%B8%88/,ขายโน๊ตบุ๊คไม่มีกล่อง ไม่มีใบเสร็จ ได้ราคาดีไหม | ร้านรับซื้อโน๊ตบุ๊ค.com,ขายโน๊ตบุ๊คไม่มีกล่อง ไม่มีใบเสร็จ ได้ราคาดีไหม,ไม่มีกล่องและใบเสร็จไม่ใช่ตัวตัดสินหลักของราคา อธิบายว่าอะไรที่ร้านดูแทน และควรส่งข้อมูลอะไรให้ครบ,https://ร้านรับซื้อโน๊ตบุ๊ค.com/blog/ขายโน๊ตบุ๊ค-ไม่มีกล่อง-ไม่มีใบเสร็จ/,(none),true,false,1,true,true,40,หน้าแรก / บทความ / ขายโน๊ตบุ๊คไม่มีกล่อง ไม่มีใบเสร็จ ได้ราคาดีไหม เตรียมขาย • เผยแพร่ 1/5/2569 ขายโน๊ตบุ๊คไม่มีกล่อง ไม่มีใบเสร็จ ได้ราคาดีไหม ไม่มีกล่องและใบเสร็จไม่ใช่ตัวตัดสินหลักของราคา อธิบายว่าอะไรที่ร้านดูแทน และ,/favicon.svg | /_astro/BaseLayout.Ce6jA0gB.css | /images/logo-ranrubsue-notebook-black-280.webp | /images/logo-ranrubsue-notebook-black-280.webp,,true
https://xn--42cn4aobed0eb6hubj4es0m5dhvd.com/blog/%E0%B8%82%E0%B8%B2%E0%B8%A2-macbook-%E0%B8%95%E0%B9%89%E0%B8%AD%E0%B8%87%E0%B9%80%E0%B8%95%E0%B8%A3%E0%B8%B5%E0%B8%A2%E0%B8%A1%E0%B8%AD%E0%B8%B0%E0%B9%84%E0%B8%A3%E0%B8%9A%E0%B9%89%E0%B8%B2%E0%B8%87/,Blog,200,https://xn--42cn4aobed0eb6hubj4es0m5dhvd.com/blog/%E0%B8%82%E0%B8%B2%E0%B8%A2-macbook-%E0%B8%95%E0%B9%89%E0%B8%AD%E0%B8%87%E0%B9%80%E0%B8%95%E0%B8%A3%E0%B8%B5%E0%B8%A2%E0%B8%A1%E0%B8%AD%E0%B8%B0%E0%B9%84%E0%B8%A3%E0%B8%9A%E0%B9%89%E0%B8%B2%E0%B8%87/,"ขาย MacBook ต้องเตรียมอะไรบ้าง (เช็ก Apple ID, Find My, Battery) | ร้านรับซื้อโน๊ตบุ๊ค.com","ขาย MacBook ต้องเตรียมอะไรบ้าง (เช็ก Apple ID, Find My, Battery)",เช็กลิสต์ก่อนขาย MacBook ให้ปลอดภัยและเช็คราคาได้ไว ตั้งแต่การออก Apple ID/Find My ไปจนถึงการดู Battery Health และข้อมูลสเปก,https://ร้านรับซื้อโน๊ตบุ๊ค.com/blog/ขาย-macbook-ต้องเตรียมอะไรบ้าง/,(none),true,false,1,true,true,53,"หน้าแรก / บทความ / ขาย MacBook ต้องเตรียมอะไรบ้าง (เช็ก Apple ID, Find My, Battery) คู่มือขาย MacBook • เผยแพร่ 30/4/2569 ขาย MacBook ต้องเตรียมอะไรบ้าง (เช็ก Apple ID, Find My, Battery) เช็กลิสต์ก่อนขาย MacBook ให้ปลอดภ",/favicon.svg | /_astro/BaseLayout.Ce6jA0gB.css | /images/logo-ranrubsue-notebook-black-280.webp | /images/logo-ranrubsue-notebook-black-280.webp,,true
https://xn--42cn4aobed0eb6hubj4es0m5dhvd.com/blog/%E0%B8%A1%E0%B8%B5%E0%B8%A3%E0%B8%AD%E0%B8%A2%E0%B8%9A%E0%B8%B8%E0%B8%9A%E0%B8%81%E0%B8%B1%E0%B8%9A%E0%B8%A3%E0%B8%AD%E0%B8%A2%E0%B8%82%E0%B8%B5%E0%B8%94%E0%B8%82%E0%B9%88%E0%B8%A7%E0%B8%99-%E0%B8%A3%E0%B8%B2%E0%B8%84%E0%B8%B2%E0%B8%95%E0%B9%88%E0%B8%B2%E0%B8%87%E0%B8%81%E0%B8%B1%E0%B8%99%E0%B9%84%E0%B8%AB%E0%B8%A1/,Blog,200,https://xn--42cn4aobed0eb6hubj4es0m5dhvd.com/blog/%E0%B8%A1%E0%B8%B5%E0%B8%A3%E0%B8%AD%E0%B8%A2%E0%B8%9A%E0%B8%B8%E0%B8%9A%E0%B8%81%E0%B8%B1%E0%B8%9A%E0%B8%A3%E0%B8%AD%E0%B8%A2%E0%B8%82%E0%B8%B5%E0%B8%94%E0%B8%82%E0%B9%88%E0%B8%A7%E0%B8%99-%E0%B8%A3%E0%B8%B2%E0%B8%84%E0%B8%B2%E0%B8%95%E0%B9%88%E0%B8%B2%E0%B8%87%E0%B8%81%E0%B8%B1%E0%B8%99%E0%B9%84%E0%B8%AB%E0%B8%A1/,มีรอยบุบกับรอยขีดข่วน ราคาต่างกันไหม | ร้านรับซื้อโน๊ตบุ๊ค.com,มีรอยบุบกับรอยขีดข่วน ราคาต่างกันไหม,เปรียบเทียบว่ารอยบุบกับรอยขีดข่วนต่างกันยังไงในมุมร้านรับซื้อ และทำไมตำแหน่งของรอยถึงสำคัญพอ ๆ กับความลึกของรอย,https://ร้านรับซื้อโน๊ตบุ๊ค.com/blog/มีรอยบุบกับรอยขีดข่วน-ราคาต่างกันไหม/,(none),true,false,1,true,true,43,หน้าแรก / บทความ / มีรอยบุบกับรอยขีดข่วน ราคาต่างกันไหม คู่มือประเมินราคา • เผยแพร่ 16/5/2569 มีรอยบุบกับรอยขีดข่วน ราคาต่างกันไหม เปรียบเทียบว่ารอยบุบกับรอยขีดข่วนต่างกันยังไงในมุมร้านรับซื้อ และทำไมตำแหน่งของรอยถึงสำคั,/favicon.svg | /_astro/BaseLayout.Ce6jA0gB.css | /images/logo-ranrubsue-notebook-black-280.webp | /images/logo-ranrubsue-notebook-black-280.webp,,true
https://xn--42cn4aobed0eb6hubj4es0m5dhvd.com/blog/%E0%B8%A3%E0%B8%B1%E0%B8%9A%E0%B8%8B%E0%B8%B7%E0%B9%89%E0%B8%AD%E0%B9%82%E0%B8%99%E0%B9%8A%E0%B8%95%E0%B8%9A%E0%B8%B8%E0%B9%8A%E0%B8%84%E0%B8%A1%E0%B8%B7%E0%B8%AD%E0%B8%AA%E0%B8%AD%E0%B8%87-%E0%B8%84%E0%B8%B9%E0%B9%88%E0%B8%A1%E0%B8%B7%E0%B8%AD%E0%B8%9C%E0%B8%B9%E0%B9%89%E0%B8%82%E0%B8%B2%E0%B8%A2%E0%B8%89%E0%B8%9A%E0%B8%B1%E0%B8%9A%E0%B8%A5%E0%B8%B6%E0%B8%81/,Blog,200,https://xn--42cn4aobed0eb6hubj4es0m5dhvd.com/blog/%E0%B8%A3%E0%B8%B1%E0%B8%9A%E0%B8%8B%E0%B8%B7%E0%B9%89%E0%B8%AD%E0%B9%82%E0%B8%99%E0%B9%8A%E0%B8%95%E0%B8%9A%E0%B8%B8%E0%B9%8A%E0%B8%84%E0%B8%A1%E0%B8%B7%E0%B8%AD%E0%B8%AA%E0%B8%AD%E0%B8%87-%E0%B8%84%E0%B8%B9%E0%B9%88%E0%B8%A1%E0%B8%B7%E0%B8%AD%E0%B8%9C%E0%B8%B9%E0%B9%89%E0%B8%82%E0%B8%B2%E0%B8%A2%E0%B8%89%E0%B8%9A%E0%B8%B1%E0%B8%9A%E0%B8%A5%E0%B8%B6%E0%B8%81/,รับซื้อโน๊ตบุ๊คมือสอง คู่มือผู้ขายฉบับลึก (ราคา สภาพ และขั้นตอน) | ร้านรับซื้อโน๊ตบุ๊ค.com,รับซื้อโน๊ตบุ๊คมือสอง คู่มือผู้ขายฉบับลึก (ราคา สภาพ และขั้นตอน),อธิบายตลาดโน๊ตบุ๊คมือสอง ปัจจัยราคา การเตรียมเครื่อง การสื่อสารกับร้าน และลิงก์ไปหน้าบริการรับซื้อโน๊ตบุ๊คมือสองอย่างเป็นระบบ,https://ร้านรับซื้อโน๊ตบุ๊ค.com/blog/รับซื้อโน๊ตบุ๊คมือสอง-คู่มือผู้ขายฉบับลึก/,(none),true,false,1,true,true,62,หน้าแรก / บทความ / รับซื้อโน๊ตบุ๊คมือสอง คู่มือผู้ขายฉบับลึก (ราคา สภาพ และขั้นตอน) คู่มือหลัก • เผยแพร่ 1/5/2569 รับซื้อโน๊ตบุ๊คมือสอง คู่มือผู้ขายฉบับลึก (ราคา สภาพ และขั้นตอน) อธิบายตลาดโน๊ตบุ๊คมือสอง ปัจจัยราคา การเต,/favicon.svg | /_astro/BaseLayout.Ce6jA0gB.css | /images/logo-ranrubsue-notebook-black-280.webp | /images/logo-ranrubsue-notebook-black-280.webp,,true
https://xn--42cn4aobed0eb6hubj4es0m5dhvd.com/blog/%E0%B8%A3%E0%B8%B1%E0%B8%9A%E0%B8%8B%E0%B8%B7%E0%B9%89%E0%B8%AD%E0%B9%82%E0%B8%99%E0%B9%8A%E0%B8%95%E0%B8%9A%E0%B8%B8%E0%B9%8A%E0%B8%84%E0%B8%AD%E0%B8%AD%E0%B8%99%E0%B9%84%E0%B8%A5%E0%B8%99%E0%B9%8C-%E0%B8%AA%E0%B9%88%E0%B8%87%E0%B8%A3%E0%B8%B9%E0%B8%9B%E0%B8%9B%E0%B8%A3%E0%B8%B0%E0%B9%80%E0%B8%A1%E0%B8%B4%E0%B8%99%E0%B8%A3%E0%B8%B2%E0%B8%84%E0%B8%B2%E0%B8%9C%E0%B9%88%E0%B8%B2%E0%B8%99%E0%B9%84%E0%B8%A5%E0%B8%99%E0%B9%8C/,Blog,200,https://xn--42cn4aobed0eb6hubj4es0m5dhvd.com/blog/%E0%B8%A3%E0%B8%B1%E0%B8%9A%E0%B8%8B%E0%B8%B7%E0%B9%89%E0%B8%AD%E0%B9%82%E0%B8%99%E0%B9%8A%E0%B8%95%E0%B8%9A%E0%B8%B8%E0%B9%8A%E0%B8%84%E0%B8%AD%E0%B8%AD%E0%B8%99%E0%B9%84%E0%B8%A5%E0%B8%99%E0%B9%8C-%E0%B8%AA%E0%B9%88%E0%B8%87%E0%B8%A3%E0%B8%B9%E0%B8%9B%E0%B8%9B%E0%B8%A3%E0%B8%B0%E0%B9%80%E0%B8%A1%E0%B8%B4%E0%B8%99%E0%B8%A3%E0%B8%B2%E0%B8%84%E0%B8%B2%E0%B8%9C%E0%B9%88%E0%B8%B2%E0%B8%99%E0%B9%84%E0%B8%A5%E0%B8%99%E0%B9%8C/,รับซื้อโน๊ตบุ๊คออนไลน์ ส่งรูปประเมินราคาผ่านไลน์ทำอย่างไร | ร้านรับซื้อโน๊ตบุ๊ค.com,รับซื้อโน๊ตบุ๊คออนไลน์ ส่งรูปประเมินราคาผ่านไลน์ทำอย่างไร,ขั้นตอนส่งข้อมูลผ่าน LINE เพื่อให้ประเมินราคาโน๊ตบุ๊คได้เร็ว ลดการถามซ้ำ และใกล้ราคาจริงก่อนนัดรับเครื่อง,https://ร้านรับซื้อโน๊ตบุ๊ค.com/blog/รับซื้อโน๊ตบุ๊คออนไลน์-ส่งรูปประเมินราคาผ่านไลน์/,(none),true,false,1,true,true,43,หน้าแรก / บทความ / รับซื้อโน๊ตบุ๊คออนไลน์ ส่งรูปประเมินราคาผ่านไลน์ทำอย่างไร วิธีใช้บริการ • เผยแพร่ 1/5/2569 รับซื้อโน๊ตบุ๊คออนไลน์ ส่งรูปประเมินราคาผ่านไลน์ทำอย่างไร ขั้นตอนส่งข้อมูลผ่าน LINE เพื่อให้ประเมินราคาโน๊ตบุ๊,/favicon.svg | /_astro/BaseLayout.Ce6jA0gB.css | /images/logo-ranrubsue-notebook-black-280.webp | /images/logo-ranrubsue-notebook-black-280.webp,,true
https://xn--42cn4aobed0eb6hubj4es0m5dhvd.com/blog/%E0%B8%A3%E0%B8%B1%E0%B8%9A%E0%B8%8B%E0%B8%B7%E0%B9%89%E0%B8%AD%E0%B9%82%E0%B8%99%E0%B9%8A%E0%B8%95%E0%B8%9A%E0%B8%B8%E0%B9%8A%E0%B8%84-%E0%B8%84%E0%B8%B9%E0%B9%88%E0%B8%A1%E0%B8%B7%E0%B8%AD%E0%B8%84%E0%B8%A3%E0%B8%9A%E0%B8%A7%E0%B8%87%E0%B8%88%E0%B8%A3%E0%B8%AA%E0%B8%B3%E0%B8%AB%E0%B8%A3%E0%B8%B1%E0%B8%9A%E0%B8%9C%E0%B8%B9%E0%B9%89%E0%B8%82%E0%B8%B2%E0%B8%A2/,Blog,200,https://xn--42cn4aobed0eb6hubj4es0m5dhvd.com/blog/%E0%B8%A3%E0%B8%B1%E0%B8%9A%E0%B8%8B%E0%B8%B7%E0%B9%89%E0%B8%AD%E0%B9%82%E0%B8%99%E0%B9%8A%E0%B8%95%E0%B8%9A%E0%B8%B8%E0%B9%8A%E0%B8%84-%E0%B8%84%E0%B8%B9%E0%B9%88%E0%B8%A1%E0%B8%B7%E0%B8%AD%E0%B8%84%E0%B8%A3%E0%B8%9A%E0%B8%A7%E0%B8%87%E0%B8%88%E0%B8%A3%E0%B8%AA%E0%B8%B3%E0%B8%AB%E0%B8%A3%E0%B8%B1%E0%B8%9A%E0%B8%9C%E0%B8%B9%E0%B9%89%E0%B8%82%E0%B8%B2%E0%B8%A2/,รับซื้อโน๊ตบุ๊ค คู่มือครบวงจรสำหรับผู้ขาย (หลายยี่ห้อ) | ร้านรับซื้อโน๊ตบุ๊ค.com,รับซื้อโน๊ตบุ๊ค คู่มือครบวงจรสำหรับผู้ขาย (หลายยี่ห้อ),อธิบายบริการรับซื้อโน๊ตบุ๊คแบบเข้าใจง่าย ตั้งแต่การเตรียมข้อมูล การขอราคา ปัจจัยราคา จนถึงการส่งมอบ พร้อมลิงก์ไปหน้าบริการหลักของร้านรับซื้อโน๊ตบุ๊ค.com,https://ร้านรับซื้อโน๊ตบุ๊ค.com/blog/รับซื้อโน๊ตบุ๊ค-คู่มือครบวงจรสำหรับผู้ขาย/,(none),true,false,1,true,true,64,หน้าแรก / บทความ / รับซื้อโน๊ตบุ๊ค คู่มือครบวงจรสำหรับผู้ขาย (หลายยี่ห้อ) คู่มือหลัก • เผยแพร่ 1/5/2569 รับซื้อโน๊ตบุ๊ค คู่มือครบวงจรสำหรับผู้ขาย (หลายยี่ห้อ) อธิบายบริการรับซื้อโน๊ตบุ๊คแบบเข้าใจง่าย ตั้งแต่การเตรียมข้อม,/favicon.svg | /_astro/BaseLayout.Ce6jA0gB.css | /images/logo-ranrubsue-notebook-black-280.webp | /images/logo-ranrubsue-notebook-black-280.webp,,true
https://xn--42cn4aobed0eb6hubj4es0m5dhvd.com/blog/%E0%B8%A3%E0%B8%B1%E0%B8%9A%E0%B8%8B%E0%B8%B7%E0%B9%89%E0%B8%AD%E0%B9%82%E0%B8%99%E0%B9%8A%E0%B8%95%E0%B8%9A%E0%B8%B8%E0%B9%8A%E0%B8%84-%E0%B8%A3%E0%B8%B2%E0%B8%84%E0%B8%B2%E0%B9%80%E0%B8%97%E0%B9%88%E0%B8%B2%E0%B9%84%E0%B8%AB%E0%B8%A3%E0%B9%88/,Blog,200,https://xn--42cn4aobed0eb6hubj4es0m5dhvd.com/blog/%E0%B8%A3%E0%B8%B1%E0%B8%9A%E0%B8%8B%E0%B8%B7%E0%B9%89%E0%B8%AD%E0%B9%82%E0%B8%99%E0%B9%8A%E0%B8%95%E0%B8%9A%E0%B8%B8%E0%B9%8A%E0%B8%84-%E0%B8%A3%E0%B8%B2%E0%B8%84%E0%B8%B2%E0%B9%80%E0%B8%97%E0%B9%88%E0%B8%B2%E0%B9%84%E0%B8%AB%E0%B8%A3%E0%B9%88/,รับซื้อโน้ตบุ๊ก ราคาเท่าไหร่? เปิดปัจจัยที่ร้านใช้ประเมินราคาก่อนขาย | ร้านรับซื้อโน๊ตบุ๊ค.com,รับซื้อโน้ตบุ๊ก ราคาเท่าไหร่? เปิดปัจจัยที่ร้านใช้ประเมินราคาก่อนขาย,อยากขายเครื่องเก่าแต่ไม่รู้ว่าร้านรับซื้อโน้ตบุ๊ก ราคาเท่าไหร่? มาดูปัจจัยหลักที่ใช้ตีราคา ทั้งสเปก สภาพเครื่อง พร้อมวิธีเช็กราคาให้ได้กรอบที่เหมาะสมขึ้น,https://ร้านรับซื้อโน๊ตบุ๊ค.com/blog/รับซื้อโน๊ตบุ๊ค-ราคาเท่าไหร่/,(none),true,false,1,true,true,53,หน้าแรก / บทความ / รับซื้อโน้ตบุ๊ก ราคาเท่าไหร่? เปิดปัจจัยที่ร้านใช้ประเมินราคาก่อนขาย คู่มือประเมินราคา • เผยแพร่ 5/5/2569 รับซื้อโน้ตบุ๊ก ราคาเท่าไหร่? เปิดปัจจัยที่ร้านใช้ประเมินราคาก่อนขาย อยากขายเครื่องเก่าแต่ไม่รู,/favicon.svg | /_astro/BaseLayout.Ce6jA0gB.css | /images/logo-ranrubsue-notebook-black-280.webp | /images/logo-ranrubsue-notebook-black-280.webp,,true
https://xn--42cn4aobed0eb6hubj4es0m5dhvd.com/blog/%E0%B8%A3%E0%B8%B1%E0%B8%9A%E0%B8%8B%E0%B8%B7%E0%B9%89%E0%B8%AD%E0%B9%82%E0%B8%99%E0%B9%8A%E0%B8%95%E0%B8%9A%E0%B8%B8%E0%B9%8A%E0%B8%84-core-i5-i7-ryzen-5-7-%E0%B8%A3%E0%B8%B2%E0%B8%84%E0%B8%B2%E0%B9%80%E0%B8%97%E0%B9%88%E0%B8%B2%E0%B9%84%E0%B8%AB%E0%B8%A3%E0%B9%88/,Blog,200,https://xn--42cn4aobed0eb6hubj4es0m5dhvd.com/blog/%E0%B8%A3%E0%B8%B1%E0%B8%9A%E0%B8%8B%E0%B8%B7%E0%B9%89%E0%B8%AD%E0%B9%82%E0%B8%99%E0%B9%8A%E0%B8%95%E0%B8%9A%E0%B8%B8%E0%B9%8A%E0%B8%84-core-i5-i7-ryzen-5-7-%E0%B8%A3%E0%B8%B2%E0%B8%84%E0%B8%B2%E0%B9%80%E0%B8%97%E0%B9%88%E0%B8%B2%E0%B9%84%E0%B8%AB%E0%B8%A3%E0%B9%88/,รับซื้อโน๊ตบุ๊ค Core i5/i7 กับ Ryzen 5/7 ราคาเท่าไหร่? เทียบจากรุ่น/เจน และส่วนที่ดันหรือดึงราคา | ร้านรับซื้อโน๊ตบุ๊ค.com,รับซื้อโน๊ตบุ๊ค Core i5/i7 กับ Ryzen 5/7 ราคาเท่าไหร่? เทียบจากรุ่น/เจน และส่วนที่ดันหรือดึงราคา,เช็คราคาโน๊ตบุ๊ค Intel Core i5/i7 หรือ AMD Ryzen 5/7 ไม่ใช่แค่ดูชื่อสาย CPU — รุ่น/เจน GPU RAM SSD จอและสภาพเครื่องมีผลสูง มาดูแนวคิดที่ร้านใช้ประเมิน พร้อมตัวอย่างกรอบราคาแบบยกตัว,https://ร้านรับซื้อโน๊ตบุ๊ค.com/blog/รับซื้อโน๊ตบุ๊ค-core-i5-i7-ryzen-5-7-ราคาเท่าไหร่/,(none),true,false,1,true,true,45,หน้าแรก / บทความ / รับซื้อโน๊ตบุ๊ค Core i5/i7 กับ Ryzen 5/7 ราคาเท่าไหร่? เทียบจากรุ่น/เจน และส่วนที่ดันหรือดึงราคา คู่มือประเมินราคา • เผยแพร่ 5/5/2569 รับซื้อโน๊ตบุ๊ค Core i5/i7 กับ Ryzen 5/7 ราคาเท่าไหร่? เทียบจากรุ่น,/favicon.svg | /_astro/BaseLayout.Ce6jA0gB.css | /images/logo-ranrubsue-notebook-black-280.webp | /images/blog/cpu-specs-notebook-price.webp | /images/logo-ranrubsue-notebook-black-280.webp,,true
https://xn--42cn4aobed0eb6hubj4es0m5dhvd.com/blog/%E0%B8%A3%E0%B8%B1%E0%B8%9A%E0%B8%8B%E0%B8%B7%E0%B9%89%E0%B8%AD-acer-nitro-predator-%E0%B8%A3%E0%B8%B2%E0%B8%84%E0%B8%B2%E0%B9%80%E0%B8%97%E0%B9%88%E0%B8%B2%E0%B9%84%E0%B8%AB%E0%B8%A3%E0%B9%88/,Blog,200,https://xn--42cn4aobed0eb6hubj4es0m5dhvd.com/blog/%E0%B8%A3%E0%B8%B1%E0%B8%9A%E0%B8%8B%E0%B8%B7%E0%B9%89%E0%B8%AD-acer-nitro-predator-%E0%B8%A3%E0%B8%B2%E0%B8%84%E0%B8%B2%E0%B9%80%E0%B8%97%E0%B9%88%E0%B8%B2%E0%B9%84%E0%B8%AB%E0%B8%A3%E0%B9%88/,รับซื้อ Acer Nitro และ Predator ราคาเท่าไหร่ (คู่มือตรวจสอบราคามือสอง) | ร้านรับซื้อโน๊ตบุ๊ค.com | ร้านรับซื้อโน๊ตบุ๊ค.com,รับซื้อ Acer Nitro และ Predator ราคาเท่าไหร่ (คู่มือตรวจสอบราคามือสอง) | ร้านรับซื้อโน๊ตบุ๊ค.com,เช็คข้อมูลเปรียบเทียบราคาประเมินอ้างอิง Acer Nitro และ Predator ในตลาดมือสอง วิเคราะห์ราคาตามรุ่นย่อย การ์ดจอแยก สภาพพัดลม และแนวทางเตรียมข้อมูลก่อนขาย,https://ร้านรับซื้อโน๊ตบุ๊ค.com/blog/รับซื้อ-acer-nitro-predator-ราคาเท่าไหร่/,(none),true,false,1,true,true,48,หน้าแรก / บทความ / รับซื้อ Acer Nitro และ Predator ราคาเท่าไหร่ (คู่มือตรวจสอบราคามือสอง) | ร้านรับซื้อโน๊ตบุ๊ค.com Gaming รุ่นยอดนิยม • เผยแพร่ 14/5/2569 รับซื้อ Acer Nitro และ Predator ราคาเท่าไหร่ (คู่มือตรวจสอบราคามื,/favicon.svg | /_astro/BaseLayout.Ce6jA0gB.css | /images/logo-ranrubsue-notebook-black-280.webp | /images/logo-ranrubsue-notebook-black-280.webp,,true
https://xn--42cn4aobed0eb6hubj4es0m5dhvd.com/blog/%E0%B8%A3%E0%B8%B1%E0%B8%9A%E0%B8%8B%E0%B8%B7%E0%B9%89%E0%B8%AD-acer-nitro-v-helios-%E0%B8%A3%E0%B8%B2%E0%B8%84%E0%B8%B2%E0%B9%80%E0%B8%97%E0%B9%88%E0%B8%B2%E0%B9%84%E0%B8%AB%E0%B8%A3%E0%B9%88/,Blog,200,https://xn--42cn4aobed0eb6hubj4es0m5dhvd.com/blog/%E0%B8%A3%E0%B8%B1%E0%B8%9A%E0%B8%8B%E0%B8%B7%E0%B9%89%E0%B8%AD-acer-nitro-v-helios-%E0%B8%A3%E0%B8%B2%E0%B8%84%E0%B8%B2%E0%B9%80%E0%B8%97%E0%B9%88%E0%B8%B2%E0%B9%84%E0%B8%AB%E0%B8%A3%E0%B9%88/,รับซื้อ Acer Nitro V และ Predator Helios ราคาเท่าไหร่ (ดูจาก GPU จอ และความร้อน) | ร้านรับซื้อโน๊ตบุ๊ค.com,รับซื้อ Acer Nitro V และ Predator Helios ราคาเท่าไหร่ (ดูจาก GPU จอ และความร้อน),Acer Nitro V และ Predator Helios ถ้าจะขายมือสอง ร้านรับซื้อจะดูอะไรบ้าง สรุปว่าการ์ดจอ จอ ความร้อน รุ่นย่อย และสภาพจริงมีผลต่อราคายังไง,https://ร้านรับซื้อโน๊ตบุ๊ค.com/blog/รับซื้อ-acer-nitro-v-helios-ราคาเท่าไหร่/,(none),true,false,1,true,true,43,หน้าแรก / บทความ / รับซื้อ Acer Nitro V และ Predator Helios ราคาเท่าไหร่ (ดูจาก GPU จอ และความร้อน) Gaming รุ่นย่อย • เผยแพร่ 14/5/2569 รับซื้อ Acer Nitro V และ Predator Helios ราคาเท่าไหร่ (ดูจาก GPU จอ และความร้อน) Ace,/favicon.svg | /_astro/BaseLayout.Ce6jA0gB.css | /images/logo-ranrubsue-notebook-black-280.webp | /images/blog/acer-nitro-v15-black-screen.webp | /images/logo-ranrubsue-notebook-black-280.webp,,true
https://xn--42cn4aobed0eb6hubj4es0m5dhvd.com/blog/%E0%B8%A3%E0%B8%B1%E0%B8%9A%E0%B8%8B%E0%B8%B7%E0%B9%89%E0%B8%AD-acer-swift-aspire-%E0%B8%A3%E0%B8%B2%E0%B8%84%E0%B8%B2%E0%B9%80%E0%B8%97%E0%B9%88%E0%B8%B2%E0%B9%84%E0%B8%AB%E0%B8%A3%E0%B9%88/,Blog,200,https://xn--42cn4aobed0eb6hubj4es0m5dhvd.com/blog/%E0%B8%A3%E0%B8%B1%E0%B8%9A%E0%B8%8B%E0%B8%B7%E0%B9%89%E0%B8%AD-acer-swift-aspire-%E0%B8%A3%E0%B8%B2%E0%B8%84%E0%B8%B2%E0%B9%80%E0%B8%97%E0%B9%88%E0%B8%B2%E0%B9%84%E0%B8%AB%E0%B8%A3%E0%B9%88/,รับซื้อ Acer Swift และ Aspire ราคาเท่าไหร่ (วิเคราะห์ราคาตามชิปเซ็ตและสภาพ) | ร้านรับซื้อโน๊ตบุ๊ค.com | ร้านรับซื้อโน๊ตบุ๊ค.com,รับซื้อ Acer Swift และ Aspire ราคาเท่าไหร่ (วิเคราะห์ราคาตามชิปเซ็ตและสภาพ) | ร้านรับซื้อโน๊ตบุ๊ค.com,แนวทางเช็คราคาประเมินอ้างอิงโน๊ตบุ๊ค Acer Swift และ Aspire มือสอง วิเคราะห์ราคาประเมินตามประวัติรุ่นย่อย หน่วยความจำ RAM/SSD หน้าจอ IPS/OLED และอายุแบต,https://ร้านรับซื้อโน๊ตบุ๊ค.com/blog/รับซื้อ-acer-swift-aspire-ราคาเท่าไหร่/,(none),true,false,1,true,true,45,หน้าแรก / บทความ / รับซื้อ Acer Swift และ Aspire ราคาเท่าไหร่ (วิเคราะห์ราคาตามชิปเซ็ตและสภาพ) | ร้านรับซื้อโน๊ตบุ๊ค.com Office รุ่นยอดนิยม • เผยแพร่ 14/5/2569 รับซื้อ Acer Swift และ Aspire ราคาเท่าไหร่ (วิเคราะห์ราคาตาม,/favicon.svg | /_astro/BaseLayout.Ce6jA0gB.css | /images/logo-ranrubsue-notebook-black-280.webp | /images/logo-ranrubsue-notebook-black-280.webp,,true
https://xn--42cn4aobed0eb6hubj4es0m5dhvd.com/blog/%E0%B8%A3%E0%B8%B1%E0%B8%9A%E0%B8%8B%E0%B8%B7%E0%B9%89%E0%B8%AD-acer-travelmate-%E0%B8%A3%E0%B8%B2%E0%B8%84%E0%B8%B2%E0%B9%80%E0%B8%97%E0%B9%88%E0%B8%B2%E0%B9%84%E0%B8%AB%E0%B8%A3%E0%B9%88/,Blog,200,https://xn--42cn4aobed0eb6hubj4es0m5dhvd.com/blog/%E0%B8%A3%E0%B8%B1%E0%B8%9A%E0%B8%8B%E0%B8%B7%E0%B9%89%E0%B8%AD-acer-travelmate-%E0%B8%A3%E0%B8%B2%E0%B8%84%E0%B8%B2%E0%B9%80%E0%B8%97%E0%B9%88%E0%B8%B2%E0%B9%84%E0%B8%AB%E0%B8%A3%E0%B9%88/,รับซื้อ Acer TravelMate ราคาเท่าไหร่ (คู่มือวิเคราะห์ราคาคอมพิวเตอร์บริษัท) | ร้านรับซื้อโน๊ตบุ๊ค.com | ร้านรับซื้อโน๊ตบุ๊ค.com,รับซื้อ Acer TravelMate ราคาเท่าไหร่ (คู่มือวิเคราะห์ราคาคอมพิวเตอร์บริษัท) | ร้านรับซื้อโน๊ตบุ๊ค.com,วิเคราะห์ราคามือสองของโน๊ตบุ๊คสายองค์กร Acer TravelMate เช็คปัจจัยราคาจากสเปกชิปเซ็ตประมวลผล สิทธิ์ความปลอดภัย ระบบ Domain/MDM และประวัติการโละ,https://ร้านรับซื้อโน๊ตบุ๊ค.com/blog/รับซื้อ-acer-travelmate-ราคาเท่าไหร่/,(none),true,false,1,true,true,45,หน้าแรก / บทความ / รับซื้อ Acer TravelMate ราคาเท่าไหร่ (คู่มือวิเคราะห์ราคาคอมพิวเตอร์บริษัท) | ร้านรับซื้อโน๊ตบุ๊ค.com Office รุ่นยอดนิยม • เผยแพร่ 16/5/2569 รับซื้อ Acer TravelMate ราคาเท่าไหร่ (คู่มือวิเคราะห์ราคาคอม,/favicon.svg | /_astro/BaseLayout.Ce6jA0gB.css | /images/logo-ranrubsue-notebook-black-280.webp | /images/logo-ranrubsue-notebook-black-280.webp,,true
https://xn--42cn4aobed0eb6hubj4es0m5dhvd.com/blog/%E0%B8%A3%E0%B8%B1%E0%B8%9A%E0%B8%8B%E0%B8%B7%E0%B9%89%E0%B8%AD-alienware-m16-x16-%E0%B8%A3%E0%B8%B2%E0%B8%84%E0%B8%B2%E0%B9%80%E0%B8%97%E0%B9%88%E0%B8%B2%E0%B9%84%E0%B8%AB%E0%B8%A3%E0%B9%88/,Blog,200,https://xn--42cn4aobed0eb6hubj4es0m5dhvd.com/blog/%E0%B8%A3%E0%B8%B1%E0%B8%9A%E0%B8%8B%E0%B8%B7%E0%B9%89%E0%B8%AD-alienware-m16-x16-%E0%B8%A3%E0%B8%B2%E0%B8%84%E0%B8%B2%E0%B9%80%E0%B8%97%E0%B9%88%E0%B8%B2%E0%B9%84%E0%B8%AB%E0%B8%A3%E0%B9%88/,รับซื้อ Alienware m16 และ x16 ราคาเท่าไหร่ (ดูจาก GPU จอ และสภาพเครื่อง) | ร้านรับซื้อโน๊ตบุ๊ค.com,รับซื้อ Alienware m16 และ x16 ราคาเท่าไหร่ (ดูจาก GPU จอ และสภาพเครื่อง),Alienware m16 และ x16 ถ้าจะขายมือสอง ร้านรับซื้อจะดูอะไรบ้าง สรุปว่าการ์ดจอ จอ ความร้อน สภาพบอดี้ และความครบของอุปกรณ์มีผลต่อราคายังไง,https://ร้านรับซื้อโน๊ตบุ๊ค.com/blog/รับซื้อ-alienware-m16-x16-ราคาเท่าไหร่/,(none),true,false,1,true,true,44,หน้าแรก / บทความ / รับซื้อ Alienware m16 และ x16 ราคาเท่าไหร่ (ดูจาก GPU จอ และสภาพเครื่อง) Gaming รุ่นย่อย • เผยแพร่ 14/5/2569 รับซื้อ Alienware m16 และ x16 ราคาเท่าไหร่ (ดูจาก GPU จอ และสภาพเครื่อง) Alienware m16 และ x,/favicon.svg | /_astro/BaseLayout.Ce6jA0gB.css | /images/logo-ranrubsue-notebook-black-280.webp | /images/logo-ranrubsue-notebook-black-280.webp,,true
https://xn--42cn4aobed0eb6hubj4es0m5dhvd.com/blog/%E0%B8%A3%E0%B8%B1%E0%B8%9A%E0%B8%8B%E0%B8%B7%E0%B9%89%E0%B8%AD-asus-expertbook-%E0%B8%A3%E0%B8%B2%E0%B8%84%E0%B8%B2%E0%B9%80%E0%B8%97%E0%B9%88%E0%B8%B2%E0%B9%84%E0%B8%AB%E0%B8%A3%E0%B9%88/,Blog,200,https://xn--42cn4aobed0eb6hubj4es0m5dhvd.com/blog/%E0%B8%A3%E0%B8%B1%E0%B8%9A%E0%B8%8B%E0%B8%B7%E0%B9%89%E0%B8%AD-asus-expertbook-%E0%B8%A3%E0%B8%B2%E0%B8%84%E0%B8%B2%E0%B9%80%E0%B8%97%E0%B9%88%E0%B8%B2%E0%B9%84%E0%B8%AB%E0%B8%A3%E0%B9%88/,รับซื้อ Asus ExpertBook ราคาเท่าไหร่ (เช็คราคาคอมพิวเตอร์สำนักงาน) | ร้านรับซื้อโน๊ตบุ๊ค.com | ร้านรับซื้อโน๊ตบุ๊ค.com,รับซื้อ Asus ExpertBook ราคาเท่าไหร่ (เช็คราคาคอมพิวเตอร์สำนักงาน) | ร้านรับซื้อโน๊ตบุ๊ค.com,แนวทางเช็คราคาประเมิน Asus ExpertBook โน๊ตบุ๊คเกรดธุรกิจมือสอง วิเคราะห์ปัจจัยราคาจากสเปกชิปประมวลผล สิทธิ์ความปลอดภัย และประวัติการโละเครื่องบริษัท,https://ร้านรับซื้อโน๊ตบุ๊ค.com/blog/รับซื้อ-asus-expertbook-ราคาเท่าไหร่/,(none),true,false,1,true,true,45,หน้าแรก / บทความ / รับซื้อ Asus ExpertBook ราคาเท่าไหร่ (เช็คราคาคอมพิวเตอร์สำนักงาน) | ร้านรับซื้อโน๊ตบุ๊ค.com Office รุ่นยอดนิยม • เผยแพร่ 16/5/2569 รับซื้อ Asus ExpertBook ราคาเท่าไหร่ (เช็คราคาคอมพิวเตอร์สำนักงาน) | ,/favicon.svg | /_astro/BaseLayout.Ce6jA0gB.css | /images/logo-ranrubsue-notebook-black-280.webp | /images/logo-ranrubsue-notebook-black-280.webp,,true
https://xn--42cn4aobed0eb6hubj4es0m5dhvd.com/blog/%E0%B8%A3%E0%B8%B1%E0%B8%9A%E0%B8%8B%E0%B8%B7%E0%B9%89%E0%B8%AD-asus-rog-strix-zephyrus-%E0%B8%A3%E0%B8%B2%E0%B8%84%E0%B8%B2%E0%B9%80%E0%B8%97%E0%B9%88%E0%B8%B2%E0%B9%84%E0%B8%AB%E0%B8%A3%E0%B9%88/,Blog,200,https://xn--42cn4aobed0eb6hubj4es0m5dhvd.com/blog/%E0%B8%A3%E0%B8%B1%E0%B8%9A%E0%B8%8B%E0%B8%B7%E0%B9%89%E0%B8%AD-asus-rog-strix-zephyrus-%E0%B8%A3%E0%B8%B2%E0%B8%84%E0%B8%B2%E0%B9%80%E0%B8%97%E0%B9%88%E0%B8%B2%E0%B9%84%E0%B8%AB%E0%B8%A3%E0%B9%88/,รับซื้อ Asus ROG Strix และ Zephyrus ราคาเท่าไหร่ (ดูจาก GPU จอ และความร้อน) | ร้านรับซื้อโน๊ตบุ๊ค.com,รับซื้อ Asus ROG Strix และ Zephyrus ราคาเท่าไหร่ (ดูจาก GPU จอ และความร้อน),Asus ROG Strix และ Zephyrus ถ้าจะขายมือสอง ร้านรับซื้อจะดูอะไรบ้าง สรุปว่าการ์ดจอ จอ ความร้อน สภาพบอดี้ และรุ่นย่อยมีผลต่อราคายังไง,https://ร้านรับซื้อโน๊ตบุ๊ค.com/blog/รับซื้อ-asus-rog-strix-zephyrus-ราคาเท่าไหร่/,(none),true,false,1,true,true,44,หน้าแรก / บทความ / รับซื้อ Asus ROG Strix และ Zephyrus ราคาเท่าไหร่ (ดูจาก GPU จอ และความร้อน) Gaming รุ่นย่อย • เผยแพร่ 14/5/2569 รับซื้อ Asus ROG Strix และ Zephyrus ราคาเท่าไหร่ (ดูจาก GPU จอ และความร้อน) Asus ROG Stri,/favicon.svg | /_astro/BaseLayout.Ce6jA0gB.css | /images/logo-ranrubsue-notebook-black-280.webp | /images/blog/asus-rog-strix-purple-logo.webp | /images/logo-ranrubsue-notebook-black-280.webp,,true
https://xn--42cn4aobed0eb6hubj4es0m5dhvd.com/blog/%E0%B8%A3%E0%B8%B1%E0%B8%9A%E0%B8%8B%E0%B8%B7%E0%B9%89%E0%B8%AD-asus-tuf-rog-%E0%B8%A3%E0%B8%B2%E0%B8%84%E0%B8%B2%E0%B9%80%E0%B8%97%E0%B9%88%E0%B8%B2%E0%B9%84%E0%B8%AB%E0%B8%A3%E0%B9%88/,Blog,200,https://xn--42cn4aobed0eb6hubj4es0m5dhvd.com/blog/%E0%B8%A3%E0%B8%B1%E0%B8%9A%E0%B8%8B%E0%B8%B7%E0%B9%89%E0%B8%AD-asus-tuf-rog-%E0%B8%A3%E0%B8%B2%E0%B8%84%E0%B8%B2%E0%B9%80%E0%B8%97%E0%B9%88%E0%B8%B2%E0%B9%84%E0%B8%AB%E0%B8%A3%E0%B9%88/,รับซื้อ Asus TUF และ ROG ราคาเท่าไหร่ (ดูจาก GPU ความร้อน และสภาพเครื่อง) | ร้านรับซื้อโน๊ตบุ๊ค.com,รับซื้อ Asus TUF และ ROG ราคาเท่าไหร่ (ดูจาก GPU ความร้อน และสภาพเครื่อง),Asus TUF กับ ROG เป็นเกมมิ่งโน๊ตบุ๊คที่ราคามือสองต่างกันพอสมควร สรุปว่าร้านรับซื้อดูอะไรบ้าง เช่น GPU CPU จอ ความร้อน แบต และบอดี้,https://ร้านรับซื้อโน๊ตบุ๊ค.com/blog/รับซื้อ-asus-tuf-rog-ราคาเท่าไหร่/,(none),true,false,1,true,true,46,หน้าแรก / บทความ / รับซื้อ Asus TUF และ ROG ราคาเท่าไหร่ (ดูจาก GPU ความร้อน และสภาพเครื่อง) รุ่นยอดนิยม • เผยแพร่ 14/5/2569 รับซื้อ Asus TUF และ ROG ราคาเท่าไหร่ (ดูจาก GPU ความร้อน และสภาพเครื่อง) Asus TUF กับ ROG เป็น,/favicon.svg | /_astro/BaseLayout.Ce6jA0gB.css | /images/logo-ranrubsue-notebook-black-280.webp | /images/blog/asus-tuf-gaming-f15-blue.webp | /images/blog/asus-tuf-gaming-a15-red.webp | /images/logo-ranrubsue-notebook-black-280.webp,,true
https://xn--42cn4aobed0eb6hubj4es0m5dhvd.com/blog/%E0%B8%A3%E0%B8%B1%E0%B8%9A%E0%B8%8B%E0%B8%B7%E0%B9%89%E0%B8%AD-asus-zenbook-vivobook-%E0%B8%A3%E0%B8%B2%E0%B8%84%E0%B8%B2%E0%B9%80%E0%B8%97%E0%B9%88%E0%B8%B2%E0%B9%84%E0%B8%AB%E0%B8%A3%E0%B9%88/,Blog,200,https://xn--42cn4aobed0eb6hubj4es0m5dhvd.com/blog/%E0%B8%A3%E0%B8%B1%E0%B8%9A%E0%B8%8B%E0%B8%B7%E0%B9%89%E0%B8%AD-asus-zenbook-vivobook-%E0%B8%A3%E0%B8%B2%E0%B8%84%E0%B8%B2%E0%B9%80%E0%B8%97%E0%B9%88%E0%B8%B2%E0%B9%84%E0%B8%AB%E0%B8%A3%E0%B9%88/,รับซื้อ Asus ZenBook และ VivoBook ราคาเท่าไหร่ (สรุปราคาประเมินอ้างอิง) | ร้านรับซื้อโน๊ตบุ๊ค.com | ร้านรับซื้อโน๊ตบุ๊ค.com,รับซื้อ Asus ZenBook และ VivoBook ราคาเท่าไหร่ (สรุปราคาประเมินอ้างอิง) | ร้านรับซื้อโน๊ตบุ๊ค.com,แนวทางการประเมินราคา Asus ZenBook และ VivoBook มือสอง วิเคราะห์ราคาตามรุ่นย่อย ชิปประมวลผล สุขภาพหน้าจอแสดงผล IPS/OLED และอายุแบตเตอรี่,https://ร้านรับซื้อโน๊ตบุ๊ค.com/blog/รับซื้อ-asus-zenbook-vivobook-ราคาเท่าไหร่/,(none),true,false,1,true,true,45,หน้าแรก / บทความ / รับซื้อ Asus ZenBook และ VivoBook ราคาเท่าไหร่ (สรุปราคาประเมินอ้างอิง) | ร้านรับซื้อโน๊ตบุ๊ค.com Office รุ่นยอดนิยม • เผยแพร่ 14/5/2569 รับซื้อ Asus ZenBook และ VivoBook ราคาเท่าไหร่ (สรุปราคาประเมินอ,/favicon.svg | /_astro/BaseLayout.Ce6jA0gB.css | /images/logo-ranrubsue-notebook-black-280.webp | /images/logo-ranrubsue-notebook-black-280.webp,,true
https://xn--42cn4aobed0eb6hubj4es0m5dhvd.com/blog/%E0%B8%A3%E0%B8%B1%E0%B8%9A%E0%B8%8B%E0%B8%B7%E0%B9%89%E0%B8%AD-dell-alienware-g-series-%E0%B8%A3%E0%B8%B2%E0%B8%84%E0%B8%B2%E0%B9%80%E0%B8%97%E0%B9%88%E0%B8%B2%E0%B9%84%E0%B8%AB%E0%B8%A3%E0%B9%88/,Blog,200,https://xn--42cn4aobed0eb6hubj4es0m5dhvd.com/blog/%E0%B8%A3%E0%B8%B1%E0%B8%9A%E0%B8%8B%E0%B8%B7%E0%B9%89%E0%B8%AD-dell-alienware-g-series-%E0%B8%A3%E0%B8%B2%E0%B8%84%E0%B8%B2%E0%B9%80%E0%B8%97%E0%B9%88%E0%B8%B2%E0%B9%84%E0%B8%AB%E0%B8%A3%E0%B9%88/,รับซื้อ Dell Alienware และ G Series ราคาเท่าไหร่ (คู่มือราคาประเมินอ้างอิงเกมมิ่ง) | ร้านรับซื้อโน๊ตบุ๊ค.com | ร้านรับซื้อโน๊ตบุ๊ค.com,รับซื้อ Dell Alienware และ G Series ราคาเท่าไหร่ (คู่มือราคาประเมินอ้างอิงเกมมิ่ง) | ร้านรับซื้อโน๊ตบุ๊ค.com,แนวทางเช็คราคาประเมิน Dell Alienware และ G Series ในตลาดมือสอง วิเคราะห์ราคาประเมินอ้างอิงตามความแรงชิปกราฟิกการ์ดจอแยก ระบบไฟพัดลม และอุปกรณ์ของแท้,https://ร้านรับซื้อโน๊ตบุ๊ค.com/blog/รับซื้อ-dell-alienware-g-series-ราคาเท่าไหร่/,(none),true,false,1,true,true,48,หน้าแรก / บทความ / รับซื้อ Dell Alienware และ G Series ราคาเท่าไหร่ (คู่มือราคาประเมินอ้างอิงเกมมิ่ง) | ร้านรับซื้อโน๊ตบุ๊ค.com Gaming รุ่นยอดนิยม • เผยแพร่ 14/5/2569 รับซื้อ Dell Alienware และ G Series ราคาเท่าไหร่ (คู่,/favicon.svg | /_astro/BaseLayout.Ce6jA0gB.css | /images/logo-ranrubsue-notebook-black-280.webp | /images/logo-ranrubsue-notebook-black-280.webp,,true
https://xn--42cn4aobed0eb6hubj4es0m5dhvd.com/blog/%E0%B8%A3%E0%B8%B1%E0%B8%9A%E0%B8%8B%E0%B8%B7%E0%B9%89%E0%B8%AD-dell-inspiron-latitude-xps-%E0%B8%A3%E0%B8%B2%E0%B8%84%E0%B8%B2%E0%B9%80%E0%B8%97%E0%B9%88%E0%B8%B2%E0%B9%84%E0%B8%AB%E0%B8%A3%E0%B9%88/,Blog,200,https://xn--42cn4aobed0eb6hubj4es0m5dhvd.com/blog/%E0%B8%A3%E0%B8%B1%E0%B8%9A%E0%B8%8B%E0%B8%B7%E0%B9%89%E0%B8%AD-dell-inspiron-latitude-xps-%E0%B8%A3%E0%B8%B2%E0%B8%84%E0%B8%B2%E0%B9%80%E0%B8%97%E0%B9%88%E0%B8%B2%E0%B9%84%E0%B8%AB%E0%B8%A3%E0%B9%88/,รับซื้อ Dell Inspiron Latitude และ XPS ราคาเท่าไหร่ | ร้านรับซื้อโน๊ตบุ๊ค.com,รับซื้อ Dell Inspiron Latitude และ XPS ราคาเท่าไหร่,"ขาย Dell Inspiron, Latitude หรือ XPS ร้านรับซื้อจะดู Service Tag, สเปก และสภาพจริงของเครื่องอย่างไรบ้าง",https://ร้านรับซื้อโน๊ตบุ๊ค.com/blog/รับซื้อ-dell-inspiron-latitude-xps-ราคาเท่าไหร่/,(none),true,false,1,true,true,45,"หน้าแรก / บทความ / รับซื้อ Dell Inspiron Latitude และ XPS ราคาเท่าไหร่ Office รุ่นยอดนิยม • เผยแพร่ 14/5/2569 รับซื้อ Dell Inspiron Latitude และ XPS ราคาเท่าไหร่ ขาย Dell Inspiron, Latitude หรือ XPS ร้านรับซื้อจะดู Servi",/favicon.svg | /_astro/BaseLayout.Ce6jA0gB.css | /images/logo-ranrubsue-notebook-black-280.webp | /images/logo-ranrubsue-notebook-black-280.webp,,true
https://xn--42cn4aobed0eb6hubj4es0m5dhvd.com/blog/%E0%B8%A3%E0%B8%B1%E0%B8%9A%E0%B8%8B%E0%B8%B7%E0%B9%89%E0%B8%AD-dell-latitude-xps-%E0%B8%A3%E0%B8%B2%E0%B8%84%E0%B8%B2%E0%B9%80%E0%B8%97%E0%B9%88%E0%B8%B2%E0%B9%84%E0%B8%AB%E0%B8%A3%E0%B9%88/,Blog,200,https://xn--42cn4aobed0eb6hubj4es0m5dhvd.com/blog/%E0%B8%A3%E0%B8%B1%E0%B8%9A%E0%B8%8B%E0%B8%B7%E0%B9%89%E0%B8%AD-dell-latitude-xps-%E0%B8%A3%E0%B8%B2%E0%B8%84%E0%B8%B2%E0%B9%80%E0%B8%97%E0%B9%88%E0%B8%B2%E0%B9%84%E0%B8%AB%E0%B8%A3%E0%B9%88/,รับซื้อ Dell Latitude และ XPS ราคาเท่าไหร่ | ร้านรับซื้อโน๊ตบุ๊ค.com,รับซื้อ Dell Latitude และ XPS ราคาเท่าไหร่,ถ้าจะขาย Dell Latitude หรือ XPS ร้านรับซื้อจะดูอะไรบ้าง สรุปว่ารุ่น สเปก จอ แบต และสภาพเครื่องมีผลต่อราคาอย่างไร,https://ร้านรับซื้อโน๊ตบุ๊ค.com/blog/รับซื้อ-dell-latitude-xps-ราคาเท่าไหร่/,(none),true,false,1,true,true,45,หน้าแรก / บทความ / รับซื้อ Dell Latitude และ XPS ราคาเท่าไหร่ Office รุ่นยอดนิยม • เผยแพร่ 14/5/2569 รับซื้อ Dell Latitude และ XPS ราคาเท่าไหร่ ถ้าจะขาย Dell Latitude หรือ XPS ร้านรับซื้อจะดูอะไรบ้าง สรุปว่ารุ่น สเปก จอ ,/favicon.svg | /_astro/BaseLayout.Ce6jA0gB.css | /images/logo-ranrubsue-notebook-black-280.webp | /images/logo-ranrubsue-notebook-black-280.webp,,true
https://xn--42cn4aobed0eb6hubj4es0m5dhvd.com/blog/%E0%B8%A3%E0%B8%B1%E0%B8%9A%E0%B8%8B%E0%B8%B7%E0%B9%89%E0%B8%AD-dell-vostro-%E0%B8%A3%E0%B8%B2%E0%B8%84%E0%B8%B2%E0%B9%80%E0%B8%97%E0%B9%88%E0%B8%B2%E0%B9%84%E0%B8%AB%E0%B8%A3%E0%B9%88/,Blog,200,https://xn--42cn4aobed0eb6hubj4es0m5dhvd.com/blog/%E0%B8%A3%E0%B8%B1%E0%B8%9A%E0%B8%8B%E0%B8%B7%E0%B9%89%E0%B8%AD-dell-vostro-%E0%B8%A3%E0%B8%B2%E0%B8%84%E0%B8%B2%E0%B9%80%E0%B8%97%E0%B9%88%E0%B8%B2%E0%B9%84%E0%B8%AB%E0%B8%A3%E0%B9%88/,รับซื้อ Dell Vostro ราคาเท่าไหร่ | ร้านรับซื้อโน๊ตบุ๊ค.com,รับซื้อ Dell Vostro ราคาเท่าไหร่,ถ้าจะขาย Dell Vostro ร้านรับซื้อจะดูสเปก แบต และสภาพเครื่องทำงานสายออฟฟิศหรือ SME อย่างไรบ้างก่อนให้ราคา,https://ร้านรับซื้อโน๊ตบุ๊ค.com/blog/รับซื้อ-dell-vostro-ราคาเท่าไหร่/,(none),true,false,1,true,true,45,หน้าแรก / บทความ / รับซื้อ Dell Vostro ราคาเท่าไหร่ Office รุ่นยอดนิยม • เผยแพร่ 16/5/2569 รับซื้อ Dell Vostro ราคาเท่าไหร่ ถ้าจะขาย Dell Vostro ร้านรับซื้อจะดูสเปก แบต และสภาพเครื่องทำงานสายออฟฟิศหรือ SME อย่างไรบ้างก่อ,/favicon.svg | /_astro/BaseLayout.Ce6jA0gB.css | /images/logo-ranrubsue-notebook-black-280.webp | /images/logo-ranrubsue-notebook-black-280.webp,,true
https://xn--42cn4aobed0eb6hubj4es0m5dhvd.com/blog/%E0%B8%A3%E0%B8%B1%E0%B8%9A%E0%B8%8B%E0%B8%B7%E0%B9%89%E0%B8%AD-gaming-notebook-rtx-3050-4050-4060-%E0%B8%A3%E0%B8%B2%E0%B8%84%E0%B8%B2%E0%B9%80%E0%B8%97%E0%B9%88%E0%B8%B2%E0%B9%84%E0%B8%AB%E0%B8%A3%E0%B9%88/,Blog,200,https://xn--42cn4aobed0eb6hubj4es0m5dhvd.com/blog/%E0%B8%A3%E0%B8%B1%E0%B8%9A%E0%B8%8B%E0%B8%B7%E0%B9%89%E0%B8%AD-gaming-notebook-rtx-3050-4050-4060-%E0%B8%A3%E0%B8%B2%E0%B8%84%E0%B8%B2%E0%B9%80%E0%B8%97%E0%B9%88%E0%B8%B2%E0%B9%84%E0%B8%AB%E0%B8%A3%E0%B9%88/,รับซื้อ Gaming Notebook RTX 3050 4050 4060 ราคาเท่าไหร่ (GPU มีผลกับราคายังไง) | ร้านรับซื้อโน๊ตบุ๊ค.com,รับซื้อ Gaming Notebook RTX 3050 4050 4060 ราคาเท่าไหร่ (GPU มีผลกับราคายังไง),การ์ดจอ RTX 3050 4050 4060 มีผลต่อราคารับซื้อเกมมิ่งโน๊ตบุ๊คมากแค่ไหน สรุปว่าร้านจะดู GPU ควบคู่กับ CPU จอ ความร้อน และสภาพเครื่องอย่างไร,https://ร้านรับซื้อโน๊ตบุ๊ค.com/blog/รับซื้อ-gaming-notebook-rtx-3050-4050-4060-ราคาเท่าไหร่/,(none),true,false,1,true,true,45,หน้าแรก / บทความ / รับซื้อ Gaming Notebook RTX 3050 4050 4060 ราคาเท่าไหร่ (GPU มีผลกับราคายังไง) Gaming ราคา • เผยแพร่ 14/5/2569 รับซื้อ Gaming Notebook RTX 3050 4050 4060 ราคาเท่าไหร่ (GPU มีผลกับราคายังไง) การ์ดจอ RTX,/favicon.svg | /_astro/BaseLayout.Ce6jA0gB.css | /images/logo-ranrubsue-notebook-black-280.webp | /images/blog/asus-tuf-gaming-yellow-keyboard.webp | /images/logo-ranrubsue-notebook-black-280.webp,,true
https://xn--42cn4aobed0eb6hubj4es0m5dhvd.com/blog/%E0%B8%A3%E0%B8%B1%E0%B8%9A%E0%B8%8B%E0%B8%B7%E0%B9%89%E0%B8%AD-gaming-notebook-rtx-4070-4080-4090-%E0%B8%A3%E0%B8%B2%E0%B8%84%E0%B8%B2%E0%B9%80%E0%B8%97%E0%B9%88%E0%B8%B2%E0%B9%84%E0%B8%AB%E0%B8%A3%E0%B9%88/,Blog,200,https://xn--42cn4aobed0eb6hubj4es0m5dhvd.com/blog/%E0%B8%A3%E0%B8%B1%E0%B8%9A%E0%B8%8B%E0%B8%B7%E0%B9%89%E0%B8%AD-gaming-notebook-rtx-4070-4080-4090-%E0%B8%A3%E0%B8%B2%E0%B8%84%E0%B8%B2%E0%B9%80%E0%B8%97%E0%B9%88%E0%B8%B2%E0%B9%84%E0%B8%AB%E0%B8%A3%E0%B9%88/,รับซื้อ Gaming Notebook RTX 4070 4080 4090 ราคาเท่าไหร่ (กลุ่มสเปกสูงดูอะไรบ้าง) | ร้านรับซื้อโน๊ตบุ๊ค.com,รับซื้อ Gaming Notebook RTX 4070 4080 4090 ราคาเท่าไหร่ (กลุ่มสเปกสูงดูอะไรบ้าง),Gaming Notebook ที่ใช้ RTX 4070 4080 4090 ถ้าจะขายมือสอง ร้านรับซื้อจะดูอะไรบ้าง สรุปว่าการ์ดจอระดับสูง จอ ความร้อน และสภาพเครื่องมีผลต่อราคายังไง,https://ร้านรับซื้อโน๊ตบุ๊ค.com/blog/รับซื้อ-gaming-notebook-rtx-4070-4080-4090-ราคาเท่าไหร่/,(none),true,false,1,true,true,45,หน้าแรก / บทความ / รับซื้อ Gaming Notebook RTX 4070 4080 4090 ราคาเท่าไหร่ (กลุ่มสเปกสูงดูอะไรบ้าง) Gaming ราคา • เผยแพร่ 14/5/2569 รับซื้อ Gaming Notebook RTX 4070 4080 4090 ราคาเท่าไหร่ (กลุ่มสเปกสูงดูอะไรบ้าง) Gaming ,/favicon.svg | /_astro/BaseLayout.Ce6jA0gB.css | /images/logo-ranrubsue-notebook-black-280.webp | /images/logo-ranrubsue-notebook-black-280.webp,,true
https://xn--42cn4aobed0eb6hubj4es0m5dhvd.com/blog/%E0%B8%A3%E0%B8%B1%E0%B8%9A%E0%B8%8B%E0%B8%B7%E0%B9%89%E0%B8%AD-gigabyte-aorus-%E0%B8%A3%E0%B8%B2%E0%B8%84%E0%B8%B2%E0%B9%80%E0%B8%97%E0%B9%88%E0%B8%B2%E0%B9%84%E0%B8%AB%E0%B8%A3%E0%B9%88/,Blog,200,https://xn--42cn4aobed0eb6hubj4es0m5dhvd.com/blog/%E0%B8%A3%E0%B8%B1%E0%B8%9A%E0%B8%8B%E0%B8%B7%E0%B9%89%E0%B8%AD-gigabyte-aorus-%E0%B8%A3%E0%B8%B2%E0%B8%84%E0%B8%B2%E0%B9%80%E0%B8%97%E0%B9%88%E0%B8%B2%E0%B9%84%E0%B8%AB%E0%B8%A3%E0%B9%88/,รับซื้อ Gigabyte Aorus ราคาเท่าไหร่ | ร้านรับซื้อโน๊ตบุ๊ค.com,รับซื้อ Gigabyte Aorus ราคาเท่าไหร่,ถ้าจะขาย Gigabyte Aorus ร้านรับซื้อจะดูสเปก GPU จอ ความร้อน และสภาพจริงของเกมมิ่งโน๊ตบุ๊คอย่างไรบ้างก่อนให้ราคา,https://ร้านรับซื้อโน๊ตบุ๊ค.com/blog/รับซื้อ-gigabyte-aorus-ราคาเท่าไหร่/,(none),true,false,1,true,true,45,หน้าแรก / บทความ / รับซื้อ Gigabyte Aorus ราคาเท่าไหร่ Gaming ราคา • เผยแพร่ 16/5/2569 รับซื้อ Gigabyte Aorus ราคาเท่าไหร่ ถ้าจะขาย Gigabyte Aorus ร้านรับซื้อจะดูสเปก GPU จอ ความร้อน และสภาพจริงของเกมมิ่งโน๊ตบุ๊คอย่างไรบ,/favicon.svg | /_astro/BaseLayout.Ce6jA0gB.css | /images/logo-ranrubsue-notebook-black-280.webp | /images/logo-ranrubsue-notebook-black-280.webp,,true
https://xn--42cn4aobed0eb6hubj4es0m5dhvd.com/blog/%E0%B8%A3%E0%B8%B1%E0%B8%9A%E0%B8%8B%E0%B8%B7%E0%B9%89%E0%B8%AD-honor-magicbook-%E0%B8%A3%E0%B8%B2%E0%B8%84%E0%B8%B2%E0%B9%80%E0%B8%97%E0%B9%88%E0%B8%B2%E0%B9%84%E0%B8%AB%E0%B8%A3%E0%B9%88/,Blog,200,https://xn--42cn4aobed0eb6hubj4es0m5dhvd.com/blog/%E0%B8%A3%E0%B8%B1%E0%B8%9A%E0%B8%8B%E0%B8%B7%E0%B9%89%E0%B8%AD-honor-magicbook-%E0%B8%A3%E0%B8%B2%E0%B8%84%E0%B8%B2%E0%B9%80%E0%B8%97%E0%B9%88%E0%B8%B2%E0%B9%84%E0%B8%AB%E0%B8%A3%E0%B9%88/,รับซื้อ Honor MagicBook ราคาเท่าไหร่ (วิเคราะห์ราคามือสองตามสภาพ) | ร้านรับซื้อโน๊ตบุ๊ค.com | ร้านรับซื้อโน๊ตบุ๊ค.com,รับซื้อ Honor MagicBook ราคาเท่าไหร่ (วิเคราะห์ราคามือสองตามสภาพ) | ร้านรับซื้อโน๊ตบุ๊ค.com,ไขข้อข้องใจ Honor MagicBook มือสอง ราคาประเมินอ้างอิงประมาณเท่าไหร่ วิเคราะห์ปัจจัยราคาจากสเปกชิปเซ็ตประมวลผล สภาพกล้องป๊อปอัป และอุปกรณ์พาวเวอร์อะแดปเตอร์แท้,https://ร้านรับซื้อโน๊ตบุ๊ค.com/blog/รับซื้อ-honor-magicbook-ราคาเท่าไหร่/,(none),true,false,1,true,true,44,หน้าแรก / บทความ / รับซื้อ Honor MagicBook ราคาเท่าไหร่ (วิเคราะห์ราคามือสองตามสภาพ) | ร้านรับซื้อโน๊ตบุ๊ค.com Office รุ่นยอดนิยม • เผยแพร่ 16/5/2569 รับซื้อ Honor MagicBook ราคาเท่าไหร่ (วิเคราะห์ราคามือสองตามสภาพ) | ร้,/favicon.svg | /_astro/BaseLayout.Ce6jA0gB.css | /images/logo-ranrubsue-notebook-black-280.webp | /images/logo-ranrubsue-notebook-black-280.webp,,true
https://xn--42cn4aobed0eb6hubj4es0m5dhvd.com/blog/%E0%B8%A3%E0%B8%B1%E0%B8%9A%E0%B8%8B%E0%B8%B7%E0%B9%89%E0%B8%AD-hp-elitebook-probook-%E0%B8%A3%E0%B8%B2%E0%B8%84%E0%B8%B2%E0%B9%80%E0%B8%97%E0%B9%88%E0%B8%B2%E0%B9%84%E0%B8%AB%E0%B8%A3%E0%B9%88/,Blog,200,https://xn--42cn4aobed0eb6hubj4es0m5dhvd.com/blog/%E0%B8%A3%E0%B8%B1%E0%B8%9A%E0%B8%8B%E0%B8%B7%E0%B9%89%E0%B8%AD-hp-elitebook-probook-%E0%B8%A3%E0%B8%B2%E0%B8%84%E0%B8%B2%E0%B9%80%E0%B8%97%E0%B9%88%E0%B8%B2%E0%B9%84%E0%B8%AB%E0%B8%A3%E0%B9%88/,รับซื้อ HP EliteBook และ ProBook ราคาเท่าไหร่ | ร้านรับซื้อโน๊ตบุ๊ค.com,รับซื้อ HP EliteBook และ ProBook ราคาเท่าไหร่,ถ้าจะขาย HP EliteBook หรือ ProBook ร้านรับซื้อจะดูอะไรบ้าง สรุปว่าสเปก แบต สถานะเครื่ององค์กร และสภาพจริงมีผลต่อราคาอย่างไร,https://ร้านรับซื้อโน๊ตบุ๊ค.com/blog/รับซื้อ-hp-elitebook-probook-ราคาเท่าไหร่/,(none),true,false,1,true,true,46,หน้าแรก / บทความ / รับซื้อ HP EliteBook และ ProBook ราคาเท่าไหร่ Office รุ่นยอดนิยม • เผยแพร่ 14/5/2569 รับซื้อ HP EliteBook และ ProBook ราคาเท่าไหร่ ถ้าจะขาย HP EliteBook หรือ ProBook ร้านรับซื้อจะดูอะไรบ้าง สรุปว่าสเปก,/favicon.svg | /_astro/BaseLayout.Ce6jA0gB.css | /images/logo-ranrubsue-notebook-black-280.webp | /images/logo-ranrubsue-notebook-black-280.webp,,true
https://xn--42cn4aobed0eb6hubj4es0m5dhvd.com/blog/%E0%B8%A3%E0%B8%B1%E0%B8%9A%E0%B8%8B%E0%B8%B7%E0%B9%89%E0%B8%AD-hp-pavilion-envy-elitebook-probook-%E0%B8%A3%E0%B8%B2%E0%B8%84%E0%B8%B2%E0%B9%80%E0%B8%97%E0%B9%88%E0%B8%B2%E0%B9%84%E0%B8%AB%E0%B8%A3%E0%B9%88/,Blog,200,https://xn--42cn4aobed0eb6hubj4es0m5dhvd.com/blog/%E0%B8%A3%E0%B8%B1%E0%B8%9A%E0%B8%8B%E0%B8%B7%E0%B9%89%E0%B8%AD-hp-pavilion-envy-elitebook-probook-%E0%B8%A3%E0%B8%B2%E0%B8%84%E0%B8%B2%E0%B9%80%E0%B8%97%E0%B9%88%E0%B8%B2%E0%B9%84%E0%B8%AB%E0%B8%A3%E0%B9%88/,รับซื้อ HP Pavilion Envy EliteBook และ ProBook ราคาเท่าไหร่ | ร้านรับซื้อโน๊ตบุ๊ค.com,รับซื้อ HP Pavilion Envy EliteBook และ ProBook ราคาเท่าไหร่,"ถ้าจะขาย HP Pavilion, Envy, EliteBook หรือ ProBook ร้านรับซื้อจะดูรุ่นย่อย สเปก จอ และสภาพจริงอย่างไรบ้างก่อนให้ราคา",https://ร้านรับซื้อโน๊ตบุ๊ค.com/blog/รับซื้อ-hp-pavilion-envy-elitebook-probook-ราคาเท่าไหร่/,(none),true,false,1,true,true,45,"หน้าแรก / บทความ / รับซื้อ HP Pavilion Envy EliteBook และ ProBook ราคาเท่าไหร่ Office รุ่นยอดนิยม • เผยแพร่ 14/5/2569 รับซื้อ HP Pavilion Envy EliteBook และ ProBook ราคาเท่าไหร่ ถ้าจะขาย HP Pavilion, Envy, EliteBook หรือ",/favicon.svg | /_astro/BaseLayout.Ce6jA0gB.css | /images/logo-ranrubsue-notebook-black-280.webp | /images/logo-ranrubsue-notebook-black-280.webp,,true
https://xn--42cn4aobed0eb6hubj4es0m5dhvd.com/blog/%E0%B8%A3%E0%B8%B1%E0%B8%9A%E0%B8%8B%E0%B8%B7%E0%B9%89%E0%B8%AD-hp-spectre-x360-%E0%B8%A3%E0%B8%B2%E0%B8%84%E0%B8%B2%E0%B9%80%E0%B8%97%E0%B9%88%E0%B8%B2%E0%B9%84%E0%B8%AB%E0%B8%A3%E0%B9%88/,Blog,200,https://xn--42cn4aobed0eb6hubj4es0m5dhvd.com/blog/%E0%B8%A3%E0%B8%B1%E0%B8%9A%E0%B8%8B%E0%B8%B7%E0%B9%89%E0%B8%AD-hp-spectre-x360-%E0%B8%A3%E0%B8%B2%E0%B8%84%E0%B8%B2%E0%B9%80%E0%B8%97%E0%B9%88%E0%B8%B2%E0%B9%84%E0%B8%AB%E0%B8%A3%E0%B9%88/,รับซื้อ HP Spectre x360 ราคาเท่าไหร่ | ร้านรับซื้อโน๊ตบุ๊ค.com,รับซื้อ HP Spectre x360 ราคาเท่าไหร่,ถ้าจะขาย HP Spectre x360 ร้านรับซื้อจะดูจอสัมผัส บานพับ สเปก และสภาพจริงของเครื่องพรีเมียม 2-in-1 อย่างไรบ้างก่อนให้ราคา,https://ร้านรับซื้อโน๊ตบุ๊ค.com/blog/รับซื้อ-hp-spectre-x360-ราคาเท่าไหร่/,(none),true,false,1,true,true,45,หน้าแรก / บทความ / รับซื้อ HP Spectre x360 ราคาเท่าไหร่ Office รุ่นยอดนิยม • เผยแพร่ 16/5/2569 รับซื้อ HP Spectre x360 ราคาเท่าไหร่ ถ้าจะขาย HP Spectre x360 ร้านรับซื้อจะดูจอสัมผัส บานพับ สเปก และสภาพจริงของเครื่องพรีเมี,/favicon.svg | /_astro/BaseLayout.Ce6jA0gB.css | /images/logo-ranrubsue-notebook-black-280.webp | /images/logo-ranrubsue-notebook-black-280.webp,,true
https://xn--42cn4aobed0eb6hubj4es0m5dhvd.com/blog/%E0%B8%A3%E0%B8%B1%E0%B8%9A%E0%B8%8B%E0%B8%B7%E0%B9%89%E0%B8%AD-hp-victus-15-16-omen-16-%E0%B8%A3%E0%B8%B2%E0%B8%84%E0%B8%B2%E0%B9%80%E0%B8%97%E0%B9%88%E0%B8%B2%E0%B9%84%E0%B8%AB%E0%B8%A3%E0%B9%88/,Blog,200,https://xn--42cn4aobed0eb6hubj4es0m5dhvd.com/blog/%E0%B8%A3%E0%B8%B1%E0%B8%9A%E0%B8%8B%E0%B8%B7%E0%B9%89%E0%B8%AD-hp-victus-15-16-omen-16-%E0%B8%A3%E0%B8%B2%E0%B8%84%E0%B8%B2%E0%B9%80%E0%B8%97%E0%B9%88%E0%B8%B2%E0%B9%84%E0%B8%AB%E0%B8%A3%E0%B9%88/,รับซื้อ HP Victus 15 16 และ OMEN 16 ราคาเท่าไหร่ (ดูจาก GPU จอ และความร้อน) | ร้านรับซื้อโน๊ตบุ๊ค.com,รับซื้อ HP Victus 15 16 และ OMEN 16 ราคาเท่าไหร่ (ดูจาก GPU จอ และความร้อน),HP Victus 15/16 และ OMEN 16 ถ้าจะขายมือสอง ร้านรับซื้อจะดูอะไรบ้าง สรุปว่าการ์ดจอ จอ ความร้อน และสภาพรวมมีผลต่อราคายังไง,https://ร้านรับซื้อโน๊ตบุ๊ค.com/blog/รับซื้อ-hp-victus-15-16-omen-16-ราคาเท่าไหร่/,(none),true,false,1,true,true,44,หน้าแรก / บทความ / รับซื้อ HP Victus 15 16 และ OMEN 16 ราคาเท่าไหร่ (ดูจาก GPU จอ และความร้อน) Gaming รุ่นย่อย • เผยแพร่ 14/5/2569 รับซื้อ HP Victus 15 16 และ OMEN 16 ราคาเท่าไหร่ (ดูจาก GPU จอ และความร้อน) HP Victus 15/,/favicon.svg | /_astro/BaseLayout.Ce6jA0gB.css | /images/logo-ranrubsue-notebook-black-280.webp | /images/logo-ranrubsue-notebook-black-280.webp,,true
https://xn--42cn4aobed0eb6hubj4es0m5dhvd.com/blog/%E0%B8%A3%E0%B8%B1%E0%B8%9A%E0%B8%8B%E0%B8%B7%E0%B9%89%E0%B8%AD-hp-victus-omen-%E0%B8%A3%E0%B8%B2%E0%B8%84%E0%B8%B2%E0%B9%80%E0%B8%97%E0%B9%88%E0%B8%B2%E0%B9%84%E0%B8%AB%E0%B8%A3%E0%B9%88/,Blog,200,https://xn--42cn4aobed0eb6hubj4es0m5dhvd.com/blog/%E0%B8%A3%E0%B8%B1%E0%B8%9A%E0%B8%8B%E0%B8%B7%E0%B9%89%E0%B8%AD-hp-victus-omen-%E0%B8%A3%E0%B8%B2%E0%B8%84%E0%B8%B2%E0%B9%80%E0%B8%97%E0%B9%88%E0%B8%B2%E0%B9%84%E0%B8%AB%E0%B8%A3%E0%B9%88/,รับซื้อ HP Victus และ OMEN ราคาเท่าไหร่ (เช็คราคาประเมินอ้างอิงเกมมิ่ง) | ร้านรับซื้อโน๊ตบุ๊ค.com | ร้านรับซื้อโน๊ตบุ๊ค.com,รับซื้อ HP Victus และ OMEN ราคาเท่าไหร่ (เช็คราคาประเมินอ้างอิงเกมมิ่ง) | ร้านรับซื้อโน๊ตบุ๊ค.com,แนวทางเช็คราคาประเมิน HP Victus และ OMEN ในตลาดมือสอง วิเคราะห์ปัจจัยการ์ดจอแยก หน้าจออัตรารีเฟรชเรท และระบบพัดลมระบายความร้อน ส่งรูปเช็คฟรี,https://ร้านรับซื้อโน๊ตบุ๊ค.com/blog/รับซื้อ-hp-victus-omen-ราคาเท่าไหร่/,(none),true,false,1,true,true,47,หน้าแรก / บทความ / รับซื้อ HP Victus และ OMEN ราคาเท่าไหร่ (เช็คราคาประเมินอ้างอิงเกมมิ่ง) | ร้านรับซื้อโน๊ตบุ๊ค.com Gaming รุ่นยอดนิยม • เผยแพร่ 14/5/2569 รับซื้อ HP Victus และ OMEN ราคาเท่าไหร่ (เช็คราคาประเมินอ้างอิงเ,/favicon.svg | /_astro/BaseLayout.Ce6jA0gB.css | /images/logo-ranrubsue-notebook-black-280.webp | /images/logo-ranrubsue-notebook-black-280.webp,,true
https://xn--42cn4aobed0eb6hubj4es0m5dhvd.com/blog/%E0%B8%A3%E0%B8%B1%E0%B8%9A%E0%B8%8B%E0%B8%B7%E0%B9%89%E0%B8%AD-huawei-matebook-%E0%B8%A3%E0%B8%B2%E0%B8%84%E0%B8%B2%E0%B9%80%E0%B8%97%E0%B9%88%E0%B8%B2%E0%B9%84%E0%B8%AB%E0%B8%A3%E0%B9%88/,Blog,200,https://xn--42cn4aobed0eb6hubj4es0m5dhvd.com/blog/%E0%B8%A3%E0%B8%B1%E0%B8%9A%E0%B8%8B%E0%B8%B7%E0%B9%89%E0%B8%AD-huawei-matebook-%E0%B8%A3%E0%B8%B2%E0%B8%84%E0%B8%B2%E0%B9%80%E0%B8%97%E0%B9%88%E0%B8%B2%E0%B9%84%E0%B8%AB%E0%B8%A3%E0%B9%88/,รับซื้อ Huawei MateBook ราคาเท่าไหร่ (สรุปราคาประเมินอ้างอิงแล็ปท็อป) | ร้านรับซื้อโน๊ตบุ๊ค.com | ร้านรับซื้อโน๊ตบุ๊ค.com,รับซื้อ Huawei MateBook ราคาเท่าไหร่ (สรุปราคาประเมินอ้างอิงแล็ปท็อป) | ร้านรับซื้อโน๊ตบุ๊ค.com,วิเคราะห์ราคามือสองของโน๊ตบุ๊ค Huawei MateBook หลายรุ่นยอดนิยมย่อย เช็คปัจจัยราคาจากความจุแรม/SSD สภาพจอทัชสกรีน และประสิทธิภาพพอร์ตชาร์จด่วน USB-C,https://ร้านรับซื้อโน๊ตบุ๊ค.com/blog/รับซื้อ-huawei-matebook-ราคาเท่าไหร่/,(none),true,false,1,true,true,44,หน้าแรก / บทความ / รับซื้อ Huawei MateBook ราคาเท่าไหร่ (สรุปราคาประเมินอ้างอิงแล็ปท็อป) | ร้านรับซื้อโน๊ตบุ๊ค.com Office รุ่นยอดนิยม • เผยแพร่ 16/5/2569 รับซื้อ Huawei MateBook ราคาเท่าไหร่ (สรุปราคาประเมินอ้างอิงแล็ปท็,/favicon.svg | /_astro/BaseLayout.Ce6jA0gB.css | /images/logo-ranrubsue-notebook-black-280.webp | /images/logo-ranrubsue-notebook-black-280.webp,,true
https://xn--42cn4aobed0eb6hubj4es0m5dhvd.com/blog/%E0%B8%A3%E0%B8%B1%E0%B8%9A%E0%B8%8B%E0%B8%B7%E0%B9%89%E0%B8%AD-lenovo-ideapad-yoga-%E0%B8%A3%E0%B8%B2%E0%B8%84%E0%B8%B2%E0%B9%80%E0%B8%97%E0%B9%88%E0%B8%B2%E0%B9%84%E0%B8%AB%E0%B8%A3%E0%B9%88/,Blog,200,https://xn--42cn4aobed0eb6hubj4es0m5dhvd.com/blog/%E0%B8%A3%E0%B8%B1%E0%B8%9A%E0%B8%8B%E0%B8%B7%E0%B9%89%E0%B8%AD-lenovo-ideapad-yoga-%E0%B8%A3%E0%B8%B2%E0%B8%84%E0%B8%B2%E0%B9%80%E0%B8%97%E0%B9%88%E0%B8%B2%E0%B9%84%E0%B8%AB%E0%B8%A3%E0%B9%88/,รับซื้อ Lenovo IdeaPad และ Yoga ราคาเท่าไหร่ | ร้านรับซื้อโน๊ตบุ๊ค.com,รับซื้อ Lenovo IdeaPad และ Yoga ราคาเท่าไหร่,ถ้าจะขาย Lenovo IdeaPad หรือ Yoga ร้านรับซื้อจะดูรุ่นย่อย ความบางเบา บานพับ จอสัมผัส และสภาพเครื่องอย่างไรบ้าง,https://ร้านรับซื้อโน๊ตบุ๊ค.com/blog/รับซื้อ-lenovo-ideapad-yoga-ราคาเท่าไหร่/,(none),true,false,1,true,true,45,หน้าแรก / บทความ / รับซื้อ Lenovo IdeaPad และ Yoga ราคาเท่าไหร่ Office รุ่นยอดนิยม • เผยแพร่ 14/5/2569 รับซื้อ Lenovo IdeaPad และ Yoga ราคาเท่าไหร่ ถ้าจะขาย Lenovo IdeaPad หรือ Yoga ร้านรับซื้อจะดูรุ่นย่อย ความบางเบา บาน,/favicon.svg | /_astro/BaseLayout.Ce6jA0gB.css | /images/logo-ranrubsue-notebook-black-280.webp | /images/logo-ranrubsue-notebook-black-280.webp,,true
https://xn--42cn4aobed0eb6hubj4es0m5dhvd.com/blog/%E0%B8%A3%E0%B8%B1%E0%B8%9A%E0%B8%8B%E0%B8%B7%E0%B9%89%E0%B8%AD-lenovo-legion-5-pro-%E0%B8%A3%E0%B8%B2%E0%B8%84%E0%B8%B2%E0%B9%80%E0%B8%97%E0%B9%88%E0%B8%B2%E0%B9%84%E0%B8%AB%E0%B8%A3%E0%B9%88/,Blog,200,https://xn--42cn4aobed0eb6hubj4es0m5dhvd.com/blog/%E0%B8%A3%E0%B8%B1%E0%B8%9A%E0%B8%8B%E0%B8%B7%E0%B9%89%E0%B8%AD-lenovo-legion-5-pro-%E0%B8%A3%E0%B8%B2%E0%B8%84%E0%B8%B2%E0%B9%80%E0%B8%97%E0%B9%88%E0%B8%B2%E0%B9%84%E0%B8%AB%E0%B8%A3%E0%B9%88/,รับซื้อ Lenovo Legion 5 และ Legion Pro ราคาเท่าไหร่ (ดูจาก GPU จอ และสภาพเครื่อง) | ร้านรับซื้อโน๊ตบุ๊ค.com,รับซื้อ Lenovo Legion 5 และ Legion Pro ราคาเท่าไหร่ (ดูจาก GPU จอ และสภาพเครื่อง),Lenovo Legion 5 และ Legion Pro ถ้าจะขายมือสอง ร้านรับซื้อจะดูอะไรบ้าง สรุปว่าการ์ดจอ จอ ความร้อน รุ่นย่อย และสภาพรวมมีผลกับราคายังไง,https://ร้านรับซื้อโน๊ตบุ๊ค.com/blog/รับซื้อ-lenovo-legion-5-pro-ราคาเท่าไหร่/,(none),true,false,1,true,true,43,หน้าแรก / บทความ / รับซื้อ Lenovo Legion 5 และ Legion Pro ราคาเท่าไหร่ (ดูจาก GPU จอ และสภาพเครื่อง) Gaming รุ่นย่อย • เผยแพร่ 14/5/2569 รับซื้อ Lenovo Legion 5 และ Legion Pro ราคาเท่าไหร่ (ดูจาก GPU จอ และสภาพเครื่อง) L,/favicon.svg | /_astro/BaseLayout.Ce6jA0gB.css | /images/logo-ranrubsue-notebook-black-280.webp | /images/logo-ranrubsue-notebook-black-280.webp,,true
https://xn--42cn4aobed0eb6hubj4es0m5dhvd.com/blog/%E0%B8%A3%E0%B8%B1%E0%B8%9A%E0%B8%8B%E0%B8%B7%E0%B9%89%E0%B8%AD-lenovo-legion-loq-%E0%B8%A3%E0%B8%B2%E0%B8%84%E0%B8%B2%E0%B9%80%E0%B8%97%E0%B9%88%E0%B8%B2%E0%B9%84%E0%B8%AB%E0%B8%A3%E0%B9%88/,Blog,200,https://xn--42cn4aobed0eb6hubj4es0m5dhvd.com/blog/%E0%B8%A3%E0%B8%B1%E0%B8%9A%E0%B8%8B%E0%B8%B7%E0%B9%89%E0%B8%AD-lenovo-legion-loq-%E0%B8%A3%E0%B8%B2%E0%B8%84%E0%B8%B2%E0%B9%80%E0%B8%97%E0%B9%88%E0%B8%B2%E0%B9%84%E0%B8%AB%E0%B8%A3%E0%B9%88/,รับซื้อ Lenovo Legion และ LOQ ราคาเท่าไหร่ (ดูจาก GPU จอ และความร้อน) | ร้านรับซื้อโน๊ตบุ๊ค.com,รับซื้อ Lenovo Legion และ LOQ ราคาเท่าไหร่ (ดูจาก GPU จอ และความร้อน),Lenovo Legion และ LOQ ถ้าจะขายมือสอง ร้านรับซื้อจะดูอะไรบ้าง สรุปว่าการ์ดจอ CPU จอ ความร้อน และสภาพรวมมีผลต่อราคายังไง,https://ร้านรับซื้อโน๊ตบุ๊ค.com/blog/รับซื้อ-lenovo-legion-loq-ราคาเท่าไหร่/,(none),true,false,1,true,true,43,หน้าแรก / บทความ / รับซื้อ Lenovo Legion และ LOQ ราคาเท่าไหร่ (ดูจาก GPU จอ และความร้อน) Gaming รุ่นยอดนิยม • เผยแพร่ 14/5/2569 รับซื้อ Lenovo Legion และ LOQ ราคาเท่าไหร่ (ดูจาก GPU จอ และความร้อน) Lenovo Legion และ LOQ ,/favicon.svg | /_astro/BaseLayout.Ce6jA0gB.css | /images/logo-ranrubsue-notebook-black-280.webp | /images/logo-ranrubsue-notebook-black-280.webp,,true
https://xn--42cn4aobed0eb6hubj4es0m5dhvd.com/blog/%E0%B8%A3%E0%B8%B1%E0%B8%9A%E0%B8%8B%E0%B8%B7%E0%B9%89%E0%B8%AD-lenovo-thinkbook-%E0%B8%A3%E0%B8%B2%E0%B8%84%E0%B8%B2%E0%B9%80%E0%B8%97%E0%B9%88%E0%B8%B2%E0%B9%84%E0%B8%AB%E0%B8%A3%E0%B9%88/,Blog,200,https://xn--42cn4aobed0eb6hubj4es0m5dhvd.com/blog/%E0%B8%A3%E0%B8%B1%E0%B8%9A%E0%B8%8B%E0%B8%B7%E0%B9%89%E0%B8%AD-lenovo-thinkbook-%E0%B8%A3%E0%B8%B2%E0%B8%84%E0%B8%B2%E0%B9%80%E0%B8%97%E0%B9%88%E0%B8%B2%E0%B9%84%E0%B8%AB%E0%B8%A3%E0%B9%88/,รับซื้อ Lenovo ThinkBook ราคาเท่าไหร่ | ร้านรับซื้อโน๊ตบุ๊ค.com,รับซื้อ Lenovo ThinkBook ราคาเท่าไหร่,ถ้าจะขาย Lenovo ThinkBook ร้านรับซื้อจะดูรุ่น สเปก แบต และสภาพจริงของเครื่องทำงานสายธุรกิจอย่างไรบ้างก่อนให้ราคา,https://ร้านรับซื้อโน๊ตบุ๊ค.com/blog/รับซื้อ-lenovo-thinkbook-ราคาเท่าไหร่/,(none),true,false,1,true,true,45,หน้าแรก / บทความ / รับซื้อ Lenovo ThinkBook ราคาเท่าไหร่ Office รุ่นยอดนิยม • เผยแพร่ 16/5/2569 รับซื้อ Lenovo ThinkBook ราคาเท่าไหร่ ถ้าจะขาย Lenovo ThinkBook ร้านรับซื้อจะดูรุ่น สเปก แบต และสภาพจริงของเครื่องทำงานสายธุ,/favicon.svg | /_astro/BaseLayout.Ce6jA0gB.css | /images/logo-ranrubsue-notebook-black-280.webp | /images/logo-ranrubsue-notebook-black-280.webp,,true
https://xn--42cn4aobed0eb6hubj4es0m5dhvd.com/blog/%E0%B8%A3%E0%B8%B1%E0%B8%9A%E0%B8%8B%E0%B8%B7%E0%B9%89%E0%B8%AD-lg-gram-%E0%B8%A3%E0%B8%B2%E0%B8%84%E0%B8%B2%E0%B9%80%E0%B8%97%E0%B9%88%E0%B8%B2%E0%B9%84%E0%B8%AB%E0%B8%A3%E0%B9%88/,Blog,200,https://xn--42cn4aobed0eb6hubj4es0m5dhvd.com/blog/%E0%B8%A3%E0%B8%B1%E0%B8%9A%E0%B8%8B%E0%B8%B7%E0%B9%89%E0%B8%AD-lg-gram-%E0%B8%A3%E0%B8%B2%E0%B8%84%E0%B8%B2%E0%B9%80%E0%B8%97%E0%B9%88%E0%B8%B2%E0%B9%84%E0%B8%AB%E0%B8%A3%E0%B9%88/,รับซื้อ LG Gram ราคาเท่าไหร่ | ร้านรับซื้อโน๊ตบุ๊ค.com,รับซื้อ LG Gram ราคาเท่าไหร่,ถ้าจะขาย LG Gram ร้านรับซื้อจะดูสเปก แบต จอ และสภาพจริงของเครื่องบางเบาน้ำหนักเบามากอย่างไรบ้างก่อนให้ราคา,https://ร้านรับซื้อโน๊ตบุ๊ค.com/blog/รับซื้อ-lg-gram-ราคาเท่าไหร่/,(none),true,false,1,true,true,45,หน้าแรก / บทความ / รับซื้อ LG Gram ราคาเท่าไหร่ Office รุ่นยอดนิยม • เผยแพร่ 16/5/2569 รับซื้อ LG Gram ราคาเท่าไหร่ ถ้าจะขาย LG Gram ร้านรับซื้อจะดูสเปก แบต จอ และสภาพจริงของเครื่องบางเบาน้ำหนักเบามากอย่างไรบ้างก่อนให้รา,/favicon.svg | /_astro/BaseLayout.Ce6jA0gB.css | /images/logo-ranrubsue-notebook-black-280.webp | /images/logo-ranrubsue-notebook-black-280.webp,,true
https://xn--42cn4aobed0eb6hubj4es0m5dhvd.com/blog/%E0%B8%A3%E0%B8%B1%E0%B8%9A%E0%B8%8B%E0%B8%B7%E0%B9%89%E0%B8%AD-macbook-air-13-15-%E0%B8%A3%E0%B8%B2%E0%B8%84%E0%B8%B2%E0%B9%80%E0%B8%97%E0%B9%88%E0%B8%B2%E0%B9%84%E0%B8%AB%E0%B8%A3%E0%B9%88/,Blog,200,https://xn--42cn4aobed0eb6hubj4es0m5dhvd.com/blog/%E0%B8%A3%E0%B8%B1%E0%B8%9A%E0%B8%8B%E0%B8%B7%E0%B9%89%E0%B8%AD-macbook-air-13-15-%E0%B8%A3%E0%B8%B2%E0%B8%84%E0%B8%B2%E0%B9%80%E0%B8%97%E0%B9%88%E0%B8%B2%E0%B9%84%E0%B8%AB%E0%B8%A3%E0%B9%88/,รับซื้อ MacBook Air 13 และ 15 ราคาเท่าไหร่ | ร้านรับซื้อโน๊ตบุ๊ค.com,รับซื้อ MacBook Air 13 และ 15 ราคาเท่าไหร่,ถ้าจะขาย MacBook Air 13 นิ้ว หรือ 15 นิ้ว ร้านรับซื้อจะดูชิป ความจุ สุขภาพแบต และสภาพจริงอย่างไรบ้าง สรุปให้ก่อนส่งประเมิน,https://ร้านรับซื้อโน๊ตบุ๊ค.com/blog/รับซื้อ-macbook-air-13-15-ราคาเท่าไหร่/,(none),true,false,1,true,true,45,หน้าแรก / บทความ / รับซื้อ MacBook Air 13 และ 15 ราคาเท่าไหร่ MacBook รุ่นย่อย • เผยแพร่ 14/5/2569 รับซื้อ MacBook Air 13 และ 15 ราคาเท่าไหร่ ถ้าจะขาย MacBook Air 13 นิ้ว หรือ 15 นิ้ว ร้านรับซื้อจะดูชิป ความจุ สุขภาพแบต ,/favicon.svg | /_astro/BaseLayout.Ce6jA0gB.css | /images/logo-ranrubsue-notebook-black-280.webp | /images/logo-ranrubsue-notebook-black-280.webp,,true
https://xn--42cn4aobed0eb6hubj4es0m5dhvd.com/blog/%E0%B8%A3%E0%B8%B1%E0%B8%9A%E0%B8%8B%E0%B8%B7%E0%B9%89%E0%B8%AD-macbook-air-m1-%E0%B8%A3%E0%B8%B2%E0%B8%84%E0%B8%B2%E0%B9%80%E0%B8%97%E0%B9%88%E0%B8%B2%E0%B9%84%E0%B8%AB%E0%B8%A3%E0%B9%88/,Blog,200,https://xn--42cn4aobed0eb6hubj4es0m5dhvd.com/blog/%E0%B8%A3%E0%B8%B1%E0%B8%9A%E0%B8%8B%E0%B8%B7%E0%B9%89%E0%B8%AD-macbook-air-m1-%E0%B8%A3%E0%B8%B2%E0%B8%84%E0%B8%B2%E0%B9%80%E0%B8%97%E0%B9%88%E0%B8%B2%E0%B9%84%E0%B8%AB%E0%B8%A3%E0%B9%88/,รับซื้อ MacBook Air M1 ราคาเท่าไหร่ (ดูจากความจุ แบต และสภาพจริง) | ร้านรับซื้อโน๊ตบุ๊ค.com,รับซื้อ MacBook Air M1 ราคาเท่าไหร่ (ดูจากความจุ แบต และสภาพจริง),อยากขาย MacBook Air M1 แต่ไม่รู้ว่าร้านรับซื้อจะดูอะไรบ้าง? สรุปปัจจัยที่มีผลต่อราคา เช่น RAM SSD Battery Health รอบชาร์จ และสภาพเครื่อง,https://ร้านรับซื้อโน๊ตบุ๊ค.com/blog/รับซื้อ-macbook-air-m1-ราคาเท่าไหร่/,(none),true,false,1,true,true,44,หน้าแรก / บทความ / รับซื้อ MacBook Air M1 ราคาเท่าไหร่ (ดูจากความจุ แบต และสภาพจริง) รุ่นยอดนิยม • เผยแพร่ 14/5/2569 รับซื้อ MacBook Air M1 ราคาเท่าไหร่ (ดูจากความจุ แบต และสภาพจริง) อยากขาย MacBook Air M1 แต่ไม่รู้ว่าร้,/favicon.svg | /_astro/BaseLayout.Ce6jA0gB.css | /images/logo-ranrubsue-notebook-black-280.webp | /images/logo-ranrubsue-notebook-black-280.webp,,true
https://xn--42cn4aobed0eb6hubj4es0m5dhvd.com/blog/%E0%B8%A3%E0%B8%B1%E0%B8%9A%E0%B8%8B%E0%B8%B7%E0%B9%89%E0%B8%AD-macbook-air-m2-%E0%B8%A3%E0%B8%B2%E0%B8%84%E0%B8%B2%E0%B9%80%E0%B8%97%E0%B9%88%E0%B8%B2%E0%B9%84%E0%B8%AB%E0%B8%A3%E0%B9%88/,Blog,200,https://xn--42cn4aobed0eb6hubj4es0m5dhvd.com/blog/%E0%B8%A3%E0%B8%B1%E0%B8%9A%E0%B8%8B%E0%B8%B7%E0%B9%89%E0%B8%AD-macbook-air-m2-%E0%B8%A3%E0%B8%B2%E0%B8%84%E0%B8%B2%E0%B9%80%E0%B8%97%E0%B9%88%E0%B8%B2%E0%B9%84%E0%B8%AB%E0%B8%A3%E0%B9%88/,รับซื้อ MacBook Air M2 ราคาเท่าไหร่ (ดูจาก RAM SSD แบต และสภาพจริง) | ร้านรับซื้อโน๊ตบุ๊ค.com,รับซื้อ MacBook Air M2 ราคาเท่าไหร่ (ดูจาก RAM SSD แบต และสภาพจริง),อยากขาย MacBook Air M2 แต่ไม่แน่ใจว่าร้านรับซื้อจะดูอะไรบ้าง สรุปปัจจัยหลักที่มีผลต่อราคา เช่น ความจุ RAM SSD Battery Health รอบชาร์จ และสภาพเครื่อง,https://ร้านรับซื้อโน๊ตบุ๊ค.com/blog/รับซื้อ-macbook-air-m2-ราคาเท่าไหร่/,(none),true,false,1,true,true,42,หน้าแรก / บทความ / รับซื้อ MacBook Air M2 ราคาเท่าไหร่ (ดูจาก RAM SSD แบต และสภาพจริง) MacBook รุ่นยอดนิยม • เผยแพร่ 14/5/2569 รับซื้อ MacBook Air M2 ราคาเท่าไหร่ (ดูจาก RAM SSD แบต และสภาพจริง) อยากขาย MacBook Air M2 แต,/favicon.svg | /_astro/BaseLayout.Ce6jA0gB.css | /images/logo-ranrubsue-notebook-black-280.webp | /images/logo-ranrubsue-notebook-black-280.webp,,true
https://xn--42cn4aobed0eb6hubj4es0m5dhvd.com/blog/%E0%B8%A3%E0%B8%B1%E0%B8%9A%E0%B8%8B%E0%B8%B7%E0%B9%89%E0%B8%AD-macbook-air-m3-%E0%B8%A3%E0%B8%B2%E0%B8%84%E0%B8%B2%E0%B9%80%E0%B8%97%E0%B9%88%E0%B8%B2%E0%B9%84%E0%B8%AB%E0%B8%A3%E0%B9%88/,Blog,200,https://xn--42cn4aobed0eb6hubj4es0m5dhvd.com/blog/%E0%B8%A3%E0%B8%B1%E0%B8%9A%E0%B8%8B%E0%B8%B7%E0%B9%89%E0%B8%AD-macbook-air-m3-%E0%B8%A3%E0%B8%B2%E0%B8%84%E0%B8%B2%E0%B9%80%E0%B8%97%E0%B9%88%E0%B8%B2%E0%B9%84%E0%B8%AB%E0%B8%A3%E0%B9%88/,รับซื้อ MacBook Air M3 ราคาเท่าไหร่ (ดูจากความจุ แบต และสภาพก่อนขาย) | ร้านรับซื้อโน๊ตบุ๊ค.com,รับซื้อ MacBook Air M3 ราคาเท่าไหร่ (ดูจากความจุ แบต และสภาพก่อนขาย),MacBook Air M3 ขายได้เท่าไหร่ ร้านรับซื้อจะดูอะไรบ้าง สรุปปัจจัยสำคัญที่มีผลต่อราคาประเมิน เช่น RAM SSD สุขภาพแบต อุปกรณ์ และรอยตำหนิ,https://ร้านรับซื้อโน๊ตบุ๊ค.com/blog/รับซื้อ-macbook-air-m3-ราคาเท่าไหร่/,(none),true,false,1,true,true,41,หน้าแรก / บทความ / รับซื้อ MacBook Air M3 ราคาเท่าไหร่ (ดูจากความจุ แบต และสภาพก่อนขาย) MacBook รุ่นยอดนิยม • เผยแพร่ 14/5/2569 รับซื้อ MacBook Air M3 ราคาเท่าไหร่ (ดูจากความจุ แบต และสภาพก่อนขาย) MacBook Air M3 ขายได้เท,/favicon.svg | /_astro/BaseLayout.Ce6jA0gB.css | /images/logo-ranrubsue-notebook-black-280.webp | /images/logo-ranrubsue-notebook-black-280.webp,,true
https://xn--42cn4aobed0eb6hubj4es0m5dhvd.com/blog/%E0%B8%A3%E0%B8%B1%E0%B8%9A%E0%B8%8B%E0%B8%B7%E0%B9%89%E0%B8%AD-macbook-air-m4-%E0%B8%A3%E0%B8%B2%E0%B8%84%E0%B8%B2%E0%B9%80%E0%B8%97%E0%B9%88%E0%B8%B2%E0%B9%84%E0%B8%AB%E0%B8%A3%E0%B9%88/,Blog,200,https://xn--42cn4aobed0eb6hubj4es0m5dhvd.com/blog/%E0%B8%A3%E0%B8%B1%E0%B8%9A%E0%B8%8B%E0%B8%B7%E0%B9%89%E0%B8%AD-macbook-air-m4-%E0%B8%A3%E0%B8%B2%E0%B8%84%E0%B8%B2%E0%B9%80%E0%B8%97%E0%B9%88%E0%B8%B2%E0%B9%84%E0%B8%AB%E0%B8%A3%E0%B9%88/,รับซื้อ MacBook Air M4 ราคาเท่าไหร่ (เช็กจากสเปก แบต และตำหนิก่อนขาย) | ร้านรับซื้อโน๊ตบุ๊ค.com,รับซื้อ MacBook Air M4 ราคาเท่าไหร่ (เช็กจากสเปก แบต และตำหนิก่อนขาย),MacBook Air M4 ยังขายได้ราคาแบบไหน ร้านรับซื้อจะดูอะไรบ้าง สรุปว่าความจุ แบต สภาพบอดี้ และการปลดบัญชีมีผลต่อการประเมินอย่างไร,https://ร้านรับซื้อโน๊ตบุ๊ค.com/blog/รับซื้อ-macbook-air-m4-ราคาเท่าไหร่/,(none),true,false,1,true,true,41,หน้าแรก / บทความ / รับซื้อ MacBook Air M4 ราคาเท่าไหร่ (เช็กจากสเปก แบต และตำหนิก่อนขาย) MacBook รุ่นยอดนิยม • เผยแพร่ 14/5/2569 รับซื้อ MacBook Air M4 ราคาเท่าไหร่ (เช็กจากสเปก แบต และตำหนิก่อนขาย) MacBook Air M4 ยังขาย,/favicon.svg | /_astro/BaseLayout.Ce6jA0gB.css | /images/logo-ranrubsue-notebook-black-280.webp | /images/logo-ranrubsue-notebook-black-280.webp,,true
https://xn--42cn4aobed0eb6hubj4es0m5dhvd.com/blog/%E0%B8%A3%E0%B8%B1%E0%B8%9A%E0%B8%8B%E0%B8%B7%E0%B9%89%E0%B8%AD-macbook-air-m5-%E0%B8%A3%E0%B8%B2%E0%B8%84%E0%B8%B2%E0%B9%80%E0%B8%97%E0%B9%88%E0%B8%B2%E0%B9%84%E0%B8%AB%E0%B8%A3%E0%B9%88/,Blog,200,https://xn--42cn4aobed0eb6hubj4es0m5dhvd.com/blog/%E0%B8%A3%E0%B8%B1%E0%B8%9A%E0%B8%8B%E0%B8%B7%E0%B9%89%E0%B8%AD-macbook-air-m5-%E0%B8%A3%E0%B8%B2%E0%B8%84%E0%B8%B2%E0%B9%80%E0%B8%97%E0%B9%88%E0%B8%B2%E0%B9%84%E0%B8%AB%E0%B8%A3%E0%B9%88/,รับซื้อ MacBook Air M5 ราคาเท่าไหร่ (รุ่นใหม่ดูอะไรบ้างก่อนประเมิน) | ร้านรับซื้อโน๊ตบุ๊ค.com,รับซื้อ MacBook Air M5 ราคาเท่าไหร่ (รุ่นใหม่ดูอะไรบ้างก่อนประเมิน),MacBook Air M5 ถ้าจะขายมือสอง ร้านรับซื้อจะดูอะไรบ้าง สรุปปัจจัยสำคัญที่มีผลต่อการประเมิน เช่น รุ่นย่อย ความจุ สภาพแบต รอย และความพร้อมของเครื่อง,https://ร้านรับซื้อโน๊ตบุ๊ค.com/blog/รับซื้อ-macbook-air-m5-ราคาเท่าไหร่/,(none),true,false,1,true,true,42,หน้าแรก / บทความ / รับซื้อ MacBook Air M5 ราคาเท่าไหร่ (รุ่นใหม่ดูอะไรบ้างก่อนประเมิน) MacBook รุ่นยอดนิยม • เผยแพร่ 14/5/2569 รับซื้อ MacBook Air M5 ราคาเท่าไหร่ (รุ่นใหม่ดูอะไรบ้างก่อนประเมิน) MacBook Air M5 ถ้าจะขายมื,/favicon.svg | /_astro/BaseLayout.Ce6jA0gB.css | /images/logo-ranrubsue-notebook-black-280.webp | /images/logo-ranrubsue-notebook-black-280.webp,,true
https://xn--42cn4aobed0eb6hubj4es0m5dhvd.com/blog/%E0%B8%A3%E0%B8%B1%E0%B8%9A%E0%B8%8B%E0%B8%B7%E0%B9%89%E0%B8%AD-macbook-pro-14-16-%E0%B8%A3%E0%B8%B2%E0%B8%84%E0%B8%B2%E0%B9%80%E0%B8%97%E0%B9%88%E0%B8%B2%E0%B9%84%E0%B8%AB%E0%B8%A3%E0%B9%88/,Blog,200,https://xn--42cn4aobed0eb6hubj4es0m5dhvd.com/blog/%E0%B8%A3%E0%B8%B1%E0%B8%9A%E0%B8%8B%E0%B8%B7%E0%B9%89%E0%B8%AD-macbook-pro-14-16-%E0%B8%A3%E0%B8%B2%E0%B8%84%E0%B8%B2%E0%B9%80%E0%B8%97%E0%B9%88%E0%B8%B2%E0%B9%84%E0%B8%AB%E0%B8%A3%E0%B9%88/,รับซื้อ MacBook Pro 14 และ 16 ราคาเท่าไหร่ | ร้านรับซื้อโน๊ตบุ๊ค.com,รับซื้อ MacBook Pro 14 และ 16 ราคาเท่าไหร่,"ขาย MacBook Pro 14 นิ้ว หรือ 16 นิ้ว ร้านรับซื้อจะเช็กชิป Pro/Max, RAM, SSD, Battery Health และสภาพเครื่องอย่างไรบ้าง",https://ร้านรับซื้อโน๊ตบุ๊ค.com/blog/รับซื้อ-macbook-pro-14-16-ราคาเท่าไหร่/,(none),true,false,1,true,true,45,"หน้าแรก / บทความ / รับซื้อ MacBook Pro 14 และ 16 ราคาเท่าไหร่ MacBook รุ่นย่อย • เผยแพร่ 14/5/2569 รับซื้อ MacBook Pro 14 และ 16 ราคาเท่าไหร่ ขาย MacBook Pro 14 นิ้ว หรือ 16 นิ้ว ร้านรับซื้อจะเช็กชิป Pro/Max, RAM, SSD, B",/favicon.svg | /_astro/BaseLayout.Ce6jA0gB.css | /images/logo-ranrubsue-notebook-black-280.webp | /images/logo-ranrubsue-notebook-black-280.webp,,true
https://xn--42cn4aobed0eb6hubj4es0m5dhvd.com/blog/%E0%B8%A3%E0%B8%B1%E0%B8%9A%E0%B8%8B%E0%B8%B7%E0%B9%89%E0%B8%AD-macbook-pro-m1-%E0%B8%A3%E0%B8%B2%E0%B8%84%E0%B8%B2%E0%B9%80%E0%B8%97%E0%B9%88%E0%B8%B2%E0%B9%84%E0%B8%AB%E0%B8%A3%E0%B9%88/,Blog,200,https://xn--42cn4aobed0eb6hubj4es0m5dhvd.com/blog/%E0%B8%A3%E0%B8%B1%E0%B8%9A%E0%B8%8B%E0%B8%B7%E0%B9%89%E0%B8%AD-macbook-pro-m1-%E0%B8%A3%E0%B8%B2%E0%B8%84%E0%B8%B2%E0%B9%80%E0%B8%97%E0%B9%88%E0%B8%B2%E0%B9%84%E0%B8%AB%E0%B8%A3%E0%B9%88/,รับซื้อ MacBook Pro M1 ราคาเท่าไหร่ (ดูจากชิปย่อย ความจุ และสภาพจริง) | ร้านรับซื้อโน๊ตบุ๊ค.com,รับซื้อ MacBook Pro M1 ราคาเท่าไหร่ (ดูจากชิปย่อย ความจุ และสภาพจริง),MacBook Pro M1 ยังขายมือสองได้ไหม ร้านรับซื้อจะดูอะไรบ้าง สรุปปัจจัยสำคัญ เช่น รุ่นย่อย ความจุ แบต สภาพเครื่อง และความพร้อมของบัญชี,https://ร้านรับซื้อโน๊ตบุ๊ค.com/blog/รับซื้อ-macbook-pro-m1-ราคาเท่าไหร่/,(none),true,false,1,true,true,42,หน้าแรก / บทความ / รับซื้อ MacBook Pro M1 ราคาเท่าไหร่ (ดูจากชิปย่อย ความจุ และสภาพจริง) MacBook รุ่นยอดนิยม • เผยแพร่ 14/5/2569 รับซื้อ MacBook Pro M1 ราคาเท่าไหร่ (ดูจากชิปย่อย ความจุ และสภาพจริง) MacBook Pro M1 ยังขาย,/favicon.svg | /_astro/BaseLayout.Ce6jA0gB.css | /images/logo-ranrubsue-notebook-black-280.webp | /images/logo-ranrubsue-notebook-black-280.webp,,true
https://xn--42cn4aobed0eb6hubj4es0m5dhvd.com/blog/%E0%B8%A3%E0%B8%B1%E0%B8%9A%E0%B8%8B%E0%B8%B7%E0%B9%89%E0%B8%AD-macbook-pro-m2-%E0%B8%A3%E0%B8%B2%E0%B8%84%E0%B8%B2%E0%B9%80%E0%B8%97%E0%B9%88%E0%B8%B2%E0%B9%84%E0%B8%AB%E0%B8%A3%E0%B9%88/,Blog,200,https://xn--42cn4aobed0eb6hubj4es0m5dhvd.com/blog/%E0%B8%A3%E0%B8%B1%E0%B8%9A%E0%B8%8B%E0%B8%B7%E0%B9%89%E0%B8%AD-macbook-pro-m2-%E0%B8%A3%E0%B8%B2%E0%B8%84%E0%B8%B2%E0%B9%80%E0%B8%97%E0%B9%88%E0%B8%B2%E0%B9%84%E0%B8%AB%E0%B8%A3%E0%B9%88/,รับซื้อ MacBook Pro M2 ราคาเท่าไหร่ (ดูจากรุ่นย่อย แบต และสภาพก่อนขาย) | ร้านรับซื้อโน๊ตบุ๊ค.com,รับซื้อ MacBook Pro M2 ราคาเท่าไหร่ (ดูจากรุ่นย่อย แบต และสภาพก่อนขาย),MacBook Pro M2 ถ้าจะขายให้ร้านรับซื้อควรดูอะไรบ้าง สรุปปัจจัยที่ทำให้ราคาต่างกัน เช่น รุ่นย่อย ความจุ สภาพจอ บอดี้ และสุขภาพแบต,https://ร้านรับซื้อโน๊ตบุ๊ค.com/blog/รับซื้อ-macbook-pro-m2-ราคาเท่าไหร่/,(none),true,false,1,true,true,41,หน้าแรก / บทความ / รับซื้อ MacBook Pro M2 ราคาเท่าไหร่ (ดูจากรุ่นย่อย แบต และสภาพก่อนขาย) MacBook รุ่นยอดนิยม • เผยแพร่ 14/5/2569 รับซื้อ MacBook Pro M2 ราคาเท่าไหร่ (ดูจากรุ่นย่อย แบต และสภาพก่อนขาย) MacBook Pro M2 ถ้าจ,/favicon.svg | /_astro/BaseLayout.Ce6jA0gB.css | /images/logo-ranrubsue-notebook-black-280.webp | /images/logo-ranrubsue-notebook-black-280.webp,,true
https://xn--42cn4aobed0eb6hubj4es0m5dhvd.com/blog/%E0%B8%A3%E0%B8%B1%E0%B8%9A%E0%B8%8B%E0%B8%B7%E0%B9%89%E0%B8%AD-macbook-pro-m3-%E0%B8%A3%E0%B8%B2%E0%B8%84%E0%B8%B2%E0%B9%80%E0%B8%97%E0%B9%88%E0%B8%B2%E0%B9%84%E0%B8%AB%E0%B8%A3%E0%B9%88/,Blog,200,https://xn--42cn4aobed0eb6hubj4es0m5dhvd.com/blog/%E0%B8%A3%E0%B8%B1%E0%B8%9A%E0%B8%8B%E0%B8%B7%E0%B9%89%E0%B8%AD-macbook-pro-m3-%E0%B8%A3%E0%B8%B2%E0%B8%84%E0%B8%B2%E0%B9%80%E0%B8%97%E0%B9%88%E0%B8%B2%E0%B9%84%E0%B8%AB%E0%B8%A3%E0%B9%88/,รับซื้อ MacBook Pro M3 ราคาเท่าไหร่ (ดูจากความจุ แบต และสภาพเครื่อง) | ร้านรับซื้อโน๊ตบุ๊ค.com,รับซื้อ MacBook Pro M3 ราคาเท่าไหร่ (ดูจากความจุ แบต และสภาพเครื่อง),MacBook Pro M3 ถ้าจะขายมือสอง ร้านรับซื้อจะดูอะไรบ้าง สรุปว่าความจุ แบต สภาพจอ บอดี้ และอุปกรณ์มีผลต่อกรอบราคายังไง,https://ร้านรับซื้อโน๊ตบุ๊ค.com/blog/รับซื้อ-macbook-pro-m3-ราคาเท่าไหร่/,(none),true,false,1,true,true,42,หน้าแรก / บทความ / รับซื้อ MacBook Pro M3 ราคาเท่าไหร่ (ดูจากความจุ แบต และสภาพเครื่อง) MacBook รุ่นยอดนิยม • เผยแพร่ 14/5/2569 รับซื้อ MacBook Pro M3 ราคาเท่าไหร่ (ดูจากความจุ แบต และสภาพเครื่อง) MacBook Pro M3 ถ้าจะขาย,/favicon.svg | /_astro/BaseLayout.Ce6jA0gB.css | /images/logo-ranrubsue-notebook-black-280.webp | /images/logo-ranrubsue-notebook-black-280.webp,,true
https://xn--42cn4aobed0eb6hubj4es0m5dhvd.com/blog/%E0%B8%A3%E0%B8%B1%E0%B8%9A%E0%B8%8B%E0%B8%B7%E0%B9%89%E0%B8%AD-macbook-pro-m4-%E0%B8%A3%E0%B8%B2%E0%B8%84%E0%B8%B2%E0%B9%80%E0%B8%97%E0%B9%88%E0%B8%B2%E0%B9%84%E0%B8%AB%E0%B8%A3%E0%B9%88/,Blog,200,https://xn--42cn4aobed0eb6hubj4es0m5dhvd.com/blog/%E0%B8%A3%E0%B8%B1%E0%B8%9A%E0%B8%8B%E0%B8%B7%E0%B9%89%E0%B8%AD-macbook-pro-m4-%E0%B8%A3%E0%B8%B2%E0%B8%84%E0%B8%B2%E0%B9%80%E0%B8%97%E0%B9%88%E0%B8%B2%E0%B9%84%E0%B8%AB%E0%B8%A3%E0%B9%88/,รับซื้อ MacBook Pro M4 ราคาเท่าไหร่ (เช็กจากสเปก แบต และตำหนิ) | ร้านรับซื้อโน๊ตบุ๊ค.com,รับซื้อ MacBook Pro M4 ราคาเท่าไหร่ (เช็กจากสเปก แบต และตำหนิ),ขาย MacBook Pro M4 ได้เท่าไหร่ ร้านรับซื้อจะดูอะไรบ้าง สรุปปัจจัยหลักที่ใช้ประเมินราคา เช่น สเปกย่อย ความจุ แบต สภาพจอ บอดี้ และอุปกรณ์,https://ร้านรับซื้อโน๊ตบุ๊ค.com/blog/รับซื้อ-macbook-pro-m4-ราคาเท่าไหร่/,(none),true,false,1,true,true,42,หน้าแรก / บทความ / รับซื้อ MacBook Pro M4 ราคาเท่าไหร่ (เช็กจากสเปก แบต และตำหนิ) MacBook รุ่นยอดนิยม • เผยแพร่ 14/5/2569 รับซื้อ MacBook Pro M4 ราคาเท่าไหร่ (เช็กจากสเปก แบต และตำหนิ) ขาย MacBook Pro M4 ได้เท่าไหร่ ร้าน,/favicon.svg | /_astro/BaseLayout.Ce6jA0gB.css | /images/logo-ranrubsue-notebook-black-280.webp | /images/logo-ranrubsue-notebook-black-280.webp,,true
https://xn--42cn4aobed0eb6hubj4es0m5dhvd.com/blog/%E0%B8%A3%E0%B8%B1%E0%B8%9A%E0%B8%8B%E0%B8%B7%E0%B9%89%E0%B8%AD-macbook-pro-m5-%E0%B8%A3%E0%B8%B2%E0%B8%84%E0%B8%B2%E0%B9%80%E0%B8%97%E0%B9%88%E0%B8%B2%E0%B9%84%E0%B8%AB%E0%B8%A3%E0%B9%88/,Blog,200,https://xn--42cn4aobed0eb6hubj4es0m5dhvd.com/blog/%E0%B8%A3%E0%B8%B1%E0%B8%9A%E0%B8%8B%E0%B8%B7%E0%B9%89%E0%B8%AD-macbook-pro-m5-%E0%B8%A3%E0%B8%B2%E0%B8%84%E0%B8%B2%E0%B9%80%E0%B8%97%E0%B9%88%E0%B8%B2%E0%B9%84%E0%B8%AB%E0%B8%A3%E0%B9%88/,รับซื้อ MacBook Pro M5 ราคาเท่าไหร่ (รุ่นใหม่สาย Pro ดูอะไรบ้างก่อนขาย) | ร้านรับซื้อโน๊ตบุ๊ค.com,รับซื้อ MacBook Pro M5 ราคาเท่าไหร่ (รุ่นใหม่สาย Pro ดูอะไรบ้างก่อนขาย),MacBook Pro M5 ถ้าจะขายให้ร้านรับซื้อควรดูอะไรบ้าง สรุปว่ารุ่นย่อย ความจุ แบต สภาพบอดี้ และความพร้อมของเครื่องมีผลต่อการประเมินยังไง,https://ร้านรับซื้อโน๊ตบุ๊ค.com/blog/รับซื้อ-macbook-pro-m5-ราคาเท่าไหร่/,(none),true,false,1,true,true,42,หน้าแรก / บทความ / รับซื้อ MacBook Pro M5 ราคาเท่าไหร่ (รุ่นใหม่สาย Pro ดูอะไรบ้างก่อนขาย) MacBook รุ่นยอดนิยม • เผยแพร่ 14/5/2569 รับซื้อ MacBook Pro M5 ราคาเท่าไหร่ (รุ่นใหม่สาย Pro ดูอะไรบ้างก่อนขาย) MacBook Pro M5 ถ้,/favicon.svg | /_astro/BaseLayout.Ce6jA0gB.css | /images/logo-ranrubsue-notebook-black-280.webp | /images/logo-ranrubsue-notebook-black-280.webp,,true
https://xn--42cn4aobed0eb6hubj4es0m5dhvd.com/blog/%E0%B8%A3%E0%B8%B1%E0%B8%9A%E0%B8%8B%E0%B8%B7%E0%B9%89%E0%B8%AD-msi-katana-15-cyborg-15-stealth-%E0%B8%A3%E0%B8%B2%E0%B8%84%E0%B8%B2%E0%B9%80%E0%B8%97%E0%B9%88%E0%B8%B2%E0%B9%84%E0%B8%AB%E0%B8%A3%E0%B9%88/,Blog,200,https://xn--42cn4aobed0eb6hubj4es0m5dhvd.com/blog/%E0%B8%A3%E0%B8%B1%E0%B8%9A%E0%B8%8B%E0%B8%B7%E0%B9%89%E0%B8%AD-msi-katana-15-cyborg-15-stealth-%E0%B8%A3%E0%B8%B2%E0%B8%84%E0%B8%B2%E0%B9%80%E0%B8%97%E0%B9%88%E0%B8%B2%E0%B9%84%E0%B8%AB%E0%B8%A3%E0%B9%88/,รับซื้อ MSI Katana 15 Cyborg 15 และ Stealth ราคาเท่าไหร่ (ดูจาก GPU จอ และความร้อน) | ร้านรับซื้อโน๊ตบุ๊ค.com,รับซื้อ MSI Katana 15 Cyborg 15 และ Stealth ราคาเท่าไหร่ (ดูจาก GPU จอ และความร้อน),"MSI Katana 15, Cyborg 15 และ Stealth ถ้าจะขายมือสอง ร้านรับซื้อจะดูอะไรบ้าง สรุปว่าการ์ดจอ จอ ความร้อน และสภาพรวมมีผลกับราคายังไง",https://ร้านรับซื้อโน๊ตบุ๊ค.com/blog/รับซื้อ-msi-katana-15-cyborg-15-stealth-ราคาเท่าไหร่/,(none),true,false,1,true,true,45,หน้าแรก / บทความ / รับซื้อ MSI Katana 15 Cyborg 15 และ Stealth ราคาเท่าไหร่ (ดูจาก GPU จอ และความร้อน) Gaming รุ่นย่อย • เผยแพร่ 14/5/2569 รับซื้อ MSI Katana 15 Cyborg 15 และ Stealth ราคาเท่าไหร่ (ดูจาก GPU จอ และความร้อ,/favicon.svg | /_astro/BaseLayout.Ce6jA0gB.css | /images/logo-ranrubsue-notebook-black-280.webp | /images/logo-ranrubsue-notebook-black-280.webp,,true
https://xn--42cn4aobed0eb6hubj4es0m5dhvd.com/blog/%E0%B8%A3%E0%B8%B1%E0%B8%9A%E0%B8%8B%E0%B8%B7%E0%B9%89%E0%B8%AD-msi-katana-cyborg-stealth-raider-%E0%B8%A3%E0%B8%B2%E0%B8%84%E0%B8%B2%E0%B9%80%E0%B8%97%E0%B9%88%E0%B8%B2%E0%B9%84%E0%B8%AB%E0%B8%A3%E0%B9%88/,Blog,200,https://xn--42cn4aobed0eb6hubj4es0m5dhvd.com/blog/%E0%B8%A3%E0%B8%B1%E0%B8%9A%E0%B8%8B%E0%B8%B7%E0%B9%89%E0%B8%AD-msi-katana-cyborg-stealth-raider-%E0%B8%A3%E0%B8%B2%E0%B8%84%E0%B8%B2%E0%B9%80%E0%B8%97%E0%B9%88%E0%B8%B2%E0%B9%84%E0%B8%AB%E0%B8%A3%E0%B9%88/,รับซื้อ MSI Katana Cyborg Stealth Raider ราคาเท่าไหร่ (ดูจาก GPU จอ และความร้อน) | ร้านรับซื้อโน๊ตบุ๊ค.com,รับซื้อ MSI Katana Cyborg Stealth Raider ราคาเท่าไหร่ (ดูจาก GPU จอ และความร้อน),"MSI สายเกมมิ่งอย่าง Katana, Cyborg, Stealth และ Raider ถ้าจะขายมือสอง ร้านรับซื้อจะดูอะไรบ้าง สรุปว่าการ์ดจอ จอ ความร้อน และสภาพเครื่องมีผลต่อราคาอย่างไร",https://ร้านรับซื้อโน๊ตบุ๊ค.com/blog/รับซื้อ-msi-katana-cyborg-stealth-raider-ราคาเท่าไหร่/,(none),true,false,1,true,true,45,หน้าแรก / บทความ / รับซื้อ MSI Katana Cyborg Stealth Raider ราคาเท่าไหร่ (ดูจาก GPU จอ และความร้อน) Gaming รุ่นยอดนิยม • เผยแพร่ 14/5/2569 รับซื้อ MSI Katana Cyborg Stealth Raider ราคาเท่าไหร่ (ดูจาก GPU จอ และความร้อน) ,/favicon.svg | /_astro/BaseLayout.Ce6jA0gB.css | /images/logo-ranrubsue-notebook-black-280.webp | /images/logo-ranrubsue-notebook-black-280.webp,,true
https://xn--42cn4aobed0eb6hubj4es0m5dhvd.com/blog/%E0%B8%A3%E0%B8%B1%E0%B8%9A%E0%B8%8B%E0%B8%B7%E0%B9%89%E0%B8%AD-msi-modern-%E0%B8%A3%E0%B8%B2%E0%B8%84%E0%B8%B2%E0%B9%80%E0%B8%97%E0%B9%88%E0%B8%B2%E0%B9%84%E0%B8%AB%E0%B8%A3%E0%B9%88/,Blog,200,https://xn--42cn4aobed0eb6hubj4es0m5dhvd.com/blog/%E0%B8%A3%E0%B8%B1%E0%B8%9A%E0%B8%8B%E0%B8%B7%E0%B9%89%E0%B8%AD-msi-modern-%E0%B8%A3%E0%B8%B2%E0%B8%84%E0%B8%B2%E0%B9%80%E0%B8%97%E0%B9%88%E0%B8%B2%E0%B9%84%E0%B8%AB%E0%B8%A3%E0%B9%88/,รับซื้อ MSI Modern ราคาเท่าไหร่ | ร้านรับซื้อโน๊ตบุ๊ค.com,รับซื้อ MSI Modern ราคาเท่าไหร่,ถ้าจะขาย MSI Modern ร้านรับซื้อจะดูสเปก แบต และสภาพจริงของเครื่องบางเบาสายทำงานอย่างไรบ้างก่อนให้ราคา,https://ร้านรับซื้อโน๊ตบุ๊ค.com/blog/รับซื้อ-msi-modern-ราคาเท่าไหร่/,(none),true,false,1,true,true,45,หน้าแรก / บทความ / รับซื้อ MSI Modern ราคาเท่าไหร่ Office รุ่นยอดนิยม • เผยแพร่ 16/5/2569 รับซื้อ MSI Modern ราคาเท่าไหร่ ถ้าจะขาย MSI Modern ร้านรับซื้อจะดูสเปก แบต และสภาพจริงของเครื่องบางเบาสายทำงานอย่างไรบ้างก่อนให้ร,/favicon.svg | /_astro/BaseLayout.Ce6jA0gB.css | /images/logo-ranrubsue-notebook-black-280.webp | /images/logo-ranrubsue-notebook-black-280.webp,,true
https://xn--42cn4aobed0eb6hubj4es0m5dhvd.com/blog/%E0%B8%A3%E0%B8%B1%E0%B8%9A%E0%B8%8B%E0%B8%B7%E0%B9%89%E0%B8%AD-notebook-%E0%B8%84%E0%B8%B9%E0%B9%88%E0%B8%A1%E0%B8%B7%E0%B8%AD%E0%B8%9C%E0%B8%B9%E0%B9%89%E0%B8%82%E0%B8%B2%E0%B8%A2%E0%B8%88%E0%B8%B2%E0%B8%81%E0%B8%AA%E0%B9%80%E0%B8%9B%E0%B8%81%E0%B8%96%E0%B8%B6%E0%B8%87%E0%B8%81%E0%B8%B2%E0%B8%A3%E0%B8%99%E0%B8%B1%E0%B8%94%E0%B8%A3%E0%B8%B1%E0%B8%9A/,Blog,200,https://xn--42cn4aobed0eb6hubj4es0m5dhvd.com/blog/%E0%B8%A3%E0%B8%B1%E0%B8%9A%E0%B8%8B%E0%B8%B7%E0%B9%89%E0%B8%AD-notebook-%E0%B8%84%E0%B8%B9%E0%B9%88%E0%B8%A1%E0%B8%B7%E0%B8%AD%E0%B8%9C%E0%B8%B9%E0%B9%89%E0%B8%82%E0%B8%B2%E0%B8%A2%E0%B8%88%E0%B8%B2%E0%B8%81%E0%B8%AA%E0%B9%80%E0%B8%9B%E0%B8%81%E0%B8%96%E0%B8%B6%E0%B8%87%E0%B8%81%E0%B8%B2%E0%B8%A3%E0%B8%99%E0%B8%B1%E0%B8%94%E0%B8%A3%E0%B8%B1%E0%B8%9A/,รับซื้อ Notebook คู่มือผู้ขาย จากศัพท์เทคนิคถึงการนัดรับเงิน | ร้านรับซื้อโน๊ตบุ๊ค.com,รับซื้อ Notebook คู่มือผู้ขาย จากศัพท์เทคนิคถึงการนัดรับเงิน,อธิบายว่า Notebook ในบริการรับซื้อหมายถึงอะไร ความต่างจากคำเรียกอื่น การเตรียมสเปก การประเมินราคา และลิงก์ไปหน้ารับซื้อ Notebook,https://ร้านรับซื้อโน๊ตบุ๊ค.com/blog/รับซื้อ-notebook-คู่มือผู้ขายจากสเปกถึงการนัดรับ/,(none),true,false,1,true,true,58,หน้าแรก / บทความ / รับซื้อ Notebook คู่มือผู้ขาย จากศัพท์เทคนิคถึงการนัดรับเงิน คู่มือหลัก • เผยแพร่ 1/5/2569 รับซื้อ Notebook คู่มือผู้ขาย จากศัพท์เทคนิคถึงการนัดรับเงิน อธิบายว่า Notebook ในบริการรับซื้อหมายถึงอะไร ควา,/favicon.svg | /_astro/BaseLayout.Ce6jA0gB.css | /images/logo-ranrubsue-notebook-black-280.webp | /images/logo-ranrubsue-notebook-black-280.webp,,true
https://xn--42cn4aobed0eb6hubj4es0m5dhvd.com/blog/%E0%B8%A3%E0%B8%B1%E0%B8%9A%E0%B8%8B%E0%B8%B7%E0%B9%89%E0%B8%AD-razer-blade-%E0%B8%A3%E0%B8%B2%E0%B8%84%E0%B8%B2%E0%B9%80%E0%B8%97%E0%B9%88%E0%B8%B2%E0%B9%84%E0%B8%AB%E0%B8%A3%E0%B9%88/,Blog,200,https://xn--42cn4aobed0eb6hubj4es0m5dhvd.com/blog/%E0%B8%A3%E0%B8%B1%E0%B8%9A%E0%B8%8B%E0%B8%B7%E0%B9%89%E0%B8%AD-razer-blade-%E0%B8%A3%E0%B8%B2%E0%B8%84%E0%B8%B2%E0%B9%80%E0%B8%97%E0%B9%88%E0%B8%B2%E0%B9%84%E0%B8%AB%E0%B8%A3%E0%B9%88/,รับซื้อ Razer Blade ราคาเท่าไหร่ | ร้านรับซื้อโน๊ตบุ๊ค.com,รับซื้อ Razer Blade ราคาเท่าไหร่,ถ้าจะขาย Razer Blade ร้านรับซื้อจะดูสเปก GPU จอ แบต และสภาพจริงของเกมมิ่งโน๊ตบุ๊คพรีเมียมอย่างไรบ้างก่อนให้ราคา,https://ร้านรับซื้อโน๊ตบุ๊ค.com/blog/รับซื้อ-razer-blade-ราคาเท่าไหร่/,(none),true,false,1,true,true,45,หน้าแรก / บทความ / รับซื้อ Razer Blade ราคาเท่าไหร่ Gaming ราคา • เผยแพร่ 16/5/2569 รับซื้อ Razer Blade ราคาเท่าไหร่ ถ้าจะขาย Razer Blade ร้านรับซื้อจะดูสเปก GPU จอ แบต และสภาพจริงของเกมมิ่งโน๊ตบุ๊คพรีเมียมอย่างไรบ้างก่อ,/favicon.svg | /_astro/BaseLayout.Ce6jA0gB.css | /images/logo-ranrubsue-notebook-black-280.webp | /images/logo-ranrubsue-notebook-black-280.webp,,true
https://xn--42cn4aobed0eb6hubj4es0m5dhvd.com/blog/%E0%B8%A3%E0%B8%B1%E0%B8%9A%E0%B8%8B%E0%B8%B7%E0%B9%89%E0%B8%AD-samsung-galaxy-book-%E0%B8%A3%E0%B8%B2%E0%B8%84%E0%B8%B2%E0%B9%80%E0%B8%97%E0%B9%88%E0%B8%B2%E0%B9%84%E0%B8%AB%E0%B8%A3%E0%B9%88/,Blog,200,https://xn--42cn4aobed0eb6hubj4es0m5dhvd.com/blog/%E0%B8%A3%E0%B8%B1%E0%B8%9A%E0%B8%8B%E0%B8%B7%E0%B9%89%E0%B8%AD-samsung-galaxy-book-%E0%B8%A3%E0%B8%B2%E0%B8%84%E0%B8%B2%E0%B9%80%E0%B8%97%E0%B9%88%E0%B8%B2%E0%B9%84%E0%B8%AB%E0%B8%A3%E0%B9%88/,รับซื้อ Samsung Galaxy Book ราคาเท่าไหร่ | ร้านรับซื้อโน๊ตบุ๊ค.com,รับซื้อ Samsung Galaxy Book ราคาเท่าไหร่,ถ้าจะขาย Samsung Galaxy Book ร้านรับซื้อจะดูสเปก แบต จอ และสภาพจริงของเครื่องบางเบาอย่างไรบ้างก่อนให้ราคา,https://ร้านรับซื้อโน๊ตบุ๊ค.com/blog/รับซื้อ-samsung-galaxy-book-ราคาเท่าไหร่/,(none),true,false,1,true,true,45,หน้าแรก / บทความ / รับซื้อ Samsung Galaxy Book ราคาเท่าไหร่ Office รุ่นยอดนิยม • เผยแพร่ 16/5/2569 รับซื้อ Samsung Galaxy Book ราคาเท่าไหร่ ถ้าจะขาย Samsung Galaxy Book ร้านรับซื้อจะดูสเปก แบต จอ และสภาพจริงของเครื่องบาง,/favicon.svg | /_astro/BaseLayout.Ce6jA0gB.css | /images/logo-ranrubsue-notebook-black-280.webp | /images/logo-ranrubsue-notebook-black-280.webp,,true
https://xn--42cn4aobed0eb6hubj4es0m5dhvd.com/blog/%E0%B8%A3%E0%B8%B1%E0%B8%9A%E0%B8%8B%E0%B8%B7%E0%B9%89%E0%B8%AD-surface-laptop-go-book-pro-%E0%B8%A3%E0%B8%B2%E0%B8%84%E0%B8%B2%E0%B9%80%E0%B8%97%E0%B9%88%E0%B8%B2%E0%B9%84%E0%B8%AB%E0%B8%A3%E0%B9%88/,Blog,200,https://xn--42cn4aobed0eb6hubj4es0m5dhvd.com/blog/%E0%B8%A3%E0%B8%B1%E0%B8%9A%E0%B8%8B%E0%B8%B7%E0%B9%89%E0%B8%AD-surface-laptop-go-book-pro-%E0%B8%A3%E0%B8%B2%E0%B8%84%E0%B8%B2%E0%B9%80%E0%B8%97%E0%B9%88%E0%B8%B2%E0%B9%84%E0%B8%AB%E0%B8%A3%E0%B9%88/,รับซื้อ Surface Laptop Go Book และ Pro ราคาเท่าไหร่ | ร้านรับซื้อโน๊ตบุ๊ค.com,รับซื้อ Surface Laptop Go Book และ Pro ราคาเท่าไหร่,"ถ้าจะขาย Surface Laptop, Laptop Go, Surface Book หรือ Surface Pro ร้านรับซื้อจะดูจอ แบต และอุปกรณ์เสริมอย่างไรบ้าง",https://ร้านรับซื้อโน๊ตบุ๊ค.com/blog/รับซื้อ-surface-laptop-go-book-pro-ราคาเท่าไหร่/,(none),true,false,1,true,true,45,"หน้าแรก / บทความ / รับซื้อ Surface Laptop Go Book และ Pro ราคาเท่าไหร่ Office รุ่นยอดนิยม • เผยแพร่ 14/5/2569 รับซื้อ Surface Laptop Go Book และ Pro ราคาเท่าไหร่ ถ้าจะขาย Surface Laptop, Laptop Go, Surface Book หรือ Surf",/favicon.svg | /_astro/BaseLayout.Ce6jA0gB.css | /images/logo-ranrubsue-notebook-black-280.webp | /images/logo-ranrubsue-notebook-black-280.webp,,true
https://xn--42cn4aobed0eb6hubj4es0m5dhvd.com/blog/%E0%B8%A3%E0%B8%B1%E0%B8%9A%E0%B8%8B%E0%B8%B7%E0%B9%89%E0%B8%AD-surface-laptop-pro-%E0%B8%A3%E0%B8%B2%E0%B8%84%E0%B8%B2%E0%B9%80%E0%B8%97%E0%B9%88%E0%B8%B2%E0%B9%84%E0%B8%AB%E0%B8%A3%E0%B9%88/,Blog,200,https://xn--42cn4aobed0eb6hubj4es0m5dhvd.com/blog/%E0%B8%A3%E0%B8%B1%E0%B8%9A%E0%B8%8B%E0%B8%B7%E0%B9%89%E0%B8%AD-surface-laptop-pro-%E0%B8%A3%E0%B8%B2%E0%B8%84%E0%B8%B2%E0%B9%80%E0%B8%97%E0%B9%88%E0%B8%B2%E0%B9%84%E0%B8%AB%E0%B8%A3%E0%B9%88/,รับซื้อ Surface Laptop และ Surface Pro ราคาเท่าไหร่ | ร้านรับซื้อโน๊ตบุ๊ค.com,รับซื้อ Surface Laptop และ Surface Pro ราคาเท่าไหร่,ถ้าจะขาย Surface Laptop หรือ Surface Pro ร้านรับซื้อจะดูอะไรบ้าง สรุปว่าจอ แบต อุปกรณ์เสริม และสภาพเครื่องมีผลต่อราคาอย่างไร,https://ร้านรับซื้อโน๊ตบุ๊ค.com/blog/รับซื้อ-surface-laptop-pro-ราคาเท่าไหร่/,(none),true,false,1,true,true,45,หน้าแรก / บทความ / รับซื้อ Surface Laptop และ Surface Pro ราคาเท่าไหร่ Office รุ่นยอดนิยม • เผยแพร่ 14/5/2569 รับซื้อ Surface Laptop และ Surface Pro ราคาเท่าไหร่ ถ้าจะขาย Surface Laptop หรือ Surface Pro ร้านรับซื้อจะดูอะ,/favicon.svg | /_astro/BaseLayout.Ce6jA0gB.css | /images/logo-ranrubsue-notebook-black-280.webp | /images/logo-ranrubsue-notebook-black-280.webp,,true
https://xn--42cn4aobed0eb6hubj4es0m5dhvd.com/blog/%E0%B8%A3%E0%B8%B1%E0%B8%9A%E0%B8%8B%E0%B8%B7%E0%B9%89%E0%B8%AD-thinkpad-x1-carbon-t14-e14-e15-%E0%B8%A3%E0%B8%B2%E0%B8%84%E0%B8%B2%E0%B9%80%E0%B8%97%E0%B9%88%E0%B8%B2%E0%B9%84%E0%B8%AB%E0%B8%A3%E0%B9%88/,Blog,200,https://xn--42cn4aobed0eb6hubj4es0m5dhvd.com/blog/%E0%B8%A3%E0%B8%B1%E0%B8%9A%E0%B8%8B%E0%B8%B7%E0%B9%89%E0%B8%AD-thinkpad-x1-carbon-t14-e14-e15-%E0%B8%A3%E0%B8%B2%E0%B8%84%E0%B8%B2%E0%B9%80%E0%B8%97%E0%B9%88%E0%B8%B2%E0%B9%84%E0%B8%AB%E0%B8%A3%E0%B9%88/,รับซื้อ ThinkPad X1 Carbon T14 และ E14 E15 ราคาเท่าไหร่ | ร้านรับซื้อโน๊ตบุ๊ค.com,รับซื้อ ThinkPad X1 Carbon T14 และ E14 E15 ราคาเท่าไหร่,"ถ้าจะขาย ThinkPad X1 Carbon, T14 หรือ E14 E15 ร้านรับซื้อจะดูอะไรบ้าง สรุปว่ารุ่น สเปก แบต และสภาพเครื่องมีผลต่อราคาอย่างไร",https://ร้านรับซื้อโน๊ตบุ๊ค.com/blog/รับซื้อ-thinkpad-x1-carbon-t14-e14-e15-ราคาเท่าไหร่/,(none),true,false,1,true,true,46,"หน้าแรก / บทความ / รับซื้อ ThinkPad X1 Carbon T14 และ E14 E15 ราคาเท่าไหร่ Office รุ่นยอดนิยม • เผยแพร่ 14/5/2569 รับซื้อ ThinkPad X1 Carbon T14 และ E14 E15 ราคาเท่าไหร่ ถ้าจะขาย ThinkPad X1 Carbon, T14 หรือ E14 E15 ร้าน",/favicon.svg | /_astro/BaseLayout.Ce6jA0gB.css | /images/logo-ranrubsue-notebook-black-280.webp | /images/logo-ranrubsue-notebook-black-280.webp,,true
https://xn--42cn4aobed0eb6hubj4es0m5dhvd.com/blog/%E0%B8%A3%E0%B9%89%E0%B8%B2%E0%B8%99%E0%B8%A3%E0%B8%B1%E0%B8%9A%E0%B8%8B%E0%B8%B7%E0%B9%89%E0%B8%AD%E0%B9%82%E0%B8%99%E0%B9%8A%E0%B8%95%E0%B8%9A%E0%B8%B8%E0%B9%8A%E0%B8%84-%E0%B8%A7%E0%B8%B4%E0%B8%98%E0%B8%B5%E0%B9%80%E0%B8%A5%E0%B8%B7%E0%B8%AD%E0%B8%81%E0%B8%A3%E0%B9%89%E0%B8%B2%E0%B8%99%E0%B8%97%E0%B8%B5%E0%B9%88%E0%B8%9B%E0%B8%A5%E0%B8%AD%E0%B8%94%E0%B8%A0%E0%B8%B1%E0%B8%A2%E0%B9%81%E0%B8%A5%E0%B8%B0%E0%B9%84%E0%B8%A1%E0%B9%88%E0%B9%82%E0%B8%94%E0%B8%99%E0%B8%AB%E0%B8%A5%E0%B8%AD%E0%B8%81/,Blog,200,https://xn--42cn4aobed0eb6hubj4es0m5dhvd.com/blog/%E0%B8%A3%E0%B9%89%E0%B8%B2%E0%B8%99%E0%B8%A3%E0%B8%B1%E0%B8%9A%E0%B8%8B%E0%B8%B7%E0%B9%89%E0%B8%AD%E0%B9%82%E0%B8%99%E0%B9%8A%E0%B8%95%E0%B8%9A%E0%B8%B8%E0%B9%8A%E0%B8%84-%E0%B8%A7%E0%B8%B4%E0%B8%98%E0%B8%B5%E0%B9%80%E0%B8%A5%E0%B8%B7%E0%B8%AD%E0%B8%81%E0%B8%A3%E0%B9%89%E0%B8%B2%E0%B8%99%E0%B8%97%E0%B8%B5%E0%B9%88%E0%B8%9B%E0%B8%A5%E0%B8%AD%E0%B8%94%E0%B8%A0%E0%B8%B1%E0%B8%A2%E0%B9%81%E0%B8%A5%E0%B8%B0%E0%B9%84%E0%B8%A1%E0%B9%88%E0%B9%82%E0%B8%94%E0%B8%99%E0%B8%AB%E0%B8%A5%E0%B8%AD%E0%B8%81/,ร้านรับซื้อโน๊ตบุ๊ค เลือกอย่างไรให้ปลอดภัยและไม่โดนหลอก | ร้านรับซื้อโน๊ตบุ๊ค.com,ร้านรับซื้อโน๊ตบุ๊ค เลือกอย่างไรให้ปลอดภัยและไม่โดนหลอก,แนวทางตรวจสอบร้านรับซื้อโน๊ตบุ๊คที่น่าเชื่อถือ สังเกตสัญญาณเตือน การสื่อสารราคา และการป้องกันข้อมูลส่วนตัวก่อนส่งมอบเครื่อง,https://ร้านรับซื้อโน๊ตบุ๊ค.com/blog/ร้านรับซื้อโน๊ตบุ๊ค-วิธีเลือกร้านที่ปลอดภัยและไม่โดนหลอก/,(none),true,false,1,true,true,51,หน้าแรก / บทความ / ร้านรับซื้อโน๊ตบุ๊ค เลือกอย่างไรให้ปลอดภัยและไม่โดนหลอก คู่มือหลัก • เผยแพร่ 1/5/2569 ร้านรับซื้อโน๊ตบุ๊ค เลือกอย่างไรให้ปลอดภัยและไม่โดนหลอก แนวทางตรวจสอบร้านรับซื้อโน๊ตบุ๊คที่น่าเชื่อถือ สังเกตสัญญาณ,/favicon.svg | /_astro/BaseLayout.Ce6jA0gB.css | /images/logo-ranrubsue-notebook-black-280.webp | /images/blog/notebooks-in-shop-lineup.webp | /images/logo-ranrubsue-notebook-black-280.webp,,true
https://xn--42cn4aobed0eb6hubj4es0m5dhvd.com/blog/%E0%B8%A3%E0%B9%89%E0%B8%B2%E0%B8%99%E0%B8%A3%E0%B8%B1%E0%B8%9A%E0%B8%8B%E0%B8%B7%E0%B9%89%E0%B8%AD%E0%B9%82%E0%B8%99%E0%B9%8A%E0%B8%95%E0%B8%9A%E0%B8%B8%E0%B9%8A%E0%B8%84-%E0%B9%80%E0%B8%8A%E0%B9%87%E0%B8%84%E0%B8%A3%E0%B8%B2%E0%B8%84%E0%B8%B2%E0%B9%82%E0%B8%99%E0%B9%8A%E0%B8%95%E0%B8%9A%E0%B8%B8%E0%B9%8A%E0%B8%84-%E0%B8%9B%E0%B8%A3%E0%B8%B0%E0%B9%80%E0%B8%A1%E0%B8%B4%E0%B8%99%E0%B8%A3%E0%B8%B2%E0%B8%84%E0%B8%B2-%E0%B8%84%E0%B8%B5%E0%B8%A2%E0%B9%8C%E0%B8%AB%E0%B8%A5%E0%B8%B1%E0%B8%81/,Blog,200,https://xn--42cn4aobed0eb6hubj4es0m5dhvd.com/blog/%E0%B8%A3%E0%B9%89%E0%B8%B2%E0%B8%99%E0%B8%A3%E0%B8%B1%E0%B8%9A%E0%B8%8B%E0%B8%B7%E0%B9%89%E0%B8%AD%E0%B9%82%E0%B8%99%E0%B9%8A%E0%B8%95%E0%B8%9A%E0%B8%B8%E0%B9%8A%E0%B8%84-%E0%B9%80%E0%B8%8A%E0%B9%87%E0%B8%84%E0%B8%A3%E0%B8%B2%E0%B8%84%E0%B8%B2%E0%B9%82%E0%B8%99%E0%B9%8A%E0%B8%95%E0%B8%9A%E0%B8%B8%E0%B9%8A%E0%B8%84-%E0%B8%9B%E0%B8%A3%E0%B8%B0%E0%B9%80%E0%B8%A1%E0%B8%B4%E0%B8%99%E0%B8%A3%E0%B8%B2%E0%B8%84%E0%B8%B2-%E0%B8%84%E0%B8%B5%E0%B8%A2%E0%B9%8C%E0%B8%AB%E0%B8%A5%E0%B8%B1%E0%B8%81/,ร้านรับซื้อโน๊ตบุ๊ค เช็คราคาและประเมินราคา — สรุปคีย์หลักก่อนขายมือสอง | ร้านรับซื้อโน๊ตบุ๊ค.com,ร้านรับซื้อโน๊ตบุ๊ค เช็คราคาและประเมินราคา — สรุปคีย์หลักก่อนขายมือสอง,อธิบายความหมายของคีย์หลัก เช่น ร้านรับซื้อโน๊ตบุ๊ค เช็คราคาโน๊ตบุ๊ค ประเมินราคา ตีราคา และขั้นตอนส่งรูปผ่าน LINE เพื่อให้ได้กรอบราคาที่ใกล้เคียงที่สุด,https://ร้านรับซื้อโน๊ตบุ๊ค.com/blog/ร้านรับซื้อโน๊ตบุ๊ค-เช็คราคาโน๊ตบุ๊ค-ประเมินราคา-คีย์หลัก/,(none),true,false,1,true,true,52,หน้าแรก / บทความ / ร้านรับซื้อโน๊ตบุ๊ค เช็คราคาและประเมินราคา — สรุปคีย์หลักก่อนขายมือสอง คู่มือหลัก • เผยแพร่ 5/5/2569 ร้านรับซื้อโน๊ตบุ๊ค เช็คราคาและประเมินราคา — สรุปคีย์หลักก่อนขายมือสอง อธิบายความหมายของคีย์หลัก เช่,/favicon.svg | /_astro/BaseLayout.Ce6jA0gB.css | /images/logo-ranrubsue-notebook-black-280.webp | /images/logo-ranrubsue-notebook-black-280.webp,,true
https://xn--42cn4aobed0eb6hubj4es0m5dhvd.com/blog/%E0%B8%A7%E0%B8%B4%E0%B8%98%E0%B8%B5%E0%B8%94%E0%B8%B9%E0%B8%A3%E0%B8%B8%E0%B9%88%E0%B8%99%E0%B9%82%E0%B8%99%E0%B9%8A%E0%B8%95%E0%B8%9A%E0%B8%B8%E0%B9%8A%E0%B8%84-windows-%E0%B8%81%E0%B9%88%E0%B8%AD%E0%B8%99%E0%B8%AA%E0%B9%88%E0%B8%87%E0%B8%9B%E0%B8%A3%E0%B8%B0%E0%B9%80%E0%B8%A1%E0%B8%B4%E0%B8%99%E0%B8%A3%E0%B8%B2%E0%B8%84%E0%B8%B2/,Blog,200,https://xn--42cn4aobed0eb6hubj4es0m5dhvd.com/blog/%E0%B8%A7%E0%B8%B4%E0%B8%98%E0%B8%B5%E0%B8%94%E0%B8%B9%E0%B8%A3%E0%B8%B8%E0%B9%88%E0%B8%99%E0%B9%82%E0%B8%99%E0%B9%8A%E0%B8%95%E0%B8%9A%E0%B8%B8%E0%B9%8A%E0%B8%84-windows-%E0%B8%81%E0%B9%88%E0%B8%AD%E0%B8%99%E0%B8%AA%E0%B9%88%E0%B8%87%E0%B8%9B%E0%B8%A3%E0%B8%B0%E0%B9%80%E0%B8%A1%E0%B8%B4%E0%B8%99%E0%B8%A3%E0%B8%B2%E0%B8%84%E0%B8%B2/,วิธีดูรุ่นโน๊ตบุ๊ค Windows ก่อนส่งประเมินราคา | ร้านรับซื้อโน๊ตบุ๊ค.com,วิธีดูรุ่นโน๊ตบุ๊ค Windows ก่อนส่งประเมินราคา,สรุปวิธีดูรุ่นโน๊ตบุ๊ค Windows แบบง่าย ๆ พร้อมตัวอย่างข้อมูลที่ควรถ่าย/ส่งให้ร้านรับซื้อเพื่อเช็คราคาโน๊ตบุ๊คได้ไวขึ้น,https://ร้านรับซื้อโน๊ตบุ๊ค.com/blog/วิธีดูรุ่นโน๊ตบุ๊ค-windows-ก่อนส่งประเมินราคา/,(none),true,false,1,true,true,44,หน้าแรก / บทความ / วิธีดูรุ่นโน๊ตบุ๊ค Windows ก่อนส่งประเมินราคา คู่มือเช็คราคา • เผยแพร่ 28/4/2569 วิธีดูรุ่นโน๊ตบุ๊ค Windows ก่อนส่งประเมินราคา สรุปวิธีดูรุ่นโน๊ตบุ๊ค Windows แบบง่าย ๆ พร้อมตัวอย่างข้อมูลที่ควรถ่าย/ส่ง,/favicon.svg | /_astro/BaseLayout.Ce6jA0gB.css | /images/logo-ranrubsue-notebook-black-280.webp | /images/logo-ranrubsue-notebook-black-280.webp,,true
https://xn--42cn4aobed0eb6hubj4es0m5dhvd.com/blog/%E0%B8%A7%E0%B8%B4%E0%B8%98%E0%B8%B5%E0%B8%94%E0%B8%B9%E0%B8%AA%E0%B9%80%E0%B8%9B%E0%B8%81-cpu-ram-ssd-%E0%B8%82%E0%B8%AD%E0%B8%87%E0%B9%82%E0%B8%99%E0%B9%8A%E0%B8%95%E0%B8%9A%E0%B8%B8%E0%B9%8A%E0%B8%84/,Blog,200,https://xn--42cn4aobed0eb6hubj4es0m5dhvd.com/blog/%E0%B8%A7%E0%B8%B4%E0%B8%98%E0%B8%B5%E0%B8%94%E0%B8%B9%E0%B8%AA%E0%B9%80%E0%B8%9B%E0%B8%81-cpu-ram-ssd-%E0%B8%82%E0%B8%AD%E0%B8%87%E0%B9%82%E0%B8%99%E0%B9%8A%E0%B8%95%E0%B8%9A%E0%B8%B8%E0%B9%8A%E0%B8%84/,วิธีดูสเปก CPU RAM SSD ของโน๊ตบุ๊ค (สำหรับส่งประเมินราคา) | ร้านรับซื้อโน๊ตบุ๊ค.com,วิธีดูสเปก CPU RAM SSD ของโน๊ตบุ๊ค (สำหรับส่งประเมินราคา),รวมวิธีเช็กสเปกโน๊ตบุ๊ค Windows แบบง่าย ๆ เพื่อส่งประเมินราคาให้ร้านรับซื้อ ช่วยให้เช็คราคาโน๊ตบุ๊คได้ไวและตรงขึ้น,https://ร้านรับซื้อโน๊ตบุ๊ค.com/blog/วิธีดูสเปก-cpu-ram-ssd-ของโน๊ตบุ๊ค/,(none),true,false,1,true,true,46,หน้าแรก / บทความ / วิธีดูสเปก CPU RAM SSD ของโน๊ตบุ๊ค (สำหรับส่งประเมินราคา) คู่มือเช็คราคา • เผยแพร่ 28/4/2569 วิธีดูสเปก CPU RAM SSD ของโน๊ตบุ๊ค (สำหรับส่งประเมินราคา) รวมวิธีเช็กสเปกโน๊ตบุ๊ค Windows แบบง่าย ๆ เพื่อส่ง,/favicon.svg | /_astro/BaseLayout.Ce6jA0gB.css | /images/logo-ranrubsue-notebook-black-280.webp | /images/logo-ranrubsue-notebook-black-280.webp,,true
https://xn--42cn4aobed0eb6hubj4es0m5dhvd.com/blog/%E0%B8%A7%E0%B8%B4%E0%B8%98%E0%B8%B5%E0%B9%80%E0%B8%8A%E0%B9%87%E0%B8%84%E0%B8%AA%E0%B8%B8%E0%B8%82%E0%B8%A0%E0%B8%B2%E0%B8%9E%E0%B9%81%E0%B8%9A%E0%B8%95%E0%B9%82%E0%B8%99%E0%B9%8A%E0%B8%95%E0%B8%9A%E0%B8%B8%E0%B9%8A%E0%B8%84-windows/,Blog,200,https://xn--42cn4aobed0eb6hubj4es0m5dhvd.com/blog/%E0%B8%A7%E0%B8%B4%E0%B8%98%E0%B8%B5%E0%B9%80%E0%B8%8A%E0%B9%87%E0%B8%84%E0%B8%AA%E0%B8%B8%E0%B8%82%E0%B8%A0%E0%B8%B2%E0%B8%9E%E0%B9%81%E0%B8%9A%E0%B8%95%E0%B9%82%E0%B8%99%E0%B9%8A%E0%B8%95%E0%B8%9A%E0%B8%B8%E0%B9%8A%E0%B8%84-windows/,วิธีเช็คสุขภาพแบตโน๊ตบุ๊ค Windows ก่อนส่งประเมินราคา (Battery report) | ร้านรับซื้อโน๊ตบุ๊ค.com,วิธีเช็คสุขภาพแบตโน๊ตบุ๊ค Windows ก่อนส่งประเมินราคา (Battery report),เช็คสุขภาพแบตโน๊ตบุ๊คบน Windows แบบง่าย ๆ เพื่อส่งข้อมูลให้ร้านประเมินใกล้เคียงความเป็นจริง — พร้อมข้อควรรู้ว่าตัวเลขบางอย่างอ่านควบคู่อาการใช้งาน,https://ร้านรับซื้อโน๊ตบุ๊ค.com/blog/วิธีเช็คสุขภาพแบตโน๊ตบุ๊ค-windows/,(none),true,false,1,true,true,45,หน้าแรก / บทความ / วิธีเช็คสุขภาพแบตโน๊ตบุ๊ค Windows ก่อนส่งประเมินราคา (Battery report) คู่มือเตรียมเครื่อง • เผยแพร่ 6/5/2569 วิธีเช็คสุขภาพแบตโน๊ตบุ๊ค Windows ก่อนส่งประเมินราคา (Battery report) เช็คสุขภาพแบตโน๊ตบุ๊คบ,/favicon.svg | /_astro/BaseLayout.Ce6jA0gB.css | /images/logo-ranrubsue-notebook-black-280.webp | /images/logo-ranrubsue-notebook-black-280.webp,,true
https://xn--42cn4aobed0eb6hubj4es0m5dhvd.com/blog/%E0%B8%A7%E0%B8%B4%E0%B8%98%E0%B8%B5%E0%B9%80%E0%B8%8A%E0%B9%87%E0%B8%84%E0%B8%AA%E0%B9%80%E0%B8%9B%E0%B8%81%E0%B9%82%E0%B8%99%E0%B9%8A%E0%B8%95%E0%B8%9A%E0%B8%B8%E0%B9%8A%E0%B8%84-windows-%E0%B8%81%E0%B9%88%E0%B8%AD%E0%B8%99%E0%B8%82%E0%B8%B2%E0%B8%A2/,Blog,200,https://xn--42cn4aobed0eb6hubj4es0m5dhvd.com/blog/%E0%B8%A7%E0%B8%B4%E0%B8%98%E0%B8%B5%E0%B9%80%E0%B8%8A%E0%B9%87%E0%B8%84%E0%B8%AA%E0%B9%80%E0%B8%9B%E0%B8%81%E0%B9%82%E0%B8%99%E0%B9%8A%E0%B8%95%E0%B8%9A%E0%B8%B8%E0%B9%8A%E0%B8%84-windows-%E0%B8%81%E0%B9%88%E0%B8%AD%E0%B8%99%E0%B8%82%E0%B8%B2%E0%B8%A2/,วิธีเช็คสเปกโน๊ตบุ๊ค Windows ก่อนขาย | ร้านรับซื้อโน๊ตบุ๊ค.com,วิธีเช็คสเปกโน๊ตบุ๊ค Windows ก่อนขาย,"รวมวิธีเช็คสเปกโน๊ตบุ๊ค Windows แบบเร็ว ๆ เพื่อส่งให้ร้านประเมินราคาได้แม่นขึ้น เช่น CPU, RAM, SSD, GPU และรุ่นเครื่อง",https://ร้านรับซื้อโน๊ตบุ๊ค.com/blog/วิธีเช็คสเปกโน๊ตบุ๊ค-windows-ก่อนขาย/,(none),true,false,1,true,true,40,"หน้าแรก / บทความ / วิธีเช็คสเปกโน๊ตบุ๊ค Windows ก่อนขาย วิธีเช็คสเปก • เผยแพร่ 14/4/2569 วิธีเช็คสเปกโน๊ตบุ๊ค Windows ก่อนขาย รวมวิธีเช็คสเปกโน๊ตบุ๊ค Windows แบบเร็ว ๆ เพื่อส่งให้ร้านประเมินราคาได้แม่นขึ้น เช่น CPU, RAM,",/favicon.svg | /_astro/BaseLayout.Ce6jA0gB.css | /images/logo-ranrubsue-notebook-black-280.webp | /images/logo-ranrubsue-notebook-black-280.webp,,true
https://xn--42cn4aobed0eb6hubj4es0m5dhvd.com/blog/%E0%B8%AD%E0%B8%B0%E0%B9%84%E0%B8%A3%E0%B8%97%E0%B8%B3%E0%B9%83%E0%B8%AB%E0%B9%89%E0%B8%A3%E0%B8%B2%E0%B8%84%E0%B8%B2%E0%B9%82%E0%B8%99%E0%B9%8A%E0%B8%95%E0%B8%9A%E0%B8%B8%E0%B9%8A%E0%B8%84%E0%B8%A1%E0%B8%B7%E0%B8%AD%E0%B8%AA%E0%B8%AD%E0%B8%87%E0%B8%A5%E0%B8%94%E0%B8%A5%E0%B8%87/,Blog,200,https://xn--42cn4aobed0eb6hubj4es0m5dhvd.com/blog/%E0%B8%AD%E0%B8%B0%E0%B9%84%E0%B8%A3%E0%B8%97%E0%B8%B3%E0%B9%83%E0%B8%AB%E0%B9%89%E0%B8%A3%E0%B8%B2%E0%B8%84%E0%B8%B2%E0%B9%82%E0%B8%99%E0%B9%8A%E0%B8%95%E0%B8%9A%E0%B8%B8%E0%B9%8A%E0%B8%84%E0%B8%A1%E0%B8%B7%E0%B8%AD%E0%B8%AA%E0%B8%AD%E0%B8%87%E0%B8%A5%E0%B8%94%E0%B8%A5%E0%B8%87/,อะไรทำให้ราคาโน๊ตบุ๊คมือสองลดลง (และควรเตรียมอะไรก่อนขาย) | ร้านรับซื้อโน๊ตบุ๊ค.com,อะไรทำให้ราคาโน๊ตบุ๊คมือสองลดลง (และควรเตรียมอะไรก่อนขาย),รวมปัจจัยที่ทำให้ราคาโน๊ตบุ๊คมือสองตก เช่น สเปก สภาพแบต หน้าจอ อุปกรณ์ และอาการเสีย พร้อมแนวทางเตรียมข้อมูลเพื่อประเมินราคาจากสภาพจริง,https://ร้านรับซื้อโน๊ตบุ๊ค.com/blog/อะไรทำให้ราคาโน๊ตบุ๊คมือสองลดลง/,(none),true,false,1,true,true,47,หน้าแรก / บทความ / อะไรทำให้ราคาโน๊ตบุ๊คมือสองลดลง (และควรเตรียมอะไรก่อนขาย) คู่มือขายโน๊ตบุ๊ค • เผยแพร่ 30/4/2569 อะไรทำให้ราคาโน๊ตบุ๊คมือสองลดลง (และควรเตรียมอะไรก่อนขาย) รวมปัจจัยที่ทำให้ราคาโน๊ตบุ๊คมือสองตก เช่น สเปก,/favicon.svg | /_astro/BaseLayout.Ce6jA0gB.css | /images/logo-ranrubsue-notebook-black-280.webp | /images/logo-ranrubsue-notebook-black-280.webp,,true
https://xn--42cn4aobed0eb6hubj4es0m5dhvd.com/blog/%E0%B8%AE%E0%B8%B2%E0%B8%A3%E0%B9%8C%E0%B8%94%E0%B8%94%E0%B8%B4%E0%B8%AA%E0%B8%81%E0%B9%8C%E0%B8%81%E0%B8%B1%E0%B8%9A-ssd-%E0%B8%9C%E0%B8%A5%E0%B8%95%E0%B9%88%E0%B8%AD%E0%B8%A3%E0%B8%B2%E0%B8%84%E0%B8%B2%E0%B8%A3%E0%B8%B1%E0%B8%9A%E0%B8%8B%E0%B8%B7%E0%B9%89%E0%B8%AD%E0%B9%82%E0%B8%99%E0%B9%8A%E0%B8%95%E0%B8%9A%E0%B8%B8%E0%B9%8A%E0%B8%84%E0%B8%A1%E0%B8%B7%E0%B8%AD%E0%B8%AA%E0%B8%AD%E0%B8%87/,Blog,200,https://xn--42cn4aobed0eb6hubj4es0m5dhvd.com/blog/%E0%B8%AE%E0%B8%B2%E0%B8%A3%E0%B9%8C%E0%B8%94%E0%B8%94%E0%B8%B4%E0%B8%AA%E0%B8%81%E0%B9%8C%E0%B8%81%E0%B8%B1%E0%B8%9A-ssd-%E0%B8%9C%E0%B8%A5%E0%B8%95%E0%B9%88%E0%B8%AD%E0%B8%A3%E0%B8%B2%E0%B8%84%E0%B8%B2%E0%B8%A3%E0%B8%B1%E0%B8%9A%E0%B8%8B%E0%B8%B7%E0%B9%89%E0%B8%AD%E0%B9%82%E0%B8%99%E0%B9%8A%E0%B8%95%E0%B8%9A%E0%B8%B8%E0%B9%8A%E0%B8%84%E0%B8%A1%E0%B8%B7%E0%B8%AD%E0%B8%AA%E0%B8%AD%E0%B8%87/,ฮาร์ดดิสก์ (HDD) กับ SSD ส่งผลต่อราคารับซื้อโน๊ตบุ๊คมือสองยังไง? | ร้านรับซื้อโน๊ตบุ๊ค.com,ฮาร์ดดิสก์ (HDD) กับ SSD ส่งผลต่อราคารับซื้อโน๊ตบุ๊คมือสองยังไง?,อธิบายด้วยภาษาเข้าใจง่ายว่าทำไมเครื่อง HDD อย่างเดียว มักประเมินกรอบราคาไม่เทียบเท่า SSD ในกลุ่มทั่วไป พร้อมข้อควรแจ้งถ้ามี HDD+SSD และข้อควรระวังเมื่อดิสก์มีอาการเสื่อม,https://ร้านรับซื้อโน๊ตบุ๊ค.com/blog/ฮาร์ดดิสก์กับ-ssd-ผลต่อราคารับซื้อโน๊ตบุ๊คมือสอง/,(none),true,false,1,true,true,43,หน้าแรก / บทความ / ฮาร์ดดิสก์ (HDD) กับ SSD ส่งผลต่อราคารับซื้อโน๊ตบุ๊คมือสองยังไง? คู่มือประเมินราคา • เผยแพร่ 6/5/2569 ฮาร์ดดิสก์ (HDD) กับ SSD ส่งผลต่อราคารับซื้อโน๊ตบุ๊คมือสองยังไง? อธิบายด้วยภาษาเข้าใจง่ายว่าทำไมเคร,/favicon.svg | /_astro/BaseLayout.Ce6jA0gB.css | /images/logo-ranrubsue-notebook-black-280.webp | /images/logo-ranrubsue-notebook-black-280.webp,,true
https://xn--42cn4aobed0eb6hubj4es0m5dhvd.com/blog/%E0%B8%AE%E0%B8%B2%E0%B8%A3%E0%B9%8C%E0%B8%94%E0%B8%94%E0%B8%B4%E0%B8%AA%E0%B8%81%E0%B9%8C%E0%B9%80%E0%B8%AA%E0%B8%B5%E0%B8%A2%E0%B8%82%E0%B8%B2%E0%B8%A2%E0%B9%84%E0%B8%94%E0%B9%89%E0%B9%84%E0%B8%AB%E0%B8%A1/,Blog,200,https://xn--42cn4aobed0eb6hubj4es0m5dhvd.com/blog/%E0%B8%AE%E0%B8%B2%E0%B8%A3%E0%B9%8C%E0%B8%94%E0%B8%94%E0%B8%B4%E0%B8%AA%E0%B8%81%E0%B9%8C%E0%B9%80%E0%B8%AA%E0%B8%B5%E0%B8%A2%E0%B8%82%E0%B8%B2%E0%B8%A2%E0%B9%84%E0%B8%94%E0%B9%89%E0%B9%84%E0%B8%AB%E0%B8%A1/,ฮาร์ดดิสก์เสียขายได้ไหม | ร้านรับซื้อโน๊ตบุ๊ค.com,ฮาร์ดดิสก์เสียขายได้ไหม,ถ้าโน๊ตบุ๊คฮาร์ดดิสก์เสีย เปิดช้า หรือมองไม่เห็นไดรฟ์ ยังขายได้ไหม และมีผลกับราคาอย่างไร,https://ร้านรับซื้อโน๊ตบุ๊ค.com/blog/ฮาร์ดดิสก์เสียขายได้ไหม/,(none),true,false,1,true,true,44,หน้าแรก / บทความ / ฮาร์ดดิสก์เสียขายได้ไหม อาการเสียเฉพาะจุด • เผยแพร่ 14/5/2569 ฮาร์ดดิสก์เสียขายได้ไหม ถ้าโน๊ตบุ๊คฮาร์ดดิสก์เสีย เปิดช้า หรือมองไม่เห็นไดรฟ์ ยังขายได้ไหม และมีผลกับราคาอย่างไร ✦ ส่งอาการ HDD และสเปกเพื่,/favicon.svg | /_astro/BaseLayout.Ce6jA0gB.css | /images/logo-ranrubsue-notebook-black-280.webp | /images/logo-ranrubsue-notebook-black-280.webp,,true
https://xn--42cn4aobed0eb6hubj4es0m5dhvd.com/blog/%E0%B9%80%E0%B8%8A%E0%B9%87%E0%B8%84%E0%B8%A3%E0%B8%B2%E0%B8%84%E0%B8%B2%E0%B9%82%E0%B8%99%E0%B9%8A%E0%B8%95%E0%B8%9A%E0%B8%B8%E0%B9%8A%E0%B8%84-%E0%B8%95%E0%B8%B5%E0%B8%A3%E0%B8%B2%E0%B8%84%E0%B8%B2%E0%B9%82%E0%B8%99%E0%B9%8A%E0%B8%95%E0%B8%9A%E0%B8%B8%E0%B9%8A%E0%B8%84-%E0%B8%9B%E0%B8%A3%E0%B8%B0%E0%B9%80%E0%B8%A1%E0%B8%B4%E0%B8%99%E0%B8%A3%E0%B8%B2%E0%B8%84%E0%B8%B2-%E0%B8%95%E0%B9%88%E0%B8%B2%E0%B8%87%E0%B8%81%E0%B8%B1%E0%B8%99%E0%B8%AD%E0%B8%A2%E0%B9%88%E0%B8%B2%E0%B8%87%E0%B9%84%E0%B8%A3/,Blog,200,https://xn--42cn4aobed0eb6hubj4es0m5dhvd.com/blog/%E0%B9%80%E0%B8%8A%E0%B9%87%E0%B8%84%E0%B8%A3%E0%B8%B2%E0%B8%84%E0%B8%B2%E0%B9%82%E0%B8%99%E0%B9%8A%E0%B8%95%E0%B8%9A%E0%B8%B8%E0%B9%8A%E0%B8%84-%E0%B8%95%E0%B8%B5%E0%B8%A3%E0%B8%B2%E0%B8%84%E0%B8%B2%E0%B9%82%E0%B8%99%E0%B9%8A%E0%B8%95%E0%B8%9A%E0%B8%B8%E0%B9%8A%E0%B8%84-%E0%B8%9B%E0%B8%A3%E0%B8%B0%E0%B9%80%E0%B8%A1%E0%B8%B4%E0%B8%99%E0%B8%A3%E0%B8%B2%E0%B8%84%E0%B8%B2-%E0%B8%95%E0%B9%88%E0%B8%B2%E0%B8%87%E0%B8%81%E0%B8%B1%E0%B8%99%E0%B8%AD%E0%B8%A2%E0%B9%88%E0%B8%B2%E0%B8%87%E0%B9%84%E0%B8%A3/,เช็คราคาโน๊ตบุ๊ค กับ ตีราคาโน๊ตบุ๊ค กับ ประเมินราคาโน๊ตบุ๊ค ต่างกันอย่างไร | ร้านรับซื้อโน๊ตบุ๊ค.com,เช็คราคาโน๊ตบุ๊ค กับ ตีราคาโน๊ตบุ๊ค กับ ประเมินราคาโน๊ตบุ๊ค ต่างกันอย่างไร,อธิบาย intent การใช้งานแต่ละคำ ขั้นตอนประเมินเบื้องต้น ปัจจัยราคา และลิงก์ไปหน้าเช็คราคาและตีราคาของร้านรับซื้อโน๊ตบุ๊ค.com,https://ร้านรับซื้อโน๊ตบุ๊ค.com/blog/เช็คราคาโน๊ตบุ๊ค-ตีราคาโน๊ตบุ๊ค-ประเมินราคา-ต่างกันอย่างไร/,(none),true,false,1,true,true,63,หน้าแรก / บทความ / เช็คราคาโน๊ตบุ๊ค กับ ตีราคาโน๊ตบุ๊ค กับ ประเมินราคาโน๊ตบุ๊ค ต่างกันอย่างไร คู่มือหลัก • เผยแพร่ 1/5/2569 เช็คราคาโน๊ตบุ๊ค กับ ตีราคาโน๊ตบุ๊ค กับ ประเมินราคาโน๊ตบุ๊ค ต่างกันอย่างไร อธิบาย intent การใช้ง,/favicon.svg | /_astro/BaseLayout.Ce6jA0gB.css | /images/logo-ranrubsue-notebook-black-280.webp | /images/blog/asus-vivobook-2026.webp | /images/logo-ranrubsue-notebook-black-280.webp,,true
https://xn--42cn4aobed0eb6hubj4es0m5dhvd.com/blog/%E0%B9%80%E0%B8%8A%E0%B9%87%E0%B8%84%E0%B8%A5%E0%B8%B4%E0%B8%AA%E0%B8%95%E0%B9%8C%E0%B8%96%E0%B9%88%E0%B8%B2%E0%B8%A2%E0%B8%A3%E0%B8%B9%E0%B8%9B%E0%B9%82%E0%B8%99%E0%B9%8A%E0%B8%95%E0%B8%9A%E0%B8%B8%E0%B9%8A%E0%B8%84%E0%B8%81%E0%B9%88%E0%B8%AD%E0%B8%99%E0%B8%AA%E0%B9%88%E0%B8%87%E0%B8%9B%E0%B8%A3%E0%B8%B0%E0%B9%80%E0%B8%A1%E0%B8%B4%E0%B8%99%E0%B8%A3%E0%B8%B2%E0%B8%84%E0%B8%B2/,Blog,200,https://xn--42cn4aobed0eb6hubj4es0m5dhvd.com/blog/%E0%B9%80%E0%B8%8A%E0%B9%87%E0%B8%84%E0%B8%A5%E0%B8%B4%E0%B8%AA%E0%B8%95%E0%B9%8C%E0%B8%96%E0%B9%88%E0%B8%B2%E0%B8%A2%E0%B8%A3%E0%B8%B9%E0%B8%9B%E0%B9%82%E0%B8%99%E0%B9%8A%E0%B8%95%E0%B8%9A%E0%B8%B8%E0%B9%8A%E0%B8%84%E0%B8%81%E0%B9%88%E0%B8%AD%E0%B8%99%E0%B8%AA%E0%B9%88%E0%B8%87%E0%B8%9B%E0%B8%A3%E0%B8%B0%E0%B9%80%E0%B8%A1%E0%B8%B4%E0%B8%99%E0%B8%A3%E0%B8%B2%E0%B8%84%E0%B8%B2/,เช็คลิสต์ถ่ายรูปโน๊ตบุ๊คก่อนส่งประเมินราคา (ลดถามซ้ำ ได้กรอบราคาใกล้จริง) | ร้านรับซื้อโน๊ตบุ๊ค.com,เช็คลิสต์ถ่ายรูปโน๊ตบุ๊คก่อนส่งประเมินราคา (ลดถามซ้ำ ได้กรอบราคาใกล้จริง),รวมมุมถ่ายรูปและข้อมูลที่ควรส่งก่อนขอประเมินราคาโน๊ตบุ๊คมือสอง ผ่าน LINE ให้ครบในครั้งเดียว ช่วยให้คุยสั้นลงและลดความคลาดเคลื่อนเรื่องสภาพ,https://ร้านรับซื้อโน๊ตบุ๊ค.com/blog/เช็คลิสต์ถ่ายรูปโน๊ตบุ๊คก่อนส่งประเมินราคา/,(none),true,false,1,true,true,44,หน้าแรก / บทความ / เช็คลิสต์ถ่ายรูปโน๊ตบุ๊คก่อนส่งประเมินราคา (ลดถามซ้ำ ได้กรอบราคาใกล้จริง) คู่มือเตรียมเครื่อง • เผยแพร่ 6/5/2569 เช็คลิสต์ถ่ายรูปโน๊ตบุ๊คก่อนส่งประเมินราคา (ลดถามซ้ำ ได้กรอบราคาใกล้จริง) รวมมุมถ่ายรูปแ,/favicon.svg | /_astro/BaseLayout.Ce6jA0gB.css | /images/logo-ranrubsue-notebook-black-280.webp | /images/blog/laptop-photo-setup-with-charger.webp | /images/logo-ranrubsue-notebook-black-280.webp,,true
https://xn--42cn4aobed0eb6hubj4es0m5dhvd.com/blog/%E0%B9%82%E0%B8%99%E0%B9%8A%E0%B8%95%E0%B8%9A%E0%B8%B8%E0%B9%8A%E0%B8%84%E0%B8%84%E0%B8%B5%E0%B8%A2%E0%B9%8C%E0%B8%9A%E0%B8%AD%E0%B8%A3%E0%B9%8C%E0%B8%94%E0%B9%80%E0%B8%AA%E0%B8%B5%E0%B8%A2%E0%B8%82%E0%B8%B2%E0%B8%A2%E0%B9%84%E0%B8%94%E0%B9%89%E0%B9%84%E0%B8%AB%E0%B8%A1/,Blog,200,https://xn--42cn4aobed0eb6hubj4es0m5dhvd.com/blog/%E0%B9%82%E0%B8%99%E0%B9%8A%E0%B8%95%E0%B8%9A%E0%B8%B8%E0%B9%8A%E0%B8%84%E0%B8%84%E0%B8%B5%E0%B8%A2%E0%B9%8C%E0%B8%9A%E0%B8%AD%E0%B8%A3%E0%B9%8C%E0%B8%94%E0%B9%80%E0%B8%AA%E0%B8%B5%E0%B8%A2%E0%B8%82%E0%B8%B2%E0%B8%A2%E0%B9%84%E0%B8%94%E0%B9%89%E0%B9%84%E0%B8%AB%E0%B8%A1/,โน๊ตบุ๊คคีย์บอร์ดเสียขายได้ไหม (บางปุ่มกดไม่ติด ปุ่มค้าง ไฟคีย์บอร์ดมีปัญหา) | ร้านรับซื้อโน๊ตบุ๊ค.com,โน๊ตบุ๊คคีย์บอร์ดเสียขายได้ไหม (บางปุ่มกดไม่ติด ปุ่มค้าง ไฟคีย์บอร์ดมีปัญหา),คีย์บอร์ดเสียยังขายได้ไหม? สรุปว่าร้านรับซื้อดูอะไรบ้าง ตั้งแต่จำนวนปุ่มที่เสีย ความยากในการเปลี่ยนอะไหล่ ไปจนถึงผลต่อราคารวมของเครื่อง,https://ร้านรับซื้อโน๊ตบุ๊ค.com/blog/โน๊ตบุ๊คคีย์บอร์ดเสียขายได้ไหม/,(none),true,false,1,true,true,43,หน้าแรก / บทความ / โน๊ตบุ๊คคีย์บอร์ดเสียขายได้ไหม (บางปุ่มกดไม่ติด ปุ่มค้าง ไฟคีย์บอร์ดมีปัญหา) อาการเสีย • เผยแพร่ 14/5/2569 โน๊ตบุ๊คคีย์บอร์ดเสียขายได้ไหม (บางปุ่มกดไม่ติด ปุ่มค้าง ไฟคีย์บอร์ดมีปัญหา) คีย์บอร์ดเสียยังข,/favicon.svg | /_astro/BaseLayout.Ce6jA0gB.css | /images/logo-ranrubsue-notebook-black-280.webp | /images/logo-ranrubsue-notebook-black-280.webp,,true
https://xn--42cn4aobed0eb6hubj4es0m5dhvd.com/blog/%E0%B9%82%E0%B8%99%E0%B9%8A%E0%B8%95%E0%B8%9A%E0%B8%B8%E0%B9%8A%E0%B8%84%E0%B8%84%E0%B9%89%E0%B8%B2%E0%B8%87%E0%B8%9A%E0%B9%88%E0%B8%AD%E0%B8%A2%E0%B8%82%E0%B8%B2%E0%B8%A2%E0%B9%84%E0%B8%94%E0%B9%89%E0%B9%84%E0%B8%AB%E0%B8%A1/,Blog,200,https://xn--42cn4aobed0eb6hubj4es0m5dhvd.com/blog/%E0%B9%82%E0%B8%99%E0%B9%8A%E0%B8%95%E0%B8%9A%E0%B8%B8%E0%B9%8A%E0%B8%84%E0%B8%84%E0%B9%89%E0%B8%B2%E0%B8%87%E0%B8%9A%E0%B9%88%E0%B8%AD%E0%B8%A2%E0%B8%82%E0%B8%B2%E0%B8%A2%E0%B9%84%E0%B8%94%E0%B9%89%E0%B9%84%E0%B8%AB%E0%B8%A1/,โน๊ตบุ๊คค้างบ่อยขายได้ไหม | ร้านรับซื้อโน๊ตบุ๊ค.com,โน๊ตบุ๊คค้างบ่อยขายได้ไหม,โน๊ตบุ๊คค้างบ่อย หน่วงผิดปกติ หรือหยุดนิ่งระหว่างใช้งาน ยังขายได้ไหม และควรบอกอะไรให้ร้านรู้,https://ร้านรับซื้อโน๊ตบุ๊ค.com/blog/โน๊ตบุ๊คค้างบ่อยขายได้ไหม/,(none),true,false,1,true,true,44,หน้าแรก / บทความ / โน๊ตบุ๊คค้างบ่อยขายได้ไหม อาการเสียเฉพาะจุด • เผยแพร่ 14/5/2569 โน๊ตบุ๊คค้างบ่อยขายได้ไหม โน๊ตบุ๊คค้างบ่อย หน่วงผิดปกติ หรือหยุดนิ่งระหว่างใช้งาน ยังขายได้ไหม และควรบอกอะไรให้ร้านรู้ ✦ ส่งอาการค้างและส,/favicon.svg | /_astro/BaseLayout.Ce6jA0gB.css | /images/logo-ranrubsue-notebook-black-280.webp | /images/logo-ranrubsue-notebook-black-280.webp,,true
https://xn--42cn4aobed0eb6hubj4es0m5dhvd.com/blog/%E0%B9%82%E0%B8%99%E0%B9%8A%E0%B8%95%E0%B8%9A%E0%B8%B8%E0%B9%8A%E0%B8%84%E0%B8%88%E0%B8%AD%E0%B8%81%E0%B8%A3%E0%B8%B0%E0%B8%9E%E0%B8%A3%E0%B8%B4%E0%B8%9A%E0%B8%82%E0%B8%B2%E0%B8%A2%E0%B9%84%E0%B8%94%E0%B9%89%E0%B9%84%E0%B8%AB%E0%B8%A1/,Blog,200,https://xn--42cn4aobed0eb6hubj4es0m5dhvd.com/blog/%E0%B9%82%E0%B8%99%E0%B9%8A%E0%B8%95%E0%B8%9A%E0%B8%B8%E0%B9%8A%E0%B8%84%E0%B8%88%E0%B8%AD%E0%B8%81%E0%B8%A3%E0%B8%B0%E0%B8%9E%E0%B8%A3%E0%B8%B4%E0%B8%9A%E0%B8%82%E0%B8%B2%E0%B8%A2%E0%B9%84%E0%B8%94%E0%B9%89%E0%B9%84%E0%B8%AB%E0%B8%A1/,โน๊ตบุ๊คจอกระพริบขายได้ไหม (จอติดบ้างดับบ้าง ภาพสั่น สีเพี้ยน) | ร้านรับซื้อโน๊ตบุ๊ค.com,โน๊ตบุ๊คจอกระพริบขายได้ไหม (จอติดบ้างดับบ้าง ภาพสั่น สีเพี้ยน),จอกระพริบยังขายได้ไหม? สรุปว่าร้านรับซื้อดูอะไรบ้าง ระหว่างอาการจอ สายแพร บอร์ด และความเสี่ยงที่ทำให้ราคาต่างกัน,https://ร้านรับซื้อโน๊ตบุ๊ค.com/blog/โน๊ตบุ๊คจอกระพริบขายได้ไหม/,(none),true,false,1,true,true,43,หน้าแรก / บทความ / โน๊ตบุ๊คจอกระพริบขายได้ไหม (จอติดบ้างดับบ้าง ภาพสั่น สีเพี้ยน) อาการเสีย • เผยแพร่ 16/5/2569 โน๊ตบุ๊คจอกระพริบขายได้ไหม (จอติดบ้างดับบ้าง ภาพสั่น สีเพี้ยน) จอกระพริบยังขายได้ไหม? สรุปว่าร้านรับซื้อดูอะ,/favicon.svg | /_astro/BaseLayout.Ce6jA0gB.css | /images/logo-ranrubsue-notebook-black-280.webp | /images/logo-ranrubsue-notebook-black-280.webp,,true
https://xn--42cn4aobed0eb6hubj4es0m5dhvd.com/blog/%E0%B9%82%E0%B8%99%E0%B9%8A%E0%B8%95%E0%B8%9A%E0%B8%B8%E0%B9%8A%E0%B8%84%E0%B8%88%E0%B8%AD%E0%B8%9F%E0%B9%89%E0%B8%B2%E0%B8%82%E0%B8%B2%E0%B8%A2%E0%B9%84%E0%B8%94%E0%B9%89%E0%B9%84%E0%B8%AB%E0%B8%A1/,Blog,200,https://xn--42cn4aobed0eb6hubj4es0m5dhvd.com/blog/%E0%B9%82%E0%B8%99%E0%B9%8A%E0%B8%95%E0%B8%9A%E0%B8%B8%E0%B9%8A%E0%B8%84%E0%B8%88%E0%B8%AD%E0%B8%9F%E0%B9%89%E0%B8%B2%E0%B8%82%E0%B8%B2%E0%B8%A2%E0%B9%84%E0%B8%94%E0%B9%89%E0%B9%84%E0%B8%AB%E0%B8%A1/,โน๊ตบุ๊คจอฟ้าขายได้ไหม | ร้านรับซื้อโน๊ตบุ๊ค.com,โน๊ตบุ๊คจอฟ้าขายได้ไหม,ถ้าโน๊ตบุ๊คขึ้นจอฟ้าบ่อย ยังขายได้ไหม และควรส่งข้อมูลอะไรให้ร้านประเมินก่อนปิดงาน,https://ร้านรับซื้อโน๊ตบุ๊ค.com/blog/โน๊ตบุ๊คจอฟ้าขายได้ไหม/,(none),true,false,1,true,true,44,หน้าแรก / บทความ / โน๊ตบุ๊คจอฟ้าขายได้ไหม อาการเสียเฉพาะจุด • เผยแพร่ 14/5/2569 โน๊ตบุ๊คจอฟ้าขายได้ไหม ถ้าโน๊ตบุ๊คขึ้นจอฟ้าบ่อย ยังขายได้ไหม และควรส่งข้อมูลอะไรให้ร้านประเมินก่อนปิดงาน ✦ ส่ง error หรือวิดีโอจอฟ้าเพื่อประ,/favicon.svg | /_astro/BaseLayout.Ce6jA0gB.css | /images/logo-ranrubsue-notebook-black-280.webp | /images/logo-ranrubsue-notebook-black-280.webp,,true
https://xn--42cn4aobed0eb6hubj4es0m5dhvd.com/blog/%E0%B9%82%E0%B8%99%E0%B9%8A%E0%B8%95%E0%B8%9A%E0%B8%B8%E0%B9%8A%E0%B8%84%E0%B8%88%E0%B8%AD%E0%B8%A1%E0%B8%B5%E0%B9%80%E0%B8%AA%E0%B9%89%E0%B8%99%E0%B8%82%E0%B8%B2%E0%B8%A2%E0%B9%84%E0%B8%94%E0%B9%89%E0%B9%84%E0%B8%AB%E0%B8%A1/,Blog,200,https://xn--42cn4aobed0eb6hubj4es0m5dhvd.com/blog/%E0%B9%82%E0%B8%99%E0%B9%8A%E0%B8%95%E0%B8%9A%E0%B8%B8%E0%B9%8A%E0%B8%84%E0%B8%88%E0%B8%AD%E0%B8%A1%E0%B8%B5%E0%B9%80%E0%B8%AA%E0%B9%89%E0%B8%99%E0%B8%82%E0%B8%B2%E0%B8%A2%E0%B9%84%E0%B8%94%E0%B9%89%E0%B9%84%E0%B8%AB%E0%B8%A1/,โน๊ตบุ๊คจอมีเส้นขายได้ไหม (เส้นแนวตั้ง แนวนอน สีเพี้ยน) | ร้านรับซื้อโน๊ตบุ๊ค.com,โน๊ตบุ๊คจอมีเส้นขายได้ไหม (เส้นแนวตั้ง แนวนอน สีเพี้ยน),จอมีเส้นยังขายได้ไหม? สรุปว่าร้านรับซื้อดูระดับอาการ จำนวนเส้น ความเกี่ยวข้องกับจอหรือบอร์ด และควรส่งข้อมูลแบบไหนให้ประเมินตรงขึ้น,https://ร้านรับซื้อโน๊ตบุ๊ค.com/blog/โน๊ตบุ๊คจอมีเส้นขายได้ไหม/,(none),true,false,1,true,true,43,หน้าแรก / บทความ / โน๊ตบุ๊คจอมีเส้นขายได้ไหม (เส้นแนวตั้ง แนวนอน สีเพี้ยน) อาการเสีย • เผยแพร่ 16/5/2569 โน๊ตบุ๊คจอมีเส้นขายได้ไหม (เส้นแนวตั้ง แนวนอน สีเพี้ยน) จอมีเส้นยังขายได้ไหม? สรุปว่าร้านรับซื้อดูระดับอาการ จำนวนเ,/favicon.svg | /_astro/BaseLayout.Ce6jA0gB.css | /images/logo-ranrubsue-notebook-black-280.webp | /images/logo-ranrubsue-notebook-black-280.webp,,true
https://xn--42cn4aobed0eb6hubj4es0m5dhvd.com/blog/%E0%B9%82%E0%B8%99%E0%B9%8A%E0%B8%95%E0%B8%9A%E0%B8%B8%E0%B9%8A%E0%B8%84%E0%B8%88%E0%B8%AD%E0%B9%81%E0%B8%95%E0%B8%81%E0%B8%A2%E0%B8%B1%E0%B8%87%E0%B8%A1%E0%B8%B5%E0%B8%A3%E0%B8%B2%E0%B8%84%E0%B8%B2%E0%B9%84%E0%B8%AB%E0%B8%A1/,Blog,200,https://xn--42cn4aobed0eb6hubj4es0m5dhvd.com/blog/%E0%B9%82%E0%B8%99%E0%B9%8A%E0%B8%95%E0%B8%9A%E0%B8%B8%E0%B9%8A%E0%B8%84%E0%B8%88%E0%B8%AD%E0%B9%81%E0%B8%95%E0%B8%81%E0%B8%A2%E0%B8%B1%E0%B8%87%E0%B8%A1%E0%B8%B5%E0%B8%A3%E0%B8%B2%E0%B8%84%E0%B8%B2%E0%B9%84%E0%B8%AB%E0%B8%A1/,โน๊ตบุ๊คจอแตกยังมีราคาไหม (ขายได้ไหมและต้องส่งรูปมุมไหน) | ร้านรับซื้อโน๊ตบุ๊ค.com,โน๊ตบุ๊คจอแตกยังมีราคาไหม (ขายได้ไหมและต้องส่งรูปมุมไหน),สรุปกรณีโน๊ตบุ๊คจอแตก/จอเป็นเส้น/จอดำ ยังขายได้ไหม ราคามักดูจากอะไร และควรถ่ายรูปมุมไหนให้ประเมินได้ตรงขึ้น,https://ร้านรับซื้อโน๊ตบุ๊ค.com/blog/โน๊ตบุ๊คจอแตกยังมีราคาไหม/,(none),true,false,1,true,true,48,หน้าแรก / บทความ / โน๊ตบุ๊คจอแตกยังมีราคาไหม (ขายได้ไหมและต้องส่งรูปมุมไหน) โน๊ตบุ๊คเสียขายได้ไหม • เผยแพร่ 29/4/2569 โน๊ตบุ๊คจอแตกยังมีราคาไหม (ขายได้ไหมและต้องส่งรูปมุมไหน) สรุปกรณีโน๊ตบุ๊คจอแตก/จอเป็นเส้น/จอดำ ยังขายไ,/favicon.svg | /_astro/BaseLayout.Ce6jA0gB.css | /images/logo-ranrubsue-notebook-black-280.webp | /images/logo-ranrubsue-notebook-black-280.webp,,true
https://xn--42cn4aobed0eb6hubj4es0m5dhvd.com/blog/%E0%B9%82%E0%B8%99%E0%B9%8A%E0%B8%95%E0%B8%9A%E0%B8%B8%E0%B9%8A%E0%B8%84%E0%B8%88%E0%B8%AD%E0%B9%84%E0%B8%A1%E0%B9%88%E0%B8%95%E0%B8%B4%E0%B8%94%E0%B9%81%E0%B8%95%E0%B9%88%E0%B9%80%E0%B8%84%E0%B8%A3%E0%B8%B7%E0%B9%88%E0%B8%AD%E0%B8%87%E0%B8%95%E0%B8%B4%E0%B8%94%E0%B8%82%E0%B8%B2%E0%B8%A2%E0%B9%84%E0%B8%94%E0%B9%89%E0%B9%84%E0%B8%AB%E0%B8%A1/,Blog,200,https://xn--42cn4aobed0eb6hubj4es0m5dhvd.com/blog/%E0%B9%82%E0%B8%99%E0%B9%8A%E0%B8%95%E0%B8%9A%E0%B8%B8%E0%B9%8A%E0%B8%84%E0%B8%88%E0%B8%AD%E0%B9%84%E0%B8%A1%E0%B9%88%E0%B8%95%E0%B8%B4%E0%B8%94%E0%B9%81%E0%B8%95%E0%B9%88%E0%B9%80%E0%B8%84%E0%B8%A3%E0%B8%B7%E0%B9%88%E0%B8%AD%E0%B8%87%E0%B8%95%E0%B8%B4%E0%B8%94%E0%B8%82%E0%B8%B2%E0%B8%A2%E0%B9%84%E0%B8%94%E0%B9%89%E0%B9%84%E0%B8%AB%E0%B8%A1/,โน๊ตบุ๊คจอไม่ติดแต่เครื่องติดขายได้ไหม | ร้านรับซื้อโน๊ตบุ๊ค.com,โน๊ตบุ๊คจอไม่ติดแต่เครื่องติดขายได้ไหม,ถ้าเครื่องมีไฟ มีเสียงพัดลม แต่จอไม่ติด ยังขายได้ไหม และควรส่งข้อมูลแบบไหนเพื่อประเมินได้ไว,https://ร้านรับซื้อโน๊ตบุ๊ค.com/blog/โน๊ตบุ๊คจอไม่ติดแต่เครื่องติดขายได้ไหม/,(none),true,false,1,true,true,44,หน้าแรก / บทความ / โน๊ตบุ๊คจอไม่ติดแต่เครื่องติดขายได้ไหม อาการเสียเฉพาะจุด • เผยแพร่ 14/5/2569 โน๊ตบุ๊คจอไม่ติดแต่เครื่องติดขายได้ไหม ถ้าเครื่องมีไฟ มีเสียงพัดลม แต่จอไม่ติด ยังขายได้ไหม และควรส่งข้อมูลแบบไหนเพื่อประเมิ,/favicon.svg | /_astro/BaseLayout.Ce6jA0gB.css | /images/logo-ranrubsue-notebook-black-280.webp | /images/logo-ranrubsue-notebook-black-280.webp,,true
https://xn--42cn4aobed0eb6hubj4es0m5dhvd.com/blog/%E0%B9%82%E0%B8%99%E0%B9%8A%E0%B8%95%E0%B8%9A%E0%B8%B8%E0%B9%8A%E0%B8%84%E0%B8%8A%E0%B8%B2%E0%B8%A3%E0%B9%8C%E0%B8%88%E0%B9%84%E0%B8%A1%E0%B9%88%E0%B9%80%E0%B8%82%E0%B9%89%E0%B8%B2-%E0%B8%9E%E0%B8%AD%E0%B8%A3%E0%B9%8C%E0%B8%95%E0%B8%8A%E0%B8%B2%E0%B8%A3%E0%B9%8C%E0%B8%88%E0%B9%80%E0%B8%AA%E0%B8%B5%E0%B8%A2%E0%B8%82%E0%B8%B2%E0%B8%A2%E0%B9%84%E0%B8%94%E0%B9%89%E0%B9%84%E0%B8%AB%E0%B8%A1/,Blog,200,https://xn--42cn4aobed0eb6hubj4es0m5dhvd.com/blog/%E0%B9%82%E0%B8%99%E0%B9%8A%E0%B8%95%E0%B8%9A%E0%B8%B8%E0%B9%8A%E0%B8%84%E0%B8%8A%E0%B8%B2%E0%B8%A3%E0%B9%8C%E0%B8%88%E0%B9%84%E0%B8%A1%E0%B9%88%E0%B9%80%E0%B8%82%E0%B9%89%E0%B8%B2-%E0%B8%9E%E0%B8%AD%E0%B8%A3%E0%B9%8C%E0%B8%95%E0%B8%8A%E0%B8%B2%E0%B8%A3%E0%B9%8C%E0%B8%88%E0%B9%80%E0%B8%AA%E0%B8%B5%E0%B8%A2%E0%B8%82%E0%B8%B2%E0%B8%A2%E0%B9%84%E0%B8%94%E0%B9%89%E0%B9%84%E0%B8%AB%E0%B8%A1/,โน๊ตบุ๊คชาร์จไม่เข้า พอร์ตชาร์จเสียขายได้ไหม | ร้านรับซื้อโน๊ตบุ๊ค.com,โน๊ตบุ๊คชาร์จไม่เข้า พอร์ตชาร์จเสียขายได้ไหม,ชาร์จไม่เข้า สายขยับแล้วติดบ้างดับบ้าง หรือพอร์ตชาร์จหลวม ยังขายได้ไหม สรุปสิ่งที่ร้านดูและข้อมูลที่ควรส่งก่อนประเมิน,https://ร้านรับซื้อโน๊ตบุ๊ค.com/blog/โน๊ตบุ๊คชาร์จไม่เข้า-พอร์ตชาร์จเสียขายได้ไหม/,(none),true,false,1,true,true,44,หน้าแรก / บทความ / โน๊ตบุ๊คชาร์จไม่เข้า พอร์ตชาร์จเสียขายได้ไหม อาการเสีย • เผยแพร่ 14/5/2569 โน๊ตบุ๊คชาร์จไม่เข้า พอร์ตชาร์จเสียขายได้ไหม ชาร์จไม่เข้า สายขยับแล้วติดบ้างดับบ้าง หรือพอร์ตชาร์จหลวม ยังขายได้ไหม สรุปสิ่งที,/favicon.svg | /_astro/BaseLayout.Ce6jA0gB.css | /images/logo-ranrubsue-notebook-black-280.webp | /images/logo-ranrubsue-notebook-black-280.webp,,true
https://xn--42cn4aobed0eb6hubj4es0m5dhvd.com/blog/%E0%B9%82%E0%B8%99%E0%B9%8A%E0%B8%95%E0%B8%9A%E0%B8%B8%E0%B9%8A%E0%B8%84%E0%B8%8A%E0%B9%88%E0%B8%AD%E0%B8%87%E0%B8%AB%E0%B8%B9%E0%B8%9F%E0%B8%B1%E0%B8%87%E0%B9%80%E0%B8%AA%E0%B8%B5%E0%B8%A2%E0%B8%82%E0%B8%B2%E0%B8%A2%E0%B9%84%E0%B8%94%E0%B9%89%E0%B9%84%E0%B8%AB%E0%B8%A1/,Blog,200,https://xn--42cn4aobed0eb6hubj4es0m5dhvd.com/blog/%E0%B9%82%E0%B8%99%E0%B9%8A%E0%B8%95%E0%B8%9A%E0%B8%B8%E0%B9%8A%E0%B8%84%E0%B8%8A%E0%B9%88%E0%B8%AD%E0%B8%87%E0%B8%AB%E0%B8%B9%E0%B8%9F%E0%B8%B1%E0%B8%87%E0%B9%80%E0%B8%AA%E0%B8%B5%E0%B8%A2%E0%B8%82%E0%B8%B2%E0%B8%A2%E0%B9%84%E0%B8%94%E0%B9%89%E0%B9%84%E0%B8%AB%E0%B8%A1/,โน๊ตบุ๊คช่องหูฟังเสียขายได้ไหม | ร้านรับซื้อโน๊ตบุ๊ค.com,โน๊ตบุ๊คช่องหูฟังเสียขายได้ไหม,ถ้าช่องหูฟังของโน๊ตบุ๊คเสีย ไม่ออกเสียง หรือหลวม ยังขายได้ไหม และกระทบราคาแค่ไหน,https://ร้านรับซื้อโน๊ตบุ๊ค.com/blog/โน๊ตบุ๊คช่องหูฟังเสียขายได้ไหม/,(none),true,false,1,true,true,43,หน้าแรก / บทความ / โน๊ตบุ๊คช่องหูฟังเสียขายได้ไหม อาการเสียเฉพาะจุด • เผยแพร่ 14/5/2569 โน๊ตบุ๊คช่องหูฟังเสียขายได้ไหม ถ้าช่องหูฟังของโน๊ตบุ๊คเสีย ไม่ออกเสียง หรือหลวม ยังขายได้ไหม และกระทบราคาแค่ไหน ✦ ส่งอาการช่องหูฟังเ,/favicon.svg | /_astro/BaseLayout.Ce6jA0gB.css | /images/logo-ranrubsue-notebook-black-280.webp | /images/logo-ranrubsue-notebook-black-280.webp,,true
https://xn--42cn4aobed0eb6hubj4es0m5dhvd.com/blog/%E0%B9%82%E0%B8%99%E0%B9%8A%E0%B8%95%E0%B8%9A%E0%B8%B8%E0%B9%8A%E0%B8%84%E0%B8%95%E0%B8%B4%E0%B8%94%E0%B8%A3%E0%B8%AB%E0%B8%B1%E0%B8%AA-windows-%E0%B8%82%E0%B8%B2%E0%B8%A2%E0%B9%84%E0%B8%94%E0%B9%89%E0%B9%84%E0%B8%AB%E0%B8%A1/,Blog,200,https://xn--42cn4aobed0eb6hubj4es0m5dhvd.com/blog/%E0%B9%82%E0%B8%99%E0%B9%8A%E0%B8%95%E0%B8%9A%E0%B8%B8%E0%B9%8A%E0%B8%84%E0%B8%95%E0%B8%B4%E0%B8%94%E0%B8%A3%E0%B8%AB%E0%B8%B1%E0%B8%AA-windows-%E0%B8%82%E0%B8%B2%E0%B8%A2%E0%B9%84%E0%B8%94%E0%B9%89%E0%B9%84%E0%B8%AB%E0%B8%A1/,โน๊ตบุ๊คติดรหัส Windows ขายได้ไหม | ร้านรับซื้อโน๊ตบุ๊ค.com,โน๊ตบุ๊คติดรหัส Windows ขายได้ไหม,แยกประเภทรหัส PIN รหัสผู้ใช้ BitLocker และ Microsoft account ว่าปลดอย่างไรก่อนขาย และมีผลต่อการประเมินราคาอย่างไร,https://ร้านรับซื้อโน๊ตบุ๊ค.com/blog/โน๊ตบุ๊คติดรหัส-windows-ขายได้ไหม/,(none),true,false,1,true,true,40,หน้าแรก / บทความ / โน๊ตบุ๊คติดรหัส Windows ขายได้ไหม คำถามยอดฮิต • เผยแพร่ 1/5/2569 โน๊ตบุ๊คติดรหัส Windows ขายได้ไหม แยกประเภทรหัส PIN รหัสผู้ใช้ BitLocker และ Microsoft account ว่าปลดอย่างไรก่อนขาย และมีผลต่อการประเมิน,/favicon.svg | /_astro/BaseLayout.Ce6jA0gB.css | /images/logo-ranrubsue-notebook-black-280.webp | /images/logo-ranrubsue-notebook-black-280.webp,,true
https://xn--42cn4aobed0eb6hubj4es0m5dhvd.com/blog/%E0%B9%82%E0%B8%99%E0%B9%8A%E0%B8%95%E0%B8%9A%E0%B8%B8%E0%B9%8A%E0%B8%84%E0%B8%97%E0%B8%B1%E0%B8%8A%E0%B8%AA%E0%B8%81%E0%B8%A3%E0%B8%B5%E0%B8%99%E0%B9%80%E0%B8%AA%E0%B8%B5%E0%B8%A2%E0%B8%82%E0%B8%B2%E0%B8%A2%E0%B9%84%E0%B8%94%E0%B9%89%E0%B9%84%E0%B8%AB%E0%B8%A1/,Blog,200,https://xn--42cn4aobed0eb6hubj4es0m5dhvd.com/blog/%E0%B9%82%E0%B8%99%E0%B9%8A%E0%B8%95%E0%B8%9A%E0%B8%B8%E0%B9%8A%E0%B8%84%E0%B8%97%E0%B8%B1%E0%B8%8A%E0%B8%AA%E0%B8%81%E0%B8%A3%E0%B8%B5%E0%B8%99%E0%B9%80%E0%B8%AA%E0%B8%B5%E0%B8%A2%E0%B8%82%E0%B8%B2%E0%B8%A2%E0%B9%84%E0%B8%94%E0%B9%89%E0%B9%84%E0%B8%AB%E0%B8%A1/,โน๊ตบุ๊คทัชสกรีนเสียขายได้ไหม | ร้านรับซื้อโน๊ตบุ๊ค.com,โน๊ตบุ๊คทัชสกรีนเสียขายได้ไหม,ถ้าโน๊ตบุ๊คจอสัมผัสเสีย ทัชไม่ติดหรือทัชเพี้ยน ยังขายได้ไหม และควรแจ้งอะไรให้ร้านรู้,https://ร้านรับซื้อโน๊ตบุ๊ค.com/blog/โน๊ตบุ๊คทัชสกรีนเสียขายได้ไหม/,(none),true,false,1,true,true,43,หน้าแรก / บทความ / โน๊ตบุ๊คทัชสกรีนเสียขายได้ไหม อาการเสียเฉพาะจุด • เผยแพร่ 14/5/2569 โน๊ตบุ๊คทัชสกรีนเสียขายได้ไหม ถ้าโน๊ตบุ๊คจอสัมผัสเสีย ทัชไม่ติดหรือทัชเพี้ยน ยังขายได้ไหม และควรแจ้งอะไรให้ร้านรู้ ✦ ส่งวิดีโออาการทั,/favicon.svg | /_astro/BaseLayout.Ce6jA0gB.css | /images/logo-ranrubsue-notebook-black-280.webp | /images/logo-ranrubsue-notebook-black-280.webp,,true
https://xn--42cn4aobed0eb6hubj4es0m5dhvd.com/blog/%E0%B9%82%E0%B8%99%E0%B9%8A%E0%B8%95%E0%B8%9A%E0%B8%B8%E0%B9%8A%E0%B8%84%E0%B8%9A%E0%B8%A5%E0%B8%B9%E0%B8%97%E0%B8%B9%E0%B8%98%E0%B9%83%E0%B8%8A%E0%B9%89%E0%B9%84%E0%B8%A1%E0%B9%88%E0%B9%84%E0%B8%94%E0%B9%89%E0%B8%82%E0%B8%B2%E0%B8%A2%E0%B9%84%E0%B8%94%E0%B9%89%E0%B9%84%E0%B8%AB%E0%B8%A1/,Blog,200,https://xn--42cn4aobed0eb6hubj4es0m5dhvd.com/blog/%E0%B9%82%E0%B8%99%E0%B9%8A%E0%B8%95%E0%B8%9A%E0%B8%B8%E0%B9%8A%E0%B8%84%E0%B8%9A%E0%B8%A5%E0%B8%B9%E0%B8%97%E0%B8%B9%E0%B8%98%E0%B9%83%E0%B8%8A%E0%B9%89%E0%B9%84%E0%B8%A1%E0%B9%88%E0%B9%84%E0%B8%94%E0%B9%89%E0%B8%82%E0%B8%B2%E0%B8%A2%E0%B9%84%E0%B8%94%E0%B9%89%E0%B9%84%E0%B8%AB%E0%B8%A1/,โน๊ตบุ๊คบลูทูธใช้ไม่ได้ขายได้ไหม | ร้านรับซื้อโน๊ตบุ๊ค.com,โน๊ตบุ๊คบลูทูธใช้ไม่ได้ขายได้ไหม,ถ้าโน๊ตบุ๊คบลูทูธใช้ไม่ได้ เปิดไม่ขึ้น หรือเชื่อมต่อหลุดบ่อย ยังขายได้ไหม,https://ร้านรับซื้อโน๊ตบุ๊ค.com/blog/โน๊ตบุ๊คบลูทูธใช้ไม่ได้ขายได้ไหม/,(none),true,false,1,true,true,43,หน้าแรก / บทความ / โน๊ตบุ๊คบลูทูธใช้ไม่ได้ขายได้ไหม อาการเสียเฉพาะจุด • เผยแพร่ 14/5/2569 โน๊ตบุ๊คบลูทูธใช้ไม่ได้ขายได้ไหม ถ้าโน๊ตบุ๊คบลูทูธใช้ไม่ได้ เปิดไม่ขึ้น หรือเชื่อมต่อหลุดบ่อย ยังขายได้ไหม ✦ ส่งอาการบลูทูธเพื่อปร,/favicon.svg | /_astro/BaseLayout.Ce6jA0gB.css | /images/logo-ranrubsue-notebook-black-280.webp | /images/logo-ranrubsue-notebook-black-280.webp,,true
https://xn--42cn4aobed0eb6hubj4es0m5dhvd.com/blog/%E0%B9%82%E0%B8%99%E0%B9%8A%E0%B8%95%E0%B8%9A%E0%B8%B8%E0%B9%8A%E0%B8%84%E0%B8%9A%E0%B8%AD%E0%B8%94%E0%B8%B5%E0%B9%89%E0%B9%81%E0%B8%95%E0%B8%81%E0%B8%82%E0%B8%B2%E0%B8%A2%E0%B9%84%E0%B8%94%E0%B9%89%E0%B9%84%E0%B8%AB%E0%B8%A1/,Blog,200,https://xn--42cn4aobed0eb6hubj4es0m5dhvd.com/blog/%E0%B9%82%E0%B8%99%E0%B9%8A%E0%B8%95%E0%B8%9A%E0%B8%B8%E0%B9%8A%E0%B8%84%E0%B8%9A%E0%B8%AD%E0%B8%94%E0%B8%B5%E0%B9%89%E0%B9%81%E0%B8%95%E0%B8%81%E0%B8%82%E0%B8%B2%E0%B8%A2%E0%B9%84%E0%B8%94%E0%B9%89%E0%B9%84%E0%B8%AB%E0%B8%A1/,โน๊ตบุ๊คบอดี้แตกขายได้ไหม | ร้านรับซื้อโน๊ตบุ๊ค.com,โน๊ตบุ๊คบอดี้แตกขายได้ไหม,ถ้าบอดี้โน๊ตบุ๊คแตก ฝาแตก หรือขอบร้าว แต่ยังใช้งานได้ ยังขายได้ไหม,https://ร้านรับซื้อโน๊ตบุ๊ค.com/blog/โน๊ตบุ๊คบอดี้แตกขายได้ไหม/,(none),true,false,1,true,true,42,หน้าแรก / บทความ / โน๊ตบุ๊คบอดี้แตกขายได้ไหม อาการเสียเฉพาะจุด • เผยแพร่ 14/5/2569 โน๊ตบุ๊คบอดี้แตกขายได้ไหม ถ้าบอดี้โน๊ตบุ๊คแตก ฝาแตก หรือขอบร้าว แต่ยังใช้งานได้ ยังขายได้ไหม ✦ ส่งรูปบอดี้แตกเพื่อประเมิน โทร 0642579353 ,/favicon.svg | /_astro/BaseLayout.Ce6jA0gB.css | /images/logo-ranrubsue-notebook-black-280.webp | /images/logo-ranrubsue-notebook-black-280.webp,,true
https://xn--42cn4aobed0eb6hubj4es0m5dhvd.com/blog/%E0%B9%82%E0%B8%99%E0%B9%8A%E0%B8%95%E0%B8%9A%E0%B8%B8%E0%B9%8A%E0%B8%84%E0%B8%9A%E0%B8%B2%E0%B8%99%E0%B8%9E%E0%B8%B1%E0%B8%9A%E0%B9%81%E0%B8%95%E0%B8%81%E0%B8%82%E0%B8%B2%E0%B8%A2%E0%B9%84%E0%B8%94%E0%B9%89%E0%B9%84%E0%B8%AB%E0%B8%A1/,Blog,200,https://xn--42cn4aobed0eb6hubj4es0m5dhvd.com/blog/%E0%B9%82%E0%B8%99%E0%B9%8A%E0%B8%95%E0%B8%9A%E0%B8%B8%E0%B9%8A%E0%B8%84%E0%B8%9A%E0%B8%B2%E0%B8%99%E0%B8%9E%E0%B8%B1%E0%B8%9A%E0%B9%81%E0%B8%95%E0%B8%81%E0%B8%82%E0%B8%B2%E0%B8%A2%E0%B9%84%E0%B8%94%E0%B9%89%E0%B9%84%E0%B8%AB%E0%B8%A1/,โน๊ตบุ๊คบานพับแตกขายได้ไหม (เปิดปิดฝืด ฝาร้าว ขอบจออ้า) | ร้านรับซื้อโน๊ตบุ๊ค.com,โน๊ตบุ๊คบานพับแตกขายได้ไหม (เปิดปิดฝืด ฝาร้าว ขอบจออ้า),บานพับแตกยังขายได้ไหม? อธิบายว่าร้านรับซื้อดูระดับความเสียหาย กระทบจอหรือไม่ และเมื่อไรที่ขายตามสภาพคุ้มกว่าซ่อม,https://ร้านรับซื้อโน๊ตบุ๊ค.com/blog/โน๊ตบุ๊คบานพับแตกขายได้ไหม/,(none),true,false,1,true,true,43,หน้าแรก / บทความ / โน๊ตบุ๊คบานพับแตกขายได้ไหม (เปิดปิดฝืด ฝาร้าว ขอบจออ้า) อาการเสีย • เผยแพร่ 16/5/2569 โน๊ตบุ๊คบานพับแตกขายได้ไหม (เปิดปิดฝืด ฝาร้าว ขอบจออ้า) บานพับแตกยังขายได้ไหม? อธิบายว่าร้านรับซื้อดูระดับความเสียห,/favicon.svg | /_astro/BaseLayout.Ce6jA0gB.css | /images/logo-ranrubsue-notebook-black-280.webp | /images/logo-ranrubsue-notebook-black-280.webp,,true
https://xn--42cn4aobed0eb6hubj4es0m5dhvd.com/blog/%E0%B9%82%E0%B8%99%E0%B9%8A%E0%B8%95%E0%B8%9A%E0%B8%B8%E0%B9%8A%E0%B8%84%E0%B8%9A%E0%B8%B9%E0%B8%95%E0%B8%A7%E0%B8%99%E0%B8%82%E0%B8%B2%E0%B8%A2%E0%B9%84%E0%B8%94%E0%B9%89%E0%B9%84%E0%B8%AB%E0%B8%A1/,Blog,200,https://xn--42cn4aobed0eb6hubj4es0m5dhvd.com/blog/%E0%B9%82%E0%B8%99%E0%B9%8A%E0%B8%95%E0%B8%9A%E0%B8%B8%E0%B9%8A%E0%B8%84%E0%B8%9A%E0%B8%B9%E0%B8%95%E0%B8%A7%E0%B8%99%E0%B8%82%E0%B8%B2%E0%B8%A2%E0%B9%84%E0%B8%94%E0%B9%89%E0%B9%84%E0%B8%AB%E0%B8%A1/,โน๊ตบุ๊คบูตวนขายได้ไหม | ร้านรับซื้อโน๊ตบุ๊ค.com,โน๊ตบุ๊คบูตวนขายได้ไหม,ถ้าโน๊ตบุ๊คเปิดแล้วบูตวน ค้างที่โลโก้ หรือเข้า Windows ไม่ได้ ยังขายได้ไหม,https://ร้านรับซื้อโน๊ตบุ๊ค.com/blog/โน๊ตบุ๊คบูตวนขายได้ไหม/,(none),true,false,1,true,true,44,หน้าแรก / บทความ / โน๊ตบุ๊คบูตวนขายได้ไหม อาการเสียเฉพาะจุด • เผยแพร่ 14/5/2569 โน๊ตบุ๊คบูตวนขายได้ไหม ถ้าโน๊ตบุ๊คเปิดแล้วบูตวน ค้างที่โลโก้ หรือเข้า Windows ไม่ได้ ยังขายได้ไหม ✦ ส่งวิดีโออาการบูตวนเพื่อประเมิน โทร 0642,/favicon.svg | /_astro/BaseLayout.Ce6jA0gB.css | /images/logo-ranrubsue-notebook-black-280.webp | /images/logo-ranrubsue-notebook-black-280.webp,,true
https://xn--42cn4aobed0eb6hubj4es0m5dhvd.com/blog/%E0%B9%82%E0%B8%99%E0%B9%8A%E0%B8%95%E0%B8%9A%E0%B8%B8%E0%B9%8A%E0%B8%84%E0%B8%9D%E0%B8%B2%E0%B8%AB%E0%B8%A5%E0%B8%B1%E0%B8%87%E0%B8%9A%E0%B8%A7%E0%B8%A1%E0%B8%82%E0%B8%B2%E0%B8%A2%E0%B9%84%E0%B8%94%E0%B9%89%E0%B9%84%E0%B8%AB%E0%B8%A1/,Blog,200,https://xn--42cn4aobed0eb6hubj4es0m5dhvd.com/blog/%E0%B9%82%E0%B8%99%E0%B9%8A%E0%B8%95%E0%B8%9A%E0%B8%B8%E0%B9%8A%E0%B8%84%E0%B8%9D%E0%B8%B2%E0%B8%AB%E0%B8%A5%E0%B8%B1%E0%B8%87%E0%B8%9A%E0%B8%A7%E0%B8%A1%E0%B8%82%E0%B8%B2%E0%B8%A2%E0%B9%84%E0%B8%94%E0%B9%89%E0%B9%84%E0%B8%AB%E0%B8%A1/,โน๊ตบุ๊คฝาหลังบวมขายได้ไหม | ร้านรับซื้อโน๊ตบุ๊ค.com,โน๊ตบุ๊คฝาหลังบวมขายได้ไหม,ถ้าฝาหลังโน๊ตบุ๊คบวม ฐานโก่ง หรือปิดไม่สนิท ยังขายได้ไหม และควรระวังอะไรบ้างก่อนส่งประเมิน,https://ร้านรับซื้อโน๊ตบุ๊ค.com/blog/โน๊ตบุ๊คฝาหลังบวมขายได้ไหม/,(none),true,false,1,true,true,43,หน้าแรก / บทความ / โน๊ตบุ๊คฝาหลังบวมขายได้ไหม อาการเสียเฉพาะจุด • เผยแพร่ 14/5/2569 โน๊ตบุ๊คฝาหลังบวมขายได้ไหม ถ้าฝาหลังโน๊ตบุ๊คบวม ฐานโก่ง หรือปิดไม่สนิท ยังขายได้ไหม และควรระวังอะไรบ้างก่อนส่งประเมิน ✦ ส่งรูปฝาหลังบวมเ,/favicon.svg | /_astro/BaseLayout.Ce6jA0gB.css | /images/logo-ranrubsue-notebook-black-280.webp | /images/logo-ranrubsue-notebook-black-280.webp,,true
https://xn--42cn4aobed0eb6hubj4es0m5dhvd.com/blog/%E0%B9%82%E0%B8%99%E0%B9%8A%E0%B8%95%E0%B8%9A%E0%B8%B8%E0%B9%8A%E0%B8%84%E0%B8%9D%E0%B8%B2%E0%B8%AB%E0%B8%A5%E0%B8%B1%E0%B8%87%E0%B8%A3%E0%B9%89%E0%B8%B2%E0%B8%A7%E0%B8%82%E0%B8%B2%E0%B8%A2%E0%B9%84%E0%B8%94%E0%B9%89%E0%B9%84%E0%B8%AB%E0%B8%A1/,Blog,200,https://xn--42cn4aobed0eb6hubj4es0m5dhvd.com/blog/%E0%B9%82%E0%B8%99%E0%B9%8A%E0%B8%95%E0%B8%9A%E0%B8%B8%E0%B9%8A%E0%B8%84%E0%B8%9D%E0%B8%B2%E0%B8%AB%E0%B8%A5%E0%B8%B1%E0%B8%87%E0%B8%A3%E0%B9%89%E0%B8%B2%E0%B8%A7%E0%B8%82%E0%B8%B2%E0%B8%A2%E0%B9%84%E0%B8%94%E0%B9%89%E0%B9%84%E0%B8%AB%E0%B8%A1/,โน๊ตบุ๊คฝาหลังร้าวขายได้ไหม (ฝาแตก มุมบิ่น โครงแยก) | ร้านรับซื้อโน๊ตบุ๊ค.com,โน๊ตบุ๊คฝาหลังร้าวขายได้ไหม (ฝาแตก มุมบิ่น โครงแยก),ฝาหลังร้าวยังขายได้ไหม? สรุปว่าร้านรับซื้อดูตำแหน่งร้าว ความลึกของรอย และมีผลกับจอหรือบานพับหรือไม่,https://ร้านรับซื้อโน๊ตบุ๊ค.com/blog/โน๊ตบุ๊คฝาหลังร้าวขายได้ไหม/,(none),true,false,1,true,true,43,หน้าแรก / บทความ / โน๊ตบุ๊คฝาหลังร้าวขายได้ไหม (ฝาแตก มุมบิ่น โครงแยก) อาการเสีย • เผยแพร่ 16/5/2569 โน๊ตบุ๊คฝาหลังร้าวขายได้ไหม (ฝาแตก มุมบิ่น โครงแยก) ฝาหลังร้าวยังขายได้ไหม? สรุปว่าร้านรับซื้อดูตำแหน่งร้าว ความลึกของร,/favicon.svg | /_astro/BaseLayout.Ce6jA0gB.css | /images/logo-ranrubsue-notebook-black-280.webp | /images/logo-ranrubsue-notebook-black-280.webp,,true
https://xn--42cn4aobed0eb6hubj4es0m5dhvd.com/blog/%E0%B9%82%E0%B8%99%E0%B9%8A%E0%B8%95%E0%B8%9A%E0%B8%B8%E0%B9%8A%E0%B8%84%E0%B8%9E%E0%B8%AD%E0%B8%A3%E0%B9%8C%E0%B8%95%E0%B9%81%E0%B8%A5%E0%B8%99%E0%B9%80%E0%B8%AA%E0%B8%B5%E0%B8%A2%E0%B8%82%E0%B8%B2%E0%B8%A2%E0%B9%84%E0%B8%94%E0%B9%89%E0%B9%84%E0%B8%AB%E0%B8%A1/,Blog,200,https://xn--42cn4aobed0eb6hubj4es0m5dhvd.com/blog/%E0%B9%82%E0%B8%99%E0%B9%8A%E0%B8%95%E0%B8%9A%E0%B8%B8%E0%B9%8A%E0%B8%84%E0%B8%9E%E0%B8%AD%E0%B8%A3%E0%B9%8C%E0%B8%95%E0%B9%81%E0%B8%A5%E0%B8%99%E0%B9%80%E0%B8%AA%E0%B8%B5%E0%B8%A2%E0%B8%82%E0%B8%B2%E0%B8%A2%E0%B9%84%E0%B8%94%E0%B9%89%E0%B9%84%E0%B8%AB%E0%B8%A1/,โน๊ตบุ๊คพอร์ตแลนเสียขายได้ไหม | ร้านรับซื้อโน๊ตบุ๊ค.com,โน๊ตบุ๊คพอร์ตแลนเสียขายได้ไหม,ถ้าพอร์ต LAN ของโน๊ตบุ๊คเสีย ใช้สายเน็ตไม่ได้ หรือหลวม ยังขายได้ไหม,https://ร้านรับซื้อโน๊ตบุ๊ค.com/blog/โน๊ตบุ๊คพอร์ตแลนเสียขายได้ไหม/,(none),true,false,1,true,true,42,หน้าแรก / บทความ / โน๊ตบุ๊คพอร์ตแลนเสียขายได้ไหม อาการเสียเฉพาะจุด • เผยแพร่ 14/5/2569 โน๊ตบุ๊คพอร์ตแลนเสียขายได้ไหม ถ้าพอร์ต LAN ของโน๊ตบุ๊คเสีย ใช้สายเน็ตไม่ได้ หรือหลวม ยังขายได้ไหม ✦ ส่งรูปพอร์ตแลนและอาการเพื่อประเมิ,/favicon.svg | /_astro/BaseLayout.Ce6jA0gB.css | /images/logo-ranrubsue-notebook-black-280.webp | /images/logo-ranrubsue-notebook-black-280.webp,,true
https://xn--42cn4aobed0eb6hubj4es0m5dhvd.com/blog/%E0%B9%82%E0%B8%99%E0%B9%8A%E0%B8%95%E0%B8%9A%E0%B8%B8%E0%B9%8A%E0%B8%84%E0%B8%9E%E0%B8%AD%E0%B8%A3%E0%B9%8C%E0%B8%95-type-c-%E0%B9%80%E0%B8%AA%E0%B8%B5%E0%B8%A2%E0%B8%82%E0%B8%B2%E0%B8%A2%E0%B9%84%E0%B8%94%E0%B9%89%E0%B9%84%E0%B8%AB%E0%B8%A1/,Blog,200,https://xn--42cn4aobed0eb6hubj4es0m5dhvd.com/blog/%E0%B9%82%E0%B8%99%E0%B9%8A%E0%B8%95%E0%B8%9A%E0%B8%B8%E0%B9%8A%E0%B8%84%E0%B8%9E%E0%B8%AD%E0%B8%A3%E0%B9%8C%E0%B8%95-type-c-%E0%B9%80%E0%B8%AA%E0%B8%B5%E0%B8%A2%E0%B8%82%E0%B8%B2%E0%B8%A2%E0%B9%84%E0%B8%94%E0%B9%89%E0%B9%84%E0%B8%AB%E0%B8%A1/,โน๊ตบุ๊คพอร์ต Type-C เสียขายได้ไหม | ร้านรับซื้อโน๊ตบุ๊ค.com,โน๊ตบุ๊คพอร์ต Type-C เสียขายได้ไหม,ถ้าพอร์ต USB-C หรือ Type-C ของโน๊ตบุ๊คเสีย ใช้ชาร์จหรือโอนข้อมูลไม่ได้ ยังขายได้ไหม,https://ร้านรับซื้อโน๊ตบุ๊ค.com/blog/โน๊ตบุ๊คพอร์ต-type-c-เสียขายได้ไหม/,(none),true,false,1,true,true,44,หน้าแรก / บทความ / โน๊ตบุ๊คพอร์ต Type-C เสียขายได้ไหม อาการเสียเฉพาะจุด • เผยแพร่ 14/5/2569 โน๊ตบุ๊คพอร์ต Type-C เสียขายได้ไหม ถ้าพอร์ต USB-C หรือ Type-C ของโน๊ตบุ๊คเสีย ใช้ชาร์จหรือโอนข้อมูลไม่ได้ ยังขายได้ไหม ✦ ส่งรูปพ,/favicon.svg | /_astro/BaseLayout.Ce6jA0gB.css | /images/logo-ranrubsue-notebook-black-280.webp | /images/logo-ranrubsue-notebook-black-280.webp,,true
https://xn--42cn4aobed0eb6hubj4es0m5dhvd.com/blog/%E0%B9%82%E0%B8%99%E0%B9%8A%E0%B8%95%E0%B8%9A%E0%B8%B8%E0%B9%8A%E0%B8%84%E0%B8%9E%E0%B8%B1%E0%B8%94%E0%B8%A5%E0%B8%A1%E0%B8%94%E0%B8%B1%E0%B8%87%E0%B8%82%E0%B8%B2%E0%B8%A2%E0%B9%84%E0%B8%94%E0%B9%89%E0%B9%84%E0%B8%AB%E0%B8%A1/,Blog,200,https://xn--42cn4aobed0eb6hubj4es0m5dhvd.com/blog/%E0%B9%82%E0%B8%99%E0%B9%8A%E0%B8%95%E0%B8%9A%E0%B8%B8%E0%B9%8A%E0%B8%84%E0%B8%9E%E0%B8%B1%E0%B8%94%E0%B8%A5%E0%B8%A1%E0%B8%94%E0%B8%B1%E0%B8%87%E0%B8%82%E0%B8%B2%E0%B8%A2%E0%B9%84%E0%B8%94%E0%B9%89%E0%B9%84%E0%B8%AB%E0%B8%A1/,โน๊ตบุ๊คพัดลมดังขายได้ไหม | ร้านรับซื้อโน๊ตบุ๊ค.com,โน๊ตบุ๊คพัดลมดังขายได้ไหม,โน๊ตบุ๊คพัดลมดัง ร้อนง่าย หรือหมุนแรงตลอดเวลา ยังขายได้ไหม และมีผลกับราคาอย่างไร,https://ร้านรับซื้อโน๊ตบุ๊ค.com/blog/โน๊ตบุ๊คพัดลมดังขายได้ไหม/,(none),true,false,1,true,true,44,หน้าแรก / บทความ / โน๊ตบุ๊คพัดลมดังขายได้ไหม อาการเสียเฉพาะจุด • เผยแพร่ 14/5/2569 โน๊ตบุ๊คพัดลมดังขายได้ไหม โน๊ตบุ๊คพัดลมดัง ร้อนง่าย หรือหมุนแรงตลอดเวลา ยังขายได้ไหม และมีผลกับราคาอย่างไร ✦ ส่งวิดีโอเสียงพัดลมเพื่อประเ,/favicon.svg | /_astro/BaseLayout.Ce6jA0gB.css | /images/logo-ranrubsue-notebook-black-280.webp | /images/logo-ranrubsue-notebook-black-280.webp,,true
https://xn--42cn4aobed0eb6hubj4es0m5dhvd.com/blog/%E0%B9%82%E0%B8%99%E0%B9%8A%E0%B8%95%E0%B8%9A%E0%B8%B8%E0%B9%8A%E0%B8%84%E0%B8%A1%E0%B8%B5%E0%B8%9B%E0%B8%A3%E0%B8%B0%E0%B8%81%E0%B8%B1%E0%B8%99%E0%B9%80%E0%B8%AB%E0%B8%A5%E0%B8%B7%E0%B8%AD-%E0%B8%82%E0%B8%B2%E0%B8%A2%E0%B8%A1%E0%B8%B7%E0%B8%AD%E0%B8%AA%E0%B8%AD%E0%B8%87%E0%B9%84%E0%B8%94%E0%B9%89%E0%B9%80%E0%B8%9B%E0%B8%A3%E0%B8%B5%E0%B8%A2%E0%B8%9A%E0%B9%80%E0%B8%A3%E0%B8%B7%E0%B9%88%E0%B8%AD%E0%B8%87%E0%B8%A3%E0%B8%B2%E0%B8%84%E0%B8%B2%E0%B9%84%E0%B8%AB%E0%B8%A1/,Blog,200,https://xn--42cn4aobed0eb6hubj4es0m5dhvd.com/blog/%E0%B9%82%E0%B8%99%E0%B9%8A%E0%B8%95%E0%B8%9A%E0%B8%B8%E0%B9%8A%E0%B8%84%E0%B8%A1%E0%B8%B5%E0%B8%9B%E0%B8%A3%E0%B8%B0%E0%B8%81%E0%B8%B1%E0%B8%99%E0%B9%80%E0%B8%AB%E0%B8%A5%E0%B8%B7%E0%B8%AD-%E0%B8%82%E0%B8%B2%E0%B8%A2%E0%B8%A1%E0%B8%B7%E0%B8%AD%E0%B8%AA%E0%B8%AD%E0%B8%87%E0%B9%84%E0%B8%94%E0%B9%89%E0%B9%80%E0%B8%9B%E0%B8%A3%E0%B8%B5%E0%B8%A2%E0%B8%9A%E0%B9%80%E0%B8%A3%E0%B8%B7%E0%B9%88%E0%B8%AD%E0%B8%87%E0%B8%A3%E0%B8%B2%E0%B8%84%E0%B8%B2%E0%B9%84%E0%B8%AB%E0%B8%A1/,โน๊ตบุ๊คมีประกันเหลือ ช่วยให้ขายมือสองได้ราคาดีขึ้นจริงไหม? | ร้านรับซื้อโน๊ตบุ๊ค.com,โน๊ตบุ๊คมีประกันเหลือ ช่วยให้ขายมือสองได้ราคาดีขึ้นจริงไหม?,อธิบายว่า &#34;ประกันศูนย์/ประกันร้าน&#34; มีผลกับกรอบราคาโน๊ตบุ๊คมือสองในทางปฏิบัติอย่างไร ต้องเตรียมหลักฐานอะไร และอะไรที่ไม่ได้การันตีราคาสูงขึ้นเสมอ,https://ร้านรับซื้อโน๊ตบุ๊ค.com/blog/โน๊ตบุ๊คมีประกันเหลือ-ขายมือสองได้เปรียบเรื่องราคาไหม/,(none),true,false,1,true,true,42,หน้าแรก / บทความ / โน๊ตบุ๊คมีประกันเหลือ ช่วยให้ขายมือสองได้ราคาดีขึ้นจริงไหม? คู่มือประเมินราคา • เผยแพร่ 6/5/2569 โน๊ตบุ๊คมีประกันเหลือ ช่วยให้ขายมือสองได้ราคาดีขึ้นจริงไหม? อธิบายว่า &quot;ประกันศูนย์/ประกันร้าน&quot;,/favicon.svg | /_astro/BaseLayout.Ce6jA0gB.css | /images/logo-ranrubsue-notebook-black-280.webp | /images/logo-ranrubsue-notebook-black-280.webp,,true
https://xn--42cn4aobed0eb6hubj4es0m5dhvd.com/blog/%E0%B9%82%E0%B8%99%E0%B9%8A%E0%B8%95%E0%B8%9A%E0%B8%B8%E0%B9%8A%E0%B8%84%E0%B8%A3%E0%B8%B5%E0%B8%AA%E0%B8%95%E0%B8%B2%E0%B8%A3%E0%B9%8C%E0%B8%97%E0%B9%80%E0%B8%AD%E0%B8%87%E0%B8%82%E0%B8%B2%E0%B8%A2%E0%B9%84%E0%B8%94%E0%B9%89%E0%B9%84%E0%B8%AB%E0%B8%A1/,Blog,200,https://xn--42cn4aobed0eb6hubj4es0m5dhvd.com/blog/%E0%B9%82%E0%B8%99%E0%B9%8A%E0%B8%95%E0%B8%9A%E0%B8%B8%E0%B9%8A%E0%B8%84%E0%B8%A3%E0%B8%B5%E0%B8%AA%E0%B8%95%E0%B8%B2%E0%B8%A3%E0%B9%8C%E0%B8%97%E0%B9%80%E0%B8%AD%E0%B8%87%E0%B8%82%E0%B8%B2%E0%B8%A2%E0%B9%84%E0%B8%94%E0%B9%89%E0%B9%84%E0%B8%AB%E0%B8%A1/,โน๊ตบุ๊ครีสตาร์ทเองขายได้ไหม | ร้านรับซื้อโน๊ตบุ๊ค.com,โน๊ตบุ๊ครีสตาร์ทเองขายได้ไหม,โน๊ตบุ๊คใช้งานแล้วรีสตาร์ทเอง ยังขายได้ไหม และอาการแบบนี้ร้านรับซื้อจะดูอะไรบ้าง,https://ร้านรับซื้อโน๊ตบุ๊ค.com/blog/โน๊ตบุ๊ครีสตาร์ทเองขายได้ไหม/,(none),true,false,1,true,true,45,หน้าแรก / บทความ / โน๊ตบุ๊ครีสตาร์ทเองขายได้ไหม อาการเสียเฉพาะจุด • เผยแพร่ 14/5/2569 โน๊ตบุ๊ครีสตาร์ทเองขายได้ไหม โน๊ตบุ๊คใช้งานแล้วรีสตาร์ทเอง ยังขายได้ไหม และอาการแบบนี้ร้านรับซื้อจะดูอะไรบ้าง ✦ ส่งวิดีโออาการรีสตาร์ท,/favicon.svg | /_astro/BaseLayout.Ce6jA0gB.css | /images/logo-ranrubsue-notebook-black-280.webp | /images/logo-ranrubsue-notebook-black-280.webp,,true
https://xn--42cn4aobed0eb6hubj4es0m5dhvd.com/blog/%E0%B9%82%E0%B8%99%E0%B9%8A%E0%B8%95%E0%B8%9A%E0%B8%B8%E0%B9%8A%E0%B8%84%E0%B8%A3%E0%B9%89%E0%B8%AD%E0%B8%99%E0%B8%88%E0%B8%B1%E0%B8%94%E0%B8%94%E0%B8%B1%E0%B8%9A%E0%B9%80%E0%B8%AD%E0%B8%87%E0%B8%82%E0%B8%B2%E0%B8%A2%E0%B9%84%E0%B8%94%E0%B9%89%E0%B9%84%E0%B8%AB%E0%B8%A1/,Blog,200,https://xn--42cn4aobed0eb6hubj4es0m5dhvd.com/blog/%E0%B9%82%E0%B8%99%E0%B9%8A%E0%B8%95%E0%B8%9A%E0%B8%B8%E0%B9%8A%E0%B8%84%E0%B8%A3%E0%B9%89%E0%B8%AD%E0%B8%99%E0%B8%88%E0%B8%B1%E0%B8%94%E0%B8%94%E0%B8%B1%E0%B8%9A%E0%B9%80%E0%B8%AD%E0%B8%87%E0%B8%82%E0%B8%B2%E0%B8%A2%E0%B9%84%E0%B8%94%E0%B9%89%E0%B9%84%E0%B8%AB%E0%B8%A1/,โน๊ตบุ๊คร้อนจัดดับเองขายได้ไหม (พัดลมดัง เล่นงานหนักแล้วดับ) | ร้านรับซื้อโน๊ตบุ๊ค.com,โน๊ตบุ๊คร้อนจัดดับเองขายได้ไหม (พัดลมดัง เล่นงานหนักแล้วดับ),ร้อนจัดหรือดับเองยังขายได้ไหม? สรุปว่าร้านรับซื้อดูอาการตอนใช้งานหนัก ระบบระบายความร้อน และความเสี่ยงที่กระทบเมนบอร์ดหรือ GPU อย่างไร,https://ร้านรับซื้อโน๊ตบุ๊ค.com/blog/โน๊ตบุ๊คร้อนจัดดับเองขายได้ไหม/,(none),true,false,1,true,true,43,หน้าแรก / บทความ / โน๊ตบุ๊คร้อนจัดดับเองขายได้ไหม (พัดลมดัง เล่นงานหนักแล้วดับ) อาการเสีย • เผยแพร่ 16/5/2569 โน๊ตบุ๊คร้อนจัดดับเองขายได้ไหม (พัดลมดัง เล่นงานหนักแล้วดับ) ร้อนจัดหรือดับเองยังขายได้ไหม? สรุปว่าร้านรับซื้อ,/favicon.svg | /_astro/BaseLayout.Ce6jA0gB.css | /images/logo-ranrubsue-notebook-black-280.webp | /images/logo-ranrubsue-notebook-black-280.webp,,true
https://xn--42cn4aobed0eb6hubj4es0m5dhvd.com/blog/%E0%B9%82%E0%B8%99%E0%B9%8A%E0%B8%95%E0%B8%9A%E0%B8%B8%E0%B9%8A%E0%B8%84%E0%B9%80%E0%B8%9B%E0%B8%B4%E0%B8%94%E0%B9%84%E0%B8%A1%E0%B9%88%E0%B8%95%E0%B8%B4%E0%B8%94%E0%B8%82%E0%B8%B2%E0%B8%A2%E0%B9%84%E0%B8%94%E0%B9%89%E0%B9%84%E0%B8%AB%E0%B8%A1/,Blog,200,https://xn--42cn4aobed0eb6hubj4es0m5dhvd.com/blog/%E0%B9%82%E0%B8%99%E0%B9%8A%E0%B8%95%E0%B8%9A%E0%B8%B8%E0%B9%8A%E0%B8%84%E0%B9%80%E0%B8%9B%E0%B8%B4%E0%B8%94%E0%B9%84%E0%B8%A1%E0%B9%88%E0%B8%95%E0%B8%B4%E0%B8%94%E0%B8%82%E0%B8%B2%E0%B8%A2%E0%B9%84%E0%B8%94%E0%B9%89%E0%B9%84%E0%B8%AB%E0%B8%A1/,โน๊ตบุ๊คเปิดไม่ติดขายได้ไหม (ประเมินจากอาการและรุ่น/สเปก) | ร้านรับซื้อโน๊ตบุ๊ค.com,โน๊ตบุ๊คเปิดไม่ติดขายได้ไหม (ประเมินจากอาการและรุ่น/สเปก),อธิบายกรณีโน๊ตบุ๊คเปิดไม่ติดขายได้ไหม ควรส่งรูป/วิดีโออาการแบบไหนให้ร้านรับซื้อประเมินราคาเบื้องต้นได้ตรงขึ้น,https://ร้านรับซื้อโน๊ตบุ๊ค.com/blog/โน๊ตบุ๊คเปิดไม่ติดขายได้ไหม/,(none),true,false,1,true,true,48,หน้าแรก / บทความ / โน๊ตบุ๊คเปิดไม่ติดขายได้ไหม (ประเมินจากอาการและรุ่น/สเปก) โน๊ตบุ๊คเสียขายได้ไหม • เผยแพร่ 29/4/2569 โน๊ตบุ๊คเปิดไม่ติดขายได้ไหม (ประเมินจากอาการและรุ่น/สเปก) อธิบายกรณีโน๊ตบุ๊คเปิดไม่ติดขายได้ไหม ควรส่,/favicon.svg | /_astro/BaseLayout.Ce6jA0gB.css | /images/logo-ranrubsue-notebook-black-280.webp | /images/logo-ranrubsue-notebook-black-280.webp,,true
https://xn--42cn4aobed0eb6hubj4es0m5dhvd.com/blog/%E0%B9%82%E0%B8%99%E0%B9%8A%E0%B8%95%E0%B8%9A%E0%B8%B8%E0%B9%8A%E0%B8%84%E0%B9%80%E0%B8%AA%E0%B8%B5%E0%B8%A2%E0%B8%82%E0%B8%B2%E0%B8%A2%E0%B9%84%E0%B8%94%E0%B9%89%E0%B9%84%E0%B8%AB%E0%B8%A1/,Blog,200,https://xn--42cn4aobed0eb6hubj4es0m5dhvd.com/blog/%E0%B9%82%E0%B8%99%E0%B9%8A%E0%B8%95%E0%B8%9A%E0%B8%B8%E0%B9%8A%E0%B8%84%E0%B9%80%E0%B8%AA%E0%B8%B5%E0%B8%A2%E0%B8%82%E0%B8%B2%E0%B8%A2%E0%B9%84%E0%B8%94%E0%B9%89%E0%B9%84%E0%B8%AB%E0%B8%A1/,โน๊ตบุ๊คเสียขายได้ไหม ควรซ่อมหรือขายตามสภาพดี? | ร้านรับซื้อโน๊ตบุ๊ค.com,โน๊ตบุ๊คเสียขายได้ไหม ควรซ่อมหรือขายตามสภาพดี?,เครื่องเปิดไม่ติด จอแตก แบตเสื่อม คีย์บอร์ดเสีย ยังขายได้ไหม? สรุปสิ่งที่มีผลต่อราคาประเมินและวิธีเตรียมข้อมูลให้ประเมินไว,https://ร้านรับซื้อโน๊ตบุ๊ค.com/blog/โน๊ตบุ๊คเสียขายได้ไหม/,(none),true,false,1,true,true,45,หน้าแรก / บทความ / โน๊ตบุ๊คเสียขายได้ไหม ควรซ่อมหรือขายตามสภาพดี? คำถามยอดฮิต • เผยแพร่ 18/4/2569 โน๊ตบุ๊คเสียขายได้ไหม ควรซ่อมหรือขายตามสภาพดี? เครื่องเปิดไม่ติด จอแตก แบตเสื่อม คีย์บอร์ดเสีย ยังขายได้ไหม? สรุปสิ่งที่มี,/favicon.svg | /_astro/BaseLayout.Ce6jA0gB.css | /images/logo-ranrubsue-notebook-black-280.webp | /images/logo-ranrubsue-notebook-black-280.webp,,true
https://xn--42cn4aobed0eb6hubj4es0m5dhvd.com/blog/%E0%B9%82%E0%B8%99%E0%B9%8A%E0%B8%95%E0%B8%9A%E0%B8%B8%E0%B9%8A%E0%B8%84%E0%B9%81%E0%B8%9A%E0%B8%95%E0%B8%9A%E0%B8%A7%E0%B8%A1%E0%B8%82%E0%B8%B2%E0%B8%A2%E0%B9%84%E0%B8%94%E0%B9%89%E0%B9%84%E0%B8%AB%E0%B8%A1/,Blog,200,https://xn--42cn4aobed0eb6hubj4es0m5dhvd.com/blog/%E0%B9%82%E0%B8%99%E0%B9%8A%E0%B8%95%E0%B8%9A%E0%B8%B8%E0%B9%8A%E0%B8%84%E0%B9%81%E0%B8%9A%E0%B8%95%E0%B8%9A%E0%B8%A7%E0%B8%A1%E0%B8%82%E0%B8%B2%E0%B8%A2%E0%B9%84%E0%B8%94%E0%B9%89%E0%B9%84%E0%B8%AB%E0%B8%A1/,โน๊ตบุ๊คแบตบวมขายได้ไหม (ควรหยุดใช้งานก่อนส่งประเมินหรือไม่) | ร้านรับซื้อโน๊ตบุ๊ค.com,โน๊ตบุ๊คแบตบวมขายได้ไหม (ควรหยุดใช้งานก่อนส่งประเมินหรือไม่),แบตบวมยังขายได้ไหม และควรทำอย่างไรให้ปลอดภัยก่อนส่งประเมินราคา สรุปสิ่งที่ร้านรับซื้อดู เช่น ความรุนแรงของอาการ รุ่นเครื่อง และผลต่อราคารวม,https://ร้านรับซื้อโน๊ตบุ๊ค.com/blog/โน๊ตบุ๊คแบตบวมขายได้ไหม/,(none),true,false,1,true,true,43,หน้าแรก / บทความ / โน๊ตบุ๊คแบตบวมขายได้ไหม (ควรหยุดใช้งานก่อนส่งประเมินหรือไม่) อาการเสีย • เผยแพร่ 14/5/2569 โน๊ตบุ๊คแบตบวมขายได้ไหม (ควรหยุดใช้งานก่อนส่งประเมินหรือไม่) แบตบวมยังขายได้ไหม และควรทำอย่างไรให้ปลอดภัยก่อนส,/favicon.svg | /_astro/BaseLayout.Ce6jA0gB.css | /images/logo-ranrubsue-notebook-black-280.webp | /images/logo-ranrubsue-notebook-black-280.webp,,true
https://xn--42cn4aobed0eb6hubj4es0m5dhvd.com/blog/%E0%B9%82%E0%B8%99%E0%B9%8A%E0%B8%95%E0%B8%9A%E0%B8%B8%E0%B9%8A%E0%B8%84%E0%B9%81%E0%B8%9A%E0%B8%95%E0%B9%80%E0%B8%AA%E0%B8%B7%E0%B9%88%E0%B8%AD%E0%B8%A1%E0%B8%82%E0%B8%B2%E0%B8%A2%E0%B9%84%E0%B8%94%E0%B9%89%E0%B9%84%E0%B8%AB%E0%B8%A1/,Blog,200,https://xn--42cn4aobed0eb6hubj4es0m5dhvd.com/blog/%E0%B9%82%E0%B8%99%E0%B9%8A%E0%B8%95%E0%B8%9A%E0%B8%B8%E0%B9%8A%E0%B8%84%E0%B9%81%E0%B8%9A%E0%B8%95%E0%B9%80%E0%B8%AA%E0%B8%B7%E0%B9%88%E0%B8%AD%E0%B8%A1%E0%B8%82%E0%B8%B2%E0%B8%A2%E0%B9%84%E0%B8%94%E0%B9%89%E0%B9%84%E0%B8%AB%E0%B8%A1/,โน๊ตบุ๊คแบตเสื่อมขายได้ไหม (แบตหมดไว ชาร์จไม่เข้า ประเมินอย่างไร) | ร้านรับซื้อโน๊ตบุ๊ค.com,โน๊ตบุ๊คแบตเสื่อมขายได้ไหม (แบตหมดไว ชาร์จไม่เข้า ประเมินอย่างไร),อธิบายว่าโน๊ตบุ๊คแบตเสื่อมยังขายได้ไหม อาการแบบไหนควรแจ้ง และควรถ่ายรูป/ส่งข้อมูลอะไรเพื่อประเมินราคาเบื้องต้นให้ใกล้เคียงขึ้น,https://ร้านรับซื้อโน๊ตบุ๊ค.com/blog/โน๊ตบุ๊คแบตเสื่อมขายได้ไหม/,(none),true,false,1,true,true,50,หน้าแรก / บทความ / โน๊ตบุ๊คแบตเสื่อมขายได้ไหม (แบตหมดไว ชาร์จไม่เข้า ประเมินอย่างไร) โน๊ตบุ๊คเสียขายได้ไหม • เผยแพร่ 30/4/2569 โน๊ตบุ๊คแบตเสื่อมขายได้ไหม (แบตหมดไว ชาร์จไม่เข้า ประเมินอย่างไร) อธิบายว่าโน๊ตบุ๊คแบตเสื่อมย,/favicon.svg | /_astro/BaseLayout.Ce6jA0gB.css | /images/logo-ranrubsue-notebook-black-280.webp | /images/logo-ranrubsue-notebook-black-280.webp,,true
https://xn--42cn4aobed0eb6hubj4es0m5dhvd.com/blog/%E0%B9%82%E0%B8%99%E0%B9%8A%E0%B8%95%E0%B8%9A%E0%B8%B8%E0%B9%8A%E0%B8%84%E0%B9%82%E0%B8%94%E0%B8%99%E0%B8%99%E0%B9%89%E0%B8%B3%E0%B8%82%E0%B8%B2%E0%B8%A2%E0%B9%84%E0%B8%94%E0%B9%89%E0%B9%84%E0%B8%AB%E0%B8%A1/,Blog,200,https://xn--42cn4aobed0eb6hubj4es0m5dhvd.com/blog/%E0%B9%82%E0%B8%99%E0%B9%8A%E0%B8%95%E0%B8%9A%E0%B8%B8%E0%B9%8A%E0%B8%84%E0%B9%82%E0%B8%94%E0%B8%99%E0%B8%99%E0%B9%89%E0%B8%B3%E0%B8%82%E0%B8%B2%E0%B8%A2%E0%B9%84%E0%B8%94%E0%B9%89%E0%B9%84%E0%B8%AB%E0%B8%A1/,โน๊ตบุ๊คโดนน้ำขายได้ไหม (น้ำหก ความชื้นเข้า เปิดติดบ้างไม่ติดบ้าง) | ร้านรับซื้อโน๊ตบุ๊ค.com,โน๊ตบุ๊คโดนน้ำขายได้ไหม (น้ำหก ความชื้นเข้า เปิดติดบ้างไม่ติดบ้าง),โน๊ตบุ๊คโดนน้ำยังขายได้ไหม? อธิบายว่าร้านรับซื้อดูระดับอาการ ความเร็วในการแจ้ง และความเสี่ยงเรื่องบอร์ดกับคีย์บอร์ดอย่างไร,https://ร้านรับซื้อโน๊ตบุ๊ค.com/blog/โน๊ตบุ๊คโดนน้ำขายได้ไหม/,(none),true,false,1,true,true,43,หน้าแรก / บทความ / โน๊ตบุ๊คโดนน้ำขายได้ไหม (น้ำหก ความชื้นเข้า เปิดติดบ้างไม่ติดบ้าง) อาการเสีย • เผยแพร่ 16/5/2569 โน๊ตบุ๊คโดนน้ำขายได้ไหม (น้ำหก ความชื้นเข้า เปิดติดบ้างไม่ติดบ้าง) โน๊ตบุ๊คโดนน้ำยังขายได้ไหม? อธิบายว่า,/favicon.svg | /_astro/BaseLayout.Ce6jA0gB.css | /images/logo-ranrubsue-notebook-black-280.webp | /images/logo-ranrubsue-notebook-black-280.webp,,true
https://xn--42cn4aobed0eb6hubj4es0m5dhvd.com/blog/%E0%B9%82%E0%B8%99%E0%B9%8A%E0%B8%95%E0%B8%9A%E0%B8%B8%E0%B9%8A%E0%B8%84%E0%B9%84%E0%B8%9F%E0%B9%84%E0%B8%A1%E0%B9%88%E0%B9%80%E0%B8%82%E0%B9%89%E0%B8%B2%E0%B8%82%E0%B8%B2%E0%B8%A2%E0%B9%84%E0%B8%94%E0%B9%89%E0%B9%84%E0%B8%AB%E0%B8%A1/,Blog,200,https://xn--42cn4aobed0eb6hubj4es0m5dhvd.com/blog/%E0%B9%82%E0%B8%99%E0%B9%8A%E0%B8%95%E0%B8%9A%E0%B8%B8%E0%B9%8A%E0%B8%84%E0%B9%84%E0%B8%9F%E0%B9%84%E0%B8%A1%E0%B9%88%E0%B9%80%E0%B8%82%E0%B9%89%E0%B8%B2%E0%B8%82%E0%B8%B2%E0%B8%A2%E0%B9%84%E0%B8%94%E0%B9%89%E0%B9%84%E0%B8%AB%E0%B8%A1/,โน๊ตบุ๊คไฟไม่เข้าขายได้ไหม | ร้านรับซื้อโน๊ตบุ๊ค.com,โน๊ตบุ๊คไฟไม่เข้าขายได้ไหม,ถ้าเสียบชาร์จแล้วไฟไม่เข้า ไม่มีไฟสถานะ หรือเปิดไม่ติดเลย ยังขายได้ไหม,https://ร้านรับซื้อโน๊ตบุ๊ค.com/blog/โน๊ตบุ๊คไฟไม่เข้าขายได้ไหม/,(none),true,false,1,true,true,44,หน้าแรก / บทความ / โน๊ตบุ๊คไฟไม่เข้าขายได้ไหม อาการเสียเฉพาะจุด • เผยแพร่ 14/5/2569 โน๊ตบุ๊คไฟไม่เข้าขายได้ไหม ถ้าเสียบชาร์จแล้วไฟไม่เข้า ไม่มีไฟสถานะ หรือเปิดไม่ติดเลย ยังขายได้ไหม ✦ ส่งรูปพอร์ตและอาการไฟไม่เข้าเพื่อประ,/favicon.svg | /_astro/BaseLayout.Ce6jA0gB.css | /images/logo-ranrubsue-notebook-black-280.webp | /images/logo-ranrubsue-notebook-black-280.webp,,true
https://xn--42cn4aobed0eb6hubj4es0m5dhvd.com/blog/%E0%B9%82%E0%B8%99%E0%B9%8A%E0%B8%95%E0%B8%9A%E0%B8%B8%E0%B9%8A%E0%B8%84%E0%B9%84%E0%B8%A1%E0%B9%88%E0%B8%A1%E0%B8%B5%E0%B8%97%E0%B8%B5%E0%B9%88%E0%B8%8A%E0%B8%B2%E0%B8%A3%E0%B9%8C%E0%B8%88%E0%B8%82%E0%B8%B2%E0%B8%A2%E0%B9%84%E0%B8%94%E0%B9%89%E0%B9%84%E0%B8%AB%E0%B8%A1/,Blog,200,https://xn--42cn4aobed0eb6hubj4es0m5dhvd.com/blog/%E0%B9%82%E0%B8%99%E0%B9%8A%E0%B8%95%E0%B8%9A%E0%B8%B8%E0%B9%8A%E0%B8%84%E0%B9%84%E0%B8%A1%E0%B9%88%E0%B8%A1%E0%B8%B5%E0%B8%97%E0%B8%B5%E0%B9%88%E0%B8%8A%E0%B8%B2%E0%B8%A3%E0%B9%8C%E0%B8%88%E0%B8%82%E0%B8%B2%E0%B8%A2%E0%B9%84%E0%B8%94%E0%B9%89%E0%B9%84%E0%B8%AB%E0%B8%A1/,โน๊ตบุ๊คไม่มีที่ชาร์จขายได้ไหม | ร้านรับซื้อโน๊ตบุ๊ค.com,โน๊ตบุ๊คไม่มีที่ชาร์จขายได้ไหม,ไม่มีที่ชาร์จก็ขายได้ แนะนำวิธีเตรียมข้อมูลและทางเลือกเพื่อให้ประเมินราคาได้ตรงและปิดการขายได้เร็ว,https://ร้านรับซื้อโน๊ตบุ๊ค.com/blog/โน๊ตบุ๊คไม่มีที่ชาร์จขายได้ไหม/,(none),true,false,1,true,true,42,หน้าแรก / บทความ / โน๊ตบุ๊คไม่มีที่ชาร์จขายได้ไหม คำถามยอดฮิต • เผยแพร่ 12/4/2569 โน๊ตบุ๊คไม่มีที่ชาร์จขายได้ไหม ไม่มีที่ชาร์จก็ขายได้ แนะนำวิธีเตรียมข้อมูลและทางเลือกเพื่อให้ประเมินราคาได้ตรงและปิดการขายได้เร็ว ✦ ส่งรูป,/favicon.svg | /_astro/BaseLayout.Ce6jA0gB.css | /images/logo-ranrubsue-notebook-black-280.webp | /images/logo-ranrubsue-notebook-black-280.webp,,true
https://xn--42cn4aobed0eb6hubj4es0m5dhvd.com/blog/%E0%B9%82%E0%B8%99%E0%B9%8A%E0%B8%95%E0%B8%9A%E0%B8%B8%E0%B9%8A%E0%B8%84-hdmi-%E0%B9%80%E0%B8%AA%E0%B8%B5%E0%B8%A2%E0%B8%82%E0%B8%B2%E0%B8%A2%E0%B9%84%E0%B8%94%E0%B9%89%E0%B9%84%E0%B8%AB%E0%B8%A1/,Blog,200,https://xn--42cn4aobed0eb6hubj4es0m5dhvd.com/blog/%E0%B9%82%E0%B8%99%E0%B9%8A%E0%B8%95%E0%B8%9A%E0%B8%B8%E0%B9%8A%E0%B8%84-hdmi-%E0%B9%80%E0%B8%AA%E0%B8%B5%E0%B8%A2%E0%B8%82%E0%B8%B2%E0%B8%A2%E0%B9%84%E0%B8%94%E0%B9%89%E0%B9%84%E0%B8%AB%E0%B8%A1/,โน๊ตบุ๊ค HDMI เสียขายได้ไหม | ร้านรับซื้อโน๊ตบุ๊ค.com,โน๊ตบุ๊ค HDMI เสียขายได้ไหม,ถ้าต่อจอนอกผ่าน HDMI ไม่ได้ หรือภาพไม่ขึ้น ยังขายได้ไหม และร้านจะดูอะไรบ้าง,https://ร้านรับซื้อโน๊ตบุ๊ค.com/blog/โน๊ตบุ๊ค-hdmi-เสียขายได้ไหม/,(none),true,false,1,true,true,43,หน้าแรก / บทความ / โน๊ตบุ๊ค HDMI เสียขายได้ไหม อาการเสียเฉพาะจุด • เผยแพร่ 14/5/2569 โน๊ตบุ๊ค HDMI เสียขายได้ไหม ถ้าต่อจอนอกผ่าน HDMI ไม่ได้ หรือภาพไม่ขึ้น ยังขายได้ไหม และร้านจะดูอะไรบ้าง ✦ ส่งวิดีโอทดสอบ HDMI เพื่อประเ,/favicon.svg | /_astro/BaseLayout.Ce6jA0gB.css | /images/logo-ranrubsue-notebook-black-280.webp | /images/logo-ranrubsue-notebook-black-280.webp,,true
https://xn--42cn4aobed0eb6hubj4es0m5dhvd.com/blog/gaming-notebook-%E0%B8%A1%E0%B8%B7%E0%B8%AD%E0%B8%AA%E0%B8%AD%E0%B8%87%E0%B8%82%E0%B8%B2%E0%B8%A2%E0%B9%84%E0%B8%94%E0%B9%89%E0%B8%A3%E0%B8%B2%E0%B8%84%E0%B8%B2%E0%B8%94%E0%B8%B5%E0%B8%81%E0%B8%A7%E0%B9%88%E0%B8%B2%E0%B9%84%E0%B8%AB%E0%B8%A1/,Blog,200,https://xn--42cn4aobed0eb6hubj4es0m5dhvd.com/blog/gaming-notebook-%E0%B8%A1%E0%B8%B7%E0%B8%AD%E0%B8%AA%E0%B8%AD%E0%B8%87%E0%B8%82%E0%B8%B2%E0%B8%A2%E0%B9%84%E0%B8%94%E0%B9%89%E0%B8%A3%E0%B8%B2%E0%B8%84%E0%B8%B2%E0%B8%94%E0%B8%B5%E0%B8%81%E0%B8%A7%E0%B9%88%E0%B8%B2%E0%B9%84%E0%B8%AB%E0%B8%A1/,Gaming Notebook มือสองขายได้ราคาดีกว่าไหม (ดูจาก GPU/สเปก/สภาพจริง) | ร้านรับซื้อโน๊ตบุ๊ค.com,Gaming Notebook มือสองขายได้ราคาดีกว่าไหม (ดูจาก GPU/สเปก/สภาพจริง),วิเคราะห์แบบคนขายจริงว่า Gaming Notebook มือสอง “มักได้ราคา” จากปัจจัยอะไร เช่น GPU/CPU/RAM/SSD/ความร้อน/สภาพจอ และควรส่งข้อมูลแบบไหนให้ประเมินได้ไว,https://ร้านรับซื้อโน๊ตบุ๊ค.com/blog/gaming-notebook-มือสองขายได้ราคาดีกว่าไหม/,(none),true,false,1,true,true,57,หน้าแรก / บทความ / Gaming Notebook มือสองขายได้ราคาดีกว่าไหม (ดูจาก GPU/สเปก/สภาพจริง) คู่มือขายโน๊ตบุ๊ค • เผยแพร่ 30/4/2569 Gaming Notebook มือสองขายได้ราคาดีกว่าไหม (ดูจาก GPU/สเปก/สภาพจริง) วิเคราะห์แบบคนขายจริงว่า Ga,/favicon.svg | /_astro/BaseLayout.Ce6jA0gB.css | /images/logo-ranrubsue-notebook-black-280.webp | /images/blog/asus-tuf-gaming-orange-wallpaper.webp | /images/logo-ranrubsue-notebook-black-280.webp,,true
https://xn--42cn4aobed0eb6hubj4es0m5dhvd.com/blog/macbook-%E0%B8%84%E0%B8%B5%E0%B8%A2%E0%B9%8C%E0%B8%9A%E0%B8%AD%E0%B8%A3%E0%B9%8C%E0%B8%94%E0%B9%80%E0%B8%AA%E0%B8%B5%E0%B8%A2-%E0%B8%82%E0%B8%B2%E0%B8%A2%E0%B9%84%E0%B8%94%E0%B9%89%E0%B9%84%E0%B8%AB%E0%B8%A1/,Blog,200,https://xn--42cn4aobed0eb6hubj4es0m5dhvd.com/blog/macbook-%E0%B8%84%E0%B8%B5%E0%B8%A2%E0%B9%8C%E0%B8%9A%E0%B8%AD%E0%B8%A3%E0%B9%8C%E0%B8%94%E0%B9%80%E0%B8%AA%E0%B8%B5%E0%B8%A2-%E0%B8%82%E0%B8%B2%E0%B8%A2%E0%B9%84%E0%B8%94%E0%B9%89%E0%B9%84%E0%B8%AB%E0%B8%A1/,MacBook คีย์บอร์ดเสียขายได้ไหม ประเมินราคาต่างอย่างไร | ร้านรับซื้อโน๊ตบุ๊ค.com | ร้านรับซื้อโน๊ตบุ๊ค.com,MacBook คีย์บอร์ดเสียขายได้ไหม ประเมินราคาต่างอย่างไร | ร้านรับซื้อโน๊ตบุ๊ค.com,ไขข้อข้องใจ MacBook คีย์บอร์ดเสีย ปุ่มกดไม่ทำงาน หรือแผงแป้นพิมพ์พังขายต่อได้ไหม แนะนำวิธีแก้ปัญหาเฉพาะหน้าและการส่งรูปประเมินราคาเบื้องต้น,https://ร้านรับซื้อโน๊ตบุ๊ค.com/blog/macbook-คีย์บอร์ดเสีย-ขายได้ไหม/,(none),true,false,1,true,true,44,หน้าแรก / บทความ / MacBook คีย์บอร์ดเสียขายได้ไหม ประเมินราคาต่างอย่างไร | ร้านรับซื้อโน๊ตบุ๊ค.com MacBook อาการเสีย • เผยแพร่ 14/5/2569 MacBook คีย์บอร์ดเสียขายได้ไหม ประเมินราคาต่างอย่างไร | ร้านรับซื้อโน๊ตบุ๊ค.com ไขข,/favicon.svg | /_astro/BaseLayout.Ce6jA0gB.css | /images/logo-ranrubsue-notebook-black-280.webp | /images/logo-ranrubsue-notebook-black-280.webp,,true
https://xn--42cn4aobed0eb6hubj4es0m5dhvd.com/blog/macbook-%E0%B8%88%E0%B8%AD%E0%B8%A3%E0%B9%89%E0%B8%B2%E0%B8%A7-%E0%B8%82%E0%B8%B2%E0%B8%A2%E0%B9%84%E0%B8%94%E0%B9%89%E0%B9%84%E0%B8%AB%E0%B8%A1/,Blog,200,https://xn--42cn4aobed0eb6hubj4es0m5dhvd.com/blog/macbook-%E0%B8%88%E0%B8%AD%E0%B8%A3%E0%B9%89%E0%B8%B2%E0%B8%A7-%E0%B8%82%E0%B8%B2%E0%B8%A2%E0%B9%84%E0%B8%94%E0%B9%89%E0%B9%84%E0%B8%AB%E0%B8%A1/,MacBook จอร้าวขายได้ไหม (ร้านรับซื้อดูยังไง) | ร้านรับซื้อโน๊ตบุ๊ค.com,MacBook จอร้าวขายได้ไหม (ร้านรับซื้อดูยังไง),MacBook จอร้าวหรือจอแตกยังขายได้ไหม สรุปว่าร้านรับซื้อจะดูระดับความเสียหายและรุ่นเครื่องอย่างไร,https://ร้านรับซื้อโน๊ตบุ๊ค.com/blog/macbook-จอร้าว-ขายได้ไหม/,(none),true,false,1,true,true,43,หน้าแรก / บทความ / MacBook จอร้าวขายได้ไหม (ร้านรับซื้อดูยังไง) MacBook อาการเสีย • เผยแพร่ 14/5/2569 MacBook จอร้าวขายได้ไหม (ร้านรับซื้อดูยังไง) MacBook จอร้าวหรือจอแตกยังขายได้ไหม สรุปว่าร้านรับซื้อจะดูระดับความเสียหา,/favicon.svg | /_astro/BaseLayout.Ce6jA0gB.css | /images/logo-ranrubsue-notebook-black-280.webp | /images/logo-ranrubsue-notebook-black-280.webp,,true
https://xn--42cn4aobed0eb6hubj4es0m5dhvd.com/blog/macbook-%E0%B8%8A%E0%B8%B2%E0%B8%A3%E0%B9%8C%E0%B8%88%E0%B9%84%E0%B8%A1%E0%B9%88%E0%B9%80%E0%B8%82%E0%B9%89%E0%B8%B2-%E0%B8%82%E0%B8%B2%E0%B8%A2%E0%B9%84%E0%B8%94%E0%B9%89%E0%B9%84%E0%B8%AB%E0%B8%A1/,Blog,200,https://xn--42cn4aobed0eb6hubj4es0m5dhvd.com/blog/macbook-%E0%B8%8A%E0%B8%B2%E0%B8%A3%E0%B9%8C%E0%B8%88%E0%B9%84%E0%B8%A1%E0%B9%88%E0%B9%80%E0%B8%82%E0%B9%89%E0%B8%B2-%E0%B8%82%E0%B8%B2%E0%B8%A2%E0%B9%84%E0%B8%94%E0%B9%89%E0%B9%84%E0%B8%AB%E0%B8%A1/,MacBook ชาร์จไม่เข้าไฟไม่เข้าขายได้ไหม ประเมินราคาอย่างไร | ร้านรับซื้อโน๊ตบุ๊ค.com | ร้านรับซื้อโน๊ตบุ๊ค.com,MacBook ชาร์จไม่เข้าไฟไม่เข้าขายได้ไหม ประเมินราคาอย่างไร | ร้านรับซื้อโน๊ตบุ๊ค.com,หาทางออกเมื่อ MacBook ชาร์จไฟไม่เข้า พอร์ตเสีย หรือบอร์ดชาร์จมีปัญหา เช็คเกณฑ์หักลบราคาอะไหล่และวิธีกรอกข้อมูลส่งรูปเช็คราคาเบื้องต้นฟรี,https://ร้านรับซื้อโน๊ตบุ๊ค.com/blog/macbook-ชาร์จไม่เข้า-ขายได้ไหม/,(none),true,false,1,true,true,44,หน้าแรก / บทความ / MacBook ชาร์จไม่เข้าไฟไม่เข้าขายได้ไหม ประเมินราคาอย่างไร | ร้านรับซื้อโน๊ตบุ๊ค.com MacBook อาการเสีย • เผยแพร่ 14/5/2569 MacBook ชาร์จไม่เข้าไฟไม่เข้าขายได้ไหม ประเมินราคาอย่างไร | ร้านรับซื้อโน๊ตบุ๊ค,/favicon.svg | /_astro/BaseLayout.Ce6jA0gB.css | /images/logo-ranrubsue-notebook-black-280.webp | /images/logo-ranrubsue-notebook-black-280.webp,,true
https://xn--42cn4aobed0eb6hubj4es0m5dhvd.com/blog/macbook-%E0%B8%95%E0%B8%B4%E0%B8%94-mdm-%E0%B8%82%E0%B8%B2%E0%B8%A2%E0%B9%84%E0%B8%94%E0%B9%89%E0%B9%84%E0%B8%AB%E0%B8%A1/,Blog,200,https://xn--42cn4aobed0eb6hubj4es0m5dhvd.com/blog/macbook-%E0%B8%95%E0%B8%B4%E0%B8%94-mdm-%E0%B8%82%E0%B8%B2%E0%B8%A2%E0%B9%84%E0%B8%94%E0%B9%89%E0%B9%84%E0%B8%AB%E0%B8%A1/,MacBook ติด MDM ขายได้ไหม (ต้องปลดก่อนหรือไม่) | ร้านรับซื้อโน๊ตบุ๊ค.com,MacBook ติด MDM ขายได้ไหม (ต้องปลดก่อนหรือไม่),ถ้า MacBook ติด MDM ยังขายได้ไหม สรุปว่าร้านรับซื้อจะดูสถานะการปลดระบบจัดการและสิทธิ์การขายอย่างไร,https://ร้านรับซื้อโน๊ตบุ๊ค.com/blog/macbook-ติด-mdm-ขายได้ไหม/,(none),true,false,1,true,true,43,หน้าแรก / บทความ / MacBook ติด MDM ขายได้ไหม (ต้องปลดก่อนหรือไม่) MacBook ปัญหาก่อนขาย • เผยแพร่ 14/5/2569 MacBook ติด MDM ขายได้ไหม (ต้องปลดก่อนหรือไม่) ถ้า MacBook ติด MDM ยังขายได้ไหม สรุปว่าร้านรับซื้อจะดูสถานะการปลด,/favicon.svg | /_astro/BaseLayout.Ce6jA0gB.css | /images/logo-ranrubsue-notebook-black-280.webp | /images/logo-ranrubsue-notebook-black-280.webp,,true
https://xn--42cn4aobed0eb6hubj4es0m5dhvd.com/blog/macbook-%E0%B9%81%E0%B8%9A%E0%B8%95%E0%B8%9A%E0%B8%A7%E0%B8%A1-%E0%B8%82%E0%B8%B2%E0%B8%A2%E0%B9%84%E0%B8%94%E0%B9%89%E0%B9%84%E0%B8%AB%E0%B8%A1/,Blog,200,https://xn--42cn4aobed0eb6hubj4es0m5dhvd.com/blog/macbook-%E0%B9%81%E0%B8%9A%E0%B8%95%E0%B8%9A%E0%B8%A7%E0%B8%A1-%E0%B8%82%E0%B8%B2%E0%B8%A2%E0%B9%84%E0%B8%94%E0%B9%89%E0%B9%84%E0%B8%AB%E0%B8%A1/,MacBook แบตบวมฝาเผยอขายได้ไหม มีอันตรายและราคาตกแค่ไหน | ร้านรับซื้อโน๊ตบุ๊ค.com | ร้านรับซื้อโน๊ตบุ๊ค.com,MacBook แบตบวมฝาเผยอขายได้ไหม มีอันตรายและราคาตกแค่ไหน | ร้านรับซื้อโน๊ตบุ๊ค.com,MacBook แบตบวม ฝาหลังดันเผยอหรือทัชแพดขยับไม่ได้ขายต่อได้ไหม เช็คคำแนะนำการส่งข้อมูลประเมินราคาตามสเปกและขั้นตอนการขนส่งที่ปลอดภัย,https://ร้านรับซื้อโน๊ตบุ๊ค.com/blog/macbook-แบตบวม-ขายได้ไหม/,(none),true,false,1,true,true,44,หน้าแรก / บทความ / MacBook แบตบวมฝาเผยอขายได้ไหม มีอันตรายและราคาตกแค่ไหน | ร้านรับซื้อโน๊ตบุ๊ค.com MacBook อาการเสีย • เผยแพร่ 14/5/2569 MacBook แบตบวมฝาเผยอขายได้ไหม มีอันตรายและราคาตกแค่ไหน | ร้านรับซื้อโน๊ตบุ๊ค.com M,/favicon.svg | /_astro/BaseLayout.Ce6jA0gB.css | /images/logo-ranrubsue-notebook-black-280.webp | /images/logo-ranrubsue-notebook-black-280.webp,,true
https://xn--42cn4aobed0eb6hubj4es0m5dhvd.com/blog/macbook-%E0%B9%84%E0%B8%A1%E0%B9%88%E0%B8%A1%E0%B8%B5%E0%B8%81%E0%B8%A5%E0%B9%88%E0%B8%AD%E0%B8%87-%E0%B9%84%E0%B8%A1%E0%B9%88%E0%B8%A1%E0%B8%B5%E0%B9%83%E0%B8%9A%E0%B9%80%E0%B8%AA%E0%B8%A3%E0%B9%87%E0%B8%88-%E0%B8%82%E0%B8%B2%E0%B8%A2%E0%B9%84%E0%B8%94%E0%B9%89%E0%B9%84%E0%B8%AB%E0%B8%A1/,Blog,200,https://xn--42cn4aobed0eb6hubj4es0m5dhvd.com/blog/macbook-%E0%B9%84%E0%B8%A1%E0%B9%88%E0%B8%A1%E0%B8%B5%E0%B8%81%E0%B8%A5%E0%B9%88%E0%B8%AD%E0%B8%87-%E0%B9%84%E0%B8%A1%E0%B9%88%E0%B8%A1%E0%B8%B5%E0%B9%83%E0%B8%9A%E0%B9%80%E0%B8%AA%E0%B8%A3%E0%B9%87%E0%B8%88-%E0%B8%82%E0%B8%B2%E0%B8%A2%E0%B9%84%E0%B8%94%E0%B9%89%E0%B9%84%E0%B8%AB%E0%B8%A1/,MacBook ไม่มีกล่อง ไม่มีใบเสร็จ ขายได้ไหม ต้องเตรียมอะไรบ้าง | ร้านรับซื้อโน๊ตบุ๊ค.com,MacBook ไม่มีกล่อง ไม่มีใบเสร็จ ขายได้ไหม ต้องเตรียมอะไรบ้าง,MacBook ไม่มีกล่องหรือใบเสร็จยังขายได้ไหม มีผลต่อราคาประเมินอย่างไร ควรเตรียมข้อมูลอะไร และควรล้างข้อมูลอย่างไรก่อนส่งรูปประเมิน,https://ร้านรับซื้อโน๊ตบุ๊ค.com/blog/macbook-ไม่มีกล่อง-ไม่มีใบเสร็จ-ขายได้ไหม/,(none),true,false,1,true,true,45,หน้าแรก / บทความ / MacBook ไม่มีกล่อง ไม่มีใบเสร็จ ขายได้ไหม ต้องเตรียมอะไรบ้าง MacBook ปัญหาก่อนขาย • เผยแพร่ 14/5/2569 MacBook ไม่มีกล่อง ไม่มีใบเสร็จ ขายได้ไหม ต้องเตรียมอะไรบ้าง MacBook ไม่มีกล่องหรือใบเสร็จยังขายได้,/favicon.svg | /_astro/BaseLayout.Ce6jA0gB.css | /images/logo-ranrubsue-notebook-black-280.webp | /images/logo-ranrubsue-notebook-black-280.webp,,true
https://xn--42cn4aobed0eb6hubj4es0m5dhvd.com/blog/macbook-%E0%B9%84%E0%B8%A1%E0%B9%88%E0%B8%A1%E0%B8%B5%E0%B8%97%E0%B8%B5%E0%B9%88%E0%B8%8A%E0%B8%B2%E0%B8%A3%E0%B9%8C%E0%B8%88-%E0%B8%82%E0%B8%B2%E0%B8%A2%E0%B9%84%E0%B8%94%E0%B9%89%E0%B9%84%E0%B8%AB%E0%B8%A1/,Blog,200,https://xn--42cn4aobed0eb6hubj4es0m5dhvd.com/blog/macbook-%E0%B9%84%E0%B8%A1%E0%B9%88%E0%B8%A1%E0%B8%B5%E0%B8%97%E0%B8%B5%E0%B9%88%E0%B8%8A%E0%B8%B2%E0%B8%A3%E0%B9%8C%E0%B8%88-%E0%B8%82%E0%B8%B2%E0%B8%A2%E0%B9%84%E0%B8%94%E0%B9%89%E0%B9%84%E0%B8%AB%E0%B8%A1/,MacBook ไม่มีที่ชาร์จขายได้ไหม | ร้านรับซื้อโน๊ตบุ๊ค.com,MacBook ไม่มีที่ชาร์จขายได้ไหม,ถ้าจะขาย MacBook แต่ไม่มีที่ชาร์จเดิม ยังขายได้ไหม ราคาจะต่างไหม และควรแจ้งร้านอย่างไรให้ประเมินได้ไว,https://ร้านรับซื้อโน๊ตบุ๊ค.com/blog/macbook-ไม่มีที่ชาร์จ-ขายได้ไหม/,(none),true,false,1,true,true,45,หน้าแรก / บทความ / MacBook ไม่มีที่ชาร์จขายได้ไหม MacBook เงื่อนไขการขาย • เผยแพร่ 14/5/2569 MacBook ไม่มีที่ชาร์จขายได้ไหม ถ้าจะขาย MacBook แต่ไม่มีที่ชาร์จเดิม ยังขายได้ไหม ราคาจะต่างไหม และควรแจ้งร้านอย่างไรให้ประเมิน,/favicon.svg | /_astro/BaseLayout.Ce6jA0gB.css | /images/logo-ranrubsue-notebook-black-280.webp | /images/logo-ranrubsue-notebook-black-280.webp,,true
https://xn--42cn4aobed0eb6hubj4es0m5dhvd.com/blog/macbook-battery-health-%E0%B8%A1%E0%B8%B5%E0%B8%9C%E0%B8%A5%E0%B8%95%E0%B9%88%E0%B8%AD%E0%B8%A3%E0%B8%B2%E0%B8%84%E0%B8%B2%E0%B9%84%E0%B8%AB%E0%B8%A1/,Blog,200,https://xn--42cn4aobed0eb6hubj4es0m5dhvd.com/blog/macbook-battery-health-%E0%B8%A1%E0%B8%B5%E0%B8%9C%E0%B8%A5%E0%B8%95%E0%B9%88%E0%B8%AD%E0%B8%A3%E0%B8%B2%E0%B8%84%E0%B8%B2%E0%B9%84%E0%B8%AB%E0%B8%A1/,MacBook Battery Health มีผลต่อราคารับซื้อไหม | ร้านรับซื้อโน๊ตบุ๊ค.com | ร้านรับซื้อโน๊ตบุ๊ค.com,MacBook Battery Health มีผลต่อราคารับซื้อไหม | ร้านรับซื้อโน๊ตบุ๊ค.com,สรุปข้อมูลจากช่างเทคนิคเกี่ยวกับ MacBook Battery Health สุขภาพแบตเตอรี่ส่งผลต่อราคารับซื้ออย่างไร พร้อมวิธีเช็คและแนะนำการส่งสเปกประเมินราคา,https://ร้านรับซื้อโน๊ตบุ๊ค.com/blog/macbook-battery-health-มีผลต่อราคาไหม/,(none),true,false,1,true,true,47,หน้าแรก / บทความ / MacBook Battery Health มีผลต่อราคารับซื้อไหม | ร้านรับซื้อโน๊ตบุ๊ค.com MacBook ปัจจัยราคา • เผยแพร่ 14/5/2569 MacBook Battery Health มีผลต่อราคารับซื้อไหม | ร้านรับซื้อโน๊ตบุ๊ค.com สรุปข้อมูลจากช่างเทค,/favicon.svg | /_astro/BaseLayout.Ce6jA0gB.css | /images/logo-ranrubsue-notebook-black-280.webp | /images/logo-ranrubsue-notebook-black-280.webp,,true
https://xn--42cn4aobed0eb6hubj4es0m5dhvd.com/blog/macbook-cycle-count-%E0%B9%80%E0%B8%97%E0%B9%88%E0%B8%B2%E0%B9%84%E0%B8%AB%E0%B8%A3%E0%B9%88%E0%B8%96%E0%B8%B6%E0%B8%87%E0%B8%A3%E0%B8%B2%E0%B8%84%E0%B8%B2%E0%B8%95%E0%B8%81/,Blog,200,https://xn--42cn4aobed0eb6hubj4es0m5dhvd.com/blog/macbook-cycle-count-%E0%B9%80%E0%B8%97%E0%B9%88%E0%B8%B2%E0%B9%84%E0%B8%AB%E0%B8%A3%E0%B9%88%E0%B8%96%E0%B8%B6%E0%B8%87%E0%B8%A3%E0%B8%B2%E0%B8%84%E0%B8%B2%E0%B8%95%E0%B8%81/,MacBook Cycle Count เท่าไหร่ถึงราคาตกและเสื่อมสภาพ | ร้านรับซื้อโน๊ตบุ๊ค.com | ร้านรับซื้อโน๊ตบุ๊ค.com,MacBook Cycle Count เท่าไหร่ถึงราคาตกและเสื่อมสภาพ | ร้านรับซื้อโน๊ตบุ๊ค.com,เช็คข้อมูล MacBook Cycle Count รอบชาร์จเท่าไหร่ถึงเสื่อมสภาพและส่งผลต่อราคาประเมิน แนะนำวิธีเช็ครายงานระบบพลังงานและขั้นตอนส่งรูปตรวจราคา,https://ร้านรับซื้อโน๊ตบุ๊ค.com/blog/macbook-cycle-count-เท่าไหร่ถึงราคาตก/,(none),true,false,1,true,true,47,หน้าแรก / บทความ / MacBook Cycle Count เท่าไหร่ถึงราคาตกและเสื่อมสภาพ | ร้านรับซื้อโน๊ตบุ๊ค.com MacBook ปัจจัยราคา • เผยแพร่ 14/5/2569 MacBook Cycle Count เท่าไหร่ถึงราคาตกและเสื่อมสภาพ | ร้านรับซื้อโน๊ตบุ๊ค.com เช็คข้อม,/favicon.svg | /_astro/BaseLayout.Ce6jA0gB.css | /images/logo-ranrubsue-notebook-black-280.webp | /images/logo-ranrubsue-notebook-black-280.webp,,true
https://xn--42cn4aobed0eb6hubj4es0m5dhvd.com/blog/ram-8gb-%E0%B8%81%E0%B8%B1%E0%B8%9A-16gb-%E0%B8%A1%E0%B8%B5%E0%B8%9C%E0%B8%A5%E0%B8%95%E0%B9%88%E0%B8%AD%E0%B8%A3%E0%B8%B2%E0%B8%84%E0%B8%B2%E0%B8%A3%E0%B8%B1%E0%B8%9A%E0%B8%8B%E0%B8%B7%E0%B9%89%E0%B8%AD%E0%B9%84%E0%B8%AB%E0%B8%A1/,Blog,200,https://xn--42cn4aobed0eb6hubj4es0m5dhvd.com/blog/ram-8gb-%E0%B8%81%E0%B8%B1%E0%B8%9A-16gb-%E0%B8%A1%E0%B8%B5%E0%B8%9C%E0%B8%A5%E0%B8%95%E0%B9%88%E0%B8%AD%E0%B8%A3%E0%B8%B2%E0%B8%84%E0%B8%B2%E0%B8%A3%E0%B8%B1%E0%B8%9A%E0%B8%8B%E0%B8%B7%E0%B9%89%E0%B8%AD%E0%B9%84%E0%B8%AB%E0%B8%A1/,RAM 8GB กับ 16GB มีผลต่อราคารับซื้อโน๊ตบุ๊คไหม | ร้านรับซื้อโน๊ตบุ๊ค.com,RAM 8GB กับ 16GB มีผลต่อราคารับซื้อโน๊ตบุ๊คไหม,เปรียบเทียบแบบเข้าใจง่ายว่า RAM 8GB กับ 16GB ส่งผลต่อกรอบราคารับซื้อยังไง และเมื่อไรที่การอัปเกรดแรมช่วยภาพรวมของเครื่องจริง,https://ร้านรับซื้อโน๊ตบุ๊ค.com/blog/ram-8gb-กับ-16gb-มีผลต่อราคารับซื้อไหม/,(none),true,false,1,true,true,43,หน้าแรก / บทความ / RAM 8GB กับ 16GB มีผลต่อราคารับซื้อโน๊ตบุ๊คไหม คู่มือประเมินราคา • เผยแพร่ 16/5/2569 RAM 8GB กับ 16GB มีผลต่อราคารับซื้อโน๊ตบุ๊คไหม เปรียบเทียบแบบเข้าใจง่ายว่า RAM 8GB กับ 16GB ส่งผลต่อกรอบราคารับซื้อย,/favicon.svg | /_astro/BaseLayout.Ce6jA0gB.css | /images/logo-ranrubsue-notebook-black-280.webp | /images/logo-ranrubsue-notebook-black-280.webp,,true
https://xn--42cn4aobed0eb6hubj4es0m5dhvd.com/blog/ssd-%E0%B9%80%E0%B8%AA%E0%B8%B5%E0%B8%A2%E0%B8%82%E0%B8%B2%E0%B8%A2%E0%B9%84%E0%B8%94%E0%B9%89%E0%B9%84%E0%B8%AB%E0%B8%A1/,Blog,200,https://xn--42cn4aobed0eb6hubj4es0m5dhvd.com/blog/ssd-%E0%B9%80%E0%B8%AA%E0%B8%B5%E0%B8%A2%E0%B8%82%E0%B8%B2%E0%B8%A2%E0%B9%84%E0%B8%94%E0%B9%89%E0%B9%84%E0%B8%AB%E0%B8%A1/,SSD เสียขายได้ไหม | ร้านรับซื้อโน๊ตบุ๊ค.com,SSD เสียขายได้ไหม,ถ้าโน๊ตบุ๊ค SSD เสีย บูตไม่ขึ้น หรือมองไม่เห็นไดรฟ์ ยังขายได้ไหม และร้านจะดูอะไรบ้าง,https://ร้านรับซื้อโน๊ตบุ๊ค.com/blog/ssd-เสียขายได้ไหม/,(none),true,false,1,true,true,44,หน้าแรก / บทความ / SSD เสียขายได้ไหม อาการเสียเฉพาะจุด • เผยแพร่ 14/5/2569 SSD เสียขายได้ไหม ถ้าโน๊ตบุ๊ค SSD เสีย บูตไม่ขึ้น หรือมองไม่เห็นไดรฟ์ ยังขายได้ไหม และร้านจะดูอะไรบ้าง ✦ ส่งอาการ SSD และสเปกเพื่อประเมิน โทร 064,/favicon.svg | /_astro/BaseLayout.Ce6jA0gB.css | /images/logo-ranrubsue-notebook-black-280.webp | /images/logo-ranrubsue-notebook-black-280.webp,,true
https://xn--42cn4aobed0eb6hubj4es0m5dhvd.com/blog/ssd-256gb-512gb-1tb-%E0%B8%A1%E0%B8%B5%E0%B8%9C%E0%B8%A5%E0%B8%95%E0%B9%88%E0%B8%AD%E0%B8%A3%E0%B8%B2%E0%B8%84%E0%B8%B2%E0%B8%AD%E0%B8%A2%E0%B9%88%E0%B8%B2%E0%B8%87%E0%B9%84%E0%B8%A3/,Blog,200,https://xn--42cn4aobed0eb6hubj4es0m5dhvd.com/blog/ssd-256gb-512gb-1tb-%E0%B8%A1%E0%B8%B5%E0%B8%9C%E0%B8%A5%E0%B8%95%E0%B9%88%E0%B8%AD%E0%B8%A3%E0%B8%B2%E0%B8%84%E0%B8%B2%E0%B8%AD%E0%B8%A2%E0%B9%88%E0%B8%B2%E0%B8%87%E0%B9%84%E0%B8%A3/,SSD 256GB 512GB และ 1TB มีผลต่อราคารับซื้อโน๊ตบุ๊คอย่างไร | ร้านรับซื้อโน๊ตบุ๊ค.com,SSD 256GB 512GB และ 1TB มีผลต่อราคารับซื้อโน๊ตบุ๊คอย่างไร,"เปรียบเทียบว่า SSD 256GB, 512GB และ 1TB มีผลต่อกรอบราคารับซื้อแค่ไหน และเมื่อไรที่ความจุสูงขึ้นช่วยให้เครื่องดูน่าสนใจกว่าเดิมจริง",https://ร้านรับซื้อโน๊ตบุ๊ค.com/blog/ssd-256gb-512gb-1tb-มีผลต่อราคาอย่างไร/,(none),true,false,1,true,true,42,"หน้าแรก / บทความ / SSD 256GB 512GB และ 1TB มีผลต่อราคารับซื้อโน๊ตบุ๊คอย่างไร คู่มือประเมินราคา • เผยแพร่ 16/5/2569 SSD 256GB 512GB และ 1TB มีผลต่อราคารับซื้อโน๊ตบุ๊คอย่างไร เปรียบเทียบว่า SSD 256GB, 512GB และ 1TB มีผลต่อ",/favicon.svg | /_astro/BaseLayout.Ce6jA0gB.css | /images/logo-ranrubsue-notebook-black-280.webp | /images/logo-ranrubsue-notebook-black-280.webp,,true
https://xn--42cn4aobed0eb6hubj4es0m5dhvd.com/sitemap/,Other,200,https://xn--42cn4aobed0eb6hubj4es0m5dhvd.com/sitemap/,แผนผังเว็บไซต์ (HTML Sitemap) | ร้านรับซื้อโน๊ตบุ๊ค.com,แผนผังเว็บไซต์ (Sitemap),แผนผังเว็บไซต์รวบรวมลิงก์บริการรับซื้อโน๊ตบุ๊ค พื้นที่ให้บริการ 77 จังหวัด และบทความทั้งหมด,https://ร้านรับซื้อโน๊ตบุ๊ค.com/sitemap/,(none),true,false,1,true,true,399,แผนผังเว็บไซต์ (Sitemap) รวบรวมหน้าเว็บทั้งหมดของ ร้านรับซื้อโน๊ตบุ๊ค.com เพื่อให้ง่ายต่อการค้นหาบริการและพื้นที่ของคุณ หน้าหลักและบริการ หน้าแรก รับซื้อโน๊ตบุ๊ค รับซื้อโน๊ตบุ๊คมือสอง รับซื้อ Notebook เช็คราคาโน๊ตบุ๊ค ตี,/favicon.svg | /_astro/BaseLayout.Ce6jA0gB.css | /images/logo-ranrubsue-notebook-black-280.webp | /images/logo-ranrubsue-notebook-black-280.webp,,true
