source_url,area,entity_slug,location_target,entity_target,location_target_status,entity_target_status,location_similarity,entity_similarity,ambiguity,gsc_last_crawl,recommended_action,confidence,reason
https://ร้านรับซื้อโน๊ตบุ๊ค.com/รับซื้อโน๊ตบุ๊ค/ชัยนาท/macbook-air-m2/,ชัยนาท,macbook-air-m2,https://ร้านรับซื้อโน๊ตบุ๊ค.com/รับซื้อโน๊ตบุ๊ค/ชัยนาท/,https://ร้านรับซื้อโน๊ตบุ๊ค.com/รับซื้อโน๊ตบุ๊ค/macbook-air-m2/,200 indexable self-canonical,200 indexable self-canonical,high location / low entity,high entity / low location,high,2026-07-24,KEEP_404,high,Both plausible targets preserve only one dimension of the original intent; no single exact target exists.
https://ร้านรับซื้อโน๊ตบุ๊ค.com/รับซื้อโน๊ตบุ๊ค/อำนาจเจริญ/asus-rog-flow/,อำนาจเจริญ,asus-rog-flow,https://ร้านรับซื้อโน๊ตบุ๊ค.com/รับซื้อโน๊ตบุ๊ค/อำนาจเจริญ/,https://ร้านรับซื้อโน๊ตบุ๊ค.com/รับซื้อโน๊ตบุ๊ค/asus-rog-flow/,200 indexable self-canonical,200 indexable self-canonical,high location / low entity,high entity / low location,high,2026-07-24,KEEP_404,high,Both plausible targets preserve only one dimension of the original intent; no single exact target exists.
https://ร้านรับซื้อโน๊ตบุ๊ค.com/รับซื้อโน๊ตบุ๊ค/นครนายก/macbook-pro-m2/,นครนายก,macbook-pro-m2,https://ร้านรับซื้อโน๊ตบุ๊ค.com/รับซื้อโน๊ตบุ๊ค/นครนายก/,https://ร้านรับซื้อโน๊ตบุ๊ค.com/รับซื้อโน๊ตบุ๊ค/macbook-pro-m2/,200 indexable self-canonical,200 indexable self-canonical,high location / low entity,high entity / low location,high,2026-07-23,KEEP_404,high,Both plausible targets preserve only one dimension of the original intent; no single exact target exists.
https://ร้านรับซื้อโน๊ตบุ๊ค.com/รับซื้อโน๊ตบุ๊ค/หนองคาย/alienware-m18/,หนองคาย,alienware-m18,https://ร้านรับซื้อโน๊ตบุ๊ค.com/รับซื้อโน๊ตบุ๊ค/หนองคาย/,https://ร้านรับซื้อโน๊ตบุ๊ค.com/รับซื้อโน๊ตบุ๊ค/alienware-m18/,200 indexable self-canonical,200 indexable self-canonical,high location / low entity,high entity / low location,high,2026-07-19,KEEP_404,high,Both plausible targets preserve only one dimension of the original intent; no single exact target exists.
https://ร้านรับซื้อโน๊ตบุ๊ค.com/รับซื้อโน๊ตบุ๊ค/ลพบุรี/macbook-air-15/,ลพบุรี,macbook-air-15,https://ร้านรับซื้อโน๊ตบุ๊ค.com/รับซื้อโน๊ตบุ๊ค/ลพบุรี/,https://ร้านรับซื้อโน๊ตบุ๊ค.com/รับซื้อโน๊ตบุ๊ค/macbook-air-15/,200 indexable self-canonical,200 indexable self-canonical,high location / low entity,high entity / low location,high,2026-07-09,KEEP_404,high,Both plausible targets preserve only one dimension of the original intent; no single exact target exists.
https://ร้านรับซื้อโน๊ตบุ๊ค.com/รับซื้อโน๊ตบุ๊ค/ชัยนาท/กล้องเสีย/,ชัยนาท,กล้องเสีย,https://ร้านรับซื้อโน๊ตบุ๊ค.com/รับซื้อโน๊ตบุ๊ค/ชัยนาท/,https://ร้านรับซื้อโน๊ตบุ๊ค.com/รับซื้อโน๊ตบุ๊ค/กล้องเสีย/,200 indexable self-canonical,200 indexable self-canonical,high location / low entity,high entity / low location,high,2026-07-08,KEEP_404,high,Both plausible targets preserve only one dimension of the original intent; no single exact target exists.
https://ร้านรับซื้อโน๊ตบุ๊ค.com/รับซื้อโน๊ตบุ๊ค/ชัยภูมิ/asus-zephyrus-g14/,ชัยภูมิ,asus-zephyrus-g14,https://ร้านรับซื้อโน๊ตบุ๊ค.com/รับซื้อโน๊ตบุ๊ค/ชัยภูมิ/,https://ร้านรับซื้อโน๊ตบุ๊ค.com/รับซื้อโน๊ตบุ๊ค/asus-zephyrus-g14/,200 indexable self-canonical,200 indexable self-canonical,high location / low entity,high entity / low location,high,2026-07-08,KEEP_404,high,Both plausible targets preserve only one dimension of the original intent; no single exact target exists.
https://ร้านรับซื้อโน๊ตบุ๊ค.com/รับซื้อโน๊ตบุ๊ค/อยุธยา/จอไม่ติดแต่เครื่องติด/,อยุธยา,จอไม่ติดแต่เครื่องติด,https://ร้านรับซื้อโน๊ตบุ๊ค.com/รับซื้อโน๊ตบุ๊ค/อยุธยา/,https://ร้านรับซื้อโน๊ตบุ๊ค.com/รับซื้อโน๊ตบุ๊ค/จอไม่ติดแต่เครื่องติด/,200 indexable self-canonical,200 indexable self-canonical,high location / low entity,high entity / low location,high,2026-07-08,KEEP_404,high,Both plausible targets preserve only one dimension of the original intent; no single exact target exists.
https://ร้านรับซื้อโน๊ตบุ๊ค.com/รับซื้อโน๊ตบุ๊ค/อำนาจเจริญ/macbook-pro-14/,อำนาจเจริญ,macbook-pro-14,https://ร้านรับซื้อโน๊ตบุ๊ค.com/รับซื้อโน๊ตบุ๊ค/อำนาจเจริญ/,https://ร้านรับซื้อโน๊ตบุ๊ค.com/รับซื้อโน๊ตบุ๊ค/macbook-pro-14/,200 indexable self-canonical,200 indexable self-canonical,high location / low entity,high entity / low location,high,2026-07-08,KEEP_404,high,Both plausible targets preserve only one dimension of the original intent; no single exact target exists.
https://ร้านรับซื้อโน๊ตบุ๊ค.com/รับซื้อโน๊ตบุ๊ค/อุตรดิตถ์/lenovo-loq-15-16/,อุตรดิตถ์,lenovo-loq-15-16,https://ร้านรับซื้อโน๊ตบุ๊ค.com/รับซื้อโน๊ตบุ๊ค/อุตรดิตถ์/,https://ร้านรับซื้อโน๊ตบุ๊ค.com/รับซื้อโน๊ตบุ๊ค/lenovo-loq-15-16/,200 indexable self-canonical,200 indexable self-canonical,high location / low entity,high entity / low location,high,2026-07-07,KEEP_404,high,Both plausible targets preserve only one dimension of the original intent; no single exact target exists.
https://ร้านรับซื้อโน๊ตบุ๊ค.com/รับซื้อโน๊ตบุ๊ค/ใกล้ฉัน/hp-elitebook/,ใกล้ฉัน,hp-elitebook,https://ร้านรับซื้อโน๊ตบุ๊ค.com/รับซื้อโน๊ตบุ๊ค/ใกล้ฉัน/,https://ร้านรับซื้อโน๊ตบุ๊ค.com/รับซื้อโน๊ตบุ๊ค/hp-elitebook/,200 indexable self-canonical,200 indexable self-canonical,high location / low entity,high entity / low location,high,2026-07-07,KEEP_404,high,Both plausible targets preserve only one dimension of the original intent; no single exact target exists.
https://ร้านรับซื้อโน๊ตบุ๊ค.com/รับซื้อโน๊ตบุ๊ค/พะเยา/lenovo-yoga/,พะเยา,lenovo-yoga,https://ร้านรับซื้อโน๊ตบุ๊ค.com/รับซื้อโน๊ตบุ๊ค/พะเยา/,https://ร้านรับซื้อโน๊ตบุ๊ค.com/รับซื้อโน๊ตบุ๊ค/lenovo-yoga/,200 indexable self-canonical,200 indexable self-canonical,high location / low entity,high entity / low location,high,2026-07-06,KEEP_404,high,Both plausible targets preserve only one dimension of the original intent; no single exact target exists.
https://ร้านรับซื้อโน๊ตบุ๊ค.com/รับซื้อโน๊ตบุ๊ค/นครปฐม/macbook-air-m2/,นครปฐม,macbook-air-m2,https://ร้านรับซื้อโน๊ตบุ๊ค.com/รับซื้อโน๊ตบุ๊ค/นครปฐม/,https://ร้านรับซื้อโน๊ตบุ๊ค.com/รับซื้อโน๊ตบุ๊ค/macbook-air-m2/,200 indexable self-canonical,200 indexable self-canonical,high location / low entity,high entity / low location,high,2026-07-06,KEEP_404,high,Both plausible targets preserve only one dimension of the original intent; no single exact target exists.
https://ร้านรับซื้อโน๊ตบุ๊ค.com/รับซื้อโน๊ตบุ๊ค/พัทลุง/hp-probook/,พัทลุง,hp-probook,https://ร้านรับซื้อโน๊ตบุ๊ค.com/รับซื้อโน๊ตบุ๊ค/พัทลุง/,https://ร้านรับซื้อโน๊ตบุ๊ค.com/รับซื้อโน๊ตบุ๊ค/hp-probook/,200 indexable self-canonical,200 indexable self-canonical,high location / low entity,high entity / low location,high,2026-07-05,KEEP_404,high,Both plausible targets preserve only one dimension of the original intent; no single exact target exists.
https://ร้านรับซื้อโน๊ตบุ๊ค.com/รับซื้อโน๊ตบุ๊ค/ฉะเชิงเทรา/macbook-keyboard-issue/,ฉะเชิงเทรา,macbook-keyboard-issue,https://ร้านรับซื้อโน๊ตบุ๊ค.com/รับซื้อโน๊ตบุ๊ค/ฉะเชิงเทรา/,https://ร้านรับซื้อโน๊ตบุ๊ค.com/รับซื้อโน๊ตบุ๊ค/macbook-keyboard-issue/,200 indexable self-canonical,200 indexable self-canonical,high location / low entity,high entity / low location,high,2026-07-05,KEEP_404,high,Both plausible targets preserve only one dimension of the original intent; no single exact target exists.
https://ร้านรับซื้อโน๊ตบุ๊ค.com/รับซื้อโน๊ตบุ๊ค/สุราษฎร์ธานี/macbook-pro-m5/,สุราษฎร์ธานี,macbook-pro-m5,https://ร้านรับซื้อโน๊ตบุ๊ค.com/รับซื้อโน๊ตบุ๊ค/สุราษฎร์ธานี/,https://ร้านรับซื้อโน๊ตบุ๊ค.com/รับซื้อโน๊ตบุ๊ค/macbook-pro-m5/,200 indexable self-canonical,200 indexable self-canonical,high location / low entity,high entity / low location,high,2026-07-05,KEEP_404,high,Both plausible targets preserve only one dimension of the original intent; no single exact target exists.
https://ร้านรับซื้อโน๊ตบุ๊ค.com/รับซื้อโน๊ตบุ๊ค/สุรินทร์/surface-book/,สุรินทร์,surface-book,https://ร้านรับซื้อโน๊ตบุ๊ค.com/รับซื้อโน๊ตบุ๊ค/สุรินทร์/,https://ร้านรับซื้อโน๊ตบุ๊ค.com/รับซื้อโน๊ตบุ๊ค/surface-book/,200 indexable self-canonical,200 indexable self-canonical,high location / low entity,high entity / low location,high,2026-07-05,KEEP_404,high,Both plausible targets preserve only one dimension of the original intent; no single exact target exists.
https://ร้านรับซื้อโน๊ตบุ๊ค.com/รับซื้อโน๊ตบุ๊ค/เพชรบุรี/asus-vivobook/,เพชรบุรี,asus-vivobook,https://ร้านรับซื้อโน๊ตบุ๊ค.com/รับซื้อโน๊ตบุ๊ค/เพชรบุรี/,https://ร้านรับซื้อโน๊ตบุ๊ค.com/รับซื้อโน๊ตบุ๊ค/asus-vivobook/,200 indexable self-canonical,200 indexable self-canonical,high location / low entity,high entity / low location,high,2026-07-05,KEEP_404,high,Both plausible targets preserve only one dimension of the original intent; no single exact target exists.
https://ร้านรับซื้อโน๊ตบุ๊ค.com/รับซื้อโน๊ตบุ๊ค/รามคำแหง/hp-elitebook/,รามคำแหง,hp-elitebook,https://ร้านรับซื้อโน๊ตบุ๊ค.com/รับซื้อโน๊ตบุ๊ค/รามคำแหง/,https://ร้านรับซื้อโน๊ตบุ๊ค.com/รับซื้อโน๊ตบุ๊ค/hp-elitebook/,200 indexable self-canonical,200 indexable self-canonical,high location / low entity,high entity / low location,high,2026-07-05,KEEP_404,high,Both plausible targets preserve only one dimension of the original intent; no single exact target exists.
https://ร้านรับซื้อโน๊ตบุ๊ค.com/รับซื้อโน๊ตบุ๊ค/ชัยภูมิ/alienware-x16/,ชัยภูมิ,alienware-x16,https://ร้านรับซื้อโน๊ตบุ๊ค.com/รับซื้อโน๊ตบุ๊ค/ชัยภูมิ/,https://ร้านรับซื้อโน๊ตบุ๊ค.com/รับซื้อโน๊ตบุ๊ค/alienware-x16/,200 indexable self-canonical,200 indexable self-canonical,high location / low entity,high entity / low location,high,2026-07-05,KEEP_404,high,Both plausible targets preserve only one dimension of the original intent; no single exact target exists.
https://ร้านรับซื้อโน๊ตบุ๊ค.com/รับซื้อโน๊ตบุ๊ค/กาญจนบุรี/hdmi-เสีย/,กาญจนบุรี,hdmi-เสีย,https://ร้านรับซื้อโน๊ตบุ๊ค.com/รับซื้อโน๊ตบุ๊ค/กาญจนบุรี/,https://ร้านรับซื้อโน๊ตบุ๊ค.com/รับซื้อโน๊ตบุ๊ค/hdmi-เสีย/,200 indexable self-canonical,200 indexable self-canonical,high location / low entity,high entity / low location,high,2026-07-04,KEEP_404,high,Both plausible targets preserve only one dimension of the original intent; no single exact target exists.
https://ร้านรับซื้อโน๊ตบุ๊ค.com/รับซื้อโน๊ตบุ๊ค/รามคำแหง/surface-book/,รามคำแหง,surface-book,https://ร้านรับซื้อโน๊ตบุ๊ค.com/รับซื้อโน๊ตบุ๊ค/รามคำแหง/,https://ร้านรับซื้อโน๊ตบุ๊ค.com/รับซื้อโน๊ตบุ๊ค/surface-book/,200 indexable self-canonical,200 indexable self-canonical,high location / low entity,high entity / low location,high,2026-07-04,KEEP_404,high,Both plausible targets preserve only one dimension of the original intent; no single exact target exists.
https://ร้านรับซื้อโน๊ตบุ๊ค.com/รับซื้อโน๊ตบุ๊ค/กระบี่/huawei-matebook/,กระบี่,huawei-matebook,https://ร้านรับซื้อโน๊ตบุ๊ค.com/รับซื้อโน๊ตบุ๊ค/กระบี่/,https://ร้านรับซื้อโน๊ตบุ๊ค.com/รับซื้อโน๊ตบุ๊ค/huawei-matebook/,200 indexable self-canonical,200 indexable self-canonical,high location / low entity,high entity / low location,high,2026-07-04,KEEP_404,high,Both plausible targets preserve only one dimension of the original intent; no single exact target exists.
https://ร้านรับซื้อโน๊ตบุ๊ค.com/รับซื้อโน๊ตบุ๊ค/ลพบุรี/จอฟ้า/,ลพบุรี,จอฟ้า,https://ร้านรับซื้อโน๊ตบุ๊ค.com/รับซื้อโน๊ตบุ๊ค/ลพบุรี/,https://ร้านรับซื้อโน๊ตบุ๊ค.com/รับซื้อโน๊ตบุ๊ค/จอฟ้า/,200 indexable self-canonical,200 indexable self-canonical,high location / low entity,high entity / low location,high,2026-07-04,KEEP_404,high,Both plausible targets preserve only one dimension of the original intent; no single exact target exists.
https://ร้านรับซื้อโน๊ตบุ๊ค.com/รับซื้อโน๊ตบุ๊ค/มหาสารคาม/razer-blade/,มหาสารคาม,razer-blade,https://ร้านรับซื้อโน๊ตบุ๊ค.com/รับซื้อโน๊ตบุ๊ค/มหาสารคาม/,https://ร้านรับซื้อโน๊ตบุ๊ค.com/รับซื้อโน๊ตบุ๊ค/razer-blade/,200 indexable self-canonical,200 indexable self-canonical,high location / low entity,high entity / low location,high,2026-07-04,KEEP_404,high,Both plausible targets preserve only one dimension of the original intent; no single exact target exists.
https://ร้านรับซื้อโน๊ตบุ๊ค.com/รับซื้อโน๊ตบุ๊ค/ลพบุรี/lenovo-legion-pro-7/,ลพบุรี,lenovo-legion-pro-7,https://ร้านรับซื้อโน๊ตบุ๊ค.com/รับซื้อโน๊ตบุ๊ค/ลพบุรี/,https://ร้านรับซื้อโน๊ตบุ๊ค.com/รับซื้อโน๊ตบุ๊ค/lenovo-legion-pro-7/,200 indexable self-canonical,200 indexable self-canonical,high location / low entity,high entity / low location,high,2026-07-04,KEEP_404,high,Both plausible targets preserve only one dimension of the original intent; no single exact target exists.
https://ร้านรับซื้อโน๊ตบุ๊ค.com/รับซื้อโน๊ตบุ๊ค/อยุธยา/dell-latitude/,อยุธยา,dell-latitude,https://ร้านรับซื้อโน๊ตบุ๊ค.com/รับซื้อโน๊ตบุ๊ค/อยุธยา/,https://ร้านรับซื้อโน๊ตบุ๊ค.com/รับซื้อโน๊ตบุ๊ค/dell-latitude/,200 indexable self-canonical,200 indexable self-canonical,high location / low entity,high entity / low location,high,2026-07-04,KEEP_404,high,Both plausible targets preserve only one dimension of the original intent; no single exact target exists.
https://ร้านรับซื้อโน๊ตบุ๊ค.com/รับซื้อโน๊ตบุ๊ค/เชียงใหม่/acer-nitro-v/,เชียงใหม่,acer-nitro-v,https://ร้านรับซื้อโน๊ตบุ๊ค.com/รับซื้อโน๊ตบุ๊ค/เชียงใหม่/,https://ร้านรับซื้อโน๊ตบุ๊ค.com/รับซื้อโน๊ตบุ๊ค/acer-nitro-v/,200 indexable self-canonical,200 indexable self-canonical,high location / low entity,high entity / low location,high,2026-07-04,KEEP_404,high,Both plausible targets preserve only one dimension of the original intent; no single exact target exists.
https://ร้านรับซื้อโน๊ตบุ๊ค.com/รับซื้อโน๊ตบุ๊ค/ชลบุรี/macbook-battery-swollen/,ชลบุรี,macbook-battery-swollen,https://ร้านรับซื้อโน๊ตบุ๊ค.com/รับซื้อโน๊ตบุ๊ค/ชลบุรี/,https://ร้านรับซื้อโน๊ตบุ๊ค.com/รับซื้อโน๊ตบุ๊ค/macbook-battery-swollen/,200 indexable self-canonical,200 indexable self-canonical,high location / low entity,high entity / low location,high,2026-07-04,KEEP_404,high,Both plausible targets preserve only one dimension of the original intent; no single exact target exists.
https://ร้านรับซื้อโน๊ตบุ๊ค.com/รับซื้อโน๊ตบุ๊ค/หนองบัวลำภู/asus-expertbook/,หนองบัวลำภู,asus-expertbook,https://ร้านรับซื้อโน๊ตบุ๊ค.com/รับซื้อโน๊ตบุ๊ค/หนองบัวลำภู/,https://ร้านรับซื้อโน๊ตบุ๊ค.com/รับซื้อโน๊ตบุ๊ค/asus-expertbook/,200 indexable self-canonical,200 indexable self-canonical,high location / low entity,high entity / low location,high,2026-07-04,KEEP_404,high,Both plausible targets preserve only one dimension of the original intent; no single exact target exists.
https://ร้านรับซื้อโน๊ตบุ๊ค.com/รับซื้อโน๊ตบุ๊ค/ร้อยเอ็ด/honor/,ร้อยเอ็ด,honor,https://ร้านรับซื้อโน๊ตบุ๊ค.com/รับซื้อโน๊ตบุ๊ค/ร้อยเอ็ด/,https://ร้านรับซื้อโน๊ตบุ๊ค.com/รับซื้อโน๊ตบุ๊ค/honor/,200 indexable self-canonical,200 indexable self-canonical,high location / low entity,high entity / low location,high,2026-07-04,KEEP_404,high,Both plausible targets preserve only one dimension of the original intent; no single exact target exists.
https://ร้านรับซื้อโน๊ตบุ๊ค.com/รับซื้อโน๊ตบุ๊ค/ตาก/ลำโพงเสีย/,ตาก,ลำโพงเสีย,https://ร้านรับซื้อโน๊ตบุ๊ค.com/รับซื้อโน๊ตบุ๊ค/ตาก/,https://ร้านรับซื้อโน๊ตบุ๊ค.com/รับซื้อโน๊ตบุ๊ค/ลำโพงเสีย/,200 indexable self-canonical,200 indexable self-canonical,high location / low entity,high entity / low location,high,2026-07-04,KEEP_404,high,Both plausible targets preserve only one dimension of the original intent; no single exact target exists.
https://ร้านรับซื้อโน๊ตบุ๊ค.com/รับซื้อโน๊ตบุ๊ค/พิษณุโลก/asus-rog-flow/,พิษณุโลก,asus-rog-flow,https://ร้านรับซื้อโน๊ตบุ๊ค.com/รับซื้อโน๊ตบุ๊ค/พิษณุโลก/,https://ร้านรับซื้อโน๊ตบุ๊ค.com/รับซื้อโน๊ตบุ๊ค/asus-rog-flow/,200 indexable self-canonical,200 indexable self-canonical,high location / low entity,high entity / low location,high,2026-07-04,KEEP_404,high,Both plausible targets preserve only one dimension of the original intent; no single exact target exists.
https://ร้านรับซื้อโน๊ตบุ๊ค.com/รับซื้อโน๊ตบุ๊ค/หนองคาย/พอร์ต-type-c-เสีย/,หนองคาย,พอร์ต-type-c-เสีย,https://ร้านรับซื้อโน๊ตบุ๊ค.com/รับซื้อโน๊ตบุ๊ค/หนองคาย/,https://ร้านรับซื้อโน๊ตบุ๊ค.com/รับซื้อโน๊ตบุ๊ค/พอร์ต-type-c-เสีย/,200 indexable self-canonical,200 indexable self-canonical,high location / low entity,high entity / low location,high,2026-07-04,KEEP_404,high,Both plausible targets preserve only one dimension of the original intent; no single exact target exists.
https://ร้านรับซื้อโน๊ตบุ๊ค.com/รับซื้อโน๊ตบุ๊ค/ภูเก็ต/hp-probook/,ภูเก็ต,hp-probook,https://ร้านรับซื้อโน๊ตบุ๊ค.com/รับซื้อโน๊ตบุ๊ค/ภูเก็ต/,https://ร้านรับซื้อโน๊ตบุ๊ค.com/รับซื้อโน๊ตบุ๊ค/hp-probook/,200 indexable self-canonical,200 indexable self-canonical,high location / low entity,high entity / low location,high,2026-07-04,KEEP_404,high,Both plausible targets preserve only one dimension of the original intent; no single exact target exists.
https://ร้านรับซื้อโน๊ตบุ๊ค.com/รับซื้อโน๊ตบุ๊ค/ลำพูน/alienware-m15-r7-r8/,ลำพูน,alienware-m15-r7-r8,https://ร้านรับซื้อโน๊ตบุ๊ค.com/รับซื้อโน๊ตบุ๊ค/ลำพูน/,https://ร้านรับซื้อโน๊ตบุ๊ค.com/รับซื้อโน๊ตบุ๊ค/alienware-m15-r7-r8/,200 indexable self-canonical,200 indexable self-canonical,high location / low entity,high entity / low location,high,2026-07-04,KEEP_404,high,Both plausible targets preserve only one dimension of the original intent; no single exact target exists.
https://ร้านรับซื้อโน๊ตบุ๊ค.com/รับซื้อโน๊ตบุ๊ค/ตาก/hp-victus-15/,ตาก,hp-victus-15,https://ร้านรับซื้อโน๊ตบุ๊ค.com/รับซื้อโน๊ตบุ๊ค/ตาก/,https://ร้านรับซื้อโน๊ตบุ๊ค.com/รับซื้อโน๊ตบุ๊ค/hp-victus-15/,200 indexable self-canonical,200 indexable self-canonical,high location / low entity,high entity / low location,high,2026-07-04,KEEP_404,high,Both plausible targets preserve only one dimension of the original intent; no single exact target exists.
https://ร้านรับซื้อโน๊ตบุ๊ค.com/รับซื้อโน๊ตบุ๊ค/พัทยา/รีสตาร์ทเอง/,พัทยา,รีสตาร์ทเอง,https://ร้านรับซื้อโน๊ตบุ๊ค.com/รับซื้อโน๊ตบุ๊ค/พัทยา/,https://ร้านรับซื้อโน๊ตบุ๊ค.com/รับซื้อโน๊ตบุ๊ค/รีสตาร์ทเอง/,200 indexable self-canonical,200 indexable self-canonical,high location / low entity,high entity / low location,high,2026-07-04,KEEP_404,high,Both plausible targets preserve only one dimension of the original intent; no single exact target exists.
https://ร้านรับซื้อโน๊ตบุ๊ค.com/รับซื้อโน๊ตบุ๊ค/อ่างทอง/จอฟ้า/,อ่างทอง,จอฟ้า,https://ร้านรับซื้อโน๊ตบุ๊ค.com/รับซื้อโน๊ตบุ๊ค/อ่างทอง/,https://ร้านรับซื้อโน๊ตบุ๊ค.com/รับซื้อโน๊ตบุ๊ค/จอฟ้า/,200 indexable self-canonical,200 indexable self-canonical,high location / low entity,high entity / low location,high,2026-07-04,KEEP_404,high,Both plausible targets preserve only one dimension of the original intent; no single exact target exists.
https://ร้านรับซื้อโน๊ตบุ๊ค.com/รับซื้อโน๊ตบุ๊ค/ยะลา/asus-expertbook/,ยะลา,asus-expertbook,https://ร้านรับซื้อโน๊ตบุ๊ค.com/รับซื้อโน๊ตบุ๊ค/ยะลา/,https://ร้านรับซื้อโน๊ตบุ๊ค.com/รับซื้อโน๊ตบุ๊ค/asus-expertbook/,200 indexable self-canonical,200 indexable self-canonical,high location / low entity,high entity / low location,high,2026-07-04,KEEP_404,high,Both plausible targets preserve only one dimension of the original intent; no single exact target exists.
https://ร้านรับซื้อโน๊ตบุ๊ค.com/รับซื้อโน๊ตบุ๊ค/ร้อยเอ็ด/lenovo-legion-slim/,ร้อยเอ็ด,lenovo-legion-slim,https://ร้านรับซื้อโน๊ตบุ๊ค.com/รับซื้อโน๊ตบุ๊ค/ร้อยเอ็ด/,https://ร้านรับซื้อโน๊ตบุ๊ค.com/รับซื้อโน๊ตบุ๊ค/lenovo-legion-slim/,200 indexable self-canonical,200 indexable self-canonical,high location / low entity,high entity / low location,high,2026-07-04,KEEP_404,high,Both plausible targets preserve only one dimension of the original intent; no single exact target exists.
https://ร้านรับซื้อโน๊ตบุ๊ค.com/รับซื้อโน๊ตบุ๊ค/ราชบุรี/บอดี้แตก/,ราชบุรี,บอดี้แตก,https://ร้านรับซื้อโน๊ตบุ๊ค.com/รับซื้อโน๊ตบุ๊ค/ราชบุรี/,https://ร้านรับซื้อโน๊ตบุ๊ค.com/รับซื้อโน๊ตบุ๊ค/บอดี้แตก/,200 indexable self-canonical,200 indexable self-canonical,high location / low entity,high entity / low location,high,2026-07-04,KEEP_404,high,Both plausible targets preserve only one dimension of the original intent; no single exact target exists.
https://ร้านรับซื้อโน๊ตบุ๊ค.com/รับซื้อโน๊ตบุ๊ค/ตาก/ช่องหูฟังเสีย/,ตาก,ช่องหูฟังเสีย,https://ร้านรับซื้อโน๊ตบุ๊ค.com/รับซื้อโน๊ตบุ๊ค/ตาก/,https://ร้านรับซื้อโน๊ตบุ๊ค.com/รับซื้อโน๊ตบุ๊ค/ช่องหูฟังเสีย/,200 indexable self-canonical,200 indexable self-canonical,high location / low entity,high entity / low location,high,2026-07-04,KEEP_404,high,Both plausible targets preserve only one dimension of the original intent; no single exact target exists.
https://ร้านรับซื้อโน๊ตบุ๊ค.com/รับซื้อโน๊ตบุ๊ค/นครปฐม/hp-pavilion/,นครปฐม,hp-pavilion,https://ร้านรับซื้อโน๊ตบุ๊ค.com/รับซื้อโน๊ตบุ๊ค/นครปฐม/,https://ร้านรับซื้อโน๊ตบุ๊ค.com/รับซื้อโน๊ตบุ๊ค/hp-pavilion/,200 indexable self-canonical,200 indexable self-canonical,high location / low entity,high entity / low location,high,2026-07-04,KEEP_404,high,Both plausible targets preserve only one dimension of the original intent; no single exact target exists.
https://ร้านรับซื้อโน๊ตบุ๊ค.com/รับซื้อโน๊ตบุ๊ค/พังงา/macbook-pro-m5/,พังงา,macbook-pro-m5,https://ร้านรับซื้อโน๊ตบุ๊ค.com/รับซื้อโน๊ตบุ๊ค/พังงา/,https://ร้านรับซื้อโน๊ตบุ๊ค.com/รับซื้อโน๊ตบุ๊ค/macbook-pro-m5/,200 indexable self-canonical,200 indexable self-canonical,high location / low entity,high entity / low location,high,2026-07-04,KEEP_404,high,Both plausible targets preserve only one dimension of the original intent; no single exact target exists.
https://ร้านรับซื้อโน๊ตบุ๊ค.com/รับซื้อโน๊ตบุ๊ค/พระราม2/msi-stealth-14/,พระราม2,msi-stealth-14,https://ร้านรับซื้อโน๊ตบุ๊ค.com/รับซื้อโน๊ตบุ๊ค/พระราม2/,https://ร้านรับซื้อโน๊ตบุ๊ค.com/รับซื้อโน๊ตบุ๊ค/msi-stealth-14/,200 indexable self-canonical,200 indexable self-canonical,high location / low entity,high entity / low location,high,2026-07-04,KEEP_404,high,Both plausible targets preserve only one dimension of the original intent; no single exact target exists.
https://ร้านรับซื้อโน๊ตบุ๊ค.com/รับซื้อโน๊ตบุ๊ค/นครศรีธรรมราช/macbook-pro-m5/,นครศรีธรรมราช,macbook-pro-m5,https://ร้านรับซื้อโน๊ตบุ๊ค.com/รับซื้อโน๊ตบุ๊ค/นครศรีธรรมราช/,https://ร้านรับซื้อโน๊ตบุ๊ค.com/รับซื้อโน๊ตบุ๊ค/macbook-pro-m5/,200 indexable self-canonical,200 indexable self-canonical,high location / low entity,high entity / low location,high,2026-07-04,KEEP_404,high,Both plausible targets preserve only one dimension of the original intent; no single exact target exists.
https://ร้านรับซื้อโน๊ตบุ๊ค.com/รับซื้อโน๊ตบุ๊ค/สุราษฎร์ธานี/ร้อนจัดดับเอง/,สุราษฎร์ธานี,ร้อนจัดดับเอง,https://ร้านรับซื้อโน๊ตบุ๊ค.com/รับซื้อโน๊ตบุ๊ค/สุราษฎร์ธานี/,https://ร้านรับซื้อโน๊ตบุ๊ค.com/รับซื้อโน๊ตบุ๊ค/ร้อนจัดดับเอง/,200 indexable self-canonical,200 indexable self-canonical,high location / low entity,high entity / low location,high,2026-07-04,KEEP_404,high,Both plausible targets preserve only one dimension of the original intent; no single exact target exists.
https://ร้านรับซื้อโน๊ตบุ๊ค.com/รับซื้อโน๊ตบุ๊ค/อุบลราชธานี/asus-rog-strix/,อุบลราชธานี,asus-rog-strix,https://ร้านรับซื้อโน๊ตบุ๊ค.com/รับซื้อโน๊ตบุ๊ค/อุบลราชธานี/,https://ร้านรับซื้อโน๊ตบุ๊ค.com/รับซื้อโน๊ตบุ๊ค/asus-rog-strix/,200 indexable self-canonical,200 indexable self-canonical,high location / low entity,high entity / low location,high,2026-07-04,KEEP_404,high,Both plausible targets preserve only one dimension of the original intent; no single exact target exists.
https://ร้านรับซื้อโน๊ตบุ๊ค.com/รับซื้อโน๊ตบุ๊ค/สุโขทัย/asus-expertbook/,สุโขทัย,asus-expertbook,https://ร้านรับซื้อโน๊ตบุ๊ค.com/รับซื้อโน๊ตบุ๊ค/สุโขทัย/,https://ร้านรับซื้อโน๊ตบุ๊ค.com/รับซื้อโน๊ตบุ๊ค/asus-expertbook/,200 indexable self-canonical,200 indexable self-canonical,high location / low entity,high entity / low location,high,2026-07-04,KEEP_404,high,Both plausible targets preserve only one dimension of the original intent; no single exact target exists.
https://ร้านรับซื้อโน๊ตบุ๊ค.com/รับซื้อโน๊ตบุ๊ค/ลพบุรี/honor/,ลพบุรี,honor,https://ร้านรับซื้อโน๊ตบุ๊ค.com/รับซื้อโน๊ตบุ๊ค/ลพบุรี/,https://ร้านรับซื้อโน๊ตบุ๊ค.com/รับซื้อโน๊ตบุ๊ค/honor/,200 indexable self-canonical,200 indexable self-canonical,high location / low entity,high entity / low location,high,2026-07-04,KEEP_404,high,Both plausible targets preserve only one dimension of the original intent; no single exact target exists.
https://ร้านรับซื้อโน๊ตบุ๊ค.com/รับซื้อโน๊ตบุ๊ค/พระราม2/macbook-cycle-count/,พระราม2,macbook-cycle-count,https://ร้านรับซื้อโน๊ตบุ๊ค.com/รับซื้อโน๊ตบุ๊ค/พระราม2/,https://ร้านรับซื้อโน๊ตบุ๊ค.com/รับซื้อโน๊ตบุ๊ค/macbook-cycle-count/,200 indexable self-canonical,200 indexable self-canonical,high location / low entity,high entity / low location,high,2026-07-04,KEEP_404,high,Both plausible targets preserve only one dimension of the original intent; no single exact target exists.
https://ร้านรับซื้อโน๊ตบุ๊ค.com/รับซื้อโน๊ตบุ๊ค/รามคำแหง/lg-gram/,รามคำแหง,lg-gram,https://ร้านรับซื้อโน๊ตบุ๊ค.com/รับซื้อโน๊ตบุ๊ค/รามคำแหง/,https://ร้านรับซื้อโน๊ตบุ๊ค.com/รับซื้อโน๊ตบุ๊ค/lg-gram/,200 indexable self-canonical,200 indexable self-canonical,high location / low entity,high entity / low location,high,2026-07-04,KEEP_404,high,Both plausible targets preserve only one dimension of the original intent; no single exact target exists.
https://ร้านรับซื้อโน๊ตบุ๊ค.com/รับซื้อโน๊ตบุ๊ค/บุรีรัมย์/macbook-air-m3/,บุรีรัมย์,macbook-air-m3,https://ร้านรับซื้อโน๊ตบุ๊ค.com/รับซื้อโน๊ตบุ๊ค/บุรีรัมย์/,https://ร้านรับซื้อโน๊ตบุ๊ค.com/รับซื้อโน๊ตบุ๊ค/macbook-air-m3/,200 indexable self-canonical,200 indexable self-canonical,high location / low entity,high entity / low location,high,2026-07-04,KEEP_404,high,Both plausible targets preserve only one dimension of the original intent; no single exact target exists.
https://ร้านรับซื้อโน๊ตบุ๊ค.com/รับซื้อโน๊ตบุ๊ค/ขอนแก่น/รีสตาร์ทเอง/,ขอนแก่น,รีสตาร์ทเอง,https://ร้านรับซื้อโน๊ตบุ๊ค.com/รับซื้อโน๊ตบุ๊ค/ขอนแก่น/,https://ร้านรับซื้อโน๊ตบุ๊ค.com/รับซื้อโน๊ตบุ๊ค/รีสตาร์ทเอง/,200 indexable self-canonical,200 indexable self-canonical,high location / low entity,high entity / low location,high,2026-07-04,KEEP_404,high,Both plausible targets preserve only one dimension of the original intent; no single exact target exists.
https://ร้านรับซื้อโน๊ตบุ๊ค.com/รับซื้อโน๊ตบุ๊ค/พัทลุง/huawei/,พัทลุง,huawei,https://ร้านรับซื้อโน๊ตบุ๊ค.com/รับซื้อโน๊ตบุ๊ค/พัทลุง/,https://ร้านรับซื้อโน๊ตบุ๊ค.com/รับซื้อโน๊ตบุ๊ค/huawei/,200 indexable self-canonical,200 indexable self-canonical,high location / low entity,high entity / low location,high,2026-07-04,KEEP_404,high,Both plausible targets preserve only one dimension of the original intent; no single exact target exists.
https://ร้านรับซื้อโน๊ตบุ๊ค.com/รับซื้อโน๊ตบุ๊ค/สงขลา/lenovo-loq-15-16/,สงขลา,lenovo-loq-15-16,https://ร้านรับซื้อโน๊ตบุ๊ค.com/รับซื้อโน๊ตบุ๊ค/สงขลา/,https://ร้านรับซื้อโน๊ตบุ๊ค.com/รับซื้อโน๊ตบุ๊ค/lenovo-loq-15-16/,200 indexable self-canonical,200 indexable self-canonical,high location / low entity,high entity / low location,high,2026-07-04,KEEP_404,high,Both plausible targets preserve only one dimension of the original intent; no single exact target exists.
https://ร้านรับซื้อโน๊ตบุ๊ค.com/รับซื้อโน๊ตบุ๊ค/ชุมพร/macbook-cycle-count/,ชุมพร,macbook-cycle-count,https://ร้านรับซื้อโน๊ตบุ๊ค.com/รับซื้อโน๊ตบุ๊ค/ชุมพร/,https://ร้านรับซื้อโน๊ตบุ๊ค.com/รับซื้อโน๊ตบุ๊ค/macbook-cycle-count/,200 indexable self-canonical,200 indexable self-canonical,high location / low entity,high entity / low location,high,2026-07-04,KEEP_404,high,Both plausible targets preserve only one dimension of the original intent; no single exact target exists.
https://ร้านรับซื้อโน๊ตบุ๊ค.com/รับซื้อโน๊ตบุ๊ค/อุบลราชธานี/macbook-air-15/,อุบลราชธานี,macbook-air-15,https://ร้านรับซื้อโน๊ตบุ๊ค.com/รับซื้อโน๊ตบุ๊ค/อุบลราชธานี/,https://ร้านรับซื้อโน๊ตบุ๊ค.com/รับซื้อโน๊ตบุ๊ค/macbook-air-15/,200 indexable self-canonical,200 indexable self-canonical,high location / low entity,high entity / low location,high,2026-07-04,KEEP_404,high,Both plausible targets preserve only one dimension of the original intent; no single exact target exists.
https://ร้านรับซื้อโน๊ตบุ๊ค.com/รับซื้อโน๊ตบุ๊ค/นราธิวาส/บลูทูธใช้ไม่ได้/,นราธิวาส,บลูทูธใช้ไม่ได้,https://ร้านรับซื้อโน๊ตบุ๊ค.com/รับซื้อโน๊ตบุ๊ค/นราธิวาส/,https://ร้านรับซื้อโน๊ตบุ๊ค.com/รับซื้อโน๊ตบุ๊ค/บลูทูธใช้ไม่ได้/,200 indexable self-canonical,200 indexable self-canonical,high location / low entity,high entity / low location,high,2026-07-04,KEEP_404,high,Both plausible targets preserve only one dimension of the original intent; no single exact target exists.
https://ร้านรับซื้อโน๊ตบุ๊ค.com/รับซื้อโน๊ตบุ๊ค/อุบลราชธานี/hp-elitebook/,อุบลราชธานี,hp-elitebook,https://ร้านรับซื้อโน๊ตบุ๊ค.com/รับซื้อโน๊ตบุ๊ค/อุบลราชธานี/,https://ร้านรับซื้อโน๊ตบุ๊ค.com/รับซื้อโน๊ตบุ๊ค/hp-elitebook/,200 indexable self-canonical,200 indexable self-canonical,high location / low entity,high entity / low location,high,2026-07-04,KEEP_404,high,Both plausible targets preserve only one dimension of the original intent; no single exact target exists.
https://ร้านรับซื้อโน๊ตบุ๊ค.com/รับซื้อโน๊ตบุ๊ค/หนองบัวลำภู/acer-swift/,หนองบัวลำภู,acer-swift,https://ร้านรับซื้อโน๊ตบุ๊ค.com/รับซื้อโน๊ตบุ๊ค/หนองบัวลำภู/,https://ร้านรับซื้อโน๊ตบุ๊ค.com/รับซื้อโน๊ตบุ๊ค/acer-swift/,200 indexable self-canonical,200 indexable self-canonical,high location / low entity,high entity / low location,high,2026-07-04,KEEP_404,high,Both plausible targets preserve only one dimension of the original intent; no single exact target exists.
https://ร้านรับซื้อโน๊ตบุ๊ค.com/รับซื้อโน๊ตบุ๊ค/นครปฐม/dell-g15-g16/,นครปฐม,dell-g15-g16,https://ร้านรับซื้อโน๊ตบุ๊ค.com/รับซื้อโน๊ตบุ๊ค/นครปฐม/,https://ร้านรับซื้อโน๊ตบุ๊ค.com/รับซื้อโน๊ตบุ๊ค/dell-g15-g16/,200 indexable self-canonical,200 indexable self-canonical,high location / low entity,high entity / low location,high,2026-07-04,KEEP_404,high,Both plausible targets preserve only one dimension of the original intent; no single exact target exists.
https://ร้านรับซื้อโน๊ตบุ๊ค.com/รับซื้อโน๊ตบุ๊ค/ลาดพร้าว/macbook-pro-m1/,ลาดพร้าว,macbook-pro-m1,https://ร้านรับซื้อโน๊ตบุ๊ค.com/รับซื้อโน๊ตบุ๊ค/ลาดพร้าว/,https://ร้านรับซื้อโน๊ตบุ๊ค.com/รับซื้อโน๊ตบุ๊ค/macbook-pro-m1/,200 indexable self-canonical,200 indexable self-canonical,high location / low entity,high entity / low location,high,2026-07-04,KEEP_404,high,Both plausible targets preserve only one dimension of the original intent; no single exact target exists.
https://ร้านรับซื้อโน๊ตบุ๊ค.com/รับซื้อโน๊ตบุ๊ค/ใกล้ฉัน/lenovo-yoga/,ใกล้ฉัน,lenovo-yoga,https://ร้านรับซื้อโน๊ตบุ๊ค.com/รับซื้อโน๊ตบุ๊ค/ใกล้ฉัน/,https://ร้านรับซื้อโน๊ตบุ๊ค.com/รับซื้อโน๊ตบุ๊ค/lenovo-yoga/,200 indexable self-canonical,200 indexable self-canonical,high location / low entity,high entity / low location,high,2026-07-04,KEEP_404,high,Both plausible targets preserve only one dimension of the original intent; no single exact target exists.
https://ร้านรับซื้อโน๊ตบุ๊ค.com/รับซื้อโน๊ตบุ๊ค/อำนาจเจริญ/macbook-battery-swollen/,อำนาจเจริญ,macbook-battery-swollen,https://ร้านรับซื้อโน๊ตบุ๊ค.com/รับซื้อโน๊ตบุ๊ค/อำนาจเจริญ/,https://ร้านรับซื้อโน๊ตบุ๊ค.com/รับซื้อโน๊ตบุ๊ค/macbook-battery-swollen/,200 indexable self-canonical,200 indexable self-canonical,high location / low entity,high entity / low location,high,2026-07-04,KEEP_404,high,Both plausible targets preserve only one dimension of the original intent; no single exact target exists.
https://ร้านรับซื้อโน๊ตบุ๊ค.com/รับซื้อโน๊ตบุ๊ค/หนองคาย/กล้องเสีย/,หนองคาย,กล้องเสีย,https://ร้านรับซื้อโน๊ตบุ๊ค.com/รับซื้อโน๊ตบุ๊ค/หนองคาย/,https://ร้านรับซื้อโน๊ตบุ๊ค.com/รับซื้อโน๊ตบุ๊ค/กล้องเสีย/,200 indexable self-canonical,200 indexable self-canonical,high location / low entity,high entity / low location,high,2026-07-04,KEEP_404,high,Both plausible targets preserve only one dimension of the original intent; no single exact target exists.
https://ร้านรับซื้อโน๊ตบุ๊ค.com/รับซื้อโน๊ตบุ๊ค/ปราจีนบุรี/ssd-เสีย/,ปราจีนบุรี,ssd-เสีย,https://ร้านรับซื้อโน๊ตบุ๊ค.com/รับซื้อโน๊ตบุ๊ค/ปราจีนบุรี/,https://ร้านรับซื้อโน๊ตบุ๊ค.com/รับซื้อโน๊ตบุ๊ค/ssd-เสีย/,200 indexable self-canonical,200 indexable self-canonical,high location / low entity,high entity / low location,high,2026-07-04,KEEP_404,high,Both plausible targets preserve only one dimension of the original intent; no single exact target exists.
https://ร้านรับซื้อโน๊ตบุ๊ค.com/รับซื้อโน๊ตบุ๊ค/ปัตตานี/acer-predator-helios/,ปัตตานี,acer-predator-helios,https://ร้านรับซื้อโน๊ตบุ๊ค.com/รับซื้อโน๊ตบุ๊ค/ปัตตานี/,https://ร้านรับซื้อโน๊ตบุ๊ค.com/รับซื้อโน๊ตบุ๊ค/acer-predator-helios/,200 indexable self-canonical,200 indexable self-canonical,high location / low entity,high entity / low location,high,2026-07-04,KEEP_404,high,Both plausible targets preserve only one dimension of the original intent; no single exact target exists.
https://ร้านรับซื้อโน๊ตบุ๊ค.com/รับซื้อโน๊ตบุ๊ค/อุบลราชธานี/macbook-pro-m3/,อุบลราชธานี,macbook-pro-m3,https://ร้านรับซื้อโน๊ตบุ๊ค.com/รับซื้อโน๊ตบุ๊ค/อุบลราชธานี/,https://ร้านรับซื้อโน๊ตบุ๊ค.com/รับซื้อโน๊ตบุ๊ค/macbook-pro-m3/,200 indexable self-canonical,200 indexable self-canonical,high location / low entity,high entity / low location,high,2026-07-04,KEEP_404,high,Both plausible targets preserve only one dimension of the original intent; no single exact target exists.
https://ร้านรับซื้อโน๊ตบุ๊ค.com/รับซื้อโน๊ตบุ๊ค/จันทบุรี/msi-stealth-16/,จันทบุรี,msi-stealth-16,https://ร้านรับซื้อโน๊ตบุ๊ค.com/รับซื้อโน๊ตบุ๊ค/จันทบุรี/,https://ร้านรับซื้อโน๊ตบุ๊ค.com/รับซื้อโน๊ตบุ๊ค/msi-stealth-16/,200 indexable self-canonical,200 indexable self-canonical,high location / low entity,high entity / low location,high,2026-07-04,KEEP_404,high,Both plausible targets preserve only one dimension of the original intent; no single exact target exists.
https://ร้านรับซื้อโน๊ตบุ๊ค.com/รับซื้อโน๊ตบุ๊ค/แพร่/asus-rog-flow/,แพร่,asus-rog-flow,https://ร้านรับซื้อโน๊ตบุ๊ค.com/รับซื้อโน๊ตบุ๊ค/แพร่/,https://ร้านรับซื้อโน๊ตบุ๊ค.com/รับซื้อโน๊ตบุ๊ค/asus-rog-flow/,200 indexable self-canonical,200 indexable self-canonical,high location / low entity,high entity / low location,high,2026-07-04,KEEP_404,high,Both plausible targets preserve only one dimension of the original intent; no single exact target exists.
https://ร้านรับซื้อโน๊ตบุ๊ค.com/รับซื้อโน๊ตบุ๊ค/มุกดาหาร/พอร์ต-usb-เสีย/,มุกดาหาร,พอร์ต-usb-เสีย,https://ร้านรับซื้อโน๊ตบุ๊ค.com/รับซื้อโน๊ตบุ๊ค/มุกดาหาร/,https://ร้านรับซื้อโน๊ตบุ๊ค.com/รับซื้อโน๊ตบุ๊ค/พอร์ต-usb-เสีย/,200 indexable self-canonical,200 indexable self-canonical,high location / low entity,high entity / low location,high,2026-07-04,KEEP_404,high,Both plausible targets preserve only one dimension of the original intent; no single exact target exists.
https://ร้านรับซื้อโน๊ตบุ๊ค.com/รับซื้อโน๊ตบุ๊ค/ห้วยขวาง/thinkpad-e14-e15/,ห้วยขวาง,thinkpad-e14-e15,https://ร้านรับซื้อโน๊ตบุ๊ค.com/รับซื้อโน๊ตบุ๊ค/ห้วยขวาง/,https://ร้านรับซื้อโน๊ตบุ๊ค.com/รับซื้อโน๊ตบุ๊ค/thinkpad-e14-e15/,200 indexable self-canonical,200 indexable self-canonical,high location / low entity,high entity / low location,high,2026-07-04,KEEP_404,high,Both plausible targets preserve only one dimension of the original intent; no single exact target exists.
https://ร้านรับซื้อโน๊ตบุ๊ค.com/รับซื้อโน๊ตบุ๊ค/นครปฐม/gigabyte-aorus/,นครปฐม,gigabyte-aorus,https://ร้านรับซื้อโน๊ตบุ๊ค.com/รับซื้อโน๊ตบุ๊ค/นครปฐม/,https://ร้านรับซื้อโน๊ตบุ๊ค.com/รับซื้อโน๊ตบุ๊ค/gigabyte-aorus/,200 indexable self-canonical,200 indexable self-canonical,high location / low entity,high entity / low location,high,2026-07-04,KEEP_404,high,Both plausible targets preserve only one dimension of the original intent; no single exact target exists.
https://ร้านรับซื้อโน๊ตบุ๊ค.com/รับซื้อโน๊ตบุ๊ค/ภูเก็ต/acer-predator-neo/,ภูเก็ต,acer-predator-neo,https://ร้านรับซื้อโน๊ตบุ๊ค.com/รับซื้อโน๊ตบุ๊ค/ภูเก็ต/,https://ร้านรับซื้อโน๊ตบุ๊ค.com/รับซื้อโน๊ตบุ๊ค/acer-predator-neo/,200 indexable self-canonical,200 indexable self-canonical,high location / low entity,high entity / low location,high,2026-07-04,KEEP_404,high,Both plausible targets preserve only one dimension of the original intent; no single exact target exists.
https://ร้านรับซื้อโน๊ตบุ๊ค.com/รับซื้อโน๊ตบุ๊ค/ลพบุรี/macbook-pro-m1/,ลพบุรี,macbook-pro-m1,https://ร้านรับซื้อโน๊ตบุ๊ค.com/รับซื้อโน๊ตบุ๊ค/ลพบุรี/,https://ร้านรับซื้อโน๊ตบุ๊ค.com/รับซื้อโน๊ตบุ๊ค/macbook-pro-m1/,200 indexable self-canonical,200 indexable self-canonical,high location / low entity,high entity / low location,high,2026-07-04,KEEP_404,high,Both plausible targets preserve only one dimension of the original intent; no single exact target exists.
https://ร้านรับซื้อโน๊ตบุ๊ค.com/รับซื้อโน๊ตบุ๊ค/ห้วยขวาง/acer-predator-helios/,ห้วยขวาง,acer-predator-helios,https://ร้านรับซื้อโน๊ตบุ๊ค.com/รับซื้อโน๊ตบุ๊ค/ห้วยขวาง/,https://ร้านรับซื้อโน๊ตบุ๊ค.com/รับซื้อโน๊ตบุ๊ค/acer-predator-helios/,200 indexable self-canonical,200 indexable self-canonical,high location / low entity,high entity / low location,high,2026-07-04,KEEP_404,high,Both plausible targets preserve only one dimension of the original intent; no single exact target exists.
https://ร้านรับซื้อโน๊ตบุ๊ค.com/รับซื้อโน๊ตบุ๊ค/พะเยา/msi-modern/,พะเยา,msi-modern,https://ร้านรับซื้อโน๊ตบุ๊ค.com/รับซื้อโน๊ตบุ๊ค/พะเยา/,https://ร้านรับซื้อโน๊ตบุ๊ค.com/รับซื้อโน๊ตบุ๊ค/msi-modern/,200 indexable self-canonical,200 indexable self-canonical,high location / low entity,high entity / low location,high,2026-07-04,KEEP_404,high,Both plausible targets preserve only one dimension of the original intent; no single exact target exists.
https://ร้านรับซื้อโน๊ตบุ๊ค.com/รับซื้อโน๊ตบุ๊ค/ขอนแก่น/asus-expertbook/,ขอนแก่น,asus-expertbook,https://ร้านรับซื้อโน๊ตบุ๊ค.com/รับซื้อโน๊ตบุ๊ค/ขอนแก่น/,https://ร้านรับซื้อโน๊ตบุ๊ค.com/รับซื้อโน๊ตบุ๊ค/asus-expertbook/,200 indexable self-canonical,200 indexable self-canonical,high location / low entity,high entity / low location,high,2026-07-04,KEEP_404,high,Both plausible targets preserve only one dimension of the original intent; no single exact target exists.
https://ร้านรับซื้อโน๊ตบุ๊ค.com/รับซื้อโน๊ตบุ๊ค/พิจิตร/asus-zenbook/,พิจิตร,asus-zenbook,https://ร้านรับซื้อโน๊ตบุ๊ค.com/รับซื้อโน๊ตบุ๊ค/พิจิตร/,https://ร้านรับซื้อโน๊ตบุ๊ค.com/รับซื้อโน๊ตบุ๊ค/asus-zenbook/,200 indexable self-canonical,200 indexable self-canonical,high location / low entity,high entity / low location,high,2026-07-04,KEEP_404,high,Both plausible targets preserve only one dimension of the original intent; no single exact target exists.
https://ร้านรับซื้อโน๊ตบุ๊ค.com/รับซื้อโน๊ตบุ๊ค/ชลบุรี/lenovo-ideapad-3-5/,ชลบุรี,lenovo-ideapad-3-5,https://ร้านรับซื้อโน๊ตบุ๊ค.com/รับซื้อโน๊ตบุ๊ค/ชลบุรี/,https://ร้านรับซื้อโน๊ตบุ๊ค.com/รับซื้อโน๊ตบุ๊ค/lenovo-ideapad-3-5/,200 indexable self-canonical,200 indexable self-canonical,high location / low entity,high entity / low location,high,2026-07-04,KEEP_404,high,Both plausible targets preserve only one dimension of the original intent; no single exact target exists.
https://ร้านรับซื้อโน๊ตบุ๊ค.com/รับซื้อโน๊ตบุ๊ค/สงขลา/gigabyte-aorus/,สงขลา,gigabyte-aorus,https://ร้านรับซื้อโน๊ตบุ๊ค.com/รับซื้อโน๊ตบุ๊ค/สงขลา/,https://ร้านรับซื้อโน๊ตบุ๊ค.com/รับซื้อโน๊ตบุ๊ค/gigabyte-aorus/,200 indexable self-canonical,200 indexable self-canonical,high location / low entity,high entity / low location,high,2026-07-04,KEEP_404,high,Both plausible targets preserve only one dimension of the original intent; no single exact target exists.
https://ร้านรับซื้อโน๊ตบุ๊ค.com/รับซื้อโน๊ตบุ๊ค/ศรีสะเกษ/macbook-air-m4/,ศรีสะเกษ,macbook-air-m4,https://ร้านรับซื้อโน๊ตบุ๊ค.com/รับซื้อโน๊ตบุ๊ค/ศรีสะเกษ/,https://ร้านรับซื้อโน๊ตบุ๊ค.com/รับซื้อโน๊ตบุ๊ค/macbook-air-m4/,200 indexable self-canonical,200 indexable self-canonical,high location / low entity,high entity / low location,high,2026-07-04,KEEP_404,high,Both plausible targets preserve only one dimension of the original intent; no single exact target exists.
https://ร้านรับซื้อโน๊ตบุ๊ค.com/รับซื้อโน๊ตบุ๊ค/พิจิตร/ค้างบ่อย/,พิจิตร,ค้างบ่อย,https://ร้านรับซื้อโน๊ตบุ๊ค.com/รับซื้อโน๊ตบุ๊ค/พิจิตร/,https://ร้านรับซื้อโน๊ตบุ๊ค.com/รับซื้อโน๊ตบุ๊ค/ค้างบ่อย/,200 indexable self-canonical,200 indexable self-canonical,high location / low entity,high entity / low location,high,2026-07-04,KEEP_404,high,Both plausible targets preserve only one dimension of the original intent; no single exact target exists.
https://ร้านรับซื้อโน๊ตบุ๊ค.com/รับซื้อโน๊ตบุ๊ค/ปทุมธานี/surface-laptop-go/,ปทุมธานี,surface-laptop-go,https://ร้านรับซื้อโน๊ตบุ๊ค.com/รับซื้อโน๊ตบุ๊ค/ปทุมธานี/,https://ร้านรับซื้อโน๊ตบุ๊ค.com/รับซื้อโน๊ตบุ๊ค/surface-laptop-go/,200 indexable self-canonical,200 indexable self-canonical,high location / low entity,high entity / low location,high,2026-07-04,KEEP_404,high,Both plausible targets preserve only one dimension of the original intent; no single exact target exists.
https://ร้านรับซื้อโน๊ตบุ๊ค.com/รับซื้อโน๊ตบุ๊ค/สมุทรสาคร/dell-g15-g16/,สมุทรสาคร,dell-g15-g16,https://ร้านรับซื้อโน๊ตบุ๊ค.com/รับซื้อโน๊ตบุ๊ค/สมุทรสาคร/,https://ร้านรับซื้อโน๊ตบุ๊ค.com/รับซื้อโน๊ตบุ๊ค/dell-g15-g16/,200 indexable self-canonical,200 indexable self-canonical,high location / low entity,high entity / low location,high,2026-07-04,KEEP_404,high,Both plausible targets preserve only one dimension of the original intent; no single exact target exists.
https://ร้านรับซื้อโน๊ตบุ๊ค.com/รับซื้อโน๊ตบุ๊ค/อ่างทอง/samsung/,อ่างทอง,samsung,https://ร้านรับซื้อโน๊ตบุ๊ค.com/รับซื้อโน๊ตบุ๊ค/อ่างทอง/,https://ร้านรับซื้อโน๊ตบุ๊ค.com/รับซื้อโน๊ตบุ๊ค/samsung/,200 indexable self-canonical,200 indexable self-canonical,high location / low entity,high entity / low location,high,2026-07-04,KEEP_404,high,Both plausible targets preserve only one dimension of the original intent; no single exact target exists.
https://ร้านรับซื้อโน๊ตบุ๊ค.com/รับซื้อโน๊ตบุ๊ค/เชียงราย/macbook-air-13/,เชียงราย,macbook-air-13,https://ร้านรับซื้อโน๊ตบุ๊ค.com/รับซื้อโน๊ตบุ๊ค/เชียงราย/,https://ร้านรับซื้อโน๊ตบุ๊ค.com/รับซื้อโน๊ตบุ๊ค/macbook-air-13/,200 indexable self-canonical,200 indexable self-canonical,high location / low entity,high entity / low location,high,2026-07-04,KEEP_404,high,Both plausible targets preserve only one dimension of the original intent; no single exact target exists.
https://ร้านรับซื้อโน๊ตบุ๊ค.com/รับซื้อโน๊ตบุ๊ค/กาฬสินธุ์/ลำโพงเสีย/,กาฬสินธุ์,ลำโพงเสีย,https://ร้านรับซื้อโน๊ตบุ๊ค.com/รับซื้อโน๊ตบุ๊ค/กาฬสินธุ์/,https://ร้านรับซื้อโน๊ตบุ๊ค.com/รับซื้อโน๊ตบุ๊ค/ลำโพงเสีย/,200 indexable self-canonical,200 indexable self-canonical,high location / low entity,high entity / low location,high,2026-07-04,KEEP_404,high,Both plausible targets preserve only one dimension of the original intent; no single exact target exists.
https://ร้านรับซื้อโน๊ตบุ๊ค.com/รับซื้อโน๊ตบุ๊ค/น่าน/thinkpad-e14-e15/,น่าน,thinkpad-e14-e15,https://ร้านรับซื้อโน๊ตบุ๊ค.com/รับซื้อโน๊ตบุ๊ค/น่าน/,https://ร้านรับซื้อโน๊ตบุ๊ค.com/รับซื้อโน๊ตบุ๊ค/thinkpad-e14-e15/,200 indexable self-canonical,200 indexable self-canonical,high location / low entity,high entity / low location,high,2026-07-04,KEEP_404,high,Both plausible targets preserve only one dimension of the original intent; no single exact target exists.
https://ร้านรับซื้อโน๊ตบุ๊ค.com/รับซื้อโน๊ตบุ๊ค/สตูล/macbook-air-m4/,สตูล,macbook-air-m4,https://ร้านรับซื้อโน๊ตบุ๊ค.com/รับซื้อโน๊ตบุ๊ค/สตูล/,https://ร้านรับซื้อโน๊ตบุ๊ค.com/รับซื้อโน๊ตบุ๊ค/macbook-air-m4/,200 indexable self-canonical,200 indexable self-canonical,high location / low entity,high entity / low location,high,2026-07-04,KEEP_404,high,Both plausible targets preserve only one dimension of the original intent; no single exact target exists.
https://ร้านรับซื้อโน๊ตบุ๊ค.com/รับซื้อโน๊ตบุ๊ค/สุพรรณบุรี/lg/,สุพรรณบุรี,lg,https://ร้านรับซื้อโน๊ตบุ๊ค.com/รับซื้อโน๊ตบุ๊ค/สุพรรณบุรี/,https://ร้านรับซื้อโน๊ตบุ๊ค.com/รับซื้อโน๊ตบุ๊ค/lg/,200 indexable self-canonical,200 indexable self-canonical,high location / low entity,high entity / low location,high,2026-07-04,KEEP_404,high,Both plausible targets preserve only one dimension of the original intent; no single exact target exists.
https://ร้านรับซื้อโน๊ตบุ๊ค.com/รับซื้อโน๊ตบุ๊ค/อุตรดิตถ์/บลูทูธใช้ไม่ได้/,อุตรดิตถ์,บลูทูธใช้ไม่ได้,https://ร้านรับซื้อโน๊ตบุ๊ค.com/รับซื้อโน๊ตบุ๊ค/อุตรดิตถ์/,https://ร้านรับซื้อโน๊ตบุ๊ค.com/รับซื้อโน๊ตบุ๊ค/บลูทูธใช้ไม่ได้/,200 indexable self-canonical,200 indexable self-canonical,high location / low entity,high entity / low location,high,2026-07-04,KEEP_404,high,Both plausible targets preserve only one dimension of the original intent; no single exact target exists.
https://ร้านรับซื้อโน๊ตบุ๊ค.com/รับซื้อโน๊ตบุ๊ค/ลาดพร้าว/asus-tuf-a15-f15/,ลาดพร้าว,asus-tuf-a15-f15,https://ร้านรับซื้อโน๊ตบุ๊ค.com/รับซื้อโน๊ตบุ๊ค/ลาดพร้าว/,https://ร้านรับซื้อโน๊ตบุ๊ค.com/รับซื้อโน๊ตบุ๊ค/asus-tuf-a15-f15/,200 indexable self-canonical,200 indexable self-canonical,high location / low entity,high entity / low location,high,2026-07-04,KEEP_404,high,Both plausible targets preserve only one dimension of the original intent; no single exact target exists.
https://ร้านรับซื้อโน๊ตบุ๊ค.com/รับซื้อโน๊ตบุ๊ค/มุกดาหาร/macbook-air-m5/,มุกดาหาร,macbook-air-m5,https://ร้านรับซื้อโน๊ตบุ๊ค.com/รับซื้อโน๊ตบุ๊ค/มุกดาหาร/,https://ร้านรับซื้อโน๊ตบุ๊ค.com/รับซื้อโน๊ตบุ๊ค/macbook-air-m5/,200 indexable self-canonical,200 indexable self-canonical,high location / low entity,high entity / low location,high,2026-07-04,KEEP_404,high,Both plausible targets preserve only one dimension of the original intent; no single exact target exists.
https://ร้านรับซื้อโน๊ตบุ๊ค.com/รับซื้อโน๊ตบุ๊ค/เชียงใหม่/asus-zenbook/,เชียงใหม่,asus-zenbook,https://ร้านรับซื้อโน๊ตบุ๊ค.com/รับซื้อโน๊ตบุ๊ค/เชียงใหม่/,https://ร้านรับซื้อโน๊ตบุ๊ค.com/รับซื้อโน๊ตบุ๊ค/asus-zenbook/,200 indexable self-canonical,200 indexable self-canonical,high location / low entity,high entity / low location,high,2026-07-04,KEEP_404,high,Both plausible targets preserve only one dimension of the original intent; no single exact target exists.
https://ร้านรับซื้อโน๊ตบุ๊ค.com/รับซื้อโน๊ตบุ๊ค/พิษณุโลก/huawei-matebook/,พิษณุโลก,huawei-matebook,https://ร้านรับซื้อโน๊ตบุ๊ค.com/รับซื้อโน๊ตบุ๊ค/พิษณุโลก/,https://ร้านรับซื้อโน๊ตบุ๊ค.com/รับซื้อโน๊ตบุ๊ค/huawei-matebook/,200 indexable self-canonical,200 indexable self-canonical,high location / low entity,high entity / low location,high,2026-07-04,KEEP_404,high,Both plausible targets preserve only one dimension of the original intent; no single exact target exists.
https://ร้านรับซื้อโน๊ตบุ๊ค.com/รับซื้อโน๊ตบุ๊ค/อุตรดิตถ์/กล้องเสีย/,อุตรดิตถ์,กล้องเสีย,https://ร้านรับซื้อโน๊ตบุ๊ค.com/รับซื้อโน๊ตบุ๊ค/อุตรดิตถ์/,https://ร้านรับซื้อโน๊ตบุ๊ค.com/รับซื้อโน๊ตบุ๊ค/กล้องเสีย/,200 indexable self-canonical,200 indexable self-canonical,high location / low entity,high entity / low location,high,2026-07-04,KEEP_404,high,Both plausible targets preserve only one dimension of the original intent; no single exact target exists.
https://ร้านรับซื้อโน๊ตบุ๊ค.com/รับซื้อโน๊ตบุ๊ค/ระยอง/macbook-pro-m2/,ระยอง,macbook-pro-m2,https://ร้านรับซื้อโน๊ตบุ๊ค.com/รับซื้อโน๊ตบุ๊ค/ระยอง/,https://ร้านรับซื้อโน๊ตบุ๊ค.com/รับซื้อโน๊ตบุ๊ค/macbook-pro-m2/,200 indexable self-canonical,200 indexable self-canonical,high location / low entity,high entity / low location,high,2026-07-04,KEEP_404,high,Both plausible targets preserve only one dimension of the original intent; no single exact target exists.
https://ร้านรับซื้อโน๊ตบุ๊ค.com/รับซื้อโน๊ตบุ๊ค/พัทยา/macbook-battery-swollen/,พัทยา,macbook-battery-swollen,https://ร้านรับซื้อโน๊ตบุ๊ค.com/รับซื้อโน๊ตบุ๊ค/พัทยา/,https://ร้านรับซื้อโน๊ตบุ๊ค.com/รับซื้อโน๊ตบุ๊ค/macbook-battery-swollen/,200 indexable self-canonical,200 indexable self-canonical,high location / low entity,high entity / low location,high,2026-07-04,KEEP_404,high,Both plausible targets preserve only one dimension of the original intent; no single exact target exists.
https://ร้านรับซื้อโน๊ตบุ๊ค.com/รับซื้อโน๊ตบุ๊ค/พิษณุโลก/surface-book/,พิษณุโลก,surface-book,https://ร้านรับซื้อโน๊ตบุ๊ค.com/รับซื้อโน๊ตบุ๊ค/พิษณุโลก/,https://ร้านรับซื้อโน๊ตบุ๊ค.com/รับซื้อโน๊ตบุ๊ค/surface-book/,200 indexable self-canonical,200 indexable self-canonical,high location / low entity,high entity / low location,high,2026-07-04,KEEP_404,high,Both plausible targets preserve only one dimension of the original intent; no single exact target exists.
https://ร้านรับซื้อโน๊ตบุ๊ค.com/รับซื้อโน๊ตบุ๊ค/นครปฐม/lenovo-yoga/,นครปฐม,lenovo-yoga,https://ร้านรับซื้อโน๊ตบุ๊ค.com/รับซื้อโน๊ตบุ๊ค/นครปฐม/,https://ร้านรับซื้อโน๊ตบุ๊ค.com/รับซื้อโน๊ตบุ๊ค/lenovo-yoga/,200 indexable self-canonical,200 indexable self-canonical,high location / low entity,high entity / low location,high,2026-07-04,KEEP_404,high,Both plausible targets preserve only one dimension of the original intent; no single exact target exists.
https://ร้านรับซื้อโน๊ตบุ๊ค.com/รับซื้อโน๊ตบุ๊ค/นครศรีธรรมราช/lg/,นครศรีธรรมราช,lg,https://ร้านรับซื้อโน๊ตบุ๊ค.com/รับซื้อโน๊ตบุ๊ค/นครศรีธรรมราช/,https://ร้านรับซื้อโน๊ตบุ๊ค.com/รับซื้อโน๊ตบุ๊ค/lg/,200 indexable self-canonical,200 indexable self-canonical,high location / low entity,high entity / low location,high,2026-07-04,KEEP_404,high,Both plausible targets preserve only one dimension of the original intent; no single exact target exists.
https://ร้านรับซื้อโน๊ตบุ๊ค.com/รับซื้อโน๊ตบุ๊ค/ภูเก็ต/asus-rog-flow/,ภูเก็ต,asus-rog-flow,https://ร้านรับซื้อโน๊ตบุ๊ค.com/รับซื้อโน๊ตบุ๊ค/ภูเก็ต/,https://ร้านรับซื้อโน๊ตบุ๊ค.com/รับซื้อโน๊ตบุ๊ค/asus-rog-flow/,200 indexable self-canonical,200 indexable self-canonical,high location / low entity,high entity / low location,high,2026-07-04,KEEP_404,high,Both plausible targets preserve only one dimension of the original intent; no single exact target exists.
https://ร้านรับซื้อโน๊ตบุ๊ค.com/รับซื้อโน๊ตบุ๊ค/ปทุมธานี/alienware-m18/,ปทุมธานี,alienware-m18,https://ร้านรับซื้อโน๊ตบุ๊ค.com/รับซื้อโน๊ตบุ๊ค/ปทุมธานี/,https://ร้านรับซื้อโน๊ตบุ๊ค.com/รับซื้อโน๊ตบุ๊ค/alienware-m18/,200 indexable self-canonical,200 indexable self-canonical,high location / low entity,high entity / low location,high,2026-07-04,KEEP_404,high,Both plausible targets preserve only one dimension of the original intent; no single exact target exists.
https://ร้านรับซื้อโน๊ตบุ๊ค.com/รับซื้อโน๊ตบุ๊ค/กาฬสินธุ์/macbook-screen-crack/,กาฬสินธุ์,macbook-screen-crack,https://ร้านรับซื้อโน๊ตบุ๊ค.com/รับซื้อโน๊ตบุ๊ค/กาฬสินธุ์/,https://ร้านรับซื้อโน๊ตบุ๊ค.com/รับซื้อโน๊ตบุ๊ค/macbook-screen-crack/,200 indexable self-canonical,200 indexable self-canonical,high location / low entity,high entity / low location,high,2026-07-04,KEEP_404,high,Both plausible targets preserve only one dimension of the original intent; no single exact target exists.
https://ร้านรับซื้อโน๊ตบุ๊ค.com/รับซื้อโน๊ตบุ๊ค/อุตรดิตถ์/macbook-cycle-count/,อุตรดิตถ์,macbook-cycle-count,https://ร้านรับซื้อโน๊ตบุ๊ค.com/รับซื้อโน๊ตบุ๊ค/อุตรดิตถ์/,https://ร้านรับซื้อโน๊ตบุ๊ค.com/รับซื้อโน๊ตบุ๊ค/macbook-cycle-count/,200 indexable self-canonical,200 indexable self-canonical,high location / low entity,high entity / low location,high,2026-07-04,KEEP_404,high,Both plausible targets preserve only one dimension of the original intent; no single exact target exists.
https://ร้านรับซื้อโน๊ตบุ๊ค.com/รับซื้อโน๊ตบุ๊ค/อุบลราชธานี/hp-victus-16/,อุบลราชธานี,hp-victus-16,https://ร้านรับซื้อโน๊ตบุ๊ค.com/รับซื้อโน๊ตบุ๊ค/อุบลราชธานี/,https://ร้านรับซื้อโน๊ตบุ๊ค.com/รับซื้อโน๊ตบุ๊ค/hp-victus-16/,200 indexable self-canonical,200 indexable self-canonical,high location / low entity,high entity / low location,high,2026-07-04,KEEP_404,high,Both plausible targets preserve only one dimension of the original intent; no single exact target exists.
https://ร้านรับซื้อโน๊ตบุ๊ค.com/รับซื้อโน๊ตบุ๊ค/แม่ฮ่องสอน/macbook-battery-health/,แม่ฮ่องสอน,macbook-battery-health,https://ร้านรับซื้อโน๊ตบุ๊ค.com/รับซื้อโน๊ตบุ๊ค/แม่ฮ่องสอน/,https://ร้านรับซื้อโน๊ตบุ๊ค.com/รับซื้อโน๊ตบุ๊ค/macbook-battery-health/,200 indexable self-canonical,200 indexable self-canonical,high location / low entity,high entity / low location,high,2026-07-04,KEEP_404,high,Both plausible targets preserve only one dimension of the original intent; no single exact target exists.
https://ร้านรับซื้อโน๊ตบุ๊ค.com/รับซื้อโน๊ตบุ๊ค/ขอนแก่น/macbook-air-m4/,ขอนแก่น,macbook-air-m4,https://ร้านรับซื้อโน๊ตบุ๊ค.com/รับซื้อโน๊ตบุ๊ค/ขอนแก่น/,https://ร้านรับซื้อโน๊ตบุ๊ค.com/รับซื้อโน๊ตบุ๊ค/macbook-air-m4/,200 indexable self-canonical,200 indexable self-canonical,high location / low entity,high entity / low location,high,2026-07-04,KEEP_404,high,Both plausible targets preserve only one dimension of the original intent; no single exact target exists.
https://ร้านรับซื้อโน๊ตบุ๊ค.com/รับซื้อโน๊ตบุ๊ค/เชียงใหม่/wifi-ไม่ติด/,เชียงใหม่,wifi-ไม่ติด,https://ร้านรับซื้อโน๊ตบุ๊ค.com/รับซื้อโน๊ตบุ๊ค/เชียงใหม่/,https://ร้านรับซื้อโน๊ตบุ๊ค.com/รับซื้อโน๊ตบุ๊ค/wifi-ไม่ติด/,200 indexable self-canonical,200 indexable self-canonical,high location / low entity,high entity / low location,high,2026-07-04,KEEP_404,high,Both plausible targets preserve only one dimension of the original intent; no single exact target exists.
https://ร้านรับซื้อโน๊ตบุ๊ค.com/รับซื้อโน๊ตบุ๊ค/ระยอง/surface-laptop-go/,ระยอง,surface-laptop-go,https://ร้านรับซื้อโน๊ตบุ๊ค.com/รับซื้อโน๊ตบุ๊ค/ระยอง/,https://ร้านรับซื้อโน๊ตบุ๊ค.com/รับซื้อโน๊ตบุ๊ค/surface-laptop-go/,200 indexable self-canonical,200 indexable self-canonical,high location / low entity,high entity / low location,high,2026-07-04,KEEP_404,high,Both plausible targets preserve only one dimension of the original intent; no single exact target exists.
https://ร้านรับซื้อโน๊ตบุ๊ค.com/รับซื้อโน๊ตบุ๊ค/ระนอง/macbook-air-m1/,ระนอง,macbook-air-m1,https://ร้านรับซื้อโน๊ตบุ๊ค.com/รับซื้อโน๊ตบุ๊ค/ระนอง/,https://ร้านรับซื้อโน๊ตบุ๊ค.com/รับซื้อโน๊ตบุ๊ค/macbook-air-m1/,200 indexable self-canonical,200 indexable self-canonical,high location / low entity,high entity / low location,high,2026-07-04,KEEP_404,high,Both plausible targets preserve only one dimension of the original intent; no single exact target exists.
https://ร้านรับซื้อโน๊ตบุ๊ค.com/รับซื้อโน๊ตบุ๊ค/สุโขทัย/dell-xps-13-15/,สุโขทัย,dell-xps-13-15,https://ร้านรับซื้อโน๊ตบุ๊ค.com/รับซื้อโน๊ตบุ๊ค/สุโขทัย/,https://ร้านรับซื้อโน๊ตบุ๊ค.com/รับซื้อโน๊ตบุ๊ค/dell-xps-13-15/,200 indexable self-canonical,200 indexable self-canonical,high location / low entity,high entity / low location,high,2026-07-04,KEEP_404,high,Both plausible targets preserve only one dimension of the original intent; no single exact target exists.
https://ร้านรับซื้อโน๊ตบุ๊ค.com/รับซื้อโน๊ตบุ๊ค/อุทัยธานี/surface-laptop-go/,อุทัยธานี,surface-laptop-go,https://ร้านรับซื้อโน๊ตบุ๊ค.com/รับซื้อโน๊ตบุ๊ค/อุทัยธานี/,https://ร้านรับซื้อโน๊ตบุ๊ค.com/รับซื้อโน๊ตบุ๊ค/surface-laptop-go/,200 indexable self-canonical,200 indexable self-canonical,high location / low entity,high entity / low location,high,2026-07-04,KEEP_404,high,Both plausible targets preserve only one dimension of the original intent; no single exact target exists.
https://ร้านรับซื้อโน๊ตบุ๊ค.com/รับซื้อโน๊ตบุ๊ค/พิจิตร/macbook-air-m1/,พิจิตร,macbook-air-m1,https://ร้านรับซื้อโน๊ตบุ๊ค.com/รับซื้อโน๊ตบุ๊ค/พิจิตร/,https://ร้านรับซื้อโน๊ตบุ๊ค.com/รับซื้อโน๊ตบุ๊ค/macbook-air-m1/,200 indexable self-canonical,200 indexable self-canonical,high location / low entity,high entity / low location,high,2026-07-04,KEEP_404,high,Both plausible targets preserve only one dimension of the original intent; no single exact target exists.
https://ร้านรับซื้อโน๊ตบุ๊ค.com/รับซื้อโน๊ตบุ๊ค/ศรีสะเกษ/asus-vivobook/,ศรีสะเกษ,asus-vivobook,https://ร้านรับซื้อโน๊ตบุ๊ค.com/รับซื้อโน๊ตบุ๊ค/ศรีสะเกษ/,https://ร้านรับซื้อโน๊ตบุ๊ค.com/รับซื้อโน๊ตบุ๊ค/asus-vivobook/,200 indexable self-canonical,200 indexable self-canonical,high location / low entity,high entity / low location,high,2026-07-04,KEEP_404,high,Both plausible targets preserve only one dimension of the original intent; no single exact target exists.
https://ร้านรับซื้อโน๊ตบุ๊ค.com/รับซื้อโน๊ตบุ๊ค/พัทลุง/razer-blade/,พัทลุง,razer-blade,https://ร้านรับซื้อโน๊ตบุ๊ค.com/รับซื้อโน๊ตบุ๊ค/พัทลุง/,https://ร้านรับซื้อโน๊ตบุ๊ค.com/รับซื้อโน๊ตบุ๊ค/razer-blade/,200 indexable self-canonical,200 indexable self-canonical,high location / low entity,high entity / low location,high,2026-07-04,KEEP_404,high,Both plausible targets preserve only one dimension of the original intent; no single exact target exists.
https://ร้านรับซื้อโน๊ตบุ๊ค.com/รับซื้อโน๊ตบุ๊ค/อุดรธานี/huawei-matebook/,อุดรธานี,huawei-matebook,https://ร้านรับซื้อโน๊ตบุ๊ค.com/รับซื้อโน๊ตบุ๊ค/อุดรธานี/,https://ร้านรับซื้อโน๊ตบุ๊ค.com/รับซื้อโน๊ตบุ๊ค/huawei-matebook/,200 indexable self-canonical,200 indexable self-canonical,high location / low entity,high entity / low location,high,2026-07-04,KEEP_404,high,Both plausible targets preserve only one dimension of the original intent; no single exact target exists.
https://ร้านรับซื้อโน๊ตบุ๊ค.com/รับซื้อโน๊ตบุ๊ค/ปทุมธานี/asus-zephyrus/,ปทุมธานี,asus-zephyrus,https://ร้านรับซื้อโน๊ตบุ๊ค.com/รับซื้อโน๊ตบุ๊ค/ปทุมธานี/,https://ร้านรับซื้อโน๊ตบุ๊ค.com/รับซื้อโน๊ตบุ๊ค/asus-zephyrus/,200 indexable self-canonical,200 indexable self-canonical,high location / low entity,high entity / low location,high,2026-07-04,KEEP_404,high,Both plausible targets preserve only one dimension of the original intent; no single exact target exists.
https://ร้านรับซื้อโน๊ตบุ๊ค.com/รับซื้อโน๊ตบุ๊ค/สตูล/พอร์ต-usb-เสีย/,สตูล,พอร์ต-usb-เสีย,https://ร้านรับซื้อโน๊ตบุ๊ค.com/รับซื้อโน๊ตบุ๊ค/สตูล/,https://ร้านรับซื้อโน๊ตบุ๊ค.com/รับซื้อโน๊ตบุ๊ค/พอร์ต-usb-เสีย/,200 indexable self-canonical,200 indexable self-canonical,high location / low entity,high entity / low location,high,2026-07-04,KEEP_404,high,Both plausible targets preserve only one dimension of the original intent; no single exact target exists.
https://ร้านรับซื้อโน๊ตบุ๊ค.com/รับซื้อโน๊ตบุ๊ค/ลำปาง/surface-pro/,ลำปาง,surface-pro,https://ร้านรับซื้อโน๊ตบุ๊ค.com/รับซื้อโน๊ตบุ๊ค/ลำปาง/,https://ร้านรับซื้อโน๊ตบุ๊ค.com/รับซื้อโน๊ตบุ๊ค/surface-pro/,200 indexable self-canonical,200 indexable self-canonical,high location / low entity,high entity / low location,high,2026-07-04,KEEP_404,high,Both plausible targets preserve only one dimension of the original intent; no single exact target exists.
https://ร้านรับซื้อโน๊ตบุ๊ค.com/รับซื้อโน๊ตบุ๊ค/เชียงใหม่/ร้อนจัดดับเอง/,เชียงใหม่,ร้อนจัดดับเอง,https://ร้านรับซื้อโน๊ตบุ๊ค.com/รับซื้อโน๊ตบุ๊ค/เชียงใหม่/,https://ร้านรับซื้อโน๊ตบุ๊ค.com/รับซื้อโน๊ตบุ๊ค/ร้อนจัดดับเอง/,200 indexable self-canonical,200 indexable self-canonical,high location / low entity,high entity / low location,high,2026-07-04,KEEP_404,high,Both plausible targets preserve only one dimension of the original intent; no single exact target exists.
https://ร้านรับซื้อโน๊ตบุ๊ค.com/รับซื้อโน๊ตบุ๊ค/ฉะเชิงเทรา/thinkpad-e14-e15/,ฉะเชิงเทรา,thinkpad-e14-e15,https://ร้านรับซื้อโน๊ตบุ๊ค.com/รับซื้อโน๊ตบุ๊ค/ฉะเชิงเทรา/,https://ร้านรับซื้อโน๊ตบุ๊ค.com/รับซื้อโน๊ตบุ๊ค/thinkpad-e14-e15/,200 indexable self-canonical,200 indexable self-canonical,high location / low entity,high entity / low location,high,2026-07-04,KEEP_404,high,Both plausible targets preserve only one dimension of the original intent; no single exact target exists.
https://ร้านรับซื้อโน๊ตบุ๊ค.com/รับซื้อโน๊ตบุ๊ค/เชียงราย/hp-pavilion/,เชียงราย,hp-pavilion,https://ร้านรับซื้อโน๊ตบุ๊ค.com/รับซื้อโน๊ตบุ๊ค/เชียงราย/,https://ร้านรับซื้อโน๊ตบุ๊ค.com/รับซื้อโน๊ตบุ๊ค/hp-pavilion/,200 indexable self-canonical,200 indexable self-canonical,high location / low entity,high entity / low location,high,2026-07-04,KEEP_404,high,Both plausible targets preserve only one dimension of the original intent; no single exact target exists.
https://ร้านรับซื้อโน๊ตบุ๊ค.com/รับซื้อโน๊ตบุ๊ค/นครราชสีมา/alienware-m16/,นครราชสีมา,alienware-m16,https://ร้านรับซื้อโน๊ตบุ๊ค.com/รับซื้อโน๊ตบุ๊ค/นครราชสีมา/,https://ร้านรับซื้อโน๊ตบุ๊ค.com/รับซื้อโน๊ตบุ๊ค/alienware-m16/,200 indexable self-canonical,200 indexable self-canonical,high location / low entity,high entity / low location,high,2026-07-04,KEEP_404,high,Both plausible targets preserve only one dimension of the original intent; no single exact target exists.
https://ร้านรับซื้อโน๊ตบุ๊ค.com/รับซื้อโน๊ตบุ๊ค/อำนาจเจริญ/lenovo-legion-pro/,อำนาจเจริญ,lenovo-legion-pro,https://ร้านรับซื้อโน๊ตบุ๊ค.com/รับซื้อโน๊ตบุ๊ค/อำนาจเจริญ/,https://ร้านรับซื้อโน๊ตบุ๊ค.com/รับซื้อโน๊ตบุ๊ค/lenovo-legion-pro/,200 indexable self-canonical,200 indexable self-canonical,high location / low entity,high entity / low location,high,2026-07-04,KEEP_404,high,Both plausible targets preserve only one dimension of the original intent; no single exact target exists.
https://ร้านรับซื้อโน๊ตบุ๊ค.com/รับซื้อโน๊ตบุ๊ค/เชียงใหม่/macbook-pro-m1/,เชียงใหม่,macbook-pro-m1,https://ร้านรับซื้อโน๊ตบุ๊ค.com/รับซื้อโน๊ตบุ๊ค/เชียงใหม่/,https://ร้านรับซื้อโน๊ตบุ๊ค.com/รับซื้อโน๊ตบุ๊ค/macbook-pro-m1/,200 indexable self-canonical,200 indexable self-canonical,high location / low entity,high entity / low location,high,2026-07-04,KEEP_404,high,Both plausible targets preserve only one dimension of the original intent; no single exact target exists.
https://ร้านรับซื้อโน๊ตบุ๊ค.com/รับซื้อโน๊ตบุ๊ค/สุราษฎร์ธานี/macbook-pro-m3/,สุราษฎร์ธานี,macbook-pro-m3,https://ร้านรับซื้อโน๊ตบุ๊ค.com/รับซื้อโน๊ตบุ๊ค/สุราษฎร์ธานี/,https://ร้านรับซื้อโน๊ตบุ๊ค.com/รับซื้อโน๊ตบุ๊ค/macbook-pro-m3/,200 indexable self-canonical,200 indexable self-canonical,high location / low entity,high entity / low location,high,2026-07-04,KEEP_404,high,Both plausible targets preserve only one dimension of the original intent; no single exact target exists.
https://ร้านรับซื้อโน๊ตบุ๊ค.com/รับซื้อโน๊ตบุ๊ค/ฉะเชิงเทรา/macbook-pro-m1/,ฉะเชิงเทรา,macbook-pro-m1,https://ร้านรับซื้อโน๊ตบุ๊ค.com/รับซื้อโน๊ตบุ๊ค/ฉะเชิงเทรา/,https://ร้านรับซื้อโน๊ตบุ๊ค.com/รับซื้อโน๊ตบุ๊ค/macbook-pro-m1/,200 indexable self-canonical,200 indexable self-canonical,high location / low entity,high entity / low location,high,2026-07-04,KEEP_404,high,Both plausible targets preserve only one dimension of the original intent; no single exact target exists.
https://ร้านรับซื้อโน๊ตบุ๊ค.com/รับซื้อโน๊ตบุ๊ค/ฉะเชิงเทรา/lenovo-thinkbook/,ฉะเชิงเทรา,lenovo-thinkbook,https://ร้านรับซื้อโน๊ตบุ๊ค.com/รับซื้อโน๊ตบุ๊ค/ฉะเชิงเทรา/,https://ร้านรับซื้อโน๊ตบุ๊ค.com/รับซื้อโน๊ตบุ๊ค/lenovo-thinkbook/,200 indexable self-canonical,200 indexable self-canonical,high location / low entity,high entity / low location,high,2026-07-04,KEEP_404,high,Both plausible targets preserve only one dimension of the original intent; no single exact target exists.
https://ร้านรับซื้อโน๊ตบุ๊ค.com/รับซื้อโน๊ตบุ๊ค/ชุมพร/hp-envy-x360/,ชุมพร,hp-envy-x360,https://ร้านรับซื้อโน๊ตบุ๊ค.com/รับซื้อโน๊ตบุ๊ค/ชุมพร/,https://ร้านรับซื้อโน๊ตบุ๊ค.com/รับซื้อโน๊ตบุ๊ค/hp-envy-x360/,200 indexable self-canonical,200 indexable self-canonical,high location / low entity,high entity / low location,high,2026-07-04,KEEP_404,high,Both plausible targets preserve only one dimension of the original intent; no single exact target exists.
https://ร้านรับซื้อโน๊ตบุ๊ค.com/รับซื้อโน๊ตบุ๊ค/ราชบุรี/ทัชแพดเสีย/,ราชบุรี,ทัชแพดเสีย,https://ร้านรับซื้อโน๊ตบุ๊ค.com/รับซื้อโน๊ตบุ๊ค/ราชบุรี/,https://ร้านรับซื้อโน๊ตบุ๊ค.com/รับซื้อโน๊ตบุ๊ค/ทัชแพดเสีย/,200 indexable self-canonical,200 indexable self-canonical,high location / low entity,high entity / low location,high,2026-07-04,KEEP_404,high,Both plausible targets preserve only one dimension of the original intent; no single exact target exists.
https://ร้านรับซื้อโน๊ตบุ๊ค.com/รับซื้อโน๊ตบุ๊ค/นราธิวาส/lenovo-legion-slim/,นราธิวาส,lenovo-legion-slim,https://ร้านรับซื้อโน๊ตบุ๊ค.com/รับซื้อโน๊ตบุ๊ค/นราธิวาส/,https://ร้านรับซื้อโน๊ตบุ๊ค.com/รับซื้อโน๊ตบุ๊ค/lenovo-legion-slim/,200 indexable self-canonical,200 indexable self-canonical,high location / low entity,high entity / low location,high,2026-07-04,KEEP_404,high,Both plausible targets preserve only one dimension of the original intent; no single exact target exists.
https://ร้านรับซื้อโน๊ตบุ๊ค.com/รับซื้อโน๊ตบุ๊ค/หนองคาย/acer-predator-triton/,หนองคาย,acer-predator-triton,https://ร้านรับซื้อโน๊ตบุ๊ค.com/รับซื้อโน๊ตบุ๊ค/หนองคาย/,https://ร้านรับซื้อโน๊ตบุ๊ค.com/รับซื้อโน๊ตบุ๊ค/acer-predator-triton/,200 indexable self-canonical,200 indexable self-canonical,high location / low entity,high entity / low location,high,2026-07-04,KEEP_404,high,Both plausible targets preserve only one dimension of the original intent; no single exact target exists.
https://ร้านรับซื้อโน๊ตบุ๊ค.com/รับซื้อโน๊ตบุ๊ค/สุโขทัย/asus-rog-ally-x/,สุโขทัย,asus-rog-ally-x,https://ร้านรับซื้อโน๊ตบุ๊ค.com/รับซื้อโน๊ตบุ๊ค/สุโขทัย/,https://ร้านรับซื้อโน๊ตบุ๊ค.com/รับซื้อโน๊ตบุ๊ค/asus-rog-ally-x/,200 indexable self-canonical,200 indexable self-canonical,high location / low entity,high entity / low location,high,2026-07-04,KEEP_404,high,Both plausible targets preserve only one dimension of the original intent; no single exact target exists.
https://ร้านรับซื้อโน๊ตบุ๊ค.com/รับซื้อโน๊ตบุ๊ค/พัทยา/asus-zephyrus/,พัทยา,asus-zephyrus,https://ร้านรับซื้อโน๊ตบุ๊ค.com/รับซื้อโน๊ตบุ๊ค/พัทยา/,https://ร้านรับซื้อโน๊ตบุ๊ค.com/รับซื้อโน๊ตบุ๊ค/asus-zephyrus/,200 indexable self-canonical,200 indexable self-canonical,high location / low entity,high entity / low location,high,2026-07-04,KEEP_404,high,Both plausible targets preserve only one dimension of the original intent; no single exact target exists.
https://ร้านรับซื้อโน๊ตบุ๊ค.com/รับซื้อโน๊ตบุ๊ค/นครศรีธรรมราช/alienware-m16/,นครศรีธรรมราช,alienware-m16,https://ร้านรับซื้อโน๊ตบุ๊ค.com/รับซื้อโน๊ตบุ๊ค/นครศรีธรรมราช/,https://ร้านรับซื้อโน๊ตบุ๊ค.com/รับซื้อโน๊ตบุ๊ค/alienware-m16/,200 indexable self-canonical,200 indexable self-canonical,high location / low entity,high entity / low location,high,2026-07-04,KEEP_404,high,Both plausible targets preserve only one dimension of the original intent; no single exact target exists.
https://ร้านรับซื้อโน๊ตบุ๊ค.com/รับซื้อโน๊ตบุ๊ค/หนองคาย/ช่องหูฟังเสีย/,หนองคาย,ช่องหูฟังเสีย,https://ร้านรับซื้อโน๊ตบุ๊ค.com/รับซื้อโน๊ตบุ๊ค/หนองคาย/,https://ร้านรับซื้อโน๊ตบุ๊ค.com/รับซื้อโน๊ตบุ๊ค/ช่องหูฟังเสีย/,200 indexable self-canonical,200 indexable self-canonical,high location / low entity,high entity / low location,high,2026-07-04,KEEP_404,high,Both plausible targets preserve only one dimension of the original intent; no single exact target exists.
https://ร้านรับซื้อโน๊ตบุ๊ค.com/รับซื้อโน๊ตบุ๊ค/ตราด/asus-zenbook/,ตราด,asus-zenbook,https://ร้านรับซื้อโน๊ตบุ๊ค.com/รับซื้อโน๊ตบุ๊ค/ตราด/,https://ร้านรับซื้อโน๊ตบุ๊ค.com/รับซื้อโน๊ตบุ๊ค/asus-zenbook/,200 indexable self-canonical,200 indexable self-canonical,high location / low entity,high entity / low location,high,2026-07-04,KEEP_404,high,Both plausible targets preserve only one dimension of the original intent; no single exact target exists.
https://ร้านรับซื้อโน๊ตบุ๊ค.com/รับซื้อโน๊ตบุ๊ค/สระแก้ว/hp-pavilion/,สระแก้ว,hp-pavilion,https://ร้านรับซื้อโน๊ตบุ๊ค.com/รับซื้อโน๊ตบุ๊ค/สระแก้ว/,https://ร้านรับซื้อโน๊ตบุ๊ค.com/รับซื้อโน๊ตบุ๊ค/hp-pavilion/,200 indexable self-canonical,200 indexable self-canonical,high location / low entity,high entity / low location,high,2026-07-04,KEEP_404,high,Both plausible targets preserve only one dimension of the original intent; no single exact target exists.
https://ร้านรับซื้อโน๊ตบุ๊ค.com/รับซื้อโน๊ตบุ๊ค/ศรีสะเกษ/dell-inspiron-15/,ศรีสะเกษ,dell-inspiron-15,https://ร้านรับซื้อโน๊ตบุ๊ค.com/รับซื้อโน๊ตบุ๊ค/ศรีสะเกษ/,https://ร้านรับซื้อโน๊ตบุ๊ค.com/รับซื้อโน๊ตบุ๊ค/dell-inspiron-15/,200 indexable self-canonical,200 indexable self-canonical,high location / low entity,high entity / low location,high,2026-07-04,KEEP_404,high,Both plausible targets preserve only one dimension of the original intent; no single exact target exists.
https://ร้านรับซื้อโน๊ตบุ๊ค.com/รับซื้อโน๊ตบุ๊ค/ตราด/msi-stealth-14/,ตราด,msi-stealth-14,https://ร้านรับซื้อโน๊ตบุ๊ค.com/รับซื้อโน๊ตบุ๊ค/ตราด/,https://ร้านรับซื้อโน๊ตบุ๊ค.com/รับซื้อโน๊ตบุ๊ค/msi-stealth-14/,200 indexable self-canonical,200 indexable self-canonical,high location / low entity,high entity / low location,high,2026-07-04,KEEP_404,high,Both plausible targets preserve only one dimension of the original intent; no single exact target exists.
https://ร้านรับซื้อโน๊ตบุ๊ค.com/รับซื้อโน๊ตบุ๊ค/ตาก/lenovo-ideapad-3-5/,ตาก,lenovo-ideapad-3-5,https://ร้านรับซื้อโน๊ตบุ๊ค.com/รับซื้อโน๊ตบุ๊ค/ตาก/,https://ร้านรับซื้อโน๊ตบุ๊ค.com/รับซื้อโน๊ตบุ๊ค/lenovo-ideapad-3-5/,200 indexable self-canonical,200 indexable self-canonical,high location / low entity,high entity / low location,high,2026-07-04,KEEP_404,high,Both plausible targets preserve only one dimension of the original intent; no single exact target exists.
https://ร้านรับซื้อโน๊ตบุ๊ค.com/รับซื้อโน๊ตบุ๊ค/กำแพงเพชร/huawei/,กำแพงเพชร,huawei,https://ร้านรับซื้อโน๊ตบุ๊ค.com/รับซื้อโน๊ตบุ๊ค/กำแพงเพชร/,https://ร้านรับซื้อโน๊ตบุ๊ค.com/รับซื้อโน๊ตบุ๊ค/huawei/,200 indexable self-canonical,200 indexable self-canonical,high location / low entity,high entity / low location,high,2026-07-04,KEEP_404,high,Both plausible targets preserve only one dimension of the original intent; no single exact target exists.
https://ร้านรับซื้อโน๊ตบุ๊ค.com/รับซื้อโน๊ตบุ๊ค/อุดรธานี/hdmi-เสีย/,อุดรธานี,hdmi-เสีย,https://ร้านรับซื้อโน๊ตบุ๊ค.com/รับซื้อโน๊ตบุ๊ค/อุดรธานี/,https://ร้านรับซื้อโน๊ตบุ๊ค.com/รับซื้อโน๊ตบุ๊ค/hdmi-เสีย/,200 indexable self-canonical,200 indexable self-canonical,high location / low entity,high entity / low location,high,2026-07-04,KEEP_404,high,Both plausible targets preserve only one dimension of the original intent; no single exact target exists.
https://ร้านรับซื้อโน๊ตบุ๊ค.com/รับซื้อโน๊ตบุ๊ค/สมุทรสาคร/razer/,สมุทรสาคร,razer,https://ร้านรับซื้อโน๊ตบุ๊ค.com/รับซื้อโน๊ตบุ๊ค/สมุทรสาคร/,https://ร้านรับซื้อโน๊ตบุ๊ค.com/รับซื้อโน๊ตบุ๊ค/razer/,200 indexable self-canonical,200 indexable self-canonical,high location / low entity,high entity / low location,high,2026-07-04,KEEP_404,high,Both plausible targets preserve only one dimension of the original intent; no single exact target exists.
https://ร้านรับซื้อโน๊ตบุ๊ค.com/รับซื้อโน๊ตบุ๊ค/หาดใหญ่/macbook-battery-health/,หาดใหญ่,macbook-battery-health,https://ร้านรับซื้อโน๊ตบุ๊ค.com/รับซื้อโน๊ตบุ๊ค/หาดใหญ่/,https://ร้านรับซื้อโน๊ตบุ๊ค.com/รับซื้อโน๊ตบุ๊ค/macbook-battery-health/,200 indexable self-canonical,200 indexable self-canonical,high location / low entity,high entity / low location,high,2026-07-04,KEEP_404,high,Both plausible targets preserve only one dimension of the original intent; no single exact target exists.
https://ร้านรับซื้อโน๊ตบุ๊ค.com/รับซื้อโน๊ตบุ๊ค/พิษณุโลก/macbook-air-m5/,พิษณุโลก,macbook-air-m5,https://ร้านรับซื้อโน๊ตบุ๊ค.com/รับซื้อโน๊ตบุ๊ค/พิษณุโลก/,https://ร้านรับซื้อโน๊ตบุ๊ค.com/รับซื้อโน๊ตบุ๊ค/macbook-air-m5/,200 indexable self-canonical,200 indexable self-canonical,high location / low entity,high entity / low location,high,2026-07-04,KEEP_404,high,Both plausible targets preserve only one dimension of the original intent; no single exact target exists.
https://ร้านรับซื้อโน๊ตบุ๊ค.com/รับซื้อโน๊ตบุ๊ค/แม่ฮ่องสอน/ssd-เสีย/,แม่ฮ่องสอน,ssd-เสีย,https://ร้านรับซื้อโน๊ตบุ๊ค.com/รับซื้อโน๊ตบุ๊ค/แม่ฮ่องสอน/,https://ร้านรับซื้อโน๊ตบุ๊ค.com/รับซื้อโน๊ตบุ๊ค/ssd-เสีย/,200 indexable self-canonical,200 indexable self-canonical,high location / low entity,high entity / low location,high,2026-07-04,KEEP_404,high,Both plausible targets preserve only one dimension of the original intent; no single exact target exists.
https://ร้านรับซื้อโน๊ตบุ๊ค.com/รับซื้อโน๊ตบุ๊ค/ลาดพร้าว/huawei/,ลาดพร้าว,huawei,https://ร้านรับซื้อโน๊ตบุ๊ค.com/รับซื้อโน๊ตบุ๊ค/ลาดพร้าว/,https://ร้านรับซื้อโน๊ตบุ๊ค.com/รับซื้อโน๊ตบุ๊ค/huawei/,200 indexable self-canonical,200 indexable self-canonical,high location / low entity,high entity / low location,high,2026-07-04,KEEP_404,high,Both plausible targets preserve only one dimension of the original intent; no single exact target exists.
https://ร้านรับซื้อโน๊ตบุ๊ค.com/รับซื้อโน๊ตบุ๊ค/ยโสธร/acer-predator-triton/,ยโสธร,acer-predator-triton,https://ร้านรับซื้อโน๊ตบุ๊ค.com/รับซื้อโน๊ตบุ๊ค/ยโสธร/,https://ร้านรับซื้อโน๊ตบุ๊ค.com/รับซื้อโน๊ตบุ๊ค/acer-predator-triton/,200 indexable self-canonical,200 indexable self-canonical,high location / low entity,high entity / low location,high,2026-07-04,KEEP_404,high,Both plausible targets preserve only one dimension of the original intent; no single exact target exists.
https://ร้านรับซื้อโน๊ตบุ๊ค.com/รับซื้อโน๊ตบุ๊ค/อุดรธานี/macbook-pro-m4/,อุดรธานี,macbook-pro-m4,https://ร้านรับซื้อโน๊ตบุ๊ค.com/รับซื้อโน๊ตบุ๊ค/อุดรธานี/,https://ร้านรับซื้อโน๊ตบุ๊ค.com/รับซื้อโน๊ตบุ๊ค/macbook-pro-m4/,200 indexable self-canonical,200 indexable self-canonical,high location / low entity,high entity / low location,high,2026-07-04,KEEP_404,high,Both plausible targets preserve only one dimension of the original intent; no single exact target exists.
https://ร้านรับซื้อโน๊ตบุ๊ค.com/รับซื้อโน๊ตบุ๊ค/พังงา/acer-nitro-16/,พังงา,acer-nitro-16,https://ร้านรับซื้อโน๊ตบุ๊ค.com/รับซื้อโน๊ตบุ๊ค/พังงา/,https://ร้านรับซื้อโน๊ตบุ๊ค.com/รับซื้อโน๊ตบุ๊ค/acer-nitro-16/,200 indexable self-canonical,200 indexable self-canonical,high location / low entity,high entity / low location,high,2026-07-04,KEEP_404,high,Both plausible targets preserve only one dimension of the original intent; no single exact target exists.
https://ร้านรับซื้อโน๊ตบุ๊ค.com/รับซื้อโน๊ตบุ๊ค/ศรีสะเกษ/ร้อนจัดดับเอง/,ศรีสะเกษ,ร้อนจัดดับเอง,https://ร้านรับซื้อโน๊ตบุ๊ค.com/รับซื้อโน๊ตบุ๊ค/ศรีสะเกษ/,https://ร้านรับซื้อโน๊ตบุ๊ค.com/รับซื้อโน๊ตบุ๊ค/ร้อนจัดดับเอง/,200 indexable self-canonical,200 indexable self-canonical,high location / low entity,high entity / low location,high,2026-07-04,KEEP_404,high,Both plausible targets preserve only one dimension of the original intent; no single exact target exists.
https://ร้านรับซื้อโน๊ตบุ๊ค.com/รับซื้อโน๊ตบุ๊ค/อยุธยา/macbook-mdm/,อยุธยา,macbook-mdm,https://ร้านรับซื้อโน๊ตบุ๊ค.com/รับซื้อโน๊ตบุ๊ค/อยุธยา/,https://ร้านรับซื้อโน๊ตบุ๊ค.com/รับซื้อโน๊ตบุ๊ค/macbook-mdm/,200 indexable self-canonical,200 indexable self-canonical,high location / low entity,high entity / low location,high,2026-07-04,KEEP_404,high,Both plausible targets preserve only one dimension of the original intent; no single exact target exists.
https://ร้านรับซื้อโน๊ตบุ๊ค.com/รับซื้อโน๊ตบุ๊ค/เชียงราย/asus-zephyrus-g14/,เชียงราย,asus-zephyrus-g14,https://ร้านรับซื้อโน๊ตบุ๊ค.com/รับซื้อโน๊ตบุ๊ค/เชียงราย/,https://ร้านรับซื้อโน๊ตบุ๊ค.com/รับซื้อโน๊ตบุ๊ค/asus-zephyrus-g14/,200 indexable self-canonical,200 indexable self-canonical,high location / low entity,high entity / low location,high,2026-07-04,KEEP_404,high,Both plausible targets preserve only one dimension of the original intent; no single exact target exists.
https://ร้านรับซื้อโน๊ตบุ๊ค.com/รับซื้อโน๊ตบุ๊ค/สระบุรี/lg/,สระบุรี,lg,https://ร้านรับซื้อโน๊ตบุ๊ค.com/รับซื้อโน๊ตบุ๊ค/สระบุรี/,https://ร้านรับซื้อโน๊ตบุ๊ค.com/รับซื้อโน๊ตบุ๊ค/lg/,200 indexable self-canonical,200 indexable self-canonical,high location / low entity,high entity / low location,high,2026-07-04,KEEP_404,high,Both plausible targets preserve only one dimension of the original intent; no single exact target exists.
https://ร้านรับซื้อโน๊ตบุ๊ค.com/รับซื้อโน๊ตบุ๊ค/นครพนม/razer-blade/,นครพนม,razer-blade,https://ร้านรับซื้อโน๊ตบุ๊ค.com/รับซื้อโน๊ตบุ๊ค/นครพนม/,https://ร้านรับซื้อโน๊ตบุ๊ค.com/รับซื้อโน๊ตบุ๊ค/razer-blade/,200 indexable self-canonical,200 indexable self-canonical,high location / low entity,high entity / low location,high,2026-07-04,KEEP_404,high,Both plausible targets preserve only one dimension of the original intent; no single exact target exists.
https://ร้านรับซื้อโน๊ตบุ๊ค.com/รับซื้อโน๊ตบุ๊ค/ปัตตานี/macbook-screen-crack/,ปัตตานี,macbook-screen-crack,https://ร้านรับซื้อโน๊ตบุ๊ค.com/รับซื้อโน๊ตบุ๊ค/ปัตตานี/,https://ร้านรับซื้อโน๊ตบุ๊ค.com/รับซื้อโน๊ตบุ๊ค/macbook-screen-crack/,200 indexable self-canonical,200 indexable self-canonical,high location / low entity,high entity / low location,high,2026-07-04,KEEP_404,high,Both plausible targets preserve only one dimension of the original intent; no single exact target exists.
https://ร้านรับซื้อโน๊ตบุ๊ค.com/รับซื้อโน๊ตบุ๊ค/ประจวบคีรีขันธ์/macbook-pro-m2/,ประจวบคีรีขันธ์,macbook-pro-m2,https://ร้านรับซื้อโน๊ตบุ๊ค.com/รับซื้อโน๊ตบุ๊ค/ประจวบคีรีขันธ์/,https://ร้านรับซื้อโน๊ตบุ๊ค.com/รับซื้อโน๊ตบุ๊ค/macbook-pro-m2/,200 indexable self-canonical,200 indexable self-canonical,high location / low entity,high entity / low location,high,2026-07-04,KEEP_404,high,Both plausible targets preserve only one dimension of the original intent; no single exact target exists.
https://ร้านรับซื้อโน๊ตบุ๊ค.com/รับซื้อโน๊ตบุ๊ค/ชัยนาท/hp-omen-17/,ชัยนาท,hp-omen-17,https://ร้านรับซื้อโน๊ตบุ๊ค.com/รับซื้อโน๊ตบุ๊ค/ชัยนาท/,https://ร้านรับซื้อโน๊ตบุ๊ค.com/รับซื้อโน๊ตบุ๊ค/hp-omen-17/,200 indexable self-canonical,200 indexable self-canonical,high location / low entity,high entity / low location,high,2026-07-04,KEEP_404,high,Both plausible targets preserve only one dimension of the original intent; no single exact target exists.
https://ร้านรับซื้อโน๊ตบุ๊ค.com/รับซื้อโน๊ตบุ๊ค/เพชรบุรี/macbook-air-13/,เพชรบุรี,macbook-air-13,https://ร้านรับซื้อโน๊ตบุ๊ค.com/รับซื้อโน๊ตบุ๊ค/เพชรบุรี/,https://ร้านรับซื้อโน๊ตบุ๊ค.com/รับซื้อโน๊ตบุ๊ค/macbook-air-13/,200 indexable self-canonical,200 indexable self-canonical,high location / low entity,high entity / low location,high,2026-07-04,KEEP_404,high,Both plausible targets preserve only one dimension of the original intent; no single exact target exists.
https://ร้านรับซื้อโน๊ตบุ๊ค.com/รับซื้อโน๊ตบุ๊ค/พัทลุง/samsung/,พัทลุง,samsung,https://ร้านรับซื้อโน๊ตบุ๊ค.com/รับซื้อโน๊ตบุ๊ค/พัทลุง/,https://ร้านรับซื้อโน๊ตบุ๊ค.com/รับซื้อโน๊ตบุ๊ค/samsung/,200 indexable self-canonical,200 indexable self-canonical,high location / low entity,high entity / low location,high,2026-07-04,KEEP_404,high,Both plausible targets preserve only one dimension of the original intent; no single exact target exists.
https://ร้านรับซื้อโน๊ตบุ๊ค.com/รับซื้อโน๊ตบุ๊ค/ชัยนาท/asus-zephyrus-g14/,ชัยนาท,asus-zephyrus-g14,https://ร้านรับซื้อโน๊ตบุ๊ค.com/รับซื้อโน๊ตบุ๊ค/ชัยนาท/,https://ร้านรับซื้อโน๊ตบุ๊ค.com/รับซื้อโน๊ตบุ๊ค/asus-zephyrus-g14/,200 indexable self-canonical,200 indexable self-canonical,high location / low entity,high entity / low location,high,2026-07-04,KEEP_404,high,Both plausible targets preserve only one dimension of the original intent; no single exact target exists.
https://ร้านรับซื้อโน๊ตบุ๊ค.com/รับซื้อโน๊ตบุ๊ค/อ่างทอง/ฝาหลังบวม/,อ่างทอง,ฝาหลังบวม,https://ร้านรับซื้อโน๊ตบุ๊ค.com/รับซื้อโน๊ตบุ๊ค/อ่างทอง/,https://ร้านรับซื้อโน๊ตบุ๊ค.com/รับซื้อโน๊ตบุ๊ค/ฝาหลังบวม/,200 indexable self-canonical,200 indexable self-canonical,high location / low entity,high entity / low location,high,2026-07-04,KEEP_404,high,Both plausible targets preserve only one dimension of the original intent; no single exact target exists.
https://ร้านรับซื้อโน๊ตบุ๊ค.com/รับซื้อโน๊ตบุ๊ค/สกลนคร/macbook-air-m4/,สกลนคร,macbook-air-m4,https://ร้านรับซื้อโน๊ตบุ๊ค.com/รับซื้อโน๊ตบุ๊ค/สกลนคร/,https://ร้านรับซื้อโน๊ตบุ๊ค.com/รับซื้อโน๊ตบุ๊ค/macbook-air-m4/,200 indexable self-canonical,200 indexable self-canonical,high location / low entity,high entity / low location,high,2026-07-04,KEEP_404,high,Both plausible targets preserve only one dimension of the original intent; no single exact target exists.
https://ร้านรับซื้อโน๊ตบุ๊ค.com/รับซื้อโน๊ตบุ๊ค/สุราษฎร์ธานี/macbook-charge-port/,สุราษฎร์ธานี,macbook-charge-port,https://ร้านรับซื้อโน๊ตบุ๊ค.com/รับซื้อโน๊ตบุ๊ค/สุราษฎร์ธานี/,https://ร้านรับซื้อโน๊ตบุ๊ค.com/รับซื้อโน๊ตบุ๊ค/macbook-charge-port/,200 indexable self-canonical,200 indexable self-canonical,high location / low entity,high entity / low location,high,2026-07-04,KEEP_404,high,Both plausible targets preserve only one dimension of the original intent; no single exact target exists.
https://ร้านรับซื้อโน๊ตบุ๊ค.com/รับซื้อโน๊ตบุ๊ค/ลาดพร้าว/lenovo-thinkbook/,ลาดพร้าว,lenovo-thinkbook,https://ร้านรับซื้อโน๊ตบุ๊ค.com/รับซื้อโน๊ตบุ๊ค/ลาดพร้าว/,https://ร้านรับซื้อโน๊ตบุ๊ค.com/รับซื้อโน๊ตบุ๊ค/lenovo-thinkbook/,200 indexable self-canonical,200 indexable self-canonical,high location / low entity,high entity / low location,high,2026-07-04,KEEP_404,high,Both plausible targets preserve only one dimension of the original intent; no single exact target exists.
https://ร้านรับซื้อโน๊ตบุ๊ค.com/รับซื้อโน๊ตบุ๊ค/ชลบุรี/บลูทูธใช้ไม่ได้/,ชลบุรี,บลูทูธใช้ไม่ได้,https://ร้านรับซื้อโน๊ตบุ๊ค.com/รับซื้อโน๊ตบุ๊ค/ชลบุรี/,https://ร้านรับซื้อโน๊ตบุ๊ค.com/รับซื้อโน๊ตบุ๊ค/บลูทูธใช้ไม่ได้/,200 indexable self-canonical,200 indexable self-canonical,high location / low entity,high entity / low location,high,2026-07-04,KEEP_404,high,Both plausible targets preserve only one dimension of the original intent; no single exact target exists.
https://ร้านรับซื้อโน๊ตบุ๊ค.com/รับซื้อโน๊ตบุ๊ค/ลาดพร้าว/macbook-keyboard-issue/,ลาดพร้าว,macbook-keyboard-issue,https://ร้านรับซื้อโน๊ตบุ๊ค.com/รับซื้อโน๊ตบุ๊ค/ลาดพร้าว/,https://ร้านรับซื้อโน๊ตบุ๊ค.com/รับซื้อโน๊ตบุ๊ค/macbook-keyboard-issue/,200 indexable self-canonical,200 indexable self-canonical,high location / low entity,high entity / low location,high,2026-07-04,KEEP_404,high,Both plausible targets preserve only one dimension of the original intent; no single exact target exists.
https://ร้านรับซื้อโน๊ตบุ๊ค.com/รับซื้อโน๊ตบุ๊ค/ชัยนาท/macbook-pro-16/,ชัยนาท,macbook-pro-16,https://ร้านรับซื้อโน๊ตบุ๊ค.com/รับซื้อโน๊ตบุ๊ค/ชัยนาท/,https://ร้านรับซื้อโน๊ตบุ๊ค.com/รับซื้อโน๊ตบุ๊ค/macbook-pro-16/,200 indexable self-canonical,200 indexable self-canonical,high location / low entity,high entity / low location,high,2026-07-04,KEEP_404,high,Both plausible targets preserve only one dimension of the original intent; no single exact target exists.
https://ร้านรับซื้อโน๊ตบุ๊ค.com/รับซื้อโน๊ตบุ๊ค/พังงา/msi-stealth-14/,พังงา,msi-stealth-14,https://ร้านรับซื้อโน๊ตบุ๊ค.com/รับซื้อโน๊ตบุ๊ค/พังงา/,https://ร้านรับซื้อโน๊ตบุ๊ค.com/รับซื้อโน๊ตบุ๊ค/msi-stealth-14/,200 indexable self-canonical,200 indexable self-canonical,high location / low entity,high entity / low location,high,2026-07-04,KEEP_404,high,Both plausible targets preserve only one dimension of the original intent; no single exact target exists.
https://ร้านรับซื้อโน๊ตบุ๊ค.com/รับซื้อโน๊ตบุ๊ค/หาดใหญ่/msi-cyborg-15/,หาดใหญ่,msi-cyborg-15,https://ร้านรับซื้อโน๊ตบุ๊ค.com/รับซื้อโน๊ตบุ๊ค/หาดใหญ่/,https://ร้านรับซื้อโน๊ตบุ๊ค.com/รับซื้อโน๊ตบุ๊ค/msi-cyborg-15/,200 indexable self-canonical,200 indexable self-canonical,high location / low entity,high entity / low location,high,2026-07-04,KEEP_404,high,Both plausible targets preserve only one dimension of the original intent; no single exact target exists.
https://ร้านรับซื้อโน๊ตบุ๊ค.com/รับซื้อโน๊ตบุ๊ค/อุทัยธานี/msi-raider-18/,อุทัยธานี,msi-raider-18,https://ร้านรับซื้อโน๊ตบุ๊ค.com/รับซื้อโน๊ตบุ๊ค/อุทัยธานี/,https://ร้านรับซื้อโน๊ตบุ๊ค.com/รับซื้อโน๊ตบุ๊ค/msi-raider-18/,200 indexable self-canonical,200 indexable self-canonical,high location / low entity,high entity / low location,high,2026-07-04,KEEP_404,high,Both plausible targets preserve only one dimension of the original intent; no single exact target exists.
https://ร้านรับซื้อโน๊ตบุ๊ค.com/รับซื้อโน๊ตบุ๊ค/อุดรธานี/รีสตาร์ทเอง/,อุดรธานี,รีสตาร์ทเอง,https://ร้านรับซื้อโน๊ตบุ๊ค.com/รับซื้อโน๊ตบุ๊ค/อุดรธานี/,https://ร้านรับซื้อโน๊ตบุ๊ค.com/รับซื้อโน๊ตบุ๊ค/รีสตาร์ทเอง/,200 indexable self-canonical,200 indexable self-canonical,high location / low entity,high entity / low location,high,2026-07-04,KEEP_404,high,Both plausible targets preserve only one dimension of the original intent; no single exact target exists.
https://ร้านรับซื้อโน๊ตบุ๊ค.com/รับซื้อโน๊ตบุ๊ค/ร้อยเอ็ด/macbook-screen-crack/,ร้อยเอ็ด,macbook-screen-crack,https://ร้านรับซื้อโน๊ตบุ๊ค.com/รับซื้อโน๊ตบุ๊ค/ร้อยเอ็ด/,https://ร้านรับซื้อโน๊ตบุ๊ค.com/รับซื้อโน๊ตบุ๊ค/macbook-screen-crack/,200 indexable self-canonical,200 indexable self-canonical,high location / low entity,high entity / low location,high,2026-07-04,KEEP_404,high,Both plausible targets preserve only one dimension of the original intent; no single exact target exists.
https://ร้านรับซื้อโน๊ตบุ๊ค.com/รับซื้อโน๊ตบุ๊ค/อ่างทอง/alienware-m16/,อ่างทอง,alienware-m16,https://ร้านรับซื้อโน๊ตบุ๊ค.com/รับซื้อโน๊ตบุ๊ค/อ่างทอง/,https://ร้านรับซื้อโน๊ตบุ๊ค.com/รับซื้อโน๊ตบุ๊ค/alienware-m16/,200 indexable self-canonical,200 indexable self-canonical,high location / low entity,high entity / low location,high,2026-07-04,KEEP_404,high,Both plausible targets preserve only one dimension of the original intent; no single exact target exists.
https://ร้านรับซื้อโน๊ตบุ๊ค.com/รับซื้อโน๊ตบุ๊ค/แพร่/macbook-mdm/,แพร่,macbook-mdm,https://ร้านรับซื้อโน๊ตบุ๊ค.com/รับซื้อโน๊ตบุ๊ค/แพร่/,https://ร้านรับซื้อโน๊ตบุ๊ค.com/รับซื้อโน๊ตบุ๊ค/macbook-mdm/,200 indexable self-canonical,200 indexable self-canonical,high location / low entity,high entity / low location,high,2026-07-04,KEEP_404,high,Both plausible targets preserve only one dimension of the original intent; no single exact target exists.
https://ร้านรับซื้อโน๊ตบุ๊ค.com/รับซื้อโน๊ตบุ๊ค/ชัยนาท/acer-predator-helios/,ชัยนาท,acer-predator-helios,https://ร้านรับซื้อโน๊ตบุ๊ค.com/รับซื้อโน๊ตบุ๊ค/ชัยนาท/,https://ร้านรับซื้อโน๊ตบุ๊ค.com/รับซื้อโน๊ตบุ๊ค/acer-predator-helios/,200 indexable self-canonical,200 indexable self-canonical,high location / low entity,high entity / low location,high,2026-07-04,KEEP_404,high,Both plausible targets preserve only one dimension of the original intent; no single exact target exists.
https://ร้านรับซื้อโน๊ตบุ๊ค.com/รับซื้อโน๊ตบุ๊ค/กระบี่/acer-aspire-5/,กระบี่,acer-aspire-5,https://ร้านรับซื้อโน๊ตบุ๊ค.com/รับซื้อโน๊ตบุ๊ค/กระบี่/,https://ร้านรับซื้อโน๊ตบุ๊ค.com/รับซื้อโน๊ตบุ๊ค/acer-aspire-5/,200 indexable self-canonical,200 indexable self-canonical,high location / low entity,high entity / low location,high,2026-07-04,KEEP_404,high,Both plausible targets preserve only one dimension of the original intent; no single exact target exists.
https://ร้านรับซื้อโน๊ตบุ๊ค.com/รับซื้อโน๊ตบุ๊ค/ปทุมธานี/lenovo-ideapad-3-5/,ปทุมธานี,lenovo-ideapad-3-5,https://ร้านรับซื้อโน๊ตบุ๊ค.com/รับซื้อโน๊ตบุ๊ค/ปทุมธานี/,https://ร้านรับซื้อโน๊ตบุ๊ค.com/รับซื้อโน๊ตบุ๊ค/lenovo-ideapad-3-5/,200 indexable self-canonical,200 indexable self-canonical,high location / low entity,high entity / low location,high,2026-07-04,KEEP_404,high,Both plausible targets preserve only one dimension of the original intent; no single exact target exists.
https://ร้านรับซื้อโน๊ตบุ๊ค.com/รับซื้อโน๊ตบุ๊ค/ประจวบคีรีขันธ์/macbook-pro-14/,ประจวบคีรีขันธ์,macbook-pro-14,https://ร้านรับซื้อโน๊ตบุ๊ค.com/รับซื้อโน๊ตบุ๊ค/ประจวบคีรีขันธ์/,https://ร้านรับซื้อโน๊ตบุ๊ค.com/รับซื้อโน๊ตบุ๊ค/macbook-pro-14/,200 indexable self-canonical,200 indexable self-canonical,high location / low entity,high entity / low location,high,2026-07-04,KEEP_404,high,Both plausible targets preserve only one dimension of the original intent; no single exact target exists.
https://ร้านรับซื้อโน๊ตบุ๊ค.com/รับซื้อโน๊ตบุ๊ค/ตราด/acer-predator-triton/,ตราด,acer-predator-triton,https://ร้านรับซื้อโน๊ตบุ๊ค.com/รับซื้อโน๊ตบุ๊ค/ตราด/,https://ร้านรับซื้อโน๊ตบุ๊ค.com/รับซื้อโน๊ตบุ๊ค/acer-predator-triton/,200 indexable self-canonical,200 indexable self-canonical,high location / low entity,high entity / low location,high,2026-07-04,KEEP_404,high,Both plausible targets preserve only one dimension of the original intent; no single exact target exists.
https://ร้านรับซื้อโน๊ตบุ๊ค.com/รับซื้อโน๊ตบุ๊ค/ลำปาง/lenovo-loq-15-16/,ลำปาง,lenovo-loq-15-16,https://ร้านรับซื้อโน๊ตบุ๊ค.com/รับซื้อโน๊ตบุ๊ค/ลำปาง/,https://ร้านรับซื้อโน๊ตบุ๊ค.com/รับซื้อโน๊ตบุ๊ค/lenovo-loq-15-16/,200 indexable self-canonical,200 indexable self-canonical,high location / low entity,high entity / low location,high,2026-07-04,KEEP_404,high,Both plausible targets preserve only one dimension of the original intent; no single exact target exists.
https://ร้านรับซื้อโน๊ตบุ๊ค.com/รับซื้อโน๊ตบุ๊ค/อุทัยธานี/macbook-air-13/,อุทัยธานี,macbook-air-13,https://ร้านรับซื้อโน๊ตบุ๊ค.com/รับซื้อโน๊ตบุ๊ค/อุทัยธานี/,https://ร้านรับซื้อโน๊ตบุ๊ค.com/รับซื้อโน๊ตบุ๊ค/macbook-air-13/,200 indexable self-canonical,200 indexable self-canonical,high location / low entity,high entity / low location,high,2026-07-04,KEEP_404,high,Both plausible targets preserve only one dimension of the original intent; no single exact target exists.
https://ร้านรับซื้อโน๊ตบุ๊ค.com/รับซื้อโน๊ตบุ๊ค/ระนอง/hp-envy-x360/,ระนอง,hp-envy-x360,https://ร้านรับซื้อโน๊ตบุ๊ค.com/รับซื้อโน๊ตบุ๊ค/ระนอง/,https://ร้านรับซื้อโน๊ตบุ๊ค.com/รับซื้อโน๊ตบุ๊ค/hp-envy-x360/,200 indexable self-canonical,200 indexable self-canonical,high location / low entity,high entity / low location,high,2026-07-04,KEEP_404,high,Both plausible targets preserve only one dimension of the original intent; no single exact target exists.
https://ร้านรับซื้อโน๊ตบุ๊ค.com/รับซื้อโน๊ตบุ๊ค/น่าน/msi-katana-15/,น่าน,msi-katana-15,https://ร้านรับซื้อโน๊ตบุ๊ค.com/รับซื้อโน๊ตบุ๊ค/น่าน/,https://ร้านรับซื้อโน๊ตบุ๊ค.com/รับซื้อโน๊ตบุ๊ค/msi-katana-15/,200 indexable self-canonical,200 indexable self-canonical,high location / low entity,high entity / low location,high,2026-07-04,KEEP_404,high,Both plausible targets preserve only one dimension of the original intent; no single exact target exists.
https://ร้านรับซื้อโน๊ตบุ๊ค.com/รับซื้อโน๊ตบุ๊ค/หนองบัวลำภู/macbook-mdm/,หนองบัวลำภู,macbook-mdm,https://ร้านรับซื้อโน๊ตบุ๊ค.com/รับซื้อโน๊ตบุ๊ค/หนองบัวลำภู/,https://ร้านรับซื้อโน๊ตบุ๊ค.com/รับซื้อโน๊ตบุ๊ค/macbook-mdm/,200 indexable self-canonical,200 indexable self-canonical,high location / low entity,high entity / low location,high,2026-07-04,KEEP_404,high,Both plausible targets preserve only one dimension of the original intent; no single exact target exists.
https://ร้านรับซื้อโน๊ตบุ๊ค.com/รับซื้อโน๊ตบุ๊ค/ภูเก็ต/thinkpad-t14/,ภูเก็ต,thinkpad-t14,https://ร้านรับซื้อโน๊ตบุ๊ค.com/รับซื้อโน๊ตบุ๊ค/ภูเก็ต/,https://ร้านรับซื้อโน๊ตบุ๊ค.com/รับซื้อโน๊ตบุ๊ค/thinkpad-t14/,200 indexable self-canonical,200 indexable self-canonical,high location / low entity,high entity / low location,high,2026-07-04,KEEP_404,high,Both plausible targets preserve only one dimension of the original intent; no single exact target exists.
https://ร้านรับซื้อโน๊ตบุ๊ค.com/รับซื้อโน๊ตบุ๊ค/ระยอง/acer-nitro-17/,ระยอง,acer-nitro-17,https://ร้านรับซื้อโน๊ตบุ๊ค.com/รับซื้อโน๊ตบุ๊ค/ระยอง/,https://ร้านรับซื้อโน๊ตบุ๊ค.com/รับซื้อโน๊ตบุ๊ค/acer-nitro-17/,200 indexable self-canonical,200 indexable self-canonical,high location / low entity,high entity / low location,high,2026-07-04,KEEP_404,high,Both plausible targets preserve only one dimension of the original intent; no single exact target exists.
https://ร้านรับซื้อโน๊ตบุ๊ค.com/รับซื้อโน๊ตบุ๊ค/สระบุรี/wifi-ไม่ติด/,สระบุรี,wifi-ไม่ติด,https://ร้านรับซื้อโน๊ตบุ๊ค.com/รับซื้อโน๊ตบุ๊ค/สระบุรี/,https://ร้านรับซื้อโน๊ตบุ๊ค.com/รับซื้อโน๊ตบุ๊ค/wifi-ไม่ติด/,200 indexable self-canonical,200 indexable self-canonical,high location / low entity,high entity / low location,high,2026-07-04,KEEP_404,high,Both plausible targets preserve only one dimension of the original intent; no single exact target exists.
https://ร้านรับซื้อโน๊ตบุ๊ค.com/รับซื้อโน๊ตบุ๊ค/พระราม2/acer-predator-neo/,พระราม2,acer-predator-neo,https://ร้านรับซื้อโน๊ตบุ๊ค.com/รับซื้อโน๊ตบุ๊ค/พระราม2/,https://ร้านรับซื้อโน๊ตบุ๊ค.com/รับซื้อโน๊ตบุ๊ค/acer-predator-neo/,200 indexable self-canonical,200 indexable self-canonical,high location / low entity,high entity / low location,high,2026-07-04,KEEP_404,high,Both plausible targets preserve only one dimension of the original intent; no single exact target exists.
https://ร้านรับซื้อโน๊ตบุ๊ค.com/รับซื้อโน๊ตบุ๊ค/จันทบุรี/alienware-m16/,จันทบุรี,alienware-m16,https://ร้านรับซื้อโน๊ตบุ๊ค.com/รับซื้อโน๊ตบุ๊ค/จันทบุรี/,https://ร้านรับซื้อโน๊ตบุ๊ค.com/รับซื้อโน๊ตบุ๊ค/alienware-m16/,200 indexable self-canonical,200 indexable self-canonical,high location / low entity,high entity / low location,high,2026-07-04,KEEP_404,high,Both plausible targets preserve only one dimension of the original intent; no single exact target exists.
https://ร้านรับซื้อโน๊ตบุ๊ค.com/รับซื้อโน๊ตบุ๊ค/อำนาจเจริญ/msi-modern/,อำนาจเจริญ,msi-modern,https://ร้านรับซื้อโน๊ตบุ๊ค.com/รับซื้อโน๊ตบุ๊ค/อำนาจเจริญ/,https://ร้านรับซื้อโน๊ตบุ๊ค.com/รับซื้อโน๊ตบุ๊ค/msi-modern/,200 indexable self-canonical,200 indexable self-canonical,high location / low entity,high entity / low location,high,2026-07-04,KEEP_404,high,Both plausible targets preserve only one dimension of the original intent; no single exact target exists.
https://ร้านรับซื้อโน๊ตบุ๊ค.com/รับซื้อโน๊ตบุ๊ค/พระราม2/macbook-battery-swollen/,พระราม2,macbook-battery-swollen,https://ร้านรับซื้อโน๊ตบุ๊ค.com/รับซื้อโน๊ตบุ๊ค/พระราม2/,https://ร้านรับซื้อโน๊ตบุ๊ค.com/รับซื้อโน๊ตบุ๊ค/macbook-battery-swollen/,200 indexable self-canonical,200 indexable self-canonical,high location / low entity,high entity / low location,high,2026-07-04,KEEP_404,high,Both plausible targets preserve only one dimension of the original intent; no single exact target exists.
https://ร้านรับซื้อโน๊ตบุ๊ค.com/รับซื้อโน๊ตบุ๊ค/ภูเก็ต/samsung-galaxy-book/,ภูเก็ต,samsung-galaxy-book,https://ร้านรับซื้อโน๊ตบุ๊ค.com/รับซื้อโน๊ตบุ๊ค/ภูเก็ต/,https://ร้านรับซื้อโน๊ตบุ๊ค.com/รับซื้อโน๊ตบุ๊ค/samsung-galaxy-book/,200 indexable self-canonical,200 indexable self-canonical,high location / low entity,high entity / low location,high,2026-07-04,KEEP_404,high,Both plausible targets preserve only one dimension of the original intent; no single exact target exists.
https://ร้านรับซื้อโน๊ตบุ๊ค.com/รับซื้อโน๊ตบุ๊ค/เพชรบูรณ์/gigabyte-aorus/,เพชรบูรณ์,gigabyte-aorus,https://ร้านรับซื้อโน๊ตบุ๊ค.com/รับซื้อโน๊ตบุ๊ค/เพชรบูรณ์/,https://ร้านรับซื้อโน๊ตบุ๊ค.com/รับซื้อโน๊ตบุ๊ค/gigabyte-aorus/,200 indexable self-canonical,200 indexable self-canonical,high location / low entity,high entity / low location,high,2026-07-04,KEEP_404,high,Both plausible targets preserve only one dimension of the original intent; no single exact target exists.
https://ร้านรับซื้อโน๊ตบุ๊ค.com/รับซื้อโน๊ตบุ๊ค/บางนา/asus-vivobook/,บางนา,asus-vivobook,https://ร้านรับซื้อโน๊ตบุ๊ค.com/รับซื้อโน๊ตบุ๊ค/บางนา/,https://ร้านรับซื้อโน๊ตบุ๊ค.com/รับซื้อโน๊ตบุ๊ค/asus-vivobook/,200 indexable self-canonical,200 indexable self-canonical,high location / low entity,high entity / low location,high,2026-07-04,KEEP_404,high,Both plausible targets preserve only one dimension of the original intent; no single exact target exists.
https://ร้านรับซื้อโน๊ตบุ๊ค.com/รับซื้อโน๊ตบุ๊ค/มหาสารคาม/msi-vector-16-hx/,มหาสารคาม,msi-vector-16-hx,https://ร้านรับซื้อโน๊ตบุ๊ค.com/รับซื้อโน๊ตบุ๊ค/มหาสารคาม/,https://ร้านรับซื้อโน๊ตบุ๊ค.com/รับซื้อโน๊ตบุ๊ค/msi-vector-16-hx/,200 indexable self-canonical,200 indexable self-canonical,high location / low entity,high entity / low location,high,2026-07-04,KEEP_404,high,Both plausible targets preserve only one dimension of the original intent; no single exact target exists.
https://ร้านรับซื้อโน๊ตบุ๊ค.com/รับซื้อโน๊ตบุ๊ค/ลพบุรี/lg/,ลพบุรี,lg,https://ร้านรับซื้อโน๊ตบุ๊ค.com/รับซื้อโน๊ตบุ๊ค/ลพบุรี/,https://ร้านรับซื้อโน๊ตบุ๊ค.com/รับซื้อโน๊ตบุ๊ค/lg/,200 indexable self-canonical,200 indexable self-canonical,high location / low entity,high entity / low location,high,2026-07-04,KEEP_404,high,Both plausible targets preserve only one dimension of the original intent; no single exact target exists.
https://ร้านรับซื้อโน๊ตบุ๊ค.com/รับซื้อโน๊ตบุ๊ค/บางนา/macbook-keyboard-issue/,บางนา,macbook-keyboard-issue,https://ร้านรับซื้อโน๊ตบุ๊ค.com/รับซื้อโน๊ตบุ๊ค/บางนา/,https://ร้านรับซื้อโน๊ตบุ๊ค.com/รับซื้อโน๊ตบุ๊ค/macbook-keyboard-issue/,200 indexable self-canonical,200 indexable self-canonical,high location / low entity,high entity / low location,high,2026-07-04,KEEP_404,high,Both plausible targets preserve only one dimension of the original intent; no single exact target exists.
https://ร้านรับซื้อโน๊ตบุ๊ค.com/รับซื้อโน๊ตบุ๊ค/พิษณุโลก/asus-zephyrus-g14/,พิษณุโลก,asus-zephyrus-g14,https://ร้านรับซื้อโน๊ตบุ๊ค.com/รับซื้อโน๊ตบุ๊ค/พิษณุโลก/,https://ร้านรับซื้อโน๊ตบุ๊ค.com/รับซื้อโน๊ตบุ๊ค/asus-zephyrus-g14/,200 indexable self-canonical,200 indexable self-canonical,high location / low entity,high entity / low location,high,2026-07-04,KEEP_404,high,Both plausible targets preserve only one dimension of the original intent; no single exact target exists.
https://ร้านรับซื้อโน๊ตบุ๊ค.com/รับซื้อโน๊ตบุ๊ค/กำแพงเพชร/razer/,กำแพงเพชร,razer,https://ร้านรับซื้อโน๊ตบุ๊ค.com/รับซื้อโน๊ตบุ๊ค/กำแพงเพชร/,https://ร้านรับซื้อโน๊ตบุ๊ค.com/รับซื้อโน๊ตบุ๊ค/razer/,200 indexable self-canonical,200 indexable self-canonical,high location / low entity,high entity / low location,high,2026-07-04,KEEP_404,high,Both plausible targets preserve only one dimension of the original intent; no single exact target exists.
https://ร้านรับซื้อโน๊ตบุ๊ค.com/รับซื้อโน๊ตบุ๊ค/รามคำแหง/dell-latitude/,รามคำแหง,dell-latitude,https://ร้านรับซื้อโน๊ตบุ๊ค.com/รับซื้อโน๊ตบุ๊ค/รามคำแหง/,https://ร้านรับซื้อโน๊ตบุ๊ค.com/รับซื้อโน๊ตบุ๊ค/dell-latitude/,200 indexable self-canonical,200 indexable self-canonical,high location / low entity,high entity / low location,high,2026-07-04,KEEP_404,high,Both plausible targets preserve only one dimension of the original intent; no single exact target exists.
https://ร้านรับซื้อโน๊ตบุ๊ค.com/รับซื้อโน๊ตบุ๊ค/นครราชสีมา/thinkpad-x1-carbon/,นครราชสีมา,thinkpad-x1-carbon,https://ร้านรับซื้อโน๊ตบุ๊ค.com/รับซื้อโน๊ตบุ๊ค/นครราชสีมา/,https://ร้านรับซื้อโน๊ตบุ๊ค.com/รับซื้อโน๊ตบุ๊ค/thinkpad-x1-carbon/,200 indexable self-canonical,200 indexable self-canonical,high location / low entity,high entity / low location,high,2026-07-04,KEEP_404,high,Both plausible targets preserve only one dimension of the original intent; no single exact target exists.
https://ร้านรับซื้อโน๊ตบุ๊ค.com/รับซื้อโน๊ตบุ๊ค/ระนอง/alienware-m15-r7-r8/,ระนอง,alienware-m15-r7-r8,https://ร้านรับซื้อโน๊ตบุ๊ค.com/รับซื้อโน๊ตบุ๊ค/ระนอง/,https://ร้านรับซื้อโน๊ตบุ๊ค.com/รับซื้อโน๊ตบุ๊ค/alienware-m15-r7-r8/,200 indexable self-canonical,200 indexable self-canonical,high location / low entity,high entity / low location,high,2026-07-04,KEEP_404,high,Both plausible targets preserve only one dimension of the original intent; no single exact target exists.
https://ร้านรับซื้อโน๊ตบุ๊ค.com/รับซื้อโน๊ตบุ๊ค/สตูล/lenovo-ideapad-3-5/,สตูล,lenovo-ideapad-3-5,https://ร้านรับซื้อโน๊ตบุ๊ค.com/รับซื้อโน๊ตบุ๊ค/สตูล/,https://ร้านรับซื้อโน๊ตบุ๊ค.com/รับซื้อโน๊ตบุ๊ค/lenovo-ideapad-3-5/,200 indexable self-canonical,200 indexable self-canonical,high location / low entity,high entity / low location,high,2026-07-04,KEEP_404,high,Both plausible targets preserve only one dimension of the original intent; no single exact target exists.
https://ร้านรับซื้อโน๊ตบุ๊ค.com/รับซื้อโน๊ตบุ๊ค/ขอนแก่น/macbook-battery-swollen/,ขอนแก่น,macbook-battery-swollen,https://ร้านรับซื้อโน๊ตบุ๊ค.com/รับซื้อโน๊ตบุ๊ค/ขอนแก่น/,https://ร้านรับซื้อโน๊ตบุ๊ค.com/รับซื้อโน๊ตบุ๊ค/macbook-battery-swollen/,200 indexable self-canonical,200 indexable self-canonical,high location / low entity,high entity / low location,high,2026-07-04,KEEP_404,high,Both plausible targets preserve only one dimension of the original intent; no single exact target exists.
https://ร้านรับซื้อโน๊ตบุ๊ค.com/รับซื้อโน๊ตบุ๊ค/นครนายก/macbook-pro-m3/,นครนายก,macbook-pro-m3,https://ร้านรับซื้อโน๊ตบุ๊ค.com/รับซื้อโน๊ตบุ๊ค/นครนายก/,https://ร้านรับซื้อโน๊ตบุ๊ค.com/รับซื้อโน๊ตบุ๊ค/macbook-pro-m3/,200 indexable self-canonical,200 indexable self-canonical,high location / low entity,high entity / low location,high,2026-07-04,KEEP_404,high,Both plausible targets preserve only one dimension of the original intent; no single exact target exists.
https://ร้านรับซื้อโน๊ตบุ๊ค.com/รับซื้อโน๊ตบุ๊ค/ลำปาง/msi-cyborg-15/,ลำปาง,msi-cyborg-15,https://ร้านรับซื้อโน๊ตบุ๊ค.com/รับซื้อโน๊ตบุ๊ค/ลำปาง/,https://ร้านรับซื้อโน๊ตบุ๊ค.com/รับซื้อโน๊ตบุ๊ค/msi-cyborg-15/,200 indexable self-canonical,200 indexable self-canonical,high location / low entity,high entity / low location,high,2026-07-04,KEEP_404,high,Both plausible targets preserve only one dimension of the original intent; no single exact target exists.
https://ร้านรับซื้อโน๊ตบุ๊ค.com/รับซื้อโน๊ตบุ๊ค/หนองบัวลำภู/surface-laptop-go/,หนองบัวลำภู,surface-laptop-go,https://ร้านรับซื้อโน๊ตบุ๊ค.com/รับซื้อโน๊ตบุ๊ค/หนองบัวลำภู/,https://ร้านรับซื้อโน๊ตบุ๊ค.com/รับซื้อโน๊ตบุ๊ค/surface-laptop-go/,200 indexable self-canonical,200 indexable self-canonical,high location / low entity,high entity / low location,high,2026-07-04,KEEP_404,high,Both plausible targets preserve only one dimension of the original intent; no single exact target exists.
https://ร้านรับซื้อโน๊ตบุ๊ค.com/รับซื้อโน๊ตบุ๊ค/บางนา/กล้องเสีย/,บางนา,กล้องเสีย,https://ร้านรับซื้อโน๊ตบุ๊ค.com/รับซื้อโน๊ตบุ๊ค/บางนา/,https://ร้านรับซื้อโน๊ตบุ๊ค.com/รับซื้อโน๊ตบุ๊ค/กล้องเสีย/,200 indexable self-canonical,200 indexable self-canonical,high location / low entity,high entity / low location,high,2026-07-04,KEEP_404,high,Both plausible targets preserve only one dimension of the original intent; no single exact target exists.
https://ร้านรับซื้อโน๊ตบุ๊ค.com/รับซื้อโน๊ตบุ๊ค/พัทยา/msi-katana-15/,พัทยา,msi-katana-15,https://ร้านรับซื้อโน๊ตบุ๊ค.com/รับซื้อโน๊ตบุ๊ค/พัทยา/,https://ร้านรับซื้อโน๊ตบุ๊ค.com/รับซื้อโน๊ตบุ๊ค/msi-katana-15/,200 indexable self-canonical,200 indexable self-canonical,high location / low entity,high entity / low location,high,2026-07-04,KEEP_404,high,Both plausible targets preserve only one dimension of the original intent; no single exact target exists.
https://ร้านรับซื้อโน๊ตบุ๊ค.com/รับซื้อโน๊ตบุ๊ค/นครสวรรค์/จอมีเส้น/,นครสวรรค์,จอมีเส้น,https://ร้านรับซื้อโน๊ตบุ๊ค.com/รับซื้อโน๊ตบุ๊ค/นครสวรรค์/,https://ร้านรับซื้อโน๊ตบุ๊ค.com/รับซื้อโน๊ตบุ๊ค/จอมีเส้น/,200 indexable self-canonical,200 indexable self-canonical,high location / low entity,high entity / low location,high,2026-07-04,KEEP_404,high,Both plausible targets preserve only one dimension of the original intent; no single exact target exists.
https://ร้านรับซื้อโน๊ตบุ๊ค.com/รับซื้อโน๊ตบุ๊ค/บางนา/macbook-pro-m3/,บางนา,macbook-pro-m3,https://ร้านรับซื้อโน๊ตบุ๊ค.com/รับซื้อโน๊ตบุ๊ค/บางนา/,https://ร้านรับซื้อโน๊ตบุ๊ค.com/รับซื้อโน๊ตบุ๊ค/macbook-pro-m3/,200 indexable self-canonical,200 indexable self-canonical,high location / low entity,high entity / low location,high,2026-07-04,KEEP_404,high,Both plausible targets preserve only one dimension of the original intent; no single exact target exists.
https://ร้านรับซื้อโน๊ตบุ๊ค.com/รับซื้อโน๊ตบุ๊ค/บุรีรัมย์/alienware-m15-r7-r8/,บุรีรัมย์,alienware-m15-r7-r8,https://ร้านรับซื้อโน๊ตบุ๊ค.com/รับซื้อโน๊ตบุ๊ค/บุรีรัมย์/,https://ร้านรับซื้อโน๊ตบุ๊ค.com/รับซื้อโน๊ตบุ๊ค/alienware-m15-r7-r8/,200 indexable self-canonical,200 indexable self-canonical,high location / low entity,high entity / low location,high,2026-07-04,KEEP_404,high,Both plausible targets preserve only one dimension of the original intent; no single exact target exists.
https://ร้านรับซื้อโน๊ตบุ๊ค.com/รับซื้อโน๊ตบุ๊ค/บึงกาฬ/lg-gram/,บึงกาฬ,lg-gram,https://ร้านรับซื้อโน๊ตบุ๊ค.com/รับซื้อโน๊ตบุ๊ค/บึงกาฬ/,https://ร้านรับซื้อโน๊ตบุ๊ค.com/รับซื้อโน๊ตบุ๊ค/lg-gram/,200 indexable self-canonical,200 indexable self-canonical,high location / low entity,high entity / low location,high,2026-07-04,KEEP_404,high,Both plausible targets preserve only one dimension of the original intent; no single exact target exists.
https://ร้านรับซื้อโน๊ตบุ๊ค.com/รับซื้อโน๊ตบุ๊ค/สกลนคร/บูตวน/,สกลนคร,บูตวน,https://ร้านรับซื้อโน๊ตบุ๊ค.com/รับซื้อโน๊ตบุ๊ค/สกลนคร/,https://ร้านรับซื้อโน๊ตบุ๊ค.com/รับซื้อโน๊ตบุ๊ค/บูตวน/,200 indexable self-canonical,200 indexable self-canonical,high location / low entity,high entity / low location,high,2026-07-04,KEEP_404,high,Both plausible targets preserve only one dimension of the original intent; no single exact target exists.
https://ร้านรับซื้อโน๊ตบุ๊ค.com/รับซื้อโน๊ตบุ๊ค/สุพรรณบุรี/asus-zephyrus/,สุพรรณบุรี,asus-zephyrus,https://ร้านรับซื้อโน๊ตบุ๊ค.com/รับซื้อโน๊ตบุ๊ค/สุพรรณบุรี/,https://ร้านรับซื้อโน๊ตบุ๊ค.com/รับซื้อโน๊ตบุ๊ค/asus-zephyrus/,200 indexable self-canonical,200 indexable self-canonical,high location / low entity,high entity / low location,high,2026-07-04,KEEP_404,high,Both plausible targets preserve only one dimension of the original intent; no single exact target exists.
https://ร้านรับซื้อโน๊ตบุ๊ค.com/รับซื้อโน๊ตบุ๊ค/ประจวบคีรีขันธ์/macbook-battery-swollen/,ประจวบคีรีขันธ์,macbook-battery-swollen,https://ร้านรับซื้อโน๊ตบุ๊ค.com/รับซื้อโน๊ตบุ๊ค/ประจวบคีรีขันธ์/,https://ร้านรับซื้อโน๊ตบุ๊ค.com/รับซื้อโน๊ตบุ๊ค/macbook-battery-swollen/,200 indexable self-canonical,200 indexable self-canonical,high location / low entity,high entity / low location,high,2026-07-04,KEEP_404,high,Both plausible targets preserve only one dimension of the original intent; no single exact target exists.
https://ร้านรับซื้อโน๊ตบุ๊ค.com/รับซื้อโน๊ตบุ๊ค/อุดรธานี/hp-victus-17/,อุดรธานี,hp-victus-17,https://ร้านรับซื้อโน๊ตบุ๊ค.com/รับซื้อโน๊ตบุ๊ค/อุดรธานี/,https://ร้านรับซื้อโน๊ตบุ๊ค.com/รับซื้อโน๊ตบุ๊ค/hp-victus-17/,200 indexable self-canonical,200 indexable self-canonical,high location / low entity,high entity / low location,high,2026-07-04,KEEP_404,high,Both plausible targets preserve only one dimension of the original intent; no single exact target exists.
https://ร้านรับซื้อโน๊ตบุ๊ค.com/รับซื้อโน๊ตบุ๊ค/พัทลุง/macbook-air-m2/,พัทลุง,macbook-air-m2,https://ร้านรับซื้อโน๊ตบุ๊ค.com/รับซื้อโน๊ตบุ๊ค/พัทลุง/,https://ร้านรับซื้อโน๊ตบุ๊ค.com/รับซื้อโน๊ตบุ๊ค/macbook-air-m2/,200 indexable self-canonical,200 indexable self-canonical,high location / low entity,high entity / low location,high,2026-07-04,KEEP_404,high,Both plausible targets preserve only one dimension of the original intent; no single exact target exists.
https://ร้านรับซื้อโน๊ตบุ๊ค.com/รับซื้อโน๊ตบุ๊ค/นครศรีธรรมราช/asus-tuf-a15-f15/,นครศรีธรรมราช,asus-tuf-a15-f15,https://ร้านรับซื้อโน๊ตบุ๊ค.com/รับซื้อโน๊ตบุ๊ค/นครศรีธรรมราช/,https://ร้านรับซื้อโน๊ตบุ๊ค.com/รับซื้อโน๊ตบุ๊ค/asus-tuf-a15-f15/,200 indexable self-canonical,200 indexable self-canonical,high location / low entity,high entity / low location,high,2026-07-04,KEEP_404,high,Both plausible targets preserve only one dimension of the original intent; no single exact target exists.
https://ร้านรับซื้อโน๊ตบุ๊ค.com/รับซื้อโน๊ตบุ๊ค/สมุทรปราการ/บอดี้แตก/,สมุทรปราการ,บอดี้แตก,https://ร้านรับซื้อโน๊ตบุ๊ค.com/รับซื้อโน๊ตบุ๊ค/สมุทรปราการ/,https://ร้านรับซื้อโน๊ตบุ๊ค.com/รับซื้อโน๊ตบุ๊ค/บอดี้แตก/,200 indexable self-canonical,200 indexable self-canonical,high location / low entity,high entity / low location,high,2026-07-04,KEEP_404,high,Both plausible targets preserve only one dimension of the original intent; no single exact target exists.
https://ร้านรับซื้อโน๊ตบุ๊ค.com/รับซื้อโน๊ตบุ๊ค/อุดรธานี/msi-cyborg-15/,อุดรธานี,msi-cyborg-15,https://ร้านรับซื้อโน๊ตบุ๊ค.com/รับซื้อโน๊ตบุ๊ค/อุดรธานี/,https://ร้านรับซื้อโน๊ตบุ๊ค.com/รับซื้อโน๊ตบุ๊ค/msi-cyborg-15/,200 indexable self-canonical,200 indexable self-canonical,high location / low entity,high entity / low location,high,2026-07-04,KEEP_404,high,Both plausible targets preserve only one dimension of the original intent; no single exact target exists.
https://ร้านรับซื้อโน๊ตบุ๊ค.com/รับซื้อโน๊ตบุ๊ค/จันทบุรี/hp-victus-17/,จันทบุรี,hp-victus-17,https://ร้านรับซื้อโน๊ตบุ๊ค.com/รับซื้อโน๊ตบุ๊ค/จันทบุรี/,https://ร้านรับซื้อโน๊ตบุ๊ค.com/รับซื้อโน๊ตบุ๊ค/hp-victus-17/,200 indexable self-canonical,200 indexable self-canonical,high location / low entity,high entity / low location,high,2026-07-04,KEEP_404,high,Both plausible targets preserve only one dimension of the original intent; no single exact target exists.
https://ร้านรับซื้อโน๊ตบุ๊ค.com/รับซื้อโน๊ตบุ๊ค/กระบี่/hp-victus-15/,กระบี่,hp-victus-15,https://ร้านรับซื้อโน๊ตบุ๊ค.com/รับซื้อโน๊ตบุ๊ค/กระบี่/,https://ร้านรับซื้อโน๊ตบุ๊ค.com/รับซื้อโน๊ตบุ๊ค/hp-victus-15/,200 indexable self-canonical,200 indexable self-canonical,high location / low entity,high entity / low location,high,2026-07-04,KEEP_404,high,Both plausible targets preserve only one dimension of the original intent; no single exact target exists.
https://ร้านรับซื้อโน๊ตบุ๊ค.com/รับซื้อโน๊ตบุ๊ค/สิงห์บุรี/macbook-pro-14/,สิงห์บุรี,macbook-pro-14,https://ร้านรับซื้อโน๊ตบุ๊ค.com/รับซื้อโน๊ตบุ๊ค/สิงห์บุรี/,https://ร้านรับซื้อโน๊ตบุ๊ค.com/รับซื้อโน๊ตบุ๊ค/macbook-pro-14/,200 indexable self-canonical,200 indexable self-canonical,high location / low entity,high entity / low location,high,2026-07-04,KEEP_404,high,Both plausible targets preserve only one dimension of the original intent; no single exact target exists.
https://ร้านรับซื้อโน๊ตบุ๊ค.com/รับซื้อโน๊ตบุ๊ค/สิงห์บุรี/msi-raider-18/,สิงห์บุรี,msi-raider-18,https://ร้านรับซื้อโน๊ตบุ๊ค.com/รับซื้อโน๊ตบุ๊ค/สิงห์บุรี/,https://ร้านรับซื้อโน๊ตบุ๊ค.com/รับซื้อโน๊ตบุ๊ค/msi-raider-18/,200 indexable self-canonical,200 indexable self-canonical,high location / low entity,high entity / low location,high,2026-07-04,KEEP_404,high,Both plausible targets preserve only one dimension of the original intent; no single exact target exists.
https://ร้านรับซื้อโน๊ตบุ๊ค.com/รับซื้อโน๊ตบุ๊ค/อุตรดิตถ์/ช่องหูฟังเสีย/,อุตรดิตถ์,ช่องหูฟังเสีย,https://ร้านรับซื้อโน๊ตบุ๊ค.com/รับซื้อโน๊ตบุ๊ค/อุตรดิตถ์/,https://ร้านรับซื้อโน๊ตบุ๊ค.com/รับซื้อโน๊ตบุ๊ค/ช่องหูฟังเสีย/,200 indexable self-canonical,200 indexable self-canonical,high location / low entity,high entity / low location,high,2026-07-04,KEEP_404,high,Both plausible targets preserve only one dimension of the original intent; no single exact target exists.
https://ร้านรับซื้อโน๊ตบุ๊ค.com/รับซื้อโน๊ตบุ๊ค/นครพนม/จอมีเส้น/,นครพนม,จอมีเส้น,https://ร้านรับซื้อโน๊ตบุ๊ค.com/รับซื้อโน๊ตบุ๊ค/นครพนม/,https://ร้านรับซื้อโน๊ตบุ๊ค.com/รับซื้อโน๊ตบุ๊ค/จอมีเส้น/,200 indexable self-canonical,200 indexable self-canonical,high location / low entity,high entity / low location,high,2026-07-04,KEEP_404,high,Both plausible targets preserve only one dimension of the original intent; no single exact target exists.
https://ร้านรับซื้อโน๊ตบุ๊ค.com/รับซื้อโน๊ตบุ๊ค/นครนายก/acer-travelmate/,นครนายก,acer-travelmate,https://ร้านรับซื้อโน๊ตบุ๊ค.com/รับซื้อโน๊ตบุ๊ค/นครนายก/,https://ร้านรับซื้อโน๊ตบุ๊ค.com/รับซื้อโน๊ตบุ๊ค/acer-travelmate/,200 indexable self-canonical,200 indexable self-canonical,high location / low entity,high entity / low location,high,2026-07-04,KEEP_404,high,Both plausible targets preserve only one dimension of the original intent; no single exact target exists.
https://ร้านรับซื้อโน๊ตบุ๊ค.com/รับซื้อโน๊ตบุ๊ค/ตรัง/macbook-air-m2/,ตรัง,macbook-air-m2,https://ร้านรับซื้อโน๊ตบุ๊ค.com/รับซื้อโน๊ตบุ๊ค/ตรัง/,https://ร้านรับซื้อโน๊ตบุ๊ค.com/รับซื้อโน๊ตบุ๊ค/macbook-air-m2/,200 indexable self-canonical,200 indexable self-canonical,high location / low entity,high entity / low location,high,2026-07-04,KEEP_404,high,Both plausible targets preserve only one dimension of the original intent; no single exact target exists.
https://ร้านรับซื้อโน๊ตบุ๊ค.com/รับซื้อโน๊ตบุ๊ค/ชุมพร/ช่องหูฟังเสีย/,ชุมพร,ช่องหูฟังเสีย,https://ร้านรับซื้อโน๊ตบุ๊ค.com/รับซื้อโน๊ตบุ๊ค/ชุมพร/,https://ร้านรับซื้อโน๊ตบุ๊ค.com/รับซื้อโน๊ตบุ๊ค/ช่องหูฟังเสีย/,200 indexable self-canonical,200 indexable self-canonical,high location / low entity,high entity / low location,high,2026-07-04,KEEP_404,high,Both plausible targets preserve only one dimension of the original intent; no single exact target exists.
https://ร้านรับซื้อโน๊ตบุ๊ค.com/รับซื้อโน๊ตบุ๊ค/สกลนคร/acer-nitro-v/,สกลนคร,acer-nitro-v,https://ร้านรับซื้อโน๊ตบุ๊ค.com/รับซื้อโน๊ตบุ๊ค/สกลนคร/,https://ร้านรับซื้อโน๊ตบุ๊ค.com/รับซื้อโน๊ตบุ๊ค/acer-nitro-v/,200 indexable self-canonical,200 indexable self-canonical,high location / low entity,high entity / low location,high,2026-07-04,KEEP_404,high,Both plausible targets preserve only one dimension of the original intent; no single exact target exists.
https://ร้านรับซื้อโน๊ตบุ๊ค.com/รับซื้อโน๊ตบุ๊ค/สกลนคร/macbook-air-13/,สกลนคร,macbook-air-13,https://ร้านรับซื้อโน๊ตบุ๊ค.com/รับซื้อโน๊ตบุ๊ค/สกลนคร/,https://ร้านรับซื้อโน๊ตบุ๊ค.com/รับซื้อโน๊ตบุ๊ค/macbook-air-13/,200 indexable self-canonical,200 indexable self-canonical,high location / low entity,high entity / low location,high,2026-07-04,KEEP_404,high,Both plausible targets preserve only one dimension of the original intent; no single exact target exists.
https://ร้านรับซื้อโน๊ตบุ๊ค.com/รับซื้อโน๊ตบุ๊ค/หาดใหญ่/lenovo-legion-5/,หาดใหญ่,lenovo-legion-5,https://ร้านรับซื้อโน๊ตบุ๊ค.com/รับซื้อโน๊ตบุ๊ค/หาดใหญ่/,https://ร้านรับซื้อโน๊ตบุ๊ค.com/รับซื้อโน๊ตบุ๊ค/lenovo-legion-5/,200 indexable self-canonical,200 indexable self-canonical,high location / low entity,high entity / low location,high,2026-07-04,KEEP_404,high,Both plausible targets preserve only one dimension of the original intent; no single exact target exists.
https://ร้านรับซื้อโน๊ตบุ๊ค.com/รับซื้อโน๊ตบุ๊ค/ตาก/hdmi-เสีย/,ตาก,hdmi-เสีย,https://ร้านรับซื้อโน๊ตบุ๊ค.com/รับซื้อโน๊ตบุ๊ค/ตาก/,https://ร้านรับซื้อโน๊ตบุ๊ค.com/รับซื้อโน๊ตบุ๊ค/hdmi-เสีย/,200 indexable self-canonical,200 indexable self-canonical,high location / low entity,high entity / low location,high,2026-07-04,KEEP_404,high,Both plausible targets preserve only one dimension of the original intent; no single exact target exists.
https://ร้านรับซื้อโน๊ตบุ๊ค.com/รับซื้อโน๊ตบุ๊ค/ระนอง/asus-rog-flow/,ระนอง,asus-rog-flow,https://ร้านรับซื้อโน๊ตบุ๊ค.com/รับซื้อโน๊ตบุ๊ค/ระนอง/,https://ร้านรับซื้อโน๊ตบุ๊ค.com/รับซื้อโน๊ตบุ๊ค/asus-rog-flow/,200 indexable self-canonical,200 indexable self-canonical,high location / low entity,high entity / low location,high,2026-07-04,KEEP_404,high,Both plausible targets preserve only one dimension of the original intent; no single exact target exists.
https://ร้านรับซื้อโน๊ตบุ๊ค.com/รับซื้อโน๊ตบุ๊ค/จันทบุรี/thinkpad-x1-carbon/,จันทบุรี,thinkpad-x1-carbon,https://ร้านรับซื้อโน๊ตบุ๊ค.com/รับซื้อโน๊ตบุ๊ค/จันทบุรี/,https://ร้านรับซื้อโน๊ตบุ๊ค.com/รับซื้อโน๊ตบุ๊ค/thinkpad-x1-carbon/,200 indexable self-canonical,200 indexable self-canonical,high location / low entity,high entity / low location,high,2026-07-04,KEEP_404,high,Both plausible targets preserve only one dimension of the original intent; no single exact target exists.
https://ร้านรับซื้อโน๊ตบุ๊ค.com/รับซื้อโน๊ตบุ๊ค/น่าน/msi-modern/,น่าน,msi-modern,https://ร้านรับซื้อโน๊ตบุ๊ค.com/รับซื้อโน๊ตบุ๊ค/น่าน/,https://ร้านรับซื้อโน๊ตบุ๊ค.com/รับซื้อโน๊ตบุ๊ค/msi-modern/,200 indexable self-canonical,200 indexable self-canonical,high location / low entity,high entity / low location,high,2026-07-04,KEEP_404,high,Both plausible targets preserve only one dimension of the original intent; no single exact target exists.
https://ร้านรับซื้อโน๊ตบุ๊ค.com/รับซื้อโน๊ตบุ๊ค/ลำปาง/msi-modern/,ลำปาง,msi-modern,https://ร้านรับซื้อโน๊ตบุ๊ค.com/รับซื้อโน๊ตบุ๊ค/ลำปาง/,https://ร้านรับซื้อโน๊ตบุ๊ค.com/รับซื้อโน๊ตบุ๊ค/msi-modern/,200 indexable self-canonical,200 indexable self-canonical,high location / low entity,high entity / low location,high,2026-07-04,KEEP_404,high,Both plausible targets preserve only one dimension of the original intent; no single exact target exists.
https://ร้านรับซื้อโน๊ตบุ๊ค.com/รับซื้อโน๊ตบุ๊ค/ใกล้ฉัน/samsung-galaxy-book/,ใกล้ฉัน,samsung-galaxy-book,https://ร้านรับซื้อโน๊ตบุ๊ค.com/รับซื้อโน๊ตบุ๊ค/ใกล้ฉัน/,https://ร้านรับซื้อโน๊ตบุ๊ค.com/รับซื้อโน๊ตบุ๊ค/samsung-galaxy-book/,200 indexable self-canonical,200 indexable self-canonical,high location / low entity,high entity / low location,high,2026-07-04,KEEP_404,high,Both plausible targets preserve only one dimension of the original intent; no single exact target exists.
https://ร้านรับซื้อโน๊ตบุ๊ค.com/รับซื้อโน๊ตบุ๊ค/อุบลราชธานี/razer/,อุบลราชธานี,razer,https://ร้านรับซื้อโน๊ตบุ๊ค.com/รับซื้อโน๊ตบุ๊ค/อุบลราชธานี/,https://ร้านรับซื้อโน๊ตบุ๊ค.com/รับซื้อโน๊ตบุ๊ค/razer/,200 indexable self-canonical,200 indexable self-canonical,high location / low entity,high entity / low location,high,2026-07-04,KEEP_404,high,Both plausible targets preserve only one dimension of the original intent; no single exact target exists.
https://ร้านรับซื้อโน๊ตบุ๊ค.com/รับซื้อโน๊ตบุ๊ค/รังสิต/macbook-air-m5/,รังสิต,macbook-air-m5,https://ร้านรับซื้อโน๊ตบุ๊ค.com/รับซื้อโน๊ตบุ๊ค/รังสิต/,https://ร้านรับซื้อโน๊ตบุ๊ค.com/รับซื้อโน๊ตบุ๊ค/macbook-air-m5/,200 indexable self-canonical,200 indexable self-canonical,high location / low entity,high entity / low location,high,2026-07-04,KEEP_404,high,Both plausible targets preserve only one dimension of the original intent; no single exact target exists.
https://ร้านรับซื้อโน๊ตบุ๊ค.com/รับซื้อโน๊ตบุ๊ค/สุพรรณบุรี/ทัชแพดเสีย/,สุพรรณบุรี,ทัชแพดเสีย,https://ร้านรับซื้อโน๊ตบุ๊ค.com/รับซื้อโน๊ตบุ๊ค/สุพรรณบุรี/,https://ร้านรับซื้อโน๊ตบุ๊ค.com/รับซื้อโน๊ตบุ๊ค/ทัชแพดเสีย/,200 indexable self-canonical,200 indexable self-canonical,high location / low entity,high entity / low location,high,2026-07-04,KEEP_404,high,Both plausible targets preserve only one dimension of the original intent; no single exact target exists.
https://ร้านรับซื้อโน๊ตบุ๊ค.com/รับซื้อโน๊ตบุ๊ค/หาดใหญ่/ลำโพงเสีย/,หาดใหญ่,ลำโพงเสีย,https://ร้านรับซื้อโน๊ตบุ๊ค.com/รับซื้อโน๊ตบุ๊ค/หาดใหญ่/,https://ร้านรับซื้อโน๊ตบุ๊ค.com/รับซื้อโน๊ตบุ๊ค/ลำโพงเสีย/,200 indexable self-canonical,200 indexable self-canonical,high location / low entity,high entity / low location,high,2026-07-04,KEEP_404,high,Both plausible targets preserve only one dimension of the original intent; no single exact target exists.
https://ร้านรับซื้อโน๊ตบุ๊ค.com/รับซื้อโน๊ตบุ๊ค/นครราชสีมา/alienware-m15-r7-r8/,นครราชสีมา,alienware-m15-r7-r8,https://ร้านรับซื้อโน๊ตบุ๊ค.com/รับซื้อโน๊ตบุ๊ค/นครราชสีมา/,https://ร้านรับซื้อโน๊ตบุ๊ค.com/รับซื้อโน๊ตบุ๊ค/alienware-m15-r7-r8/,200 indexable self-canonical,200 indexable self-canonical,high location / low entity,high entity / low location,high,2026-07-04,KEEP_404,high,Both plausible targets preserve only one dimension of the original intent; no single exact target exists.
https://ร้านรับซื้อโน๊ตบุ๊ค.com/รับซื้อโน๊ตบุ๊ค/ยะลา/asus-vivobook/,ยะลา,asus-vivobook,https://ร้านรับซื้อโน๊ตบุ๊ค.com/รับซื้อโน๊ตบุ๊ค/ยะลา/,https://ร้านรับซื้อโน๊ตบุ๊ค.com/รับซื้อโน๊ตบุ๊ค/asus-vivobook/,200 indexable self-canonical,200 indexable self-canonical,high location / low entity,high entity / low location,high,2026-07-04,KEEP_404,high,Both plausible targets preserve only one dimension of the original intent; no single exact target exists.
https://ร้านรับซื้อโน๊ตบุ๊ค.com/รับซื้อโน๊ตบุ๊ค/มุกดาหาร/honor/,มุกดาหาร,honor,https://ร้านรับซื้อโน๊ตบุ๊ค.com/รับซื้อโน๊ตบุ๊ค/มุกดาหาร/,https://ร้านรับซื้อโน๊ตบุ๊ค.com/รับซื้อโน๊ตบุ๊ค/honor/,200 indexable self-canonical,200 indexable self-canonical,high location / low entity,high entity / low location,high,2026-07-04,KEEP_404,high,Both plausible targets preserve only one dimension of the original intent; no single exact target exists.
https://ร้านรับซื้อโน๊ตบุ๊ค.com/รับซื้อโน๊ตบุ๊ค/ห้วยขวาง/lenovo-loq-15-16/,ห้วยขวาง,lenovo-loq-15-16,https://ร้านรับซื้อโน๊ตบุ๊ค.com/รับซื้อโน๊ตบุ๊ค/ห้วยขวาง/,https://ร้านรับซื้อโน๊ตบุ๊ค.com/รับซื้อโน๊ตบุ๊ค/lenovo-loq-15-16/,200 indexable self-canonical,200 indexable self-canonical,high location / low entity,high entity / low location,high,2026-07-04,KEEP_404,high,Both plausible targets preserve only one dimension of the original intent; no single exact target exists.
https://ร้านรับซื้อโน๊ตบุ๊ค.com/รับซื้อโน๊ตบุ๊ค/รามคำแหง/dell-inspiron-15/,รามคำแหง,dell-inspiron-15,https://ร้านรับซื้อโน๊ตบุ๊ค.com/รับซื้อโน๊ตบุ๊ค/รามคำแหง/,https://ร้านรับซื้อโน๊ตบุ๊ค.com/รับซื้อโน๊ตบุ๊ค/dell-inspiron-15/,200 indexable self-canonical,200 indexable self-canonical,high location / low entity,high entity / low location,high,2026-07-04,KEEP_404,high,Both plausible targets preserve only one dimension of the original intent; no single exact target exists.
https://ร้านรับซื้อโน๊ตบุ๊ค.com/รับซื้อโน๊ตบุ๊ค/อ่างทอง/thinkpad-e14-e15/,อ่างทอง,thinkpad-e14-e15,https://ร้านรับซื้อโน๊ตบุ๊ค.com/รับซื้อโน๊ตบุ๊ค/อ่างทอง/,https://ร้านรับซื้อโน๊ตบุ๊ค.com/รับซื้อโน๊ตบุ๊ค/thinkpad-e14-e15/,200 indexable self-canonical,200 indexable self-canonical,high location / low entity,high entity / low location,high,2026-07-04,KEEP_404,high,Both plausible targets preserve only one dimension of the original intent; no single exact target exists.
https://ร้านรับซื้อโน๊ตบุ๊ค.com/รับซื้อโน๊ตบุ๊ค/นครพนม/alienware-m15-r7-r8/,นครพนม,alienware-m15-r7-r8,https://ร้านรับซื้อโน๊ตบุ๊ค.com/รับซื้อโน๊ตบุ๊ค/นครพนม/,https://ร้านรับซื้อโน๊ตบุ๊ค.com/รับซื้อโน๊ตบุ๊ค/alienware-m15-r7-r8/,200 indexable self-canonical,200 indexable self-canonical,high location / low entity,high entity / low location,high,2026-07-04,KEEP_404,high,Both plausible targets preserve only one dimension of the original intent; no single exact target exists.
https://ร้านรับซื้อโน๊ตบุ๊ค.com/รับซื้อโน๊ตบุ๊ค/สมุทรสาคร/macbook-battery-swollen/,สมุทรสาคร,macbook-battery-swollen,https://ร้านรับซื้อโน๊ตบุ๊ค.com/รับซื้อโน๊ตบุ๊ค/สมุทรสาคร/,https://ร้านรับซื้อโน๊ตบุ๊ค.com/รับซื้อโน๊ตบุ๊ค/macbook-battery-swollen/,200 indexable self-canonical,200 indexable self-canonical,high location / low entity,high entity / low location,high,2026-07-04,KEEP_404,high,Both plausible targets preserve only one dimension of the original intent; no single exact target exists.
https://ร้านรับซื้อโน๊ตบุ๊ค.com/รับซื้อโน๊ตบุ๊ค/เพชรบูรณ์/hp-victus-15/,เพชรบูรณ์,hp-victus-15,https://ร้านรับซื้อโน๊ตบุ๊ค.com/รับซื้อโน๊ตบุ๊ค/เพชรบูรณ์/,https://ร้านรับซื้อโน๊ตบุ๊ค.com/รับซื้อโน๊ตบุ๊ค/hp-victus-15/,200 indexable self-canonical,200 indexable self-canonical,high location / low entity,high entity / low location,high,2026-07-04,KEEP_404,high,Both plausible targets preserve only one dimension of the original intent; no single exact target exists.
https://ร้านรับซื้อโน๊ตบุ๊ค.com/รับซื้อโน๊ตบุ๊ค/แม่ฮ่องสอน/ลำโพงเสีย/,แม่ฮ่องสอน,ลำโพงเสีย,https://ร้านรับซื้อโน๊ตบุ๊ค.com/รับซื้อโน๊ตบุ๊ค/แม่ฮ่องสอน/,https://ร้านรับซื้อโน๊ตบุ๊ค.com/รับซื้อโน๊ตบุ๊ค/ลำโพงเสีย/,200 indexable self-canonical,200 indexable self-canonical,high location / low entity,high entity / low location,high,2026-07-04,KEEP_404,high,Both plausible targets preserve only one dimension of the original intent; no single exact target exists.
https://ร้านรับซื้อโน๊ตบุ๊ค.com/รับซื้อโน๊ตบุ๊ค/ศรีสะเกษ/ช่องหูฟังเสีย/,ศรีสะเกษ,ช่องหูฟังเสีย,https://ร้านรับซื้อโน๊ตบุ๊ค.com/รับซื้อโน๊ตบุ๊ค/ศรีสะเกษ/,https://ร้านรับซื้อโน๊ตบุ๊ค.com/รับซื้อโน๊ตบุ๊ค/ช่องหูฟังเสีย/,200 indexable self-canonical,200 indexable self-canonical,high location / low entity,high entity / low location,high,2026-07-04,KEEP_404,high,Both plausible targets preserve only one dimension of the original intent; no single exact target exists.
https://ร้านรับซื้อโน๊ตบุ๊ค.com/รับซื้อโน๊ตบุ๊ค/อ่างทอง/asus-zephyrus-g16/,อ่างทอง,asus-zephyrus-g16,https://ร้านรับซื้อโน๊ตบุ๊ค.com/รับซื้อโน๊ตบุ๊ค/อ่างทอง/,https://ร้านรับซื้อโน๊ตบุ๊ค.com/รับซื้อโน๊ตบุ๊ค/asus-zephyrus-g16/,200 indexable self-canonical,200 indexable self-canonical,high location / low entity,high entity / low location,high,2026-07-04,KEEP_404,high,Both plausible targets preserve only one dimension of the original intent; no single exact target exists.
https://ร้านรับซื้อโน๊ตบุ๊ค.com/รับซื้อโน๊ตบุ๊ค/กรุงเทพ/dell-g15-g16/,กรุงเทพ,dell-g15-g16,https://ร้านรับซื้อโน๊ตบุ๊ค.com/รับซื้อโน๊ตบุ๊ค/กรุงเทพ/,https://ร้านรับซื้อโน๊ตบุ๊ค.com/รับซื้อโน๊ตบุ๊ค/dell-g15-g16/,200 indexable self-canonical,200 indexable self-canonical,high location / low entity,high entity / low location,high,2026-07-03,KEEP_404,high,Both plausible targets preserve only one dimension of the original intent; no single exact target exists.
https://ร้านรับซื้อโน๊ตบุ๊ค.com/รับซื้อโน๊ตบุ๊ค/สุพรรณบุรี/thinkpad-x1-carbon/,สุพรรณบุรี,thinkpad-x1-carbon,https://ร้านรับซื้อโน๊ตบุ๊ค.com/รับซื้อโน๊ตบุ๊ค/สุพรรณบุรี/,https://ร้านรับซื้อโน๊ตบุ๊ค.com/รับซื้อโน๊ตบุ๊ค/thinkpad-x1-carbon/,200 indexable self-canonical,200 indexable self-canonical,high location / low entity,high entity / low location,high,2026-07-03,KEEP_404,high,Both plausible targets preserve only one dimension of the original intent; no single exact target exists.
https://ร้านรับซื้อโน๊ตบุ๊ค.com/รับซื้อโน๊ตบุ๊ค/กรุงเทพ/surface-laptop-go/,กรุงเทพ,surface-laptop-go,https://ร้านรับซื้อโน๊ตบุ๊ค.com/รับซื้อโน๊ตบุ๊ค/กรุงเทพ/,https://ร้านรับซื้อโน๊ตบุ๊ค.com/รับซื้อโน๊ตบุ๊ค/surface-laptop-go/,200 indexable self-canonical,200 indexable self-canonical,high location / low entity,high entity / low location,high,2026-07-03,KEEP_404,high,Both plausible targets preserve only one dimension of the original intent; no single exact target exists.
https://ร้านรับซื้อโน๊ตบุ๊ค.com/รับซื้อโน๊ตบุ๊ค/ราชบุรี/จอไม่ติดแต่เครื่องติด/,ราชบุรี,จอไม่ติดแต่เครื่องติด,https://ร้านรับซื้อโน๊ตบุ๊ค.com/รับซื้อโน๊ตบุ๊ค/ราชบุรี/,https://ร้านรับซื้อโน๊ตบุ๊ค.com/รับซื้อโน๊ตบุ๊ค/จอไม่ติดแต่เครื่องติด/,200 indexable self-canonical,200 indexable self-canonical,high location / low entity,high entity / low location,high,2026-07-03,KEEP_404,high,Both plausible targets preserve only one dimension of the original intent; no single exact target exists.
https://ร้านรับซื้อโน๊ตบุ๊ค.com/รับซื้อโน๊ตบุ๊ค/สระแก้ว/surface-laptop-go/,สระแก้ว,surface-laptop-go,https://ร้านรับซื้อโน๊ตบุ๊ค.com/รับซื้อโน๊ตบุ๊ค/สระแก้ว/,https://ร้านรับซื้อโน๊ตบุ๊ค.com/รับซื้อโน๊ตบุ๊ค/surface-laptop-go/,200 indexable self-canonical,200 indexable self-canonical,high location / low entity,high entity / low location,high,2026-07-03,KEEP_404,high,Both plausible targets preserve only one dimension of the original intent; no single exact target exists.
https://ร้านรับซื้อโน๊ตบุ๊ค.com/รับซื้อโน๊ตบุ๊ค/อำนาจเจริญ/ร้อนจัดดับเอง/,อำนาจเจริญ,ร้อนจัดดับเอง,https://ร้านรับซื้อโน๊ตบุ๊ค.com/รับซื้อโน๊ตบุ๊ค/อำนาจเจริญ/,https://ร้านรับซื้อโน๊ตบุ๊ค.com/รับซื้อโน๊ตบุ๊ค/ร้อนจัดดับเอง/,200 indexable self-canonical,200 indexable self-canonical,high location / low entity,high entity / low location,high,2026-07-03,KEEP_404,high,Both plausible targets preserve only one dimension of the original intent; no single exact target exists.
https://ร้านรับซื้อโน๊ตบุ๊ค.com/รับซื้อโน๊ตบุ๊ค/ตาก/asus-expertbook/,ตาก,asus-expertbook,https://ร้านรับซื้อโน๊ตบุ๊ค.com/รับซื้อโน๊ตบุ๊ค/ตาก/,https://ร้านรับซื้อโน๊ตบุ๊ค.com/รับซื้อโน๊ตบุ๊ค/asus-expertbook/,200 indexable self-canonical,200 indexable self-canonical,high location / low entity,high entity / low location,high,2026-07-03,KEEP_404,high,Both plausible targets preserve only one dimension of the original intent; no single exact target exists.
https://ร้านรับซื้อโน๊ตบุ๊ค.com/รับซื้อโน๊ตบุ๊ค/ระยอง/asus-zephyrus/,ระยอง,asus-zephyrus,https://ร้านรับซื้อโน๊ตบุ๊ค.com/รับซื้อโน๊ตบุ๊ค/ระยอง/,https://ร้านรับซื้อโน๊ตบุ๊ค.com/รับซื้อโน๊ตบุ๊ค/asus-zephyrus/,200 indexable self-canonical,200 indexable self-canonical,high location / low entity,high entity / low location,high,2026-07-03,KEEP_404,high,Both plausible targets preserve only one dimension of the original intent; no single exact target exists.
https://ร้านรับซื้อโน๊ตบุ๊ค.com/รับซื้อโน๊ตบุ๊ค/สุพรรณบุรี/huawei/,สุพรรณบุรี,huawei,https://ร้านรับซื้อโน๊ตบุ๊ค.com/รับซื้อโน๊ตบุ๊ค/สุพรรณบุรี/,https://ร้านรับซื้อโน๊ตบุ๊ค.com/รับซื้อโน๊ตบุ๊ค/huawei/,200 indexable self-canonical,200 indexable self-canonical,high location / low entity,high entity / low location,high,2026-07-03,KEEP_404,high,Both plausible targets preserve only one dimension of the original intent; no single exact target exists.
https://ร้านรับซื้อโน๊ตบุ๊ค.com/รับซื้อโน๊ตบุ๊ค/เพชรบุรี/huawei/,เพชรบุรี,huawei,https://ร้านรับซื้อโน๊ตบุ๊ค.com/รับซื้อโน๊ตบุ๊ค/เพชรบุรี/,https://ร้านรับซื้อโน๊ตบุ๊ค.com/รับซื้อโน๊ตบุ๊ค/huawei/,200 indexable self-canonical,200 indexable self-canonical,high location / low entity,high entity / low location,high,2026-07-03,KEEP_404,high,Both plausible targets preserve only one dimension of the original intent; no single exact target exists.
https://ร้านรับซื้อโน๊ตบุ๊ค.com/รับซื้อโน๊ตบุ๊ค/ลำปาง/thinkpad-t14/,ลำปาง,thinkpad-t14,https://ร้านรับซื้อโน๊ตบุ๊ค.com/รับซื้อโน๊ตบุ๊ค/ลำปาง/,https://ร้านรับซื้อโน๊ตบุ๊ค.com/รับซื้อโน๊ตบุ๊ค/thinkpad-t14/,200 indexable self-canonical,200 indexable self-canonical,high location / low entity,high entity / low location,high,2026-07-03,KEEP_404,high,Both plausible targets preserve only one dimension of the original intent; no single exact target exists.
https://ร้านรับซื้อโน๊ตบุ๊ค.com/รับซื้อโน๊ตบุ๊ค/เชียงใหม่/hp-victus-15/,เชียงใหม่,hp-victus-15,https://ร้านรับซื้อโน๊ตบุ๊ค.com/รับซื้อโน๊ตบุ๊ค/เชียงใหม่/,https://ร้านรับซื้อโน๊ตบุ๊ค.com/รับซื้อโน๊ตบุ๊ค/hp-victus-15/,200 indexable self-canonical,200 indexable self-canonical,high location / low entity,high entity / low location,high,2026-07-03,KEEP_404,high,Both plausible targets preserve only one dimension of the original intent; no single exact target exists.
https://ร้านรับซื้อโน๊ตบุ๊ค.com/รับซื้อโน๊ตบุ๊ค/นครนายก/ค้างบ่อย/,นครนายก,ค้างบ่อย,https://ร้านรับซื้อโน๊ตบุ๊ค.com/รับซื้อโน๊ตบุ๊ค/นครนายก/,https://ร้านรับซื้อโน๊ตบุ๊ค.com/รับซื้อโน๊ตบุ๊ค/ค้างบ่อย/,200 indexable self-canonical,200 indexable self-canonical,high location / low entity,high entity / low location,high,2026-07-03,KEEP_404,high,Both plausible targets preserve only one dimension of the original intent; no single exact target exists.
https://ร้านรับซื้อโน๊ตบุ๊ค.com/รับซื้อโน๊ตบุ๊ค/หนองบัวลำภู/razer-blade/,หนองบัวลำภู,razer-blade,https://ร้านรับซื้อโน๊ตบุ๊ค.com/รับซื้อโน๊ตบุ๊ค/หนองบัวลำภู/,https://ร้านรับซื้อโน๊ตบุ๊ค.com/รับซื้อโน๊ตบุ๊ค/razer-blade/,200 indexable self-canonical,200 indexable self-canonical,high location / low entity,high entity / low location,high,2026-07-03,KEEP_404,high,Both plausible targets preserve only one dimension of the original intent; no single exact target exists.
https://ร้านรับซื้อโน๊ตบุ๊ค.com/รับซื้อโน๊ตบุ๊ค/เชียงใหม่/macbook-air-m4/,เชียงใหม่,macbook-air-m4,https://ร้านรับซื้อโน๊ตบุ๊ค.com/รับซื้อโน๊ตบุ๊ค/เชียงใหม่/,https://ร้านรับซื้อโน๊ตบุ๊ค.com/รับซื้อโน๊ตบุ๊ค/macbook-air-m4/,200 indexable self-canonical,200 indexable self-canonical,high location / low entity,high entity / low location,high,2026-07-03,KEEP_404,high,Both plausible targets preserve only one dimension of the original intent; no single exact target exists.
https://ร้านรับซื้อโน๊ตบุ๊ค.com/รับซื้อโน๊ตบุ๊ค/ฉะเชิงเทรา/บลูทูธใช้ไม่ได้/,ฉะเชิงเทรา,บลูทูธใช้ไม่ได้,https://ร้านรับซื้อโน๊ตบุ๊ค.com/รับซื้อโน๊ตบุ๊ค/ฉะเชิงเทรา/,https://ร้านรับซื้อโน๊ตบุ๊ค.com/รับซื้อโน๊ตบุ๊ค/บลูทูธใช้ไม่ได้/,200 indexable self-canonical,200 indexable self-canonical,high location / low entity,high entity / low location,high,2026-07-03,KEEP_404,high,Both plausible targets preserve only one dimension of the original intent; no single exact target exists.
https://ร้านรับซื้อโน๊ตบุ๊ค.com/รับซื้อโน๊ตบุ๊ค/จันทบุรี/dell-inspiron-15/,จันทบุรี,dell-inspiron-15,https://ร้านรับซื้อโน๊ตบุ๊ค.com/รับซื้อโน๊ตบุ๊ค/จันทบุรี/,https://ร้านรับซื้อโน๊ตบุ๊ค.com/รับซื้อโน๊ตบุ๊ค/dell-inspiron-15/,200 indexable self-canonical,200 indexable self-canonical,high location / low entity,high entity / low location,high,2026-07-03,KEEP_404,high,Both plausible targets preserve only one dimension of the original intent; no single exact target exists.
https://ร้านรับซื้อโน๊ตบุ๊ค.com/รับซื้อโน๊ตบุ๊ค/ภูเก็ต/จอมีเส้น/,ภูเก็ต,จอมีเส้น,https://ร้านรับซื้อโน๊ตบุ๊ค.com/รับซื้อโน๊ตบุ๊ค/ภูเก็ต/,https://ร้านรับซื้อโน๊ตบุ๊ค.com/รับซื้อโน๊ตบุ๊ค/จอมีเส้น/,200 indexable self-canonical,200 indexable self-canonical,high location / low entity,high entity / low location,high,2026-07-03,KEEP_404,high,Both plausible targets preserve only one dimension of the original intent; no single exact target exists.
https://ร้านรับซื้อโน๊ตบุ๊ค.com/รับซื้อโน๊ตบุ๊ค/ลาดพร้าว/ฝาหลังบวม/,ลาดพร้าว,ฝาหลังบวม,https://ร้านรับซื้อโน๊ตบุ๊ค.com/รับซื้อโน๊ตบุ๊ค/ลาดพร้าว/,https://ร้านรับซื้อโน๊ตบุ๊ค.com/รับซื้อโน๊ตบุ๊ค/ฝาหลังบวม/,200 indexable self-canonical,200 indexable self-canonical,high location / low entity,high entity / low location,high,2026-07-03,KEEP_404,high,Both plausible targets preserve only one dimension of the original intent; no single exact target exists.
https://ร้านรับซื้อโน๊ตบุ๊ค.com/รับซื้อโน๊ตบุ๊ค/สุพรรณบุรี/acer-nitro-16/,สุพรรณบุรี,acer-nitro-16,https://ร้านรับซื้อโน๊ตบุ๊ค.com/รับซื้อโน๊ตบุ๊ค/สุพรรณบุรี/,https://ร้านรับซื้อโน๊ตบุ๊ค.com/รับซื้อโน๊ตบุ๊ค/acer-nitro-16/,200 indexable self-canonical,200 indexable self-canonical,high location / low entity,high entity / low location,high,2026-07-03,KEEP_404,high,Both plausible targets preserve only one dimension of the original intent; no single exact target exists.
https://ร้านรับซื้อโน๊ตบุ๊ค.com/รับซื้อโน๊ตบุ๊ค/อุทัยธานี/macbook-air-m1/,อุทัยธานี,macbook-air-m1,https://ร้านรับซื้อโน๊ตบุ๊ค.com/รับซื้อโน๊ตบุ๊ค/อุทัยธานี/,https://ร้านรับซื้อโน๊ตบุ๊ค.com/รับซื้อโน๊ตบุ๊ค/macbook-air-m1/,200 indexable self-canonical,200 indexable self-canonical,high location / low entity,high entity / low location,high,2026-07-03,KEEP_404,high,Both plausible targets preserve only one dimension of the original intent; no single exact target exists.
https://ร้านรับซื้อโน๊ตบุ๊ค.com/รับซื้อโน๊ตบุ๊ค/พิษณุโลก/macbook-pro-m4/,พิษณุโลก,macbook-pro-m4,https://ร้านรับซื้อโน๊ตบุ๊ค.com/รับซื้อโน๊ตบุ๊ค/พิษณุโลก/,https://ร้านรับซื้อโน๊ตบุ๊ค.com/รับซื้อโน๊ตบุ๊ค/macbook-pro-m4/,200 indexable self-canonical,200 indexable self-canonical,high location / low entity,high entity / low location,high,2026-07-03,KEEP_404,high,Both plausible targets preserve only one dimension of the original intent; no single exact target exists.
https://ร้านรับซื้อโน๊ตบุ๊ค.com/รับซื้อโน๊ตบุ๊ค/อุทัยธานี/macbook-air-15/,อุทัยธานี,macbook-air-15,https://ร้านรับซื้อโน๊ตบุ๊ค.com/รับซื้อโน๊ตบุ๊ค/อุทัยธานี/,https://ร้านรับซื้อโน๊ตบุ๊ค.com/รับซื้อโน๊ตบุ๊ค/macbook-air-15/,200 indexable self-canonical,200 indexable self-canonical,high location / low entity,high entity / low location,high,2026-07-03,KEEP_404,high,Both plausible targets preserve only one dimension of the original intent; no single exact target exists.
https://ร้านรับซื้อโน๊ตบุ๊ค.com/รับซื้อโน๊ตบุ๊ค/สระบุรี/asus-rog-ally-x/,สระบุรี,asus-rog-ally-x,https://ร้านรับซื้อโน๊ตบุ๊ค.com/รับซื้อโน๊ตบุ๊ค/สระบุรี/,https://ร้านรับซื้อโน๊ตบุ๊ค.com/รับซื้อโน๊ตบุ๊ค/asus-rog-ally-x/,200 indexable self-canonical,200 indexable self-canonical,high location / low entity,high entity / low location,high,2026-07-03,KEEP_404,high,Both plausible targets preserve only one dimension of the original intent; no single exact target exists.
https://ร้านรับซื้อโน๊ตบุ๊ค.com/รับซื้อโน๊ตบุ๊ค/ยโสธร/asus-zephyrus-g16/,ยโสธร,asus-zephyrus-g16,https://ร้านรับซื้อโน๊ตบุ๊ค.com/รับซื้อโน๊ตบุ๊ค/ยโสธร/,https://ร้านรับซื้อโน๊ตบุ๊ค.com/รับซื้อโน๊ตบุ๊ค/asus-zephyrus-g16/,200 indexable self-canonical,200 indexable self-canonical,high location / low entity,high entity / low location,high,2026-07-03,KEEP_404,high,Both plausible targets preserve only one dimension of the original intent; no single exact target exists.
https://ร้านรับซื้อโน๊ตบุ๊ค.com/รับซื้อโน๊ตบุ๊ค/รังสิต/macbook-no-box-no-receipt/,รังสิต,macbook-no-box-no-receipt,https://ร้านรับซื้อโน๊ตบุ๊ค.com/รับซื้อโน๊ตบุ๊ค/รังสิต/,https://ร้านรับซื้อโน๊ตบุ๊ค.com/รับซื้อโน๊ตบุ๊ค/macbook-no-box-no-receipt/,200 indexable self-canonical,200 indexable self-canonical,high location / low entity,high entity / low location,high,2026-07-03,KEEP_404,high,Both plausible targets preserve only one dimension of the original intent; no single exact target exists.
https://ร้านรับซื้อโน๊ตบุ๊ค.com/รับซื้อโน๊ตบุ๊ค/รังสิต/surface-pro/,รังสิต,surface-pro,https://ร้านรับซื้อโน๊ตบุ๊ค.com/รับซื้อโน๊ตบุ๊ค/รังสิต/,https://ร้านรับซื้อโน๊ตบุ๊ค.com/รับซื้อโน๊ตบุ๊ค/surface-pro/,200 indexable self-canonical,200 indexable self-canonical,high location / low entity,high entity / low location,high,2026-07-03,KEEP_404,high,Both plausible targets preserve only one dimension of the original intent; no single exact target exists.
https://ร้านรับซื้อโน๊ตบุ๊ค.com/รับซื้อโน๊ตบุ๊ค/ลาดพร้าว/จอฟ้า/,ลาดพร้าว,จอฟ้า,https://ร้านรับซื้อโน๊ตบุ๊ค.com/รับซื้อโน๊ตบุ๊ค/ลาดพร้าว/,https://ร้านรับซื้อโน๊ตบุ๊ค.com/รับซื้อโน๊ตบุ๊ค/จอฟ้า/,200 indexable self-canonical,200 indexable self-canonical,high location / low entity,high entity / low location,high,2026-07-03,KEEP_404,high,Both plausible targets preserve only one dimension of the original intent; no single exact target exists.
https://ร้านรับซื้อโน๊ตบุ๊ค.com/รับซื้อโน๊ตบุ๊ค/อยุธยา/macbook-charge-port/,อยุธยา,macbook-charge-port,https://ร้านรับซื้อโน๊ตบุ๊ค.com/รับซื้อโน๊ตบุ๊ค/อยุธยา/,https://ร้านรับซื้อโน๊ตบุ๊ค.com/รับซื้อโน๊ตบุ๊ค/macbook-charge-port/,200 indexable self-canonical,200 indexable self-canonical,high location / low entity,high entity / low location,high,2026-07-03,KEEP_404,high,Both plausible targets preserve only one dimension of the original intent; no single exact target exists.
https://ร้านรับซื้อโน๊ตบุ๊ค.com/รับซื้อโน๊ตบุ๊ค/สุราษฎร์ธานี/surface-laptop/,สุราษฎร์ธานี,surface-laptop,https://ร้านรับซื้อโน๊ตบุ๊ค.com/รับซื้อโน๊ตบุ๊ค/สุราษฎร์ธานี/,https://ร้านรับซื้อโน๊ตบุ๊ค.com/รับซื้อโน๊ตบุ๊ค/surface-laptop/,200 indexable self-canonical,200 indexable self-canonical,high location / low entity,high entity / low location,high,2026-07-03,KEEP_404,high,Both plausible targets preserve only one dimension of the original intent; no single exact target exists.
https://ร้านรับซื้อโน๊ตบุ๊ค.com/รับซื้อโน๊ตบุ๊ค/เลย/พอร์ตแลนเสีย/,เลย,พอร์ตแลนเสีย,https://ร้านรับซื้อโน๊ตบุ๊ค.com/รับซื้อโน๊ตบุ๊ค/เลย/,https://ร้านรับซื้อโน๊ตบุ๊ค.com/รับซื้อโน๊ตบุ๊ค/พอร์ตแลนเสีย/,200 indexable self-canonical,200 indexable self-canonical,high location / low entity,high entity / low location,high,2026-07-03,KEEP_404,high,Both plausible targets preserve only one dimension of the original intent; no single exact target exists.
https://ร้านรับซื้อโน๊ตบุ๊ค.com/รับซื้อโน๊ตบุ๊ค/พิษณุโลก/macbook-air-13/,พิษณุโลก,macbook-air-13,https://ร้านรับซื้อโน๊ตบุ๊ค.com/รับซื้อโน๊ตบุ๊ค/พิษณุโลก/,https://ร้านรับซื้อโน๊ตบุ๊ค.com/รับซื้อโน๊ตบุ๊ค/macbook-air-13/,200 indexable self-canonical,200 indexable self-canonical,high location / low entity,high entity / low location,high,2026-07-03,KEEP_404,high,Both plausible targets preserve only one dimension of the original intent; no single exact target exists.
https://ร้านรับซื้อโน๊ตบุ๊ค.com/รับซื้อโน๊ตบุ๊ค/ตราด/พอร์ต-usb-เสีย/,ตราด,พอร์ต-usb-เสีย,https://ร้านรับซื้อโน๊ตบุ๊ค.com/รับซื้อโน๊ตบุ๊ค/ตราด/,https://ร้านรับซื้อโน๊ตบุ๊ค.com/รับซื้อโน๊ตบุ๊ค/พอร์ต-usb-เสีย/,200 indexable self-canonical,200 indexable self-canonical,high location / low entity,high entity / low location,high,2026-07-03,KEEP_404,high,Both plausible targets preserve only one dimension of the original intent; no single exact target exists.
https://ร้านรับซื้อโน๊ตบุ๊ค.com/รับซื้อโน๊ตบุ๊ค/ชัยภูมิ/hp-envy-x360/,ชัยภูมิ,hp-envy-x360,https://ร้านรับซื้อโน๊ตบุ๊ค.com/รับซื้อโน๊ตบุ๊ค/ชัยภูมิ/,https://ร้านรับซื้อโน๊ตบุ๊ค.com/รับซื้อโน๊ตบุ๊ค/hp-envy-x360/,200 indexable self-canonical,200 indexable self-canonical,high location / low entity,high entity / low location,high,2026-07-03,KEEP_404,high,Both plausible targets preserve only one dimension of the original intent; no single exact target exists.
https://ร้านรับซื้อโน๊ตบุ๊ค.com/รับซื้อโน๊ตบุ๊ค/นนทบุรี/honor/,นนทบุรี,honor,https://ร้านรับซื้อโน๊ตบุ๊ค.com/รับซื้อโน๊ตบุ๊ค/นนทบุรี/,https://ร้านรับซื้อโน๊ตบุ๊ค.com/รับซื้อโน๊ตบุ๊ค/honor/,200 indexable self-canonical,200 indexable self-canonical,high location / low entity,high entity / low location,high,2026-07-03,KEEP_404,high,Both plausible targets preserve only one dimension of the original intent; no single exact target exists.
https://ร้านรับซื้อโน๊ตบุ๊ค.com/รับซื้อโน๊ตบุ๊ค/สมุทรสาคร/asus-rog-strix/,สมุทรสาคร,asus-rog-strix,https://ร้านรับซื้อโน๊ตบุ๊ค.com/รับซื้อโน๊ตบุ๊ค/สมุทรสาคร/,https://ร้านรับซื้อโน๊ตบุ๊ค.com/รับซื้อโน๊ตบุ๊ค/asus-rog-strix/,200 indexable self-canonical,200 indexable self-canonical,high location / low entity,high entity / low location,high,2026-07-03,KEEP_404,high,Both plausible targets preserve only one dimension of the original intent; no single exact target exists.
https://ร้านรับซื้อโน๊ตบุ๊ค.com/รับซื้อโน๊ตบุ๊ค/อยุธยา/gigabyte/,อยุธยา,gigabyte,https://ร้านรับซื้อโน๊ตบุ๊ค.com/รับซื้อโน๊ตบุ๊ค/อยุธยา/,https://ร้านรับซื้อโน๊ตบุ๊ค.com/รับซื้อโน๊ตบุ๊ค/gigabyte/,200 indexable self-canonical,200 indexable self-canonical,high location / low entity,high entity / low location,high,2026-07-03,KEEP_404,high,Both plausible targets preserve only one dimension of the original intent; no single exact target exists.
https://ร้านรับซื้อโน๊ตบุ๊ค.com/รับซื้อโน๊ตบุ๊ค/อ่างทอง/macbook-air-m5/,อ่างทอง,macbook-air-m5,https://ร้านรับซื้อโน๊ตบุ๊ค.com/รับซื้อโน๊ตบุ๊ค/อ่างทอง/,https://ร้านรับซื้อโน๊ตบุ๊ค.com/รับซื้อโน๊ตบุ๊ค/macbook-air-m5/,200 indexable self-canonical,200 indexable self-canonical,high location / low entity,high entity / low location,high,2026-07-03,KEEP_404,high,Both plausible targets preserve only one dimension of the original intent; no single exact target exists.
https://ร้านรับซื้อโน๊ตบุ๊ค.com/รับซื้อโน๊ตบุ๊ค/มุกดาหาร/surface-book/,มุกดาหาร,surface-book,https://ร้านรับซื้อโน๊ตบุ๊ค.com/รับซื้อโน๊ตบุ๊ค/มุกดาหาร/,https://ร้านรับซื้อโน๊ตบุ๊ค.com/รับซื้อโน๊ตบุ๊ค/surface-book/,200 indexable self-canonical,200 indexable self-canonical,high location / low entity,high entity / low location,high,2026-07-03,KEEP_404,high,Both plausible targets preserve only one dimension of the original intent; no single exact target exists.
https://ร้านรับซื้อโน๊ตบุ๊ค.com/รับซื้อโน๊ตบุ๊ค/ตาก/gigabyte-aorus/,ตาก,gigabyte-aorus,https://ร้านรับซื้อโน๊ตบุ๊ค.com/รับซื้อโน๊ตบุ๊ค/ตาก/,https://ร้านรับซื้อโน๊ตบุ๊ค.com/รับซื้อโน๊ตบุ๊ค/gigabyte-aorus/,200 indexable self-canonical,200 indexable self-canonical,high location / low entity,high entity / low location,high,2026-07-03,KEEP_404,high,Both plausible targets preserve only one dimension of the original intent; no single exact target exists.
https://ร้านรับซื้อโน๊ตบุ๊ค.com/รับซื้อโน๊ตบุ๊ค/ภาคอีสาน/ทัชแพดเสีย/,ภาคอีสาน,ทัชแพดเสีย,https://ร้านรับซื้อโน๊ตบุ๊ค.com/รับซื้อโน๊ตบุ๊ค/ภาคอีสาน/,https://ร้านรับซื้อโน๊ตบุ๊ค.com/รับซื้อโน๊ตบุ๊ค/ทัชแพดเสีย/,200 indexable self-canonical,200 indexable self-canonical,high location / low entity,high entity / low location,high,2026-07-03,KEEP_404,high,Both plausible targets preserve only one dimension of the original intent; no single exact target exists.
https://ร้านรับซื้อโน๊ตบุ๊ค.com/รับซื้อโน๊ตบุ๊ค/เพชรบูรณ์/macbook-screen-crack/,เพชรบูรณ์,macbook-screen-crack,https://ร้านรับซื้อโน๊ตบุ๊ค.com/รับซื้อโน๊ตบุ๊ค/เพชรบูรณ์/,https://ร้านรับซื้อโน๊ตบุ๊ค.com/รับซื้อโน๊ตบุ๊ค/macbook-screen-crack/,200 indexable self-canonical,200 indexable self-canonical,high location / low entity,high entity / low location,high,2026-07-03,KEEP_404,high,Both plausible targets preserve only one dimension of the original intent; no single exact target exists.
https://ร้านรับซื้อโน๊ตบุ๊ค.com/รับซื้อโน๊ตบุ๊ค/ปทุมธานี/asus-zenbook/,ปทุมธานี,asus-zenbook,https://ร้านรับซื้อโน๊ตบุ๊ค.com/รับซื้อโน๊ตบุ๊ค/ปทุมธานี/,https://ร้านรับซื้อโน๊ตบุ๊ค.com/รับซื้อโน๊ตบุ๊ค/asus-zenbook/,200 indexable self-canonical,200 indexable self-canonical,high location / low entity,high entity / low location,high,2026-07-03,KEEP_404,high,Both plausible targets preserve only one dimension of the original intent; no single exact target exists.
https://ร้านรับซื้อโน๊ตบุ๊ค.com/รับซื้อโน๊ตบุ๊ค/สกลนคร/dell-g15-g16/,สกลนคร,dell-g15-g16,https://ร้านรับซื้อโน๊ตบุ๊ค.com/รับซื้อโน๊ตบุ๊ค/สกลนคร/,https://ร้านรับซื้อโน๊ตบุ๊ค.com/รับซื้อโน๊ตบุ๊ค/dell-g15-g16/,200 indexable self-canonical,200 indexable self-canonical,high location / low entity,high entity / low location,high,2026-07-03,KEEP_404,high,Both plausible targets preserve only one dimension of the original intent; no single exact target exists.
https://ร้านรับซื้อโน๊ตบุ๊ค.com/รับซื้อโน๊ตบุ๊ค/อยุธยา/พัดลมดัง/,อยุธยา,พัดลมดัง,https://ร้านรับซื้อโน๊ตบุ๊ค.com/รับซื้อโน๊ตบุ๊ค/อยุธยา/,https://ร้านรับซื้อโน๊ตบุ๊ค.com/รับซื้อโน๊ตบุ๊ค/พัดลมดัง/,200 indexable self-canonical,200 indexable self-canonical,high location / low entity,high entity / low location,high,2026-07-03,KEEP_404,high,Both plausible targets preserve only one dimension of the original intent; no single exact target exists.
https://ร้านรับซื้อโน๊ตบุ๊ค.com/รับซื้อโน๊ตบุ๊ค/อ่างทอง/macbook-pro-m3/,อ่างทอง,macbook-pro-m3,https://ร้านรับซื้อโน๊ตบุ๊ค.com/รับซื้อโน๊ตบุ๊ค/อ่างทอง/,https://ร้านรับซื้อโน๊ตบุ๊ค.com/รับซื้อโน๊ตบุ๊ค/macbook-pro-m3/,200 indexable self-canonical,200 indexable self-canonical,high location / low entity,high entity / low location,high,2026-07-03,KEEP_404,high,Both plausible targets preserve only one dimension of the original intent; no single exact target exists.
https://ร้านรับซื้อโน๊ตบุ๊ค.com/รับซื้อโน๊ตบุ๊ค/นครนายก/macbook-pro-m5/,นครนายก,macbook-pro-m5,https://ร้านรับซื้อโน๊ตบุ๊ค.com/รับซื้อโน๊ตบุ๊ค/นครนายก/,https://ร้านรับซื้อโน๊ตบุ๊ค.com/รับซื้อโน๊ตบุ๊ค/macbook-pro-m5/,200 indexable self-canonical,200 indexable self-canonical,high location / low entity,high entity / low location,high,2026-07-03,KEEP_404,high,Both plausible targets preserve only one dimension of the original intent; no single exact target exists.
https://ร้านรับซื้อโน๊ตบุ๊ค.com/รับซื้อโน๊ตบุ๊ค/บุรีรัมย์/hdmi-เสีย/,บุรีรัมย์,hdmi-เสีย,https://ร้านรับซื้อโน๊ตบุ๊ค.com/รับซื้อโน๊ตบุ๊ค/บุรีรัมย์/,https://ร้านรับซื้อโน๊ตบุ๊ค.com/รับซื้อโน๊ตบุ๊ค/hdmi-เสีย/,200 indexable self-canonical,200 indexable self-canonical,high location / low entity,high entity / low location,high,2026-07-03,KEEP_404,high,Both plausible targets preserve only one dimension of the original intent; no single exact target exists.
https://ร้านรับซื้อโน๊ตบุ๊ค.com/รับซื้อโน๊ตบุ๊ค/อำนาจเจริญ/macbook-pro-m1/,อำนาจเจริญ,macbook-pro-m1,https://ร้านรับซื้อโน๊ตบุ๊ค.com/รับซื้อโน๊ตบุ๊ค/อำนาจเจริญ/,https://ร้านรับซื้อโน๊ตบุ๊ค.com/รับซื้อโน๊ตบุ๊ค/macbook-pro-m1/,200 indexable self-canonical,200 indexable self-canonical,high location / low entity,high entity / low location,high,2026-07-03,KEEP_404,high,Both plausible targets preserve only one dimension of the original intent; no single exact target exists.
https://ร้านรับซื้อโน๊ตบุ๊ค.com/รับซื้อโน๊ตบุ๊ค/มุกดาหาร/macbook-no-box-no-receipt/,มุกดาหาร,macbook-no-box-no-receipt,https://ร้านรับซื้อโน๊ตบุ๊ค.com/รับซื้อโน๊ตบุ๊ค/มุกดาหาร/,https://ร้านรับซื้อโน๊ตบุ๊ค.com/รับซื้อโน๊ตบุ๊ค/macbook-no-box-no-receipt/,200 indexable self-canonical,200 indexable self-canonical,high location / low entity,high entity / low location,high,2026-07-03,KEEP_404,high,Both plausible targets preserve only one dimension of the original intent; no single exact target exists.
https://ร้านรับซื้อโน๊ตบุ๊ค.com/รับซื้อโน๊ตบุ๊ค/ห้วยขวาง/macbook-air-m3/,ห้วยขวาง,macbook-air-m3,https://ร้านรับซื้อโน๊ตบุ๊ค.com/รับซื้อโน๊ตบุ๊ค/ห้วยขวาง/,https://ร้านรับซื้อโน๊ตบุ๊ค.com/รับซื้อโน๊ตบุ๊ค/macbook-air-m3/,200 indexable self-canonical,200 indexable self-canonical,high location / low entity,high entity / low location,high,2026-07-03,KEEP_404,high,Both plausible targets preserve only one dimension of the original intent; no single exact target exists.
https://ร้านรับซื้อโน๊ตบุ๊ค.com/รับซื้อโน๊ตบุ๊ค/ห้วยขวาง/ช่องหูฟังเสีย/,ห้วยขวาง,ช่องหูฟังเสีย,https://ร้านรับซื้อโน๊ตบุ๊ค.com/รับซื้อโน๊ตบุ๊ค/ห้วยขวาง/,https://ร้านรับซื้อโน๊ตบุ๊ค.com/รับซื้อโน๊ตบุ๊ค/ช่องหูฟังเสีย/,200 indexable self-canonical,200 indexable self-canonical,high location / low entity,high entity / low location,high,2026-07-03,KEEP_404,high,Both plausible targets preserve only one dimension of the original intent; no single exact target exists.
https://ร้านรับซื้อโน๊ตบุ๊ค.com/รับซื้อโน๊ตบุ๊ค/ปทุมธานี/พอร์ต-type-c-เสีย/,ปทุมธานี,พอร์ต-type-c-เสีย,https://ร้านรับซื้อโน๊ตบุ๊ค.com/รับซื้อโน๊ตบุ๊ค/ปทุมธานี/,https://ร้านรับซื้อโน๊ตบุ๊ค.com/รับซื้อโน๊ตบุ๊ค/พอร์ต-type-c-เสีย/,200 indexable self-canonical,200 indexable self-canonical,high location / low entity,high entity / low location,high,2026-07-03,KEEP_404,high,Both plausible targets preserve only one dimension of the original intent; no single exact target exists.
https://ร้านรับซื้อโน๊ตบุ๊ค.com/รับซื้อโน๊ตบุ๊ค/ร้อยเอ็ด/msi-raider-18/,ร้อยเอ็ด,msi-raider-18,https://ร้านรับซื้อโน๊ตบุ๊ค.com/รับซื้อโน๊ตบุ๊ค/ร้อยเอ็ด/,https://ร้านรับซื้อโน๊ตบุ๊ค.com/รับซื้อโน๊ตบุ๊ค/msi-raider-18/,200 indexable self-canonical,200 indexable self-canonical,high location / low entity,high entity / low location,high,2026-07-03,KEEP_404,high,Both plausible targets preserve only one dimension of the original intent; no single exact target exists.
https://ร้านรับซื้อโน๊ตบุ๊ค.com/รับซื้อโน๊ตบุ๊ค/อุบลราชธานี/lenovo-yoga/,อุบลราชธานี,lenovo-yoga,https://ร้านรับซื้อโน๊ตบุ๊ค.com/รับซื้อโน๊ตบุ๊ค/อุบลราชธานี/,https://ร้านรับซื้อโน๊ตบุ๊ค.com/รับซื้อโน๊ตบุ๊ค/lenovo-yoga/,200 indexable self-canonical,200 indexable self-canonical,high location / low entity,high entity / low location,high,2026-07-03,KEEP_404,high,Both plausible targets preserve only one dimension of the original intent; no single exact target exists.
https://ร้านรับซื้อโน๊ตบุ๊ค.com/รับซื้อโน๊ตบุ๊ค/ประจวบคีรีขันธ์/hp-elitebook/,ประจวบคีรีขันธ์,hp-elitebook,https://ร้านรับซื้อโน๊ตบุ๊ค.com/รับซื้อโน๊ตบุ๊ค/ประจวบคีรีขันธ์/,https://ร้านรับซื้อโน๊ตบุ๊ค.com/รับซื้อโน๊ตบุ๊ค/hp-elitebook/,200 indexable self-canonical,200 indexable self-canonical,high location / low entity,high entity / low location,high,2026-07-03,KEEP_404,high,Both plausible targets preserve only one dimension of the original intent; no single exact target exists.
https://ร้านรับซื้อโน๊ตบุ๊ค.com/รับซื้อโน๊ตบุ๊ค/ปทุมธานี/จอไม่ติดแต่เครื่องติด/,ปทุมธานี,จอไม่ติดแต่เครื่องติด,https://ร้านรับซื้อโน๊ตบุ๊ค.com/รับซื้อโน๊ตบุ๊ค/ปทุมธานี/,https://ร้านรับซื้อโน๊ตบุ๊ค.com/รับซื้อโน๊ตบุ๊ค/จอไม่ติดแต่เครื่องติด/,200 indexable self-canonical,200 indexable self-canonical,high location / low entity,high entity / low location,high,2026-07-03,KEEP_404,high,Both plausible targets preserve only one dimension of the original intent; no single exact target exists.
https://ร้านรับซื้อโน๊ตบุ๊ค.com/รับซื้อโน๊ตบุ๊ค/กรุงเทพ/macbook-pro-m5/,กรุงเทพ,macbook-pro-m5,https://ร้านรับซื้อโน๊ตบุ๊ค.com/รับซื้อโน๊ตบุ๊ค/กรุงเทพ/,https://ร้านรับซื้อโน๊ตบุ๊ค.com/รับซื้อโน๊ตบุ๊ค/macbook-pro-m5/,200 indexable self-canonical,200 indexable self-canonical,high location / low entity,high entity / low location,high,2026-07-03,KEEP_404,high,Both plausible targets preserve only one dimension of the original intent; no single exact target exists.
https://ร้านรับซื้อโน๊ตบุ๊ค.com/รับซื้อโน๊ตบุ๊ค/อ่างทอง/lenovo-ideapad-3-5/,อ่างทอง,lenovo-ideapad-3-5,https://ร้านรับซื้อโน๊ตบุ๊ค.com/รับซื้อโน๊ตบุ๊ค/อ่างทอง/,https://ร้านรับซื้อโน๊ตบุ๊ค.com/รับซื้อโน๊ตบุ๊ค/lenovo-ideapad-3-5/,200 indexable self-canonical,200 indexable self-canonical,high location / low entity,high entity / low location,high,2026-07-03,KEEP_404,high,Both plausible targets preserve only one dimension of the original intent; no single exact target exists.
https://ร้านรับซื้อโน๊ตบุ๊ค.com/รับซื้อโน๊ตบุ๊ค/รังสิต/wifi-ไม่ติด/,รังสิต,wifi-ไม่ติด,https://ร้านรับซื้อโน๊ตบุ๊ค.com/รับซื้อโน๊ตบุ๊ค/รังสิต/,https://ร้านรับซื้อโน๊ตบุ๊ค.com/รับซื้อโน๊ตบุ๊ค/wifi-ไม่ติด/,200 indexable self-canonical,200 indexable self-canonical,high location / low entity,high entity / low location,high,2026-07-03,KEEP_404,high,Both plausible targets preserve only one dimension of the original intent; no single exact target exists.
https://ร้านรับซื้อโน๊ตบุ๊ค.com/รับซื้อโน๊ตบุ๊ค/อุตรดิตถ์/acer-aspire-5/,อุตรดิตถ์,acer-aspire-5,https://ร้านรับซื้อโน๊ตบุ๊ค.com/รับซื้อโน๊ตบุ๊ค/อุตรดิตถ์/,https://ร้านรับซื้อโน๊ตบุ๊ค.com/รับซื้อโน๊ตบุ๊ค/acer-aspire-5/,200 indexable self-canonical,200 indexable self-canonical,high location / low entity,high entity / low location,high,2026-07-03,KEEP_404,high,Both plausible targets preserve only one dimension of the original intent; no single exact target exists.
https://ร้านรับซื้อโน๊ตบุ๊ค.com/รับซื้อโน๊ตบุ๊ค/นครนายก/macbook-pro-14/,นครนายก,macbook-pro-14,https://ร้านรับซื้อโน๊ตบุ๊ค.com/รับซื้อโน๊ตบุ๊ค/นครนายก/,https://ร้านรับซื้อโน๊ตบุ๊ค.com/รับซื้อโน๊ตบุ๊ค/macbook-pro-14/,200 indexable self-canonical,200 indexable self-canonical,high location / low entity,high entity / low location,high,2026-07-03,KEEP_404,high,Both plausible targets preserve only one dimension of the original intent; no single exact target exists.
https://ร้านรับซื้อโน๊ตบุ๊ค.com/รับซื้อโน๊ตบุ๊ค/ประจวบคีรีขันธ์/acer-predator-triton/,ประจวบคีรีขันธ์,acer-predator-triton,https://ร้านรับซื้อโน๊ตบุ๊ค.com/รับซื้อโน๊ตบุ๊ค/ประจวบคีรีขันธ์/,https://ร้านรับซื้อโน๊ตบุ๊ค.com/รับซื้อโน๊ตบุ๊ค/acer-predator-triton/,200 indexable self-canonical,200 indexable self-canonical,high location / low entity,high entity / low location,high,2026-07-03,KEEP_404,high,Both plausible targets preserve only one dimension of the original intent; no single exact target exists.
https://ร้านรับซื้อโน๊ตบุ๊ค.com/รับซื้อโน๊ตบุ๊ค/สระแก้ว/lenovo-legion-pro-7/,สระแก้ว,lenovo-legion-pro-7,https://ร้านรับซื้อโน๊ตบุ๊ค.com/รับซื้อโน๊ตบุ๊ค/สระแก้ว/,https://ร้านรับซื้อโน๊ตบุ๊ค.com/รับซื้อโน๊ตบุ๊ค/lenovo-legion-pro-7/,200 indexable self-canonical,200 indexable self-canonical,high location / low entity,high entity / low location,high,2026-07-03,KEEP_404,high,Both plausible targets preserve only one dimension of the original intent; no single exact target exists.
https://ร้านรับซื้อโน๊ตบุ๊ค.com/รับซื้อโน๊ตบุ๊ค/สุรินทร์/asus-rog-strix/,สุรินทร์,asus-rog-strix,https://ร้านรับซื้อโน๊ตบุ๊ค.com/รับซื้อโน๊ตบุ๊ค/สุรินทร์/,https://ร้านรับซื้อโน๊ตบุ๊ค.com/รับซื้อโน๊ตบุ๊ค/asus-rog-strix/,200 indexable self-canonical,200 indexable self-canonical,high location / low entity,high entity / low location,high,2026-07-03,KEEP_404,high,Both plausible targets preserve only one dimension of the original intent; no single exact target exists.
https://ร้านรับซื้อโน๊ตบุ๊ค.com/รับซื้อโน๊ตบุ๊ค/อุบลราชธานี/thinkpad-x1-carbon/,อุบลราชธานี,thinkpad-x1-carbon,https://ร้านรับซื้อโน๊ตบุ๊ค.com/รับซื้อโน๊ตบุ๊ค/อุบลราชธานี/,https://ร้านรับซื้อโน๊ตบุ๊ค.com/รับซื้อโน๊ตบุ๊ค/thinkpad-x1-carbon/,200 indexable self-canonical,200 indexable self-canonical,high location / low entity,high entity / low location,high,2026-07-03,KEEP_404,high,Both plausible targets preserve only one dimension of the original intent; no single exact target exists.
https://ร้านรับซื้อโน๊ตบุ๊ค.com/รับซื้อโน๊ตบุ๊ค/ฉะเชิงเทรา/macbook-battery-health/,ฉะเชิงเทรา,macbook-battery-health,https://ร้านรับซื้อโน๊ตบุ๊ค.com/รับซื้อโน๊ตบุ๊ค/ฉะเชิงเทรา/,https://ร้านรับซื้อโน๊ตบุ๊ค.com/รับซื้อโน๊ตบุ๊ค/macbook-battery-health/,200 indexable self-canonical,200 indexable self-canonical,high location / low entity,high entity / low location,high,2026-07-03,KEEP_404,high,Both plausible targets preserve only one dimension of the original intent; no single exact target exists.
https://ร้านรับซื้อโน๊ตบุ๊ค.com/รับซื้อโน๊ตบุ๊ค/ยโสธร/พอร์ต-usb-เสีย/,ยโสธร,พอร์ต-usb-เสีย,https://ร้านรับซื้อโน๊ตบุ๊ค.com/รับซื้อโน๊ตบุ๊ค/ยโสธร/,https://ร้านรับซื้อโน๊ตบุ๊ค.com/รับซื้อโน๊ตบุ๊ค/พอร์ต-usb-เสีย/,200 indexable self-canonical,200 indexable self-canonical,high location / low entity,high entity / low location,high,2026-07-03,KEEP_404,high,Both plausible targets preserve only one dimension of the original intent; no single exact target exists.
https://ร้านรับซื้อโน๊ตบุ๊ค.com/รับซื้อโน๊ตบุ๊ค/พระราม2/macbook-air-15/,พระราม2,macbook-air-15,https://ร้านรับซื้อโน๊ตบุ๊ค.com/รับซื้อโน๊ตบุ๊ค/พระราม2/,https://ร้านรับซื้อโน๊ตบุ๊ค.com/รับซื้อโน๊ตบุ๊ค/macbook-air-15/,200 indexable self-canonical,200 indexable self-canonical,high location / low entity,high entity / low location,high,2026-07-03,KEEP_404,high,Both plausible targets preserve only one dimension of the original intent; no single exact target exists.
https://ร้านรับซื้อโน๊ตบุ๊ค.com/รับซื้อโน๊ตบุ๊ค/นนทบุรี/surface-laptop/,นนทบุรี,surface-laptop,https://ร้านรับซื้อโน๊ตบุ๊ค.com/รับซื้อโน๊ตบุ๊ค/นนทบุรี/,https://ร้านรับซื้อโน๊ตบุ๊ค.com/รับซื้อโน๊ตบุ๊ค/surface-laptop/,200 indexable self-canonical,200 indexable self-canonical,high location / low entity,high entity / low location,high,2026-07-03,KEEP_404,high,Both plausible targets preserve only one dimension of the original intent; no single exact target exists.
https://ร้านรับซื้อโน๊ตบุ๊ค.com/รับซื้อโน๊ตบุ๊ค/บึงกาฬ/ร้อนจัดดับเอง/,บึงกาฬ,ร้อนจัดดับเอง,https://ร้านรับซื้อโน๊ตบุ๊ค.com/รับซื้อโน๊ตบุ๊ค/บึงกาฬ/,https://ร้านรับซื้อโน๊ตบุ๊ค.com/รับซื้อโน๊ตบุ๊ค/ร้อนจัดดับเอง/,200 indexable self-canonical,200 indexable self-canonical,high location / low entity,high entity / low location,high,2026-07-03,KEEP_404,high,Both plausible targets preserve only one dimension of the original intent; no single exact target exists.
https://ร้านรับซื้อโน๊ตบุ๊ค.com/รับซื้อโน๊ตบุ๊ค/กาฬสินธุ์/macbook-air-m3/,กาฬสินธุ์,macbook-air-m3,https://ร้านรับซื้อโน๊ตบุ๊ค.com/รับซื้อโน๊ตบุ๊ค/กาฬสินธุ์/,https://ร้านรับซื้อโน๊ตบุ๊ค.com/รับซื้อโน๊ตบุ๊ค/macbook-air-m3/,200 indexable self-canonical,200 indexable self-canonical,high location / low entity,high entity / low location,high,2026-07-03,KEEP_404,high,Both plausible targets preserve only one dimension of the original intent; no single exact target exists.
https://ร้านรับซื้อโน๊ตบุ๊ค.com/รับซื้อโน๊ตบุ๊ค/บางนา/พอร์ตแลนเสีย/,บางนา,พอร์ตแลนเสีย,https://ร้านรับซื้อโน๊ตบุ๊ค.com/รับซื้อโน๊ตบุ๊ค/บางนา/,https://ร้านรับซื้อโน๊ตบุ๊ค.com/รับซื้อโน๊ตบุ๊ค/พอร์ตแลนเสีย/,200 indexable self-canonical,200 indexable self-canonical,high location / low entity,high entity / low location,high,2026-07-03,KEEP_404,high,Both plausible targets preserve only one dimension of the original intent; no single exact target exists.
https://ร้านรับซื้อโน๊ตบุ๊ค.com/รับซื้อโน๊ตบุ๊ค/สระแก้ว/พัดลมดัง/,สระแก้ว,พัดลมดัง,https://ร้านรับซื้อโน๊ตบุ๊ค.com/รับซื้อโน๊ตบุ๊ค/สระแก้ว/,https://ร้านรับซื้อโน๊ตบุ๊ค.com/รับซื้อโน๊ตบุ๊ค/พัดลมดัง/,200 indexable self-canonical,200 indexable self-canonical,high location / low entity,high entity / low location,high,2026-07-03,KEEP_404,high,Both plausible targets preserve only one dimension of the original intent; no single exact target exists.
https://ร้านรับซื้อโน๊ตบุ๊ค.com/รับซื้อโน๊ตบุ๊ค/ศรีสะเกษ/razer/,ศรีสะเกษ,razer,https://ร้านรับซื้อโน๊ตบุ๊ค.com/รับซื้อโน๊ตบุ๊ค/ศรีสะเกษ/,https://ร้านรับซื้อโน๊ตบุ๊ค.com/รับซื้อโน๊ตบุ๊ค/razer/,200 indexable self-canonical,200 indexable self-canonical,high location / low entity,high entity / low location,high,2026-07-03,KEEP_404,high,Both plausible targets preserve only one dimension of the original intent; no single exact target exists.
https://ร้านรับซื้อโน๊ตบุ๊ค.com/รับซื้อโน๊ตบุ๊ค/เลย/wifi-ไม่ติด/,เลย,wifi-ไม่ติด,https://ร้านรับซื้อโน๊ตบุ๊ค.com/รับซื้อโน๊ตบุ๊ค/เลย/,https://ร้านรับซื้อโน๊ตบุ๊ค.com/รับซื้อโน๊ตบุ๊ค/wifi-ไม่ติด/,200 indexable self-canonical,200 indexable self-canonical,high location / low entity,high entity / low location,high,2026-07-03,KEEP_404,high,Both plausible targets preserve only one dimension of the original intent; no single exact target exists.
https://ร้านรับซื้อโน๊ตบุ๊ค.com/รับซื้อโน๊ตบุ๊ค/อ่างทอง/acer-nitro-17/,อ่างทอง,acer-nitro-17,https://ร้านรับซื้อโน๊ตบุ๊ค.com/รับซื้อโน๊ตบุ๊ค/อ่างทอง/,https://ร้านรับซื้อโน๊ตบุ๊ค.com/รับซื้อโน๊ตบุ๊ค/acer-nitro-17/,200 indexable self-canonical,200 indexable self-canonical,high location / low entity,high entity / low location,high,2026-07-03,KEEP_404,high,Both plausible targets preserve only one dimension of the original intent; no single exact target exists.
https://ร้านรับซื้อโน๊ตบุ๊ค.com/รับซื้อโน๊ตบุ๊ค/ยะลา/surface-laptop-go/,ยะลา,surface-laptop-go,https://ร้านรับซื้อโน๊ตบุ๊ค.com/รับซื้อโน๊ตบุ๊ค/ยะลา/,https://ร้านรับซื้อโน๊ตบุ๊ค.com/รับซื้อโน๊ตบุ๊ค/surface-laptop-go/,200 indexable self-canonical,200 indexable self-canonical,high location / low entity,high entity / low location,high,2026-07-03,KEEP_404,high,Both plausible targets preserve only one dimension of the original intent; no single exact target exists.
https://ร้านรับซื้อโน๊ตบุ๊ค.com/รับซื้อโน๊ตบุ๊ค/หนองคาย/macbook-pro-m4/,หนองคาย,macbook-pro-m4,https://ร้านรับซื้อโน๊ตบุ๊ค.com/รับซื้อโน๊ตบุ๊ค/หนองคาย/,https://ร้านรับซื้อโน๊ตบุ๊ค.com/รับซื้อโน๊ตบุ๊ค/macbook-pro-m4/,200 indexable self-canonical,200 indexable self-canonical,high location / low entity,high entity / low location,high,2026-07-03,KEEP_404,high,Both plausible targets preserve only one dimension of the original intent; no single exact target exists.
https://ร้านรับซื้อโน๊ตบุ๊ค.com/รับซื้อโน๊ตบุ๊ค/ศรีสะเกษ/msi-raider-18/,ศรีสะเกษ,msi-raider-18,https://ร้านรับซื้อโน๊ตบุ๊ค.com/รับซื้อโน๊ตบุ๊ค/ศรีสะเกษ/,https://ร้านรับซื้อโน๊ตบุ๊ค.com/รับซื้อโน๊ตบุ๊ค/msi-raider-18/,200 indexable self-canonical,200 indexable self-canonical,high location / low entity,high entity / low location,high,2026-07-03,KEEP_404,high,Both plausible targets preserve only one dimension of the original intent; no single exact target exists.
https://ร้านรับซื้อโน๊ตบุ๊ค.com/รับซื้อโน๊ตบุ๊ค/บึงกาฬ/จอไม่ติดแต่เครื่องติด/,บึงกาฬ,จอไม่ติดแต่เครื่องติด,https://ร้านรับซื้อโน๊ตบุ๊ค.com/รับซื้อโน๊ตบุ๊ค/บึงกาฬ/,https://ร้านรับซื้อโน๊ตบุ๊ค.com/รับซื้อโน๊ตบุ๊ค/จอไม่ติดแต่เครื่องติด/,200 indexable self-canonical,200 indexable self-canonical,high location / low entity,high entity / low location,high,2026-07-03,KEEP_404,high,Both plausible targets preserve only one dimension of the original intent; no single exact target exists.
https://ร้านรับซื้อโน๊ตบุ๊ค.com/รับซื้อโน๊ตบุ๊ค/นครปฐม/asus-vivobook/,นครปฐม,asus-vivobook,https://ร้านรับซื้อโน๊ตบุ๊ค.com/รับซื้อโน๊ตบุ๊ค/นครปฐม/,https://ร้านรับซื้อโน๊ตบุ๊ค.com/รับซื้อโน๊ตบุ๊ค/asus-vivobook/,200 indexable self-canonical,200 indexable self-canonical,high location / low entity,high entity / low location,high,2026-07-03,KEEP_404,high,Both plausible targets preserve only one dimension of the original intent; no single exact target exists.
https://ร้านรับซื้อโน๊ตบุ๊ค.com/รับซื้อโน๊ตบุ๊ค/ปทุมธานี/lenovo-thinkbook/,ปทุมธานี,lenovo-thinkbook,https://ร้านรับซื้อโน๊ตบุ๊ค.com/รับซื้อโน๊ตบุ๊ค/ปทุมธานี/,https://ร้านรับซื้อโน๊ตบุ๊ค.com/รับซื้อโน๊ตบุ๊ค/lenovo-thinkbook/,200 indexable self-canonical,200 indexable self-canonical,high location / low entity,high entity / low location,high,2026-07-03,KEEP_404,high,Both plausible targets preserve only one dimension of the original intent; no single exact target exists.
https://ร้านรับซื้อโน๊ตบุ๊ค.com/รับซื้อโน๊ตบุ๊ค/ยโสธร/surface-pro/,ยโสธร,surface-pro,https://ร้านรับซื้อโน๊ตบุ๊ค.com/รับซื้อโน๊ตบุ๊ค/ยโสธร/,https://ร้านรับซื้อโน๊ตบุ๊ค.com/รับซื้อโน๊ตบุ๊ค/surface-pro/,200 indexable self-canonical,200 indexable self-canonical,high location / low entity,high entity / low location,high,2026-07-03,KEEP_404,high,Both plausible targets preserve only one dimension of the original intent; no single exact target exists.
https://ร้านรับซื้อโน๊ตบุ๊ค.com/รับซื้อโน๊ตบุ๊ค/หนองคาย/macbook-cycle-count/,หนองคาย,macbook-cycle-count,https://ร้านรับซื้อโน๊ตบุ๊ค.com/รับซื้อโน๊ตบุ๊ค/หนองคาย/,https://ร้านรับซื้อโน๊ตบุ๊ค.com/รับซื้อโน๊ตบุ๊ค/macbook-cycle-count/,200 indexable self-canonical,200 indexable self-canonical,high location / low entity,high entity / low location,high,2026-07-03,KEEP_404,high,Both plausible targets preserve only one dimension of the original intent; no single exact target exists.
https://ร้านรับซื้อโน๊ตบุ๊ค.com/รับซื้อโน๊ตบุ๊ค/ชลบุรี/asus-rog-strix/,ชลบุรี,asus-rog-strix,https://ร้านรับซื้อโน๊ตบุ๊ค.com/รับซื้อโน๊ตบุ๊ค/ชลบุรี/,https://ร้านรับซื้อโน๊ตบุ๊ค.com/รับซื้อโน๊ตบุ๊ค/asus-rog-strix/,200 indexable self-canonical,200 indexable self-canonical,high location / low entity,high entity / low location,high,2026-07-03,KEEP_404,high,Both plausible targets preserve only one dimension of the original intent; no single exact target exists.
https://ร้านรับซื้อโน๊ตบุ๊ค.com/รับซื้อโน๊ตบุ๊ค/นครพนม/asus-rog-strix/,นครพนม,asus-rog-strix,https://ร้านรับซื้อโน๊ตบุ๊ค.com/รับซื้อโน๊ตบุ๊ค/นครพนม/,https://ร้านรับซื้อโน๊ตบุ๊ค.com/รับซื้อโน๊ตบุ๊ค/asus-rog-strix/,200 indexable self-canonical,200 indexable self-canonical,high location / low entity,high entity / low location,high,2026-07-03,KEEP_404,high,Both plausible targets preserve only one dimension of the original intent; no single exact target exists.
https://ร้านรับซื้อโน๊ตบุ๊ค.com/รับซื้อโน๊ตบุ๊ค/ตราด/hp-spectre-x360/,ตราด,hp-spectre-x360,https://ร้านรับซื้อโน๊ตบุ๊ค.com/รับซื้อโน๊ตบุ๊ค/ตราด/,https://ร้านรับซื้อโน๊ตบุ๊ค.com/รับซื้อโน๊ตบุ๊ค/hp-spectre-x360/,200 indexable self-canonical,200 indexable self-canonical,high location / low entity,high entity / low location,high,2026-07-03,KEEP_404,high,Both plausible targets preserve only one dimension of the original intent; no single exact target exists.
https://ร้านรับซื้อโน๊ตบุ๊ค.com/รับซื้อโน๊ตบุ๊ค/ลำปาง/macbook-cycle-count/,ลำปาง,macbook-cycle-count,https://ร้านรับซื้อโน๊ตบุ๊ค.com/รับซื้อโน๊ตบุ๊ค/ลำปาง/,https://ร้านรับซื้อโน๊ตบุ๊ค.com/รับซื้อโน๊ตบุ๊ค/macbook-cycle-count/,200 indexable self-canonical,200 indexable self-canonical,high location / low entity,high entity / low location,high,2026-07-03,KEEP_404,high,Both plausible targets preserve only one dimension of the original intent; no single exact target exists.
https://ร้านรับซื้อโน๊ตบุ๊ค.com/รับซื้อโน๊ตบุ๊ค/พระราม2/acer-nitro-16/,พระราม2,acer-nitro-16,https://ร้านรับซื้อโน๊ตบุ๊ค.com/รับซื้อโน๊ตบุ๊ค/พระราม2/,https://ร้านรับซื้อโน๊ตบุ๊ค.com/รับซื้อโน๊ตบุ๊ค/acer-nitro-16/,200 indexable self-canonical,200 indexable self-canonical,high location / low entity,high entity / low location,high,2026-07-03,KEEP_404,high,Both plausible targets preserve only one dimension of the original intent; no single exact target exists.
https://ร้านรับซื้อโน๊ตบุ๊ค.com/รับซื้อโน๊ตบุ๊ค/อยุธยา/hp-omen-transcend/,อยุธยา,hp-omen-transcend,https://ร้านรับซื้อโน๊ตบุ๊ค.com/รับซื้อโน๊ตบุ๊ค/อยุธยา/,https://ร้านรับซื้อโน๊ตบุ๊ค.com/รับซื้อโน๊ตบุ๊ค/hp-omen-transcend/,200 indexable self-canonical,200 indexable self-canonical,high location / low entity,high entity / low location,high,2026-07-03,KEEP_404,high,Both plausible targets preserve only one dimension of the original intent; no single exact target exists.
https://ร้านรับซื้อโน๊ตบุ๊ค.com/รับซื้อโน๊ตบุ๊ค/สมุทรปราการ/msi-raider-18/,สมุทรปราการ,msi-raider-18,https://ร้านรับซื้อโน๊ตบุ๊ค.com/รับซื้อโน๊ตบุ๊ค/สมุทรปราการ/,https://ร้านรับซื้อโน๊ตบุ๊ค.com/รับซื้อโน๊ตบุ๊ค/msi-raider-18/,200 indexable self-canonical,200 indexable self-canonical,high location / low entity,high entity / low location,high,2026-07-03,KEEP_404,high,Both plausible targets preserve only one dimension of the original intent; no single exact target exists.
https://ร้านรับซื้อโน๊ตบุ๊ค.com/รับซื้อโน๊ตบุ๊ค/ตรัง/macbook-pro-m5/,ตรัง,macbook-pro-m5,https://ร้านรับซื้อโน๊ตบุ๊ค.com/รับซื้อโน๊ตบุ๊ค/ตรัง/,https://ร้านรับซื้อโน๊ตบุ๊ค.com/รับซื้อโน๊ตบุ๊ค/macbook-pro-m5/,200 indexable self-canonical,200 indexable self-canonical,high location / low entity,high entity / low location,high,2026-07-03,KEEP_404,high,Both plausible targets preserve only one dimension of the original intent; no single exact target exists.
https://ร้านรับซื้อโน๊ตบุ๊ค.com/รับซื้อโน๊ตบุ๊ค/อยุธยา/msi-stealth-16/,อยุธยา,msi-stealth-16,https://ร้านรับซื้อโน๊ตบุ๊ค.com/รับซื้อโน๊ตบุ๊ค/อยุธยา/,https://ร้านรับซื้อโน๊ตบุ๊ค.com/รับซื้อโน๊ตบุ๊ค/msi-stealth-16/,200 indexable self-canonical,200 indexable self-canonical,high location / low entity,high entity / low location,high,2026-07-03,KEEP_404,high,Both plausible targets preserve only one dimension of the original intent; no single exact target exists.
https://ร้านรับซื้อโน๊ตบุ๊ค.com/รับซื้อโน๊ตบุ๊ค/กาฬสินธุ์/gigabyte-aorus/,กาฬสินธุ์,gigabyte-aorus,https://ร้านรับซื้อโน๊ตบุ๊ค.com/รับซื้อโน๊ตบุ๊ค/กาฬสินธุ์/,https://ร้านรับซื้อโน๊ตบุ๊ค.com/รับซื้อโน๊ตบุ๊ค/gigabyte-aorus/,200 indexable self-canonical,200 indexable self-canonical,high location / low entity,high entity / low location,high,2026-07-03,KEEP_404,high,Both plausible targets preserve only one dimension of the original intent; no single exact target exists.
https://ร้านรับซื้อโน๊ตบุ๊ค.com/รับซื้อโน๊ตบุ๊ค/ชัยภูมิ/จอไม่ติดแต่เครื่องติด/,ชัยภูมิ,จอไม่ติดแต่เครื่องติด,https://ร้านรับซื้อโน๊ตบุ๊ค.com/รับซื้อโน๊ตบุ๊ค/ชัยภูมิ/,https://ร้านรับซื้อโน๊ตบุ๊ค.com/รับซื้อโน๊ตบุ๊ค/จอไม่ติดแต่เครื่องติด/,200 indexable self-canonical,200 indexable self-canonical,high location / low entity,high entity / low location,high,2026-07-03,KEEP_404,high,Both plausible targets preserve only one dimension of the original intent; no single exact target exists.
https://ร้านรับซื้อโน๊ตบุ๊ค.com/รับซื้อโน๊ตบุ๊ค/เพชรบูรณ์/macbook-air-m4/,เพชรบูรณ์,macbook-air-m4,https://ร้านรับซื้อโน๊ตบุ๊ค.com/รับซื้อโน๊ตบุ๊ค/เพชรบูรณ์/,https://ร้านรับซื้อโน๊ตบุ๊ค.com/รับซื้อโน๊ตบุ๊ค/macbook-air-m4/,200 indexable self-canonical,200 indexable self-canonical,high location / low entity,high entity / low location,high,2026-07-03,KEEP_404,high,Both plausible targets preserve only one dimension of the original intent; no single exact target exists.
https://ร้านรับซื้อโน๊ตบุ๊ค.com/รับซื้อโน๊ตบุ๊ค/อุตรดิตถ์/hp-victus-15/,อุตรดิตถ์,hp-victus-15,https://ร้านรับซื้อโน๊ตบุ๊ค.com/รับซื้อโน๊ตบุ๊ค/อุตรดิตถ์/,https://ร้านรับซื้อโน๊ตบุ๊ค.com/รับซื้อโน๊ตบุ๊ค/hp-victus-15/,200 indexable self-canonical,200 indexable self-canonical,high location / low entity,high entity / low location,high,2026-07-03,KEEP_404,high,Both plausible targets preserve only one dimension of the original intent; no single exact target exists.
https://ร้านรับซื้อโน๊ตบุ๊ค.com/รับซื้อโน๊ตบุ๊ค/เชียงราย/กล้องเสีย/,เชียงราย,กล้องเสีย,https://ร้านรับซื้อโน๊ตบุ๊ค.com/รับซื้อโน๊ตบุ๊ค/เชียงราย/,https://ร้านรับซื้อโน๊ตบุ๊ค.com/รับซื้อโน๊ตบุ๊ค/กล้องเสีย/,200 indexable self-canonical,200 indexable self-canonical,high location / low entity,high entity / low location,high,2026-07-03,KEEP_404,high,Both plausible targets preserve only one dimension of the original intent; no single exact target exists.
https://ร้านรับซื้อโน๊ตบุ๊ค.com/รับซื้อโน๊ตบุ๊ค/ปทุมธานี/samsung-galaxy-book/,ปทุมธานี,samsung-galaxy-book,https://ร้านรับซื้อโน๊ตบุ๊ค.com/รับซื้อโน๊ตบุ๊ค/ปทุมธานี/,https://ร้านรับซื้อโน๊ตบุ๊ค.com/รับซื้อโน๊ตบุ๊ค/samsung-galaxy-book/,200 indexable self-canonical,200 indexable self-canonical,high location / low entity,high entity / low location,high,2026-07-03,KEEP_404,high,Both plausible targets preserve only one dimension of the original intent; no single exact target exists.
https://ร้านรับซื้อโน๊ตบุ๊ค.com/รับซื้อโน๊ตบุ๊ค/ราชบุรี/macbook-air-13/,ราชบุรี,macbook-air-13,https://ร้านรับซื้อโน๊ตบุ๊ค.com/รับซื้อโน๊ตบุ๊ค/ราชบุรี/,https://ร้านรับซื้อโน๊ตบุ๊ค.com/รับซื้อโน๊ตบุ๊ค/macbook-air-13/,200 indexable self-canonical,200 indexable self-canonical,high location / low entity,high entity / low location,high,2026-07-03,KEEP_404,high,Both plausible targets preserve only one dimension of the original intent; no single exact target exists.
https://ร้านรับซื้อโน๊ตบุ๊ค.com/รับซื้อโน๊ตบุ๊ค/ร้อยเอ็ด/macbook-air-13/,ร้อยเอ็ด,macbook-air-13,https://ร้านรับซื้อโน๊ตบุ๊ค.com/รับซื้อโน๊ตบุ๊ค/ร้อยเอ็ด/,https://ร้านรับซื้อโน๊ตบุ๊ค.com/รับซื้อโน๊ตบุ๊ค/macbook-air-13/,200 indexable self-canonical,200 indexable self-canonical,high location / low entity,high entity / low location,high,2026-07-03,KEEP_404,high,Both plausible targets preserve only one dimension of the original intent; no single exact target exists.
https://ร้านรับซื้อโน๊ตบุ๊ค.com/รับซื้อโน๊ตบุ๊ค/ลาดพร้าว/ทัชแพดเสีย/,ลาดพร้าว,ทัชแพดเสีย,https://ร้านรับซื้อโน๊ตบุ๊ค.com/รับซื้อโน๊ตบุ๊ค/ลาดพร้าว/,https://ร้านรับซื้อโน๊ตบุ๊ค.com/รับซื้อโน๊ตบุ๊ค/ทัชแพดเสีย/,200 indexable self-canonical,200 indexable self-canonical,high location / low entity,high entity / low location,high,2026-07-03,KEEP_404,high,Both plausible targets preserve only one dimension of the original intent; no single exact target exists.
https://ร้านรับซื้อโน๊ตบุ๊ค.com/รับซื้อโน๊ตบุ๊ค/ภาคอีสาน/พอร์ต-type-c-เสีย/,ภาคอีสาน,พอร์ต-type-c-เสีย,https://ร้านรับซื้อโน๊ตบุ๊ค.com/รับซื้อโน๊ตบุ๊ค/ภาคอีสาน/,https://ร้านรับซื้อโน๊ตบุ๊ค.com/รับซื้อโน๊ตบุ๊ค/พอร์ต-type-c-เสีย/,200 indexable self-canonical,200 indexable self-canonical,high location / low entity,high entity / low location,high,2026-07-03,KEEP_404,high,Both plausible targets preserve only one dimension of the original intent; no single exact target exists.
https://ร้านรับซื้อโน๊ตบุ๊ค.com/รับซื้อโน๊ตบุ๊ค/ตาก/พอร์ต-usb-เสีย/,ตาก,พอร์ต-usb-เสีย,https://ร้านรับซื้อโน๊ตบุ๊ค.com/รับซื้อโน๊ตบุ๊ค/ตาก/,https://ร้านรับซื้อโน๊ตบุ๊ค.com/รับซื้อโน๊ตบุ๊ค/พอร์ต-usb-เสีย/,200 indexable self-canonical,200 indexable self-canonical,high location / low entity,high entity / low location,high,2026-07-03,KEEP_404,high,Both plausible targets preserve only one dimension of the original intent; no single exact target exists.
https://ร้านรับซื้อโน๊ตบุ๊ค.com/รับซื้อโน๊ตบุ๊ค/นครพนม/samsung/,นครพนม,samsung,https://ร้านรับซื้อโน๊ตบุ๊ค.com/รับซื้อโน๊ตบุ๊ค/นครพนม/,https://ร้านรับซื้อโน๊ตบุ๊ค.com/รับซื้อโน๊ตบุ๊ค/samsung/,200 indexable self-canonical,200 indexable self-canonical,high location / low entity,high entity / low location,high,2026-07-03,KEEP_404,high,Both plausible targets preserve only one dimension of the original intent; no single exact target exists.
https://ร้านรับซื้อโน๊ตบุ๊ค.com/รับซื้อโน๊ตบุ๊ค/ขอนแก่น/thinkpad-e14-e15/,ขอนแก่น,thinkpad-e14-e15,https://ร้านรับซื้อโน๊ตบุ๊ค.com/รับซื้อโน๊ตบุ๊ค/ขอนแก่น/,https://ร้านรับซื้อโน๊ตบุ๊ค.com/รับซื้อโน๊ตบุ๊ค/thinkpad-e14-e15/,200 indexable self-canonical,200 indexable self-canonical,high location / low entity,high entity / low location,high,2026-07-03,KEEP_404,high,Both plausible targets preserve only one dimension of the original intent; no single exact target exists.
https://ร้านรับซื้อโน๊ตบุ๊ค.com/รับซื้อโน๊ตบุ๊ค/ประจวบคีรีขันธ์/lenovo-yoga/,ประจวบคีรีขันธ์,lenovo-yoga,https://ร้านรับซื้อโน๊ตบุ๊ค.com/รับซื้อโน๊ตบุ๊ค/ประจวบคีรีขันธ์/,https://ร้านรับซื้อโน๊ตบุ๊ค.com/รับซื้อโน๊ตบุ๊ค/lenovo-yoga/,200 indexable self-canonical,200 indexable self-canonical,high location / low entity,high entity / low location,high,2026-07-03,KEEP_404,high,Both plausible targets preserve only one dimension of the original intent; no single exact target exists.
https://ร้านรับซื้อโน๊ตบุ๊ค.com/รับซื้อโน๊ตบุ๊ค/นนทบุรี/lenovo-legion-slim/,นนทบุรี,lenovo-legion-slim,https://ร้านรับซื้อโน๊ตบุ๊ค.com/รับซื้อโน๊ตบุ๊ค/นนทบุรี/,https://ร้านรับซื้อโน๊ตบุ๊ค.com/รับซื้อโน๊ตบุ๊ค/lenovo-legion-slim/,200 indexable self-canonical,200 indexable self-canonical,high location / low entity,high entity / low location,high,2026-07-03,KEEP_404,high,Both plausible targets preserve only one dimension of the original intent; no single exact target exists.
https://ร้านรับซื้อโน๊ตบุ๊ค.com/รับซื้อโน๊ตบุ๊ค/พังงา/acer-swift/,พังงา,acer-swift,https://ร้านรับซื้อโน๊ตบุ๊ค.com/รับซื้อโน๊ตบุ๊ค/พังงา/,https://ร้านรับซื้อโน๊ตบุ๊ค.com/รับซื้อโน๊ตบุ๊ค/acer-swift/,200 indexable self-canonical,200 indexable self-canonical,high location / low entity,high entity / low location,high,2026-07-03,KEEP_404,high,Both plausible targets preserve only one dimension of the original intent; no single exact target exists.
https://ร้านรับซื้อโน๊ตบุ๊ค.com/รับซื้อโน๊ตบุ๊ค/พะเยา/asus-zephyrus-g14/,พะเยา,asus-zephyrus-g14,https://ร้านรับซื้อโน๊ตบุ๊ค.com/รับซื้อโน๊ตบุ๊ค/พะเยา/,https://ร้านรับซื้อโน๊ตบุ๊ค.com/รับซื้อโน๊ตบุ๊ค/asus-zephyrus-g14/,200 indexable self-canonical,200 indexable self-canonical,high location / low entity,high entity / low location,high,2026-07-03,KEEP_404,high,Both plausible targets preserve only one dimension of the original intent; no single exact target exists.
https://ร้านรับซื้อโน๊ตบุ๊ค.com/รับซื้อโน๊ตบุ๊ค/อ่างทอง/พอร์ต-usb-เสีย/,อ่างทอง,พอร์ต-usb-เสีย,https://ร้านรับซื้อโน๊ตบุ๊ค.com/รับซื้อโน๊ตบุ๊ค/อ่างทอง/,https://ร้านรับซื้อโน๊ตบุ๊ค.com/รับซื้อโน๊ตบุ๊ค/พอร์ต-usb-เสีย/,200 indexable self-canonical,200 indexable self-canonical,high location / low entity,high entity / low location,high,2026-07-03,KEEP_404,high,Both plausible targets preserve only one dimension of the original intent; no single exact target exists.
https://ร้านรับซื้อโน๊ตบุ๊ค.com/รับซื้อโน๊ตบุ๊ค/นครปฐม/thinkpad-x1-carbon/,นครปฐม,thinkpad-x1-carbon,https://ร้านรับซื้อโน๊ตบุ๊ค.com/รับซื้อโน๊ตบุ๊ค/นครปฐม/,https://ร้านรับซื้อโน๊ตบุ๊ค.com/รับซื้อโน๊ตบุ๊ค/thinkpad-x1-carbon/,200 indexable self-canonical,200 indexable self-canonical,high location / low entity,high entity / low location,high,2026-07-03,KEEP_404,high,Both plausible targets preserve only one dimension of the original intent; no single exact target exists.
https://ร้านรับซื้อโน๊ตบุ๊ค.com/รับซื้อโน๊ตบุ๊ค/บุรีรัมย์/บอดี้แตก/,บุรีรัมย์,บอดี้แตก,https://ร้านรับซื้อโน๊ตบุ๊ค.com/รับซื้อโน๊ตบุ๊ค/บุรีรัมย์/,https://ร้านรับซื้อโน๊ตบุ๊ค.com/รับซื้อโน๊ตบุ๊ค/บอดี้แตก/,200 indexable self-canonical,200 indexable self-canonical,high location / low entity,high entity / low location,high,2026-07-03,KEEP_404,high,Both plausible targets preserve only one dimension of the original intent; no single exact target exists.
https://ร้านรับซื้อโน๊ตบุ๊ค.com/รับซื้อโน๊ตบุ๊ค/ยโสธร/macbook-pro-m2/,ยโสธร,macbook-pro-m2,https://ร้านรับซื้อโน๊ตบุ๊ค.com/รับซื้อโน๊ตบุ๊ค/ยโสธร/,https://ร้านรับซื้อโน๊ตบุ๊ค.com/รับซื้อโน๊ตบุ๊ค/macbook-pro-m2/,200 indexable self-canonical,200 indexable self-canonical,high location / low entity,high entity / low location,high,2026-07-03,KEEP_404,high,Both plausible targets preserve only one dimension of the original intent; no single exact target exists.
https://ร้านรับซื้อโน๊ตบุ๊ค.com/รับซื้อโน๊ตบุ๊ค/ฉะเชิงเทรา/asus-zephyrus-g16/,ฉะเชิงเทรา,asus-zephyrus-g16,https://ร้านรับซื้อโน๊ตบุ๊ค.com/รับซื้อโน๊ตบุ๊ค/ฉะเชิงเทรา/,https://ร้านรับซื้อโน๊ตบุ๊ค.com/รับซื้อโน๊ตบุ๊ค/asus-zephyrus-g16/,200 indexable self-canonical,200 indexable self-canonical,high location / low entity,high entity / low location,high,2026-07-03,KEEP_404,high,Both plausible targets preserve only one dimension of the original intent; no single exact target exists.
https://ร้านรับซื้อโน๊ตบุ๊ค.com/รับซื้อโน๊ตบุ๊ค/ตาก/alienware-m15-r7-r8/,ตาก,alienware-m15-r7-r8,https://ร้านรับซื้อโน๊ตบุ๊ค.com/รับซื้อโน๊ตบุ๊ค/ตาก/,https://ร้านรับซื้อโน๊ตบุ๊ค.com/รับซื้อโน๊ตบุ๊ค/alienware-m15-r7-r8/,200 indexable self-canonical,200 indexable self-canonical,high location / low entity,high entity / low location,high,2026-07-03,KEEP_404,high,Both plausible targets preserve only one dimension of the original intent; no single exact target exists.
https://ร้านรับซื้อโน๊ตบุ๊ค.com/รับซื้อโน๊ตบุ๊ค/อำนาจเจริญ/macbook-keyboard-issue/,อำนาจเจริญ,macbook-keyboard-issue,https://ร้านรับซื้อโน๊ตบุ๊ค.com/รับซื้อโน๊ตบุ๊ค/อำนาจเจริญ/,https://ร้านรับซื้อโน๊ตบุ๊ค.com/รับซื้อโน๊ตบุ๊ค/macbook-keyboard-issue/,200 indexable self-canonical,200 indexable self-canonical,high location / low entity,high entity / low location,high,2026-07-03,KEEP_404,high,Both plausible targets preserve only one dimension of the original intent; no single exact target exists.
https://ร้านรับซื้อโน๊ตบุ๊ค.com/รับซื้อโน๊ตบุ๊ค/นครราชสีมา/alienware-m18/,นครราชสีมา,alienware-m18,https://ร้านรับซื้อโน๊ตบุ๊ค.com/รับซื้อโน๊ตบุ๊ค/นครราชสีมา/,https://ร้านรับซื้อโน๊ตบุ๊ค.com/รับซื้อโน๊ตบุ๊ค/alienware-m18/,200 indexable self-canonical,200 indexable self-canonical,high location / low entity,high entity / low location,high,2026-07-03,KEEP_404,high,Both plausible targets preserve only one dimension of the original intent; no single exact target exists.
https://ร้านรับซื้อโน๊ตบุ๊ค.com/รับซื้อโน๊ตบุ๊ค/พิจิตร/asus-zephyrus-g16/,พิจิตร,asus-zephyrus-g16,https://ร้านรับซื้อโน๊ตบุ๊ค.com/รับซื้อโน๊ตบุ๊ค/พิจิตร/,https://ร้านรับซื้อโน๊ตบุ๊ค.com/รับซื้อโน๊ตบุ๊ค/asus-zephyrus-g16/,200 indexable self-canonical,200 indexable self-canonical,high location / low entity,high entity / low location,high,2026-07-03,KEEP_404,high,Both plausible targets preserve only one dimension of the original intent; no single exact target exists.
https://ร้านรับซื้อโน๊ตบุ๊ค.com/รับซื้อโน๊ตบุ๊ค/ระนอง/จอฟ้า/,ระนอง,จอฟ้า,https://ร้านรับซื้อโน๊ตบุ๊ค.com/รับซื้อโน๊ตบุ๊ค/ระนอง/,https://ร้านรับซื้อโน๊ตบุ๊ค.com/รับซื้อโน๊ตบุ๊ค/จอฟ้า/,200 indexable self-canonical,200 indexable self-canonical,high location / low entity,high entity / low location,high,2026-07-03,KEEP_404,high,Both plausible targets preserve only one dimension of the original intent; no single exact target exists.
https://ร้านรับซื้อโน๊ตบุ๊ค.com/รับซื้อโน๊ตบุ๊ค/ลำพูน/hp-omen-16/,ลำพูน,hp-omen-16,https://ร้านรับซื้อโน๊ตบุ๊ค.com/รับซื้อโน๊ตบุ๊ค/ลำพูน/,https://ร้านรับซื้อโน๊ตบุ๊ค.com/รับซื้อโน๊ตบุ๊ค/hp-omen-16/,200 indexable self-canonical,200 indexable self-canonical,high location / low entity,high entity / low location,high,2026-07-03,KEEP_404,high,Both plausible targets preserve only one dimension of the original intent; no single exact target exists.
https://ร้านรับซื้อโน๊ตบุ๊ค.com/รับซื้อโน๊ตบุ๊ค/ศรีสะเกษ/asus-tuf-a15-f15/,ศรีสะเกษ,asus-tuf-a15-f15,https://ร้านรับซื้อโน๊ตบุ๊ค.com/รับซื้อโน๊ตบุ๊ค/ศรีสะเกษ/,https://ร้านรับซื้อโน๊ตบุ๊ค.com/รับซื้อโน๊ตบุ๊ค/asus-tuf-a15-f15/,200 indexable self-canonical,200 indexable self-canonical,high location / low entity,high entity / low location,high,2026-07-03,KEEP_404,high,Both plausible targets preserve only one dimension of the original intent; no single exact target exists.
https://ร้านรับซื้อโน๊ตบุ๊ค.com/รับซื้อโน๊ตบุ๊ค/ภาคอีสาน/lenovo-legion-pro-7/,ภาคอีสาน,lenovo-legion-pro-7,https://ร้านรับซื้อโน๊ตบุ๊ค.com/รับซื้อโน๊ตบุ๊ค/ภาคอีสาน/,https://ร้านรับซื้อโน๊ตบุ๊ค.com/รับซื้อโน๊ตบุ๊ค/lenovo-legion-pro-7/,200 indexable self-canonical,200 indexable self-canonical,high location / low entity,high entity / low location,high,2026-07-03,KEEP_404,high,Both plausible targets preserve only one dimension of the original intent; no single exact target exists.
https://ร้านรับซื้อโน๊ตบุ๊ค.com/รับซื้อโน๊ตบุ๊ค/เชียงราย/macbook-air-m1/,เชียงราย,macbook-air-m1,https://ร้านรับซื้อโน๊ตบุ๊ค.com/รับซื้อโน๊ตบุ๊ค/เชียงราย/,https://ร้านรับซื้อโน๊ตบุ๊ค.com/รับซื้อโน๊ตบุ๊ค/macbook-air-m1/,200 indexable self-canonical,200 indexable self-canonical,high location / low entity,high entity / low location,high,2026-07-03,KEEP_404,high,Both plausible targets preserve only one dimension of the original intent; no single exact target exists.
https://ร้านรับซื้อโน๊ตบุ๊ค.com/รับซื้อโน๊ตบุ๊ค/สุรินทร์/wifi-ไม่ติด/,สุรินทร์,wifi-ไม่ติด,https://ร้านรับซื้อโน๊ตบุ๊ค.com/รับซื้อโน๊ตบุ๊ค/สุรินทร์/,https://ร้านรับซื้อโน๊ตบุ๊ค.com/รับซื้อโน๊ตบุ๊ค/wifi-ไม่ติด/,200 indexable self-canonical,200 indexable self-canonical,high location / low entity,high entity / low location,high,2026-07-03,KEEP_404,high,Both plausible targets preserve only one dimension of the original intent; no single exact target exists.
https://ร้านรับซื้อโน๊ตบุ๊ค.com/รับซื้อโน๊ตบุ๊ค/สระบุรี/macbook-pro-14/,สระบุรี,macbook-pro-14,https://ร้านรับซื้อโน๊ตบุ๊ค.com/รับซื้อโน๊ตบุ๊ค/สระบุรี/,https://ร้านรับซื้อโน๊ตบุ๊ค.com/รับซื้อโน๊ตบุ๊ค/macbook-pro-14/,200 indexable self-canonical,200 indexable self-canonical,high location / low entity,high entity / low location,high,2026-07-03,KEEP_404,high,Both plausible targets preserve only one dimension of the original intent; no single exact target exists.
https://ร้านรับซื้อโน๊ตบุ๊ค.com/รับซื้อโน๊ตบุ๊ค/นครปฐม/hp-omen-17/,นครปฐม,hp-omen-17,https://ร้านรับซื้อโน๊ตบุ๊ค.com/รับซื้อโน๊ตบุ๊ค/นครปฐม/,https://ร้านรับซื้อโน๊ตบุ๊ค.com/รับซื้อโน๊ตบุ๊ค/hp-omen-17/,200 indexable self-canonical,200 indexable self-canonical,high location / low entity,high entity / low location,high,2026-07-03,KEEP_404,high,Both plausible targets preserve only one dimension of the original intent; no single exact target exists.
https://ร้านรับซื้อโน๊ตบุ๊ค.com/รับซื้อโน๊ตบุ๊ค/พิจิตร/macbook-pro-m1/,พิจิตร,macbook-pro-m1,https://ร้านรับซื้อโน๊ตบุ๊ค.com/รับซื้อโน๊ตบุ๊ค/พิจิตร/,https://ร้านรับซื้อโน๊ตบุ๊ค.com/รับซื้อโน๊ตบุ๊ค/macbook-pro-m1/,200 indexable self-canonical,200 indexable self-canonical,high location / low entity,high entity / low location,high,2026-07-03,KEEP_404,high,Both plausible targets preserve only one dimension of the original intent; no single exact target exists.
https://ร้านรับซื้อโน๊ตบุ๊ค.com/รับซื้อโน๊ตบุ๊ค/อุดรธานี/huawei/,อุดรธานี,huawei,https://ร้านรับซื้อโน๊ตบุ๊ค.com/รับซื้อโน๊ตบุ๊ค/อุดรธานี/,https://ร้านรับซื้อโน๊ตบุ๊ค.com/รับซื้อโน๊ตบุ๊ค/huawei/,200 indexable self-canonical,200 indexable self-canonical,high location / low entity,high entity / low location,high,2026-07-03,KEEP_404,high,Both plausible targets preserve only one dimension of the original intent; no single exact target exists.
https://ร้านรับซื้อโน๊ตบุ๊ค.com/รับซื้อโน๊ตบุ๊ค/นครศรีธรรมราช/surface-book/,นครศรีธรรมราช,surface-book,https://ร้านรับซื้อโน๊ตบุ๊ค.com/รับซื้อโน๊ตบุ๊ค/นครศรีธรรมราช/,https://ร้านรับซื้อโน๊ตบุ๊ค.com/รับซื้อโน๊ตบุ๊ค/surface-book/,200 indexable self-canonical,200 indexable self-canonical,high location / low entity,high entity / low location,high,2026-07-03,KEEP_404,high,Both plausible targets preserve only one dimension of the original intent; no single exact target exists.
https://ร้านรับซื้อโน๊ตบุ๊ค.com/รับซื้อโน๊ตบุ๊ค/พระราม2/จอฟ้า/,พระราม2,จอฟ้า,https://ร้านรับซื้อโน๊ตบุ๊ค.com/รับซื้อโน๊ตบุ๊ค/พระราม2/,https://ร้านรับซื้อโน๊ตบุ๊ค.com/รับซื้อโน๊ตบุ๊ค/จอฟ้า/,200 indexable self-canonical,200 indexable self-canonical,high location / low entity,high entity / low location,high,2026-07-03,KEEP_404,high,Both plausible targets preserve only one dimension of the original intent; no single exact target exists.
https://ร้านรับซื้อโน๊ตบุ๊ค.com/รับซื้อโน๊ตบุ๊ค/ศรีสะเกษ/ลำโพงเสีย/,ศรีสะเกษ,ลำโพงเสีย,https://ร้านรับซื้อโน๊ตบุ๊ค.com/รับซื้อโน๊ตบุ๊ค/ศรีสะเกษ/,https://ร้านรับซื้อโน๊ตบุ๊ค.com/รับซื้อโน๊ตบุ๊ค/ลำโพงเสีย/,200 indexable self-canonical,200 indexable self-canonical,high location / low entity,high entity / low location,high,2026-07-03,KEEP_404,high,Both plausible targets preserve only one dimension of the original intent; no single exact target exists.
https://ร้านรับซื้อโน๊ตบุ๊ค.com/รับซื้อโน๊ตบุ๊ค/เพชรบุรี/บลูทูธใช้ไม่ได้/,เพชรบุรี,บลูทูธใช้ไม่ได้,https://ร้านรับซื้อโน๊ตบุ๊ค.com/รับซื้อโน๊ตบุ๊ค/เพชรบุรี/,https://ร้านรับซื้อโน๊ตบุ๊ค.com/รับซื้อโน๊ตบุ๊ค/บลูทูธใช้ไม่ได้/,200 indexable self-canonical,200 indexable self-canonical,high location / low entity,high entity / low location,high,2026-07-03,KEEP_404,high,Both plausible targets preserve only one dimension of the original intent; no single exact target exists.
https://ร้านรับซื้อโน๊ตบุ๊ค.com/รับซื้อโน๊ตบุ๊ค/น่าน/macbook-pro-m4/,น่าน,macbook-pro-m4,https://ร้านรับซื้อโน๊ตบุ๊ค.com/รับซื้อโน๊ตบุ๊ค/น่าน/,https://ร้านรับซื้อโน๊ตบุ๊ค.com/รับซื้อโน๊ตบุ๊ค/macbook-pro-m4/,200 indexable self-canonical,200 indexable self-canonical,high location / low entity,high entity / low location,high,2026-07-03,KEEP_404,high,Both plausible targets preserve only one dimension of the original intent; no single exact target exists.
https://ร้านรับซื้อโน๊ตบุ๊ค.com/รับซื้อโน๊ตบุ๊ค/สกลนคร/hp-victus-15/,สกลนคร,hp-victus-15,https://ร้านรับซื้อโน๊ตบุ๊ค.com/รับซื้อโน๊ตบุ๊ค/สกลนคร/,https://ร้านรับซื้อโน๊ตบุ๊ค.com/รับซื้อโน๊ตบุ๊ค/hp-victus-15/,200 indexable self-canonical,200 indexable self-canonical,high location / low entity,high entity / low location,high,2026-07-03,KEEP_404,high,Both plausible targets preserve only one dimension of the original intent; no single exact target exists.
https://ร้านรับซื้อโน๊ตบุ๊ค.com/รับซื้อโน๊ตบุ๊ค/เลย/asus-zephyrus-g14/,เลย,asus-zephyrus-g14,https://ร้านรับซื้อโน๊ตบุ๊ค.com/รับซื้อโน๊ตบุ๊ค/เลย/,https://ร้านรับซื้อโน๊ตบุ๊ค.com/รับซื้อโน๊ตบุ๊ค/asus-zephyrus-g14/,200 indexable self-canonical,200 indexable self-canonical,high location / low entity,high entity / low location,high,2026-07-03,KEEP_404,high,Both plausible targets preserve only one dimension of the original intent; no single exact target exists.
https://ร้านรับซื้อโน๊ตบุ๊ค.com/รับซื้อโน๊ตบุ๊ค/สุโขทัย/hp-spectre-x360/,สุโขทัย,hp-spectre-x360,https://ร้านรับซื้อโน๊ตบุ๊ค.com/รับซื้อโน๊ตบุ๊ค/สุโขทัย/,https://ร้านรับซื้อโน๊ตบุ๊ค.com/รับซื้อโน๊ตบุ๊ค/hp-spectre-x360/,200 indexable self-canonical,200 indexable self-canonical,high location / low entity,high entity / low location,high,2026-07-03,KEEP_404,high,Both plausible targets preserve only one dimension of the original intent; no single exact target exists.
https://ร้านรับซื้อโน๊ตบุ๊ค.com/รับซื้อโน๊ตบุ๊ค/อุดรธานี/dell-vostro/,อุดรธานี,dell-vostro,https://ร้านรับซื้อโน๊ตบุ๊ค.com/รับซื้อโน๊ตบุ๊ค/อุดรธานี/,https://ร้านรับซื้อโน๊ตบุ๊ค.com/รับซื้อโน๊ตบุ๊ค/dell-vostro/,200 indexable self-canonical,200 indexable self-canonical,high location / low entity,high entity / low location,high,2026-07-03,KEEP_404,high,Both plausible targets preserve only one dimension of the original intent; no single exact target exists.
https://ร้านรับซื้อโน๊ตบุ๊ค.com/รับซื้อโน๊ตบุ๊ค/บุรีรัมย์/msi-cyborg-15/,บุรีรัมย์,msi-cyborg-15,https://ร้านรับซื้อโน๊ตบุ๊ค.com/รับซื้อโน๊ตบุ๊ค/บุรีรัมย์/,https://ร้านรับซื้อโน๊ตบุ๊ค.com/รับซื้อโน๊ตบุ๊ค/msi-cyborg-15/,200 indexable self-canonical,200 indexable self-canonical,high location / low entity,high entity / low location,high,2026-07-03,KEEP_404,high,Both plausible targets preserve only one dimension of the original intent; no single exact target exists.
https://ร้านรับซื้อโน๊ตบุ๊ค.com/รับซื้อโน๊ตบุ๊ค/ลำปาง/hp-omen-transcend/,ลำปาง,hp-omen-transcend,https://ร้านรับซื้อโน๊ตบุ๊ค.com/รับซื้อโน๊ตบุ๊ค/ลำปาง/,https://ร้านรับซื้อโน๊ตบุ๊ค.com/รับซื้อโน๊ตบุ๊ค/hp-omen-transcend/,200 indexable self-canonical,200 indexable self-canonical,high location / low entity,high entity / low location,high,2026-07-03,KEEP_404,high,Both plausible targets preserve only one dimension of the original intent; no single exact target exists.
https://ร้านรับซื้อโน๊ตบุ๊ค.com/รับซื้อโน๊ตบุ๊ค/ร้อยเอ็ด/hp-omen-transcend/,ร้อยเอ็ด,hp-omen-transcend,https://ร้านรับซื้อโน๊ตบุ๊ค.com/รับซื้อโน๊ตบุ๊ค/ร้อยเอ็ด/,https://ร้านรับซื้อโน๊ตบุ๊ค.com/รับซื้อโน๊ตบุ๊ค/hp-omen-transcend/,200 indexable self-canonical,200 indexable self-canonical,high location / low entity,high entity / low location,high,2026-07-03,KEEP_404,high,Both plausible targets preserve only one dimension of the original intent; no single exact target exists.
https://ร้านรับซื้อโน๊ตบุ๊ค.com/รับซื้อโน๊ตบุ๊ค/ราชบุรี/asus-vivobook/,ราชบุรี,asus-vivobook,https://ร้านรับซื้อโน๊ตบุ๊ค.com/รับซื้อโน๊ตบุ๊ค/ราชบุรี/,https://ร้านรับซื้อโน๊ตบุ๊ค.com/รับซื้อโน๊ตบุ๊ค/asus-vivobook/,200 indexable self-canonical,200 indexable self-canonical,high location / low entity,high entity / low location,high,2026-07-03,KEEP_404,high,Both plausible targets preserve only one dimension of the original intent; no single exact target exists.
https://ร้านรับซื้อโน๊ตบุ๊ค.com/รับซื้อโน๊ตบุ๊ค/นครพนม/msi-vector-16-hx/,นครพนม,msi-vector-16-hx,https://ร้านรับซื้อโน๊ตบุ๊ค.com/รับซื้อโน๊ตบุ๊ค/นครพนม/,https://ร้านรับซื้อโน๊ตบุ๊ค.com/รับซื้อโน๊ตบุ๊ค/msi-vector-16-hx/,200 indexable self-canonical,200 indexable self-canonical,high location / low entity,high entity / low location,high,2026-07-03,KEEP_404,high,Both plausible targets preserve only one dimension of the original intent; no single exact target exists.
https://ร้านรับซื้อโน๊ตบุ๊ค.com/รับซื้อโน๊ตบุ๊ค/หาดใหญ่/macbook-pro-m1/,หาดใหญ่,macbook-pro-m1,https://ร้านรับซื้อโน๊ตบุ๊ค.com/รับซื้อโน๊ตบุ๊ค/หาดใหญ่/,https://ร้านรับซื้อโน๊ตบุ๊ค.com/รับซื้อโน๊ตบุ๊ค/macbook-pro-m1/,200 indexable self-canonical,200 indexable self-canonical,high location / low entity,high entity / low location,high,2026-07-03,KEEP_404,high,Both plausible targets preserve only one dimension of the original intent; no single exact target exists.
https://ร้านรับซื้อโน๊ตบุ๊ค.com/รับซื้อโน๊ตบุ๊ค/กาญจนบุรี/asus-tuf-a15-f15/,กาญจนบุรี,asus-tuf-a15-f15,https://ร้านรับซื้อโน๊ตบุ๊ค.com/รับซื้อโน๊ตบุ๊ค/กาญจนบุรี/,https://ร้านรับซื้อโน๊ตบุ๊ค.com/รับซื้อโน๊ตบุ๊ค/asus-tuf-a15-f15/,200 indexable self-canonical,200 indexable self-canonical,high location / low entity,high entity / low location,high,2026-07-03,KEEP_404,high,Both plausible targets preserve only one dimension of the original intent; no single exact target exists.
https://ร้านรับซื้อโน๊ตบุ๊ค.com/รับซื้อโน๊ตบุ๊ค/สุโขทัย/dell-latitude/,สุโขทัย,dell-latitude,https://ร้านรับซื้อโน๊ตบุ๊ค.com/รับซื้อโน๊ตบุ๊ค/สุโขทัย/,https://ร้านรับซื้อโน๊ตบุ๊ค.com/รับซื้อโน๊ตบุ๊ค/dell-latitude/,200 indexable self-canonical,200 indexable self-canonical,high location / low entity,high entity / low location,high,2026-07-03,KEEP_404,high,Both plausible targets preserve only one dimension of the original intent; no single exact target exists.
https://ร้านรับซื้อโน๊ตบุ๊ค.com/รับซื้อโน๊ตบุ๊ค/อำนาจเจริญ/macbook-air-15/,อำนาจเจริญ,macbook-air-15,https://ร้านรับซื้อโน๊ตบุ๊ค.com/รับซื้อโน๊ตบุ๊ค/อำนาจเจริญ/,https://ร้านรับซื้อโน๊ตบุ๊ค.com/รับซื้อโน๊ตบุ๊ค/macbook-air-15/,200 indexable self-canonical,200 indexable self-canonical,high location / low entity,high entity / low location,high,2026-07-03,KEEP_404,high,Both plausible targets preserve only one dimension of the original intent; no single exact target exists.
https://ร้านรับซื้อโน๊ตบุ๊ค.com/รับซื้อโน๊ตบุ๊ค/ลพบุรี/ลำโพงเสีย/,ลพบุรี,ลำโพงเสีย,https://ร้านรับซื้อโน๊ตบุ๊ค.com/รับซื้อโน๊ตบุ๊ค/ลพบุรี/,https://ร้านรับซื้อโน๊ตบุ๊ค.com/รับซื้อโน๊ตบุ๊ค/ลำโพงเสีย/,200 indexable self-canonical,200 indexable self-canonical,high location / low entity,high entity / low location,high,2026-07-03,KEEP_404,high,Both plausible targets preserve only one dimension of the original intent; no single exact target exists.
https://ร้านรับซื้อโน๊ตบุ๊ค.com/รับซื้อโน๊ตบุ๊ค/นนทบุรี/hp-envy-x360/,นนทบุรี,hp-envy-x360,https://ร้านรับซื้อโน๊ตบุ๊ค.com/รับซื้อโน๊ตบุ๊ค/นนทบุรี/,https://ร้านรับซื้อโน๊ตบุ๊ค.com/รับซื้อโน๊ตบุ๊ค/hp-envy-x360/,200 indexable self-canonical,200 indexable self-canonical,high location / low entity,high entity / low location,high,2026-07-03,KEEP_404,high,Both plausible targets preserve only one dimension of the original intent; no single exact target exists.
https://ร้านรับซื้อโน๊ตบุ๊ค.com/รับซื้อโน๊ตบุ๊ค/รังสิต/lenovo-legion-5/,รังสิต,lenovo-legion-5,https://ร้านรับซื้อโน๊ตบุ๊ค.com/รับซื้อโน๊ตบุ๊ค/รังสิต/,https://ร้านรับซื้อโน๊ตบุ๊ค.com/รับซื้อโน๊ตบุ๊ค/lenovo-legion-5/,200 indexable self-canonical,200 indexable self-canonical,high location / low entity,high entity / low location,high,2026-07-03,KEEP_404,high,Both plausible targets preserve only one dimension of the original intent; no single exact target exists.
https://ร้านรับซื้อโน๊ตบุ๊ค.com/รับซื้อโน๊ตบุ๊ค/น่าน/hdmi-เสีย/,น่าน,hdmi-เสีย,https://ร้านรับซื้อโน๊ตบุ๊ค.com/รับซื้อโน๊ตบุ๊ค/น่าน/,https://ร้านรับซื้อโน๊ตบุ๊ค.com/รับซื้อโน๊ตบุ๊ค/hdmi-เสีย/,200 indexable self-canonical,200 indexable self-canonical,high location / low entity,high entity / low location,high,2026-07-03,KEEP_404,high,Both plausible targets preserve only one dimension of the original intent; no single exact target exists.
https://ร้านรับซื้อโน๊ตบุ๊ค.com/รับซื้อโน๊ตบุ๊ค/ปัตตานี/พัดลมดัง/,ปัตตานี,พัดลมดัง,https://ร้านรับซื้อโน๊ตบุ๊ค.com/รับซื้อโน๊ตบุ๊ค/ปัตตานี/,https://ร้านรับซื้อโน๊ตบุ๊ค.com/รับซื้อโน๊ตบุ๊ค/พัดลมดัง/,200 indexable self-canonical,200 indexable self-canonical,high location / low entity,high entity / low location,high,2026-07-03,KEEP_404,high,Both plausible targets preserve only one dimension of the original intent; no single exact target exists.
https://ร้านรับซื้อโน๊ตบุ๊ค.com/รับซื้อโน๊ตบุ๊ค/นราธิวาส/macbook-pro-m1/,นราธิวาส,macbook-pro-m1,https://ร้านรับซื้อโน๊ตบุ๊ค.com/รับซื้อโน๊ตบุ๊ค/นราธิวาส/,https://ร้านรับซื้อโน๊ตบุ๊ค.com/รับซื้อโน๊ตบุ๊ค/macbook-pro-m1/,200 indexable self-canonical,200 indexable self-canonical,high location / low entity,high entity / low location,high,2026-07-03,KEEP_404,high,Both plausible targets preserve only one dimension of the original intent; no single exact target exists.
https://ร้านรับซื้อโน๊ตบุ๊ค.com/รับซื้อโน๊ตบุ๊ค/สุโขทัย/macbook-pro-m5/,สุโขทัย,macbook-pro-m5,https://ร้านรับซื้อโน๊ตบุ๊ค.com/รับซื้อโน๊ตบุ๊ค/สุโขทัย/,https://ร้านรับซื้อโน๊ตบุ๊ค.com/รับซื้อโน๊ตบุ๊ค/macbook-pro-m5/,200 indexable self-canonical,200 indexable self-canonical,high location / low entity,high entity / low location,high,2026-07-03,KEEP_404,high,Both plausible targets preserve only one dimension of the original intent; no single exact target exists.
https://ร้านรับซื้อโน๊ตบุ๊ค.com/รับซื้อโน๊ตบุ๊ค/ชลบุรี/ฝาหลังบวม/,ชลบุรี,ฝาหลังบวม,https://ร้านรับซื้อโน๊ตบุ๊ค.com/รับซื้อโน๊ตบุ๊ค/ชลบุรี/,https://ร้านรับซื้อโน๊ตบุ๊ค.com/รับซื้อโน๊ตบุ๊ค/ฝาหลังบวม/,200 indexable self-canonical,200 indexable self-canonical,high location / low entity,high entity / low location,high,2026-07-03,KEEP_404,high,Both plausible targets preserve only one dimension of the original intent; no single exact target exists.
https://ร้านรับซื้อโน๊ตบุ๊ค.com/รับซื้อโน๊ตบุ๊ค/สมุทรปราการ/lenovo-legion-pro/,สมุทรปราการ,lenovo-legion-pro,https://ร้านรับซื้อโน๊ตบุ๊ค.com/รับซื้อโน๊ตบุ๊ค/สมุทรปราการ/,https://ร้านรับซื้อโน๊ตบุ๊ค.com/รับซื้อโน๊ตบุ๊ค/lenovo-legion-pro/,200 indexable self-canonical,200 indexable self-canonical,high location / low entity,high entity / low location,high,2026-07-03,KEEP_404,high,Both plausible targets preserve only one dimension of the original intent; no single exact target exists.
https://ร้านรับซื้อโน๊ตบุ๊ค.com/รับซื้อโน๊ตบุ๊ค/ปราจีนบุรี/macbook-air-m1/,ปราจีนบุรี,macbook-air-m1,https://ร้านรับซื้อโน๊ตบุ๊ค.com/รับซื้อโน๊ตบุ๊ค/ปราจีนบุรี/,https://ร้านรับซื้อโน๊ตบุ๊ค.com/รับซื้อโน๊ตบุ๊ค/macbook-air-m1/,200 indexable self-canonical,200 indexable self-canonical,high location / low entity,high entity / low location,high,2026-07-03,KEEP_404,high,Both plausible targets preserve only one dimension of the original intent; no single exact target exists.
https://ร้านรับซื้อโน๊ตบุ๊ค.com/รับซื้อโน๊ตบุ๊ค/น่าน/msi-raider-18/,น่าน,msi-raider-18,https://ร้านรับซื้อโน๊ตบุ๊ค.com/รับซื้อโน๊ตบุ๊ค/น่าน/,https://ร้านรับซื้อโน๊ตบุ๊ค.com/รับซื้อโน๊ตบุ๊ค/msi-raider-18/,200 indexable self-canonical,200 indexable self-canonical,high location / low entity,high entity / low location,high,2026-07-03,KEEP_404,high,Both plausible targets preserve only one dimension of the original intent; no single exact target exists.
https://ร้านรับซื้อโน๊ตบุ๊ค.com/รับซื้อโน๊ตบุ๊ค/สมุทรสาคร/macbook-keyboard-issue/,สมุทรสาคร,macbook-keyboard-issue,https://ร้านรับซื้อโน๊ตบุ๊ค.com/รับซื้อโน๊ตบุ๊ค/สมุทรสาคร/,https://ร้านรับซื้อโน๊ตบุ๊ค.com/รับซื้อโน๊ตบุ๊ค/macbook-keyboard-issue/,200 indexable self-canonical,200 indexable self-canonical,high location / low entity,high entity / low location,high,2026-07-03,KEEP_404,high,Both plausible targets preserve only one dimension of the original intent; no single exact target exists.
https://ร้านรับซื้อโน๊ตบุ๊ค.com/รับซื้อโน๊ตบุ๊ค/ชุมพร/surface-pro/,ชุมพร,surface-pro,https://ร้านรับซื้อโน๊ตบุ๊ค.com/รับซื้อโน๊ตบุ๊ค/ชุมพร/,https://ร้านรับซื้อโน๊ตบุ๊ค.com/รับซื้อโน๊ตบุ๊ค/surface-pro/,200 indexable self-canonical,200 indexable self-canonical,high location / low entity,high entity / low location,high,2026-07-03,KEEP_404,high,Both plausible targets preserve only one dimension of the original intent; no single exact target exists.
https://ร้านรับซื้อโน๊ตบุ๊ค.com/รับซื้อโน๊ตบุ๊ค/ราชบุรี/surface-laptop-go/,ราชบุรี,surface-laptop-go,https://ร้านรับซื้อโน๊ตบุ๊ค.com/รับซื้อโน๊ตบุ๊ค/ราชบุรี/,https://ร้านรับซื้อโน๊ตบุ๊ค.com/รับซื้อโน๊ตบุ๊ค/surface-laptop-go/,200 indexable self-canonical,200 indexable self-canonical,high location / low entity,high entity / low location,high,2026-07-03,KEEP_404,high,Both plausible targets preserve only one dimension of the original intent; no single exact target exists.
https://ร้านรับซื้อโน๊ตบุ๊ค.com/รับซื้อโน๊ตบุ๊ค/ระยอง/wifi-ไม่ติด/,ระยอง,wifi-ไม่ติด,https://ร้านรับซื้อโน๊ตบุ๊ค.com/รับซื้อโน๊ตบุ๊ค/ระยอง/,https://ร้านรับซื้อโน๊ตบุ๊ค.com/รับซื้อโน๊ตบุ๊ค/wifi-ไม่ติด/,200 indexable self-canonical,200 indexable self-canonical,high location / low entity,high entity / low location,high,2026-07-03,KEEP_404,high,Both plausible targets preserve only one dimension of the original intent; no single exact target exists.
https://ร้านรับซื้อโน๊ตบุ๊ค.com/รับซื้อโน๊ตบุ๊ค/เลย/msi-raider-18/,เลย,msi-raider-18,https://ร้านรับซื้อโน๊ตบุ๊ค.com/รับซื้อโน๊ตบุ๊ค/เลย/,https://ร้านรับซื้อโน๊ตบุ๊ค.com/รับซื้อโน๊ตบุ๊ค/msi-raider-18/,200 indexable self-canonical,200 indexable self-canonical,high location / low entity,high entity / low location,high,2026-07-03,KEEP_404,high,Both plausible targets preserve only one dimension of the original intent; no single exact target exists.
https://ร้านรับซื้อโน๊ตบุ๊ค.com/รับซื้อโน๊ตบุ๊ค/ลำพูน/huawei/,ลำพูน,huawei,https://ร้านรับซื้อโน๊ตบุ๊ค.com/รับซื้อโน๊ตบุ๊ค/ลำพูน/,https://ร้านรับซื้อโน๊ตบุ๊ค.com/รับซื้อโน๊ตบุ๊ค/huawei/,200 indexable self-canonical,200 indexable self-canonical,high location / low entity,high entity / low location,high,2026-07-03,KEEP_404,high,Both plausible targets preserve only one dimension of the original intent; no single exact target exists.
https://ร้านรับซื้อโน๊ตบุ๊ค.com/รับซื้อโน๊ตบุ๊ค/อำนาจเจริญ/acer-nitro-v/,อำนาจเจริญ,acer-nitro-v,https://ร้านรับซื้อโน๊ตบุ๊ค.com/รับซื้อโน๊ตบุ๊ค/อำนาจเจริญ/,https://ร้านรับซื้อโน๊ตบุ๊ค.com/รับซื้อโน๊ตบุ๊ค/acer-nitro-v/,200 indexable self-canonical,200 indexable self-canonical,high location / low entity,high entity / low location,high,2026-07-03,KEEP_404,high,Both plausible targets preserve only one dimension of the original intent; no single exact target exists.
https://ร้านรับซื้อโน๊ตบุ๊ค.com/รับซื้อโน๊ตบุ๊ค/ลพบุรี/hp-omen-16/,ลพบุรี,hp-omen-16,https://ร้านรับซื้อโน๊ตบุ๊ค.com/รับซื้อโน๊ตบุ๊ค/ลพบุรี/,https://ร้านรับซื้อโน๊ตบุ๊ค.com/รับซื้อโน๊ตบุ๊ค/hp-omen-16/,200 indexable self-canonical,200 indexable self-canonical,high location / low entity,high entity / low location,high,2026-07-03,KEEP_404,high,Both plausible targets preserve only one dimension of the original intent; no single exact target exists.
https://ร้านรับซื้อโน๊ตบุ๊ค.com/รับซื้อโน๊ตบุ๊ค/แม่ฮ่องสอน/hp-envy-x360/,แม่ฮ่องสอน,hp-envy-x360,https://ร้านรับซื้อโน๊ตบุ๊ค.com/รับซื้อโน๊ตบุ๊ค/แม่ฮ่องสอน/,https://ร้านรับซื้อโน๊ตบุ๊ค.com/รับซื้อโน๊ตบุ๊ค/hp-envy-x360/,200 indexable self-canonical,200 indexable self-canonical,high location / low entity,high entity / low location,high,2026-07-03,KEEP_404,high,Both plausible targets preserve only one dimension of the original intent; no single exact target exists.
https://ร้านรับซื้อโน๊ตบุ๊ค.com/รับซื้อโน๊ตบุ๊ค/รามคำแหง/asus-rog-ally-x/,รามคำแหง,asus-rog-ally-x,https://ร้านรับซื้อโน๊ตบุ๊ค.com/รับซื้อโน๊ตบุ๊ค/รามคำแหง/,https://ร้านรับซื้อโน๊ตบุ๊ค.com/รับซื้อโน๊ตบุ๊ค/asus-rog-ally-x/,200 indexable self-canonical,200 indexable self-canonical,high location / low entity,high entity / low location,high,2026-07-03,KEEP_404,high,Both plausible targets preserve only one dimension of the original intent; no single exact target exists.
https://ร้านรับซื้อโน๊ตบุ๊ค.com/รับซื้อโน๊ตบุ๊ค/พัทยา/macbook-charge-port/,พัทยา,macbook-charge-port,https://ร้านรับซื้อโน๊ตบุ๊ค.com/รับซื้อโน๊ตบุ๊ค/พัทยา/,https://ร้านรับซื้อโน๊ตบุ๊ค.com/รับซื้อโน๊ตบุ๊ค/macbook-charge-port/,200 indexable self-canonical,200 indexable self-canonical,high location / low entity,high entity / low location,high,2026-07-03,KEEP_404,high,Both plausible targets preserve only one dimension of the original intent; no single exact target exists.
https://ร้านรับซื้อโน๊ตบุ๊ค.com/รับซื้อโน๊ตบุ๊ค/ห้วยขวาง/lenovo-legion-5/,ห้วยขวาง,lenovo-legion-5,https://ร้านรับซื้อโน๊ตบุ๊ค.com/รับซื้อโน๊ตบุ๊ค/ห้วยขวาง/,https://ร้านรับซื้อโน๊ตบุ๊ค.com/รับซื้อโน๊ตบุ๊ค/lenovo-legion-5/,200 indexable self-canonical,200 indexable self-canonical,high location / low entity,high entity / low location,high,2026-07-03,KEEP_404,high,Both plausible targets preserve only one dimension of the original intent; no single exact target exists.
https://ร้านรับซื้อโน๊ตบุ๊ค.com/รับซื้อโน๊ตบุ๊ค/พัทลุง/ลำโพงเสีย/,พัทลุง,ลำโพงเสีย,https://ร้านรับซื้อโน๊ตบุ๊ค.com/รับซื้อโน๊ตบุ๊ค/พัทลุง/,https://ร้านรับซื้อโน๊ตบุ๊ค.com/รับซื้อโน๊ตบุ๊ค/ลำโพงเสีย/,200 indexable self-canonical,200 indexable self-canonical,high location / low entity,high entity / low location,high,2026-07-03,KEEP_404,high,Both plausible targets preserve only one dimension of the original intent; no single exact target exists.
https://ร้านรับซื้อโน๊ตบุ๊ค.com/รับซื้อโน๊ตบุ๊ค/กำแพงเพชร/hp-victus-16/,กำแพงเพชร,hp-victus-16,https://ร้านรับซื้อโน๊ตบุ๊ค.com/รับซื้อโน๊ตบุ๊ค/กำแพงเพชร/,https://ร้านรับซื้อโน๊ตบุ๊ค.com/รับซื้อโน๊ตบุ๊ค/hp-victus-16/,200 indexable self-canonical,200 indexable self-canonical,high location / low entity,high entity / low location,high,2026-07-03,KEEP_404,high,Both plausible targets preserve only one dimension of the original intent; no single exact target exists.
https://ร้านรับซื้อโน๊ตบุ๊ค.com/รับซื้อโน๊ตบุ๊ค/นนทบุรี/hp-probook/,นนทบุรี,hp-probook,https://ร้านรับซื้อโน๊ตบุ๊ค.com/รับซื้อโน๊ตบุ๊ค/นนทบุรี/,https://ร้านรับซื้อโน๊ตบุ๊ค.com/รับซื้อโน๊ตบุ๊ค/hp-probook/,200 indexable self-canonical,200 indexable self-canonical,high location / low entity,high entity / low location,high,2026-07-03,KEEP_404,high,Both plausible targets preserve only one dimension of the original intent; no single exact target exists.
https://ร้านรับซื้อโน๊ตบุ๊ค.com/รับซื้อโน๊ตบุ๊ค/แม่ฮ่องสอน/hp-victus-17/,แม่ฮ่องสอน,hp-victus-17,https://ร้านรับซื้อโน๊ตบุ๊ค.com/รับซื้อโน๊ตบุ๊ค/แม่ฮ่องสอน/,https://ร้านรับซื้อโน๊ตบุ๊ค.com/รับซื้อโน๊ตบุ๊ค/hp-victus-17/,200 indexable self-canonical,200 indexable self-canonical,high location / low entity,high entity / low location,high,2026-07-03,KEEP_404,high,Both plausible targets preserve only one dimension of the original intent; no single exact target exists.
https://ร้านรับซื้อโน๊ตบุ๊ค.com/รับซื้อโน๊ตบุ๊ค/เชียงราย/จอไม่ติดแต่เครื่องติด/,เชียงราย,จอไม่ติดแต่เครื่องติด,https://ร้านรับซื้อโน๊ตบุ๊ค.com/รับซื้อโน๊ตบุ๊ค/เชียงราย/,https://ร้านรับซื้อโน๊ตบุ๊ค.com/รับซื้อโน๊ตบุ๊ค/จอไม่ติดแต่เครื่องติด/,200 indexable self-canonical,200 indexable self-canonical,high location / low entity,high entity / low location,high,2026-07-03,KEEP_404,high,Both plausible targets preserve only one dimension of the original intent; no single exact target exists.
https://ร้านรับซื้อโน๊ตบุ๊ค.com/รับซื้อโน๊ตบุ๊ค/อุบลราชธานี/acer-travelmate/,อุบลราชธานี,acer-travelmate,https://ร้านรับซื้อโน๊ตบุ๊ค.com/รับซื้อโน๊ตบุ๊ค/อุบลราชธานี/,https://ร้านรับซื้อโน๊ตบุ๊ค.com/รับซื้อโน๊ตบุ๊ค/acer-travelmate/,200 indexable self-canonical,200 indexable self-canonical,high location / low entity,high entity / low location,high,2026-07-03,KEEP_404,high,Both plausible targets preserve only one dimension of the original intent; no single exact target exists.
https://ร้านรับซื้อโน๊ตบุ๊ค.com/รับซื้อโน๊ตบุ๊ค/สมุทรปราการ/lenovo-yoga/,สมุทรปราการ,lenovo-yoga,https://ร้านรับซื้อโน๊ตบุ๊ค.com/รับซื้อโน๊ตบุ๊ค/สมุทรปราการ/,https://ร้านรับซื้อโน๊ตบุ๊ค.com/รับซื้อโน๊ตบุ๊ค/lenovo-yoga/,200 indexable self-canonical,200 indexable self-canonical,high location / low entity,high entity / low location,high,2026-07-03,KEEP_404,high,Both plausible targets preserve only one dimension of the original intent; no single exact target exists.
https://ร้านรับซื้อโน๊ตบุ๊ค.com/รับซื้อโน๊ตบุ๊ค/สุโขทัย/surface-pro/,สุโขทัย,surface-pro,https://ร้านรับซื้อโน๊ตบุ๊ค.com/รับซื้อโน๊ตบุ๊ค/สุโขทัย/,https://ร้านรับซื้อโน๊ตบุ๊ค.com/รับซื้อโน๊ตบุ๊ค/surface-pro/,200 indexable self-canonical,200 indexable self-canonical,high location / low entity,high entity / low location,high,2026-07-03,KEEP_404,high,Both plausible targets preserve only one dimension of the original intent; no single exact target exists.
https://ร้านรับซื้อโน๊ตบุ๊ค.com/รับซื้อโน๊ตบุ๊ค/สกลนคร/hp-spectre-x360/,สกลนคร,hp-spectre-x360,https://ร้านรับซื้อโน๊ตบุ๊ค.com/รับซื้อโน๊ตบุ๊ค/สกลนคร/,https://ร้านรับซื้อโน๊ตบุ๊ค.com/รับซื้อโน๊ตบุ๊ค/hp-spectre-x360/,200 indexable self-canonical,200 indexable self-canonical,high location / low entity,high entity / low location,high,2026-07-03,KEEP_404,high,Both plausible targets preserve only one dimension of the original intent; no single exact target exists.
https://ร้านรับซื้อโน๊ตบุ๊ค.com/รับซื้อโน๊ตบุ๊ค/หาดใหญ่/จอมีเส้น/,หาดใหญ่,จอมีเส้น,https://ร้านรับซื้อโน๊ตบุ๊ค.com/รับซื้อโน๊ตบุ๊ค/หาดใหญ่/,https://ร้านรับซื้อโน๊ตบุ๊ค.com/รับซื้อโน๊ตบุ๊ค/จอมีเส้น/,200 indexable self-canonical,200 indexable self-canonical,high location / low entity,high entity / low location,high,2026-07-03,KEEP_404,high,Both plausible targets preserve only one dimension of the original intent; no single exact target exists.
https://ร้านรับซื้อโน๊ตบุ๊ค.com/รับซื้อโน๊ตบุ๊ค/เพชรบุรี/macbook-pro-16/,เพชรบุรี,macbook-pro-16,https://ร้านรับซื้อโน๊ตบุ๊ค.com/รับซื้อโน๊ตบุ๊ค/เพชรบุรี/,https://ร้านรับซื้อโน๊ตบุ๊ค.com/รับซื้อโน๊ตบุ๊ค/macbook-pro-16/,200 indexable self-canonical,200 indexable self-canonical,high location / low entity,high entity / low location,high,2026-07-03,KEEP_404,high,Both plausible targets preserve only one dimension of the original intent; no single exact target exists.
https://ร้านรับซื้อโน๊ตบุ๊ค.com/รับซื้อโน๊ตบุ๊ค/รังสิต/macbook-air-m1/,รังสิต,macbook-air-m1,https://ร้านรับซื้อโน๊ตบุ๊ค.com/รับซื้อโน๊ตบุ๊ค/รังสิต/,https://ร้านรับซื้อโน๊ตบุ๊ค.com/รับซื้อโน๊ตบุ๊ค/macbook-air-m1/,200 indexable self-canonical,200 indexable self-canonical,high location / low entity,high entity / low location,high,2026-07-03,KEEP_404,high,Both plausible targets preserve only one dimension of the original intent; no single exact target exists.
https://ร้านรับซื้อโน๊ตบุ๊ค.com/รับซื้อโน๊ตบุ๊ค/ประจวบคีรีขันธ์/msi-vector-16-hx/,ประจวบคีรีขันธ์,msi-vector-16-hx,https://ร้านรับซื้อโน๊ตบุ๊ค.com/รับซื้อโน๊ตบุ๊ค/ประจวบคีรีขันธ์/,https://ร้านรับซื้อโน๊ตบุ๊ค.com/รับซื้อโน๊ตบุ๊ค/msi-vector-16-hx/,200 indexable self-canonical,200 indexable self-canonical,high location / low entity,high entity / low location,high,2026-07-03,KEEP_404,high,Both plausible targets preserve only one dimension of the original intent; no single exact target exists.
https://ร้านรับซื้อโน๊ตบุ๊ค.com/รับซื้อโน๊ตบุ๊ค/อุบลราชธานี/asus-rog-flow/,อุบลราชธานี,asus-rog-flow,https://ร้านรับซื้อโน๊ตบุ๊ค.com/รับซื้อโน๊ตบุ๊ค/อุบลราชธานี/,https://ร้านรับซื้อโน๊ตบุ๊ค.com/รับซื้อโน๊ตบุ๊ค/asus-rog-flow/,200 indexable self-canonical,200 indexable self-canonical,high location / low entity,high entity / low location,high,2026-07-03,KEEP_404,high,Both plausible targets preserve only one dimension of the original intent; no single exact target exists.
https://ร้านรับซื้อโน๊ตบุ๊ค.com/รับซื้อโน๊ตบุ๊ค/พิษณุโลก/macbook-air-15/,พิษณุโลก,macbook-air-15,https://ร้านรับซื้อโน๊ตบุ๊ค.com/รับซื้อโน๊ตบุ๊ค/พิษณุโลก/,https://ร้านรับซื้อโน๊ตบุ๊ค.com/รับซื้อโน๊ตบุ๊ค/macbook-air-15/,200 indexable self-canonical,200 indexable self-canonical,high location / low entity,high entity / low location,high,2026-07-03,KEEP_404,high,Both plausible targets preserve only one dimension of the original intent; no single exact target exists.
https://ร้านรับซื้อโน๊ตบุ๊ค.com/รับซื้อโน๊ตบุ๊ค/สิงห์บุรี/honor-magicbook/,สิงห์บุรี,honor-magicbook,https://ร้านรับซื้อโน๊ตบุ๊ค.com/รับซื้อโน๊ตบุ๊ค/สิงห์บุรี/,https://ร้านรับซื้อโน๊ตบุ๊ค.com/รับซื้อโน๊ตบุ๊ค/honor-magicbook/,200 indexable self-canonical,200 indexable self-canonical,high location / low entity,high entity / low location,high,2026-07-03,KEEP_404,high,Both plausible targets preserve only one dimension of the original intent; no single exact target exists.
https://ร้านรับซื้อโน๊ตบุ๊ค.com/รับซื้อโน๊ตบุ๊ค/พิจิตร/lenovo-thinkbook/,พิจิตร,lenovo-thinkbook,https://ร้านรับซื้อโน๊ตบุ๊ค.com/รับซื้อโน๊ตบุ๊ค/พิจิตร/,https://ร้านรับซื้อโน๊ตบุ๊ค.com/รับซื้อโน๊ตบุ๊ค/lenovo-thinkbook/,200 indexable self-canonical,200 indexable self-canonical,high location / low entity,high entity / low location,high,2026-07-03,KEEP_404,high,Both plausible targets preserve only one dimension of the original intent; no single exact target exists.
https://ร้านรับซื้อโน๊ตบุ๊ค.com/รับซื้อโน๊ตบุ๊ค/รังสิต/พอร์ตแลนเสีย/,รังสิต,พอร์ตแลนเสีย,https://ร้านรับซื้อโน๊ตบุ๊ค.com/รับซื้อโน๊ตบุ๊ค/รังสิต/,https://ร้านรับซื้อโน๊ตบุ๊ค.com/รับซื้อโน๊ตบุ๊ค/พอร์ตแลนเสีย/,200 indexable self-canonical,200 indexable self-canonical,high location / low entity,high entity / low location,high,2026-07-03,KEEP_404,high,Both plausible targets preserve only one dimension of the original intent; no single exact target exists.
https://ร้านรับซื้อโน๊ตบุ๊ค.com/รับซื้อโน๊ตบุ๊ค/อยุธยา/surface-laptop-go/,อยุธยา,surface-laptop-go,https://ร้านรับซื้อโน๊ตบุ๊ค.com/รับซื้อโน๊ตบุ๊ค/อยุธยา/,https://ร้านรับซื้อโน๊ตบุ๊ค.com/รับซื้อโน๊ตบุ๊ค/surface-laptop-go/,200 indexable self-canonical,200 indexable self-canonical,high location / low entity,high entity / low location,high,2026-07-03,KEEP_404,high,Both plausible targets preserve only one dimension of the original intent; no single exact target exists.
https://ร้านรับซื้อโน๊ตบุ๊ค.com/รับซื้อโน๊ตบุ๊ค/พระราม2/lenovo-yoga/,พระราม2,lenovo-yoga,https://ร้านรับซื้อโน๊ตบุ๊ค.com/รับซื้อโน๊ตบุ๊ค/พระราม2/,https://ร้านรับซื้อโน๊ตบุ๊ค.com/รับซื้อโน๊ตบุ๊ค/lenovo-yoga/,200 indexable self-canonical,200 indexable self-canonical,high location / low entity,high entity / low location,high,2026-07-03,KEEP_404,high,Both plausible targets preserve only one dimension of the original intent; no single exact target exists.
https://ร้านรับซื้อโน๊ตบุ๊ค.com/รับซื้อโน๊ตบุ๊ค/ระยอง/razer-blade/,ระยอง,razer-blade,https://ร้านรับซื้อโน๊ตบุ๊ค.com/รับซื้อโน๊ตบุ๊ค/ระยอง/,https://ร้านรับซื้อโน๊ตบุ๊ค.com/รับซื้อโน๊ตบุ๊ค/razer-blade/,200 indexable self-canonical,200 indexable self-canonical,high location / low entity,high entity / low location,high,2026-07-03,KEEP_404,high,Both plausible targets preserve only one dimension of the original intent; no single exact target exists.
https://ร้านรับซื้อโน๊ตบุ๊ค.com/รับซื้อโน๊ตบุ๊ค/พัทยา/thinkpad-x1-carbon/,พัทยา,thinkpad-x1-carbon,https://ร้านรับซื้อโน๊ตบุ๊ค.com/รับซื้อโน๊ตบุ๊ค/พัทยา/,https://ร้านรับซื้อโน๊ตบุ๊ค.com/รับซื้อโน๊ตบุ๊ค/thinkpad-x1-carbon/,200 indexable self-canonical,200 indexable self-canonical,high location / low entity,high entity / low location,high,2026-07-03,KEEP_404,high,Both plausible targets preserve only one dimension of the original intent; no single exact target exists.
https://ร้านรับซื้อโน๊ตบุ๊ค.com/รับซื้อโน๊ตบุ๊ค/เชียงใหม่/msi-stealth-14/,เชียงใหม่,msi-stealth-14,https://ร้านรับซื้อโน๊ตบุ๊ค.com/รับซื้อโน๊ตบุ๊ค/เชียงใหม่/,https://ร้านรับซื้อโน๊ตบุ๊ค.com/รับซื้อโน๊ตบุ๊ค/msi-stealth-14/,200 indexable self-canonical,200 indexable self-canonical,high location / low entity,high entity / low location,high,2026-07-03,KEEP_404,high,Both plausible targets preserve only one dimension of the original intent; no single exact target exists.
https://ร้านรับซื้อโน๊ตบุ๊ค.com/รับซื้อโน๊ตบุ๊ค/ตราด/acer-nitro-17/,ตราด,acer-nitro-17,https://ร้านรับซื้อโน๊ตบุ๊ค.com/รับซื้อโน๊ตบุ๊ค/ตราด/,https://ร้านรับซื้อโน๊ตบุ๊ค.com/รับซื้อโน๊ตบุ๊ค/acer-nitro-17/,200 indexable self-canonical,200 indexable self-canonical,high location / low entity,high entity / low location,high,2026-07-03,KEEP_404,high,Both plausible targets preserve only one dimension of the original intent; no single exact target exists.
https://ร้านรับซื้อโน๊ตบุ๊ค.com/รับซื้อโน๊ตบุ๊ค/ระนอง/macbook-pro-16/,ระนอง,macbook-pro-16,https://ร้านรับซื้อโน๊ตบุ๊ค.com/รับซื้อโน๊ตบุ๊ค/ระนอง/,https://ร้านรับซื้อโน๊ตบุ๊ค.com/รับซื้อโน๊ตบุ๊ค/macbook-pro-16/,200 indexable self-canonical,200 indexable self-canonical,high location / low entity,high entity / low location,high,2026-07-03,KEEP_404,high,Both plausible targets preserve only one dimension of the original intent; no single exact target exists.
https://ร้านรับซื้อโน๊ตบุ๊ค.com/รับซื้อโน๊ตบุ๊ค/ปทุมธานี/msi-stealth-16/,ปทุมธานี,msi-stealth-16,https://ร้านรับซื้อโน๊ตบุ๊ค.com/รับซื้อโน๊ตบุ๊ค/ปทุมธานี/,https://ร้านรับซื้อโน๊ตบุ๊ค.com/รับซื้อโน๊ตบุ๊ค/msi-stealth-16/,200 indexable self-canonical,200 indexable self-canonical,high location / low entity,high entity / low location,high,2026-07-03,KEEP_404,high,Both plausible targets preserve only one dimension of the original intent; no single exact target exists.
https://ร้านรับซื้อโน๊ตบุ๊ค.com/รับซื้อโน๊ตบุ๊ค/อุตรดิตถ์/macbook-pro-m1/,อุตรดิตถ์,macbook-pro-m1,https://ร้านรับซื้อโน๊ตบุ๊ค.com/รับซื้อโน๊ตบุ๊ค/อุตรดิตถ์/,https://ร้านรับซื้อโน๊ตบุ๊ค.com/รับซื้อโน๊ตบุ๊ค/macbook-pro-m1/,200 indexable self-canonical,200 indexable self-canonical,high location / low entity,high entity / low location,high,2026-07-03,KEEP_404,high,Both plausible targets preserve only one dimension of the original intent; no single exact target exists.
https://ร้านรับซื้อโน๊ตบุ๊ค.com/รับซื้อโน๊ตบุ๊ค/กาญจนบุรี/asus-expertbook/,กาญจนบุรี,asus-expertbook,https://ร้านรับซื้อโน๊ตบุ๊ค.com/รับซื้อโน๊ตบุ๊ค/กาญจนบุรี/,https://ร้านรับซื้อโน๊ตบุ๊ค.com/รับซื้อโน๊ตบุ๊ค/asus-expertbook/,200 indexable self-canonical,200 indexable self-canonical,high location / low entity,high entity / low location,high,2026-07-03,KEEP_404,high,Both plausible targets preserve only one dimension of the original intent; no single exact target exists.
https://ร้านรับซื้อโน๊ตบุ๊ค.com/รับซื้อโน๊ตบุ๊ค/พัทลุง/ssd-เสีย/,พัทลุง,ssd-เสีย,https://ร้านรับซื้อโน๊ตบุ๊ค.com/รับซื้อโน๊ตบุ๊ค/พัทลุง/,https://ร้านรับซื้อโน๊ตบุ๊ค.com/รับซื้อโน๊ตบุ๊ค/ssd-เสีย/,200 indexable self-canonical,200 indexable self-canonical,high location / low entity,high entity / low location,high,2026-07-03,KEEP_404,high,Both plausible targets preserve only one dimension of the original intent; no single exact target exists.
https://ร้านรับซื้อโน๊ตบุ๊ค.com/รับซื้อโน๊ตบุ๊ค/อุดรธานี/กล้องเสีย/,อุดรธานี,กล้องเสีย,https://ร้านรับซื้อโน๊ตบุ๊ค.com/รับซื้อโน๊ตบุ๊ค/อุดรธานี/,https://ร้านรับซื้อโน๊ตบุ๊ค.com/รับซื้อโน๊ตบุ๊ค/กล้องเสีย/,200 indexable self-canonical,200 indexable self-canonical,high location / low entity,high entity / low location,high,2026-07-03,KEEP_404,high,Both plausible targets preserve only one dimension of the original intent; no single exact target exists.
https://ร้านรับซื้อโน๊ตบุ๊ค.com/รับซื้อโน๊ตบุ๊ค/นครปฐม/จอมีเส้น/,นครปฐม,จอมีเส้น,https://ร้านรับซื้อโน๊ตบุ๊ค.com/รับซื้อโน๊ตบุ๊ค/นครปฐม/,https://ร้านรับซื้อโน๊ตบุ๊ค.com/รับซื้อโน๊ตบุ๊ค/จอมีเส้น/,200 indexable self-canonical,200 indexable self-canonical,high location / low entity,high entity / low location,high,2026-07-03,KEEP_404,high,Both plausible targets preserve only one dimension of the original intent; no single exact target exists.
https://ร้านรับซื้อโน๊ตบุ๊ค.com/รับซื้อโน๊ตบุ๊ค/สุรินทร์/asus-expertbook/,สุรินทร์,asus-expertbook,https://ร้านรับซื้อโน๊ตบุ๊ค.com/รับซื้อโน๊ตบุ๊ค/สุรินทร์/,https://ร้านรับซื้อโน๊ตบุ๊ค.com/รับซื้อโน๊ตบุ๊ค/asus-expertbook/,200 indexable self-canonical,200 indexable self-canonical,high location / low entity,high entity / low location,high,2026-07-03,KEEP_404,high,Both plausible targets preserve only one dimension of the original intent; no single exact target exists.
https://ร้านรับซื้อโน๊ตบุ๊ค.com/รับซื้อโน๊ตบุ๊ค/เพชรบุรี/razer/,เพชรบุรี,razer,https://ร้านรับซื้อโน๊ตบุ๊ค.com/รับซื้อโน๊ตบุ๊ค/เพชรบุรี/,https://ร้านรับซื้อโน๊ตบุ๊ค.com/รับซื้อโน๊ตบุ๊ค/razer/,200 indexable self-canonical,200 indexable self-canonical,high location / low entity,high entity / low location,high,2026-07-03,KEEP_404,high,Both plausible targets preserve only one dimension of the original intent; no single exact target exists.
https://ร้านรับซื้อโน๊ตบุ๊ค.com/รับซื้อโน๊ตบุ๊ค/สุรินทร์/alienware-m15-r7-r8/,สุรินทร์,alienware-m15-r7-r8,https://ร้านรับซื้อโน๊ตบุ๊ค.com/รับซื้อโน๊ตบุ๊ค/สุรินทร์/,https://ร้านรับซื้อโน๊ตบุ๊ค.com/รับซื้อโน๊ตบุ๊ค/alienware-m15-r7-r8/,200 indexable self-canonical,200 indexable self-canonical,high location / low entity,high entity / low location,high,2026-07-03,KEEP_404,high,Both plausible targets preserve only one dimension of the original intent; no single exact target exists.
https://ร้านรับซื้อโน๊ตบุ๊ค.com/รับซื้อโน๊ตบุ๊ค/บึงกาฬ/บอดี้แตก/,บึงกาฬ,บอดี้แตก,https://ร้านรับซื้อโน๊ตบุ๊ค.com/รับซื้อโน๊ตบุ๊ค/บึงกาฬ/,https://ร้านรับซื้อโน๊ตบุ๊ค.com/รับซื้อโน๊ตบุ๊ค/บอดี้แตก/,200 indexable self-canonical,200 indexable self-canonical,high location / low entity,high entity / low location,high,2026-07-03,KEEP_404,high,Both plausible targets preserve only one dimension of the original intent; no single exact target exists.
https://ร้านรับซื้อโน๊ตบุ๊ค.com/รับซื้อโน๊ตบุ๊ค/พิษณุโลก/พัดลมดัง/,พิษณุโลก,พัดลมดัง,https://ร้านรับซื้อโน๊ตบุ๊ค.com/รับซื้อโน๊ตบุ๊ค/พิษณุโลก/,https://ร้านรับซื้อโน๊ตบุ๊ค.com/รับซื้อโน๊ตบุ๊ค/พัดลมดัง/,200 indexable self-canonical,200 indexable self-canonical,high location / low entity,high entity / low location,high,2026-07-03,KEEP_404,high,Both plausible targets preserve only one dimension of the original intent; no single exact target exists.
https://ร้านรับซื้อโน๊ตบุ๊ค.com/รับซื้อโน๊ตบุ๊ค/ชัยนาท/razer-blade/,ชัยนาท,razer-blade,https://ร้านรับซื้อโน๊ตบุ๊ค.com/รับซื้อโน๊ตบุ๊ค/ชัยนาท/,https://ร้านรับซื้อโน๊ตบุ๊ค.com/รับซื้อโน๊ตบุ๊ค/razer-blade/,200 indexable self-canonical,200 indexable self-canonical,high location / low entity,high entity / low location,high,2026-07-03,KEEP_404,high,Both plausible targets preserve only one dimension of the original intent; no single exact target exists.
https://ร้านรับซื้อโน๊ตบุ๊ค.com/รับซื้อโน๊ตบุ๊ค/แม่ฮ่องสอน/asus-zephyrus-g14/,แม่ฮ่องสอน,asus-zephyrus-g14,https://ร้านรับซื้อโน๊ตบุ๊ค.com/รับซื้อโน๊ตบุ๊ค/แม่ฮ่องสอน/,https://ร้านรับซื้อโน๊ตบุ๊ค.com/รับซื้อโน๊ตบุ๊ค/asus-zephyrus-g14/,200 indexable self-canonical,200 indexable self-canonical,high location / low entity,high entity / low location,high,2026-07-03,KEEP_404,high,Both plausible targets preserve only one dimension of the original intent; no single exact target exists.
https://ร้านรับซื้อโน๊ตบุ๊ค.com/รับซื้อโน๊ตบุ๊ค/อุทัยธานี/dell-g15-g16/,อุทัยธานี,dell-g15-g16,https://ร้านรับซื้อโน๊ตบุ๊ค.com/รับซื้อโน๊ตบุ๊ค/อุทัยธานี/,https://ร้านรับซื้อโน๊ตบุ๊ค.com/รับซื้อโน๊ตบุ๊ค/dell-g15-g16/,200 indexable self-canonical,200 indexable self-canonical,high location / low entity,high entity / low location,high,2026-07-03,KEEP_404,high,Both plausible targets preserve only one dimension of the original intent; no single exact target exists.
https://ร้านรับซื้อโน๊ตบุ๊ค.com/รับซื้อโน๊ตบุ๊ค/แม่ฮ่องสอน/honor/,แม่ฮ่องสอน,honor,https://ร้านรับซื้อโน๊ตบุ๊ค.com/รับซื้อโน๊ตบุ๊ค/แม่ฮ่องสอน/,https://ร้านรับซื้อโน๊ตบุ๊ค.com/รับซื้อโน๊ตบุ๊ค/honor/,200 indexable self-canonical,200 indexable self-canonical,high location / low entity,high entity / low location,high,2026-07-03,KEEP_404,high,Both plausible targets preserve only one dimension of the original intent; no single exact target exists.
https://ร้านรับซื้อโน๊ตบุ๊ค.com/รับซื้อโน๊ตบุ๊ค/ขอนแก่น/hp-victus-16/,ขอนแก่น,hp-victus-16,https://ร้านรับซื้อโน๊ตบุ๊ค.com/รับซื้อโน๊ตบุ๊ค/ขอนแก่น/,https://ร้านรับซื้อโน๊ตบุ๊ค.com/รับซื้อโน๊ตบุ๊ค/hp-victus-16/,200 indexable self-canonical,200 indexable self-canonical,high location / low entity,high entity / low location,high,2026-07-03,KEEP_404,high,Both plausible targets preserve only one dimension of the original intent; no single exact target exists.
https://ร้านรับซื้อโน๊ตบุ๊ค.com/รับซื้อโน๊ตบุ๊ค/สุโขทัย/บลูทูธใช้ไม่ได้/,สุโขทัย,บลูทูธใช้ไม่ได้,https://ร้านรับซื้อโน๊ตบุ๊ค.com/รับซื้อโน๊ตบุ๊ค/สุโขทัย/,https://ร้านรับซื้อโน๊ตบุ๊ค.com/รับซื้อโน๊ตบุ๊ค/บลูทูธใช้ไม่ได้/,200 indexable self-canonical,200 indexable self-canonical,high location / low entity,high entity / low location,high,2026-07-03,KEEP_404,high,Both plausible targets preserve only one dimension of the original intent; no single exact target exists.
https://ร้านรับซื้อโน๊ตบุ๊ค.com/รับซื้อโน๊ตบุ๊ค/กาฬสินธุ์/thinkpad-t14/,กาฬสินธุ์,thinkpad-t14,https://ร้านรับซื้อโน๊ตบุ๊ค.com/รับซื้อโน๊ตบุ๊ค/กาฬสินธุ์/,https://ร้านรับซื้อโน๊ตบุ๊ค.com/รับซื้อโน๊ตบุ๊ค/thinkpad-t14/,200 indexable self-canonical,200 indexable self-canonical,high location / low entity,high entity / low location,high,2026-07-03,KEEP_404,high,Both plausible targets preserve only one dimension of the original intent; no single exact target exists.
https://ร้านรับซื้อโน๊ตบุ๊ค.com/รับซื้อโน๊ตบุ๊ค/นครพนม/razer/,นครพนม,razer,https://ร้านรับซื้อโน๊ตบุ๊ค.com/รับซื้อโน๊ตบุ๊ค/นครพนม/,https://ร้านรับซื้อโน๊ตบุ๊ค.com/รับซื้อโน๊ตบุ๊ค/razer/,200 indexable self-canonical,200 indexable self-canonical,high location / low entity,high entity / low location,high,2026-07-03,KEEP_404,high,Both plausible targets preserve only one dimension of the original intent; no single exact target exists.
https://ร้านรับซื้อโน๊ตบุ๊ค.com/รับซื้อโน๊ตบุ๊ค/ราชบุรี/lenovo-thinkbook/,ราชบุรี,lenovo-thinkbook,https://ร้านรับซื้อโน๊ตบุ๊ค.com/รับซื้อโน๊ตบุ๊ค/ราชบุรี/,https://ร้านรับซื้อโน๊ตบุ๊ค.com/รับซื้อโน๊ตบุ๊ค/lenovo-thinkbook/,200 indexable self-canonical,200 indexable self-canonical,high location / low entity,high entity / low location,high,2026-07-03,KEEP_404,high,Both plausible targets preserve only one dimension of the original intent; no single exact target exists.
https://ร้านรับซื้อโน๊ตบุ๊ค.com/รับซื้อโน๊ตบุ๊ค/ตราด/macbook-air-m3/,ตราด,macbook-air-m3,https://ร้านรับซื้อโน๊ตบุ๊ค.com/รับซื้อโน๊ตบุ๊ค/ตราด/,https://ร้านรับซื้อโน๊ตบุ๊ค.com/รับซื้อโน๊ตบุ๊ค/macbook-air-m3/,200 indexable self-canonical,200 indexable self-canonical,high location / low entity,high entity / low location,high,2026-07-03,KEEP_404,high,Both plausible targets preserve only one dimension of the original intent; no single exact target exists.
https://ร้านรับซื้อโน๊ตบุ๊ค.com/รับซื้อโน๊ตบุ๊ค/กรุงเทพ/lenovo-ideapad-3-5/,กรุงเทพ,lenovo-ideapad-3-5,https://ร้านรับซื้อโน๊ตบุ๊ค.com/รับซื้อโน๊ตบุ๊ค/กรุงเทพ/,https://ร้านรับซื้อโน๊ตบุ๊ค.com/รับซื้อโน๊ตบุ๊ค/lenovo-ideapad-3-5/,200 indexable self-canonical,200 indexable self-canonical,high location / low entity,high entity / low location,high,2026-07-03,KEEP_404,high,Both plausible targets preserve only one dimension of the original intent; no single exact target exists.
https://ร้านรับซื้อโน๊ตบุ๊ค.com/รับซื้อโน๊ตบุ๊ค/ร้อยเอ็ด/ssd-เสีย/,ร้อยเอ็ด,ssd-เสีย,https://ร้านรับซื้อโน๊ตบุ๊ค.com/รับซื้อโน๊ตบุ๊ค/ร้อยเอ็ด/,https://ร้านรับซื้อโน๊ตบุ๊ค.com/รับซื้อโน๊ตบุ๊ค/ssd-เสีย/,200 indexable self-canonical,200 indexable self-canonical,high location / low entity,high entity / low location,high,2026-07-03,KEEP_404,high,Both plausible targets preserve only one dimension of the original intent; no single exact target exists.
https://ร้านรับซื้อโน๊ตบุ๊ค.com/รับซื้อโน๊ตบุ๊ค/สงขลา/thinkpad-x1-carbon/,สงขลา,thinkpad-x1-carbon,https://ร้านรับซื้อโน๊ตบุ๊ค.com/รับซื้อโน๊ตบุ๊ค/สงขลา/,https://ร้านรับซื้อโน๊ตบุ๊ค.com/รับซื้อโน๊ตบุ๊ค/thinkpad-x1-carbon/,200 indexable self-canonical,200 indexable self-canonical,high location / low entity,high entity / low location,high,2026-07-03,KEEP_404,high,Both plausible targets preserve only one dimension of the original intent; no single exact target exists.
https://ร้านรับซื้อโน๊ตบุ๊ค.com/รับซื้อโน๊ตบุ๊ค/ตรัง/hp-envy-x360/,ตรัง,hp-envy-x360,https://ร้านรับซื้อโน๊ตบุ๊ค.com/รับซื้อโน๊ตบุ๊ค/ตรัง/,https://ร้านรับซื้อโน๊ตบุ๊ค.com/รับซื้อโน๊ตบุ๊ค/hp-envy-x360/,200 indexable self-canonical,200 indexable self-canonical,high location / low entity,high entity / low location,high,2026-07-03,KEEP_404,high,Both plausible targets preserve only one dimension of the original intent; no single exact target exists.
https://ร้านรับซื้อโน๊ตบุ๊ค.com/รับซื้อโน๊ตบุ๊ค/นราธิวาส/macbook-air-15/,นราธิวาส,macbook-air-15,https://ร้านรับซื้อโน๊ตบุ๊ค.com/รับซื้อโน๊ตบุ๊ค/นราธิวาส/,https://ร้านรับซื้อโน๊ตบุ๊ค.com/รับซื้อโน๊ตบุ๊ค/macbook-air-15/,200 indexable self-canonical,200 indexable self-canonical,high location / low entity,high entity / low location,high,2026-07-03,KEEP_404,high,Both plausible targets preserve only one dimension of the original intent; no single exact target exists.
https://ร้านรับซื้อโน๊ตบุ๊ค.com/รับซื้อโน๊ตบุ๊ค/บึงกาฬ/lenovo-loq-15-16/,บึงกาฬ,lenovo-loq-15-16,https://ร้านรับซื้อโน๊ตบุ๊ค.com/รับซื้อโน๊ตบุ๊ค/บึงกาฬ/,https://ร้านรับซื้อโน๊ตบุ๊ค.com/รับซื้อโน๊ตบุ๊ค/lenovo-loq-15-16/,200 indexable self-canonical,200 indexable self-canonical,high location / low entity,high entity / low location,high,2026-07-03,KEEP_404,high,Both plausible targets preserve only one dimension of the original intent; no single exact target exists.
https://ร้านรับซื้อโน๊ตบุ๊ค.com/รับซื้อโน๊ตบุ๊ค/นนทบุรี/hp-victus-16/,นนทบุรี,hp-victus-16,https://ร้านรับซื้อโน๊ตบุ๊ค.com/รับซื้อโน๊ตบุ๊ค/นนทบุรี/,https://ร้านรับซื้อโน๊ตบุ๊ค.com/รับซื้อโน๊ตบุ๊ค/hp-victus-16/,200 indexable self-canonical,200 indexable self-canonical,high location / low entity,high entity / low location,high,2026-07-02,KEEP_404,high,Both plausible targets preserve only one dimension of the original intent; no single exact target exists.
https://ร้านรับซื้อโน๊ตบุ๊ค.com/รับซื้อโน๊ตบุ๊ค/นราธิวาส/กล้องเสีย/,นราธิวาส,กล้องเสีย,https://ร้านรับซื้อโน๊ตบุ๊ค.com/รับซื้อโน๊ตบุ๊ค/นราธิวาส/,https://ร้านรับซื้อโน๊ตบุ๊ค.com/รับซื้อโน๊ตบุ๊ค/กล้องเสีย/,200 indexable self-canonical,200 indexable self-canonical,high location / low entity,high entity / low location,high,2026-07-02,KEEP_404,high,Both plausible targets preserve only one dimension of the original intent; no single exact target exists.
https://ร้านรับซื้อโน๊ตบุ๊ค.com/รับซื้อโน๊ตบุ๊ค/หนองบัวลำภู/asus-rog-strix/,หนองบัวลำภู,asus-rog-strix,https://ร้านรับซื้อโน๊ตบุ๊ค.com/รับซื้อโน๊ตบุ๊ค/หนองบัวลำภู/,https://ร้านรับซื้อโน๊ตบุ๊ค.com/รับซื้อโน๊ตบุ๊ค/asus-rog-strix/,200 indexable self-canonical,200 indexable self-canonical,high location / low entity,high entity / low location,high,2026-07-02,KEEP_404,high,Both plausible targets preserve only one dimension of the original intent; no single exact target exists.
https://ร้านรับซื้อโน๊ตบุ๊ค.com/รับซื้อโน๊ตบุ๊ค/ชัยนาท/hp-spectre-x360/,ชัยนาท,hp-spectre-x360,https://ร้านรับซื้อโน๊ตบุ๊ค.com/รับซื้อโน๊ตบุ๊ค/ชัยนาท/,https://ร้านรับซื้อโน๊ตบุ๊ค.com/รับซื้อโน๊ตบุ๊ค/hp-spectre-x360/,200 indexable self-canonical,200 indexable self-canonical,high location / low entity,high entity / low location,high,2026-07-02,KEEP_404,high,Both plausible targets preserve only one dimension of the original intent; no single exact target exists.
https://ร้านรับซื้อโน๊ตบุ๊ค.com/รับซื้อโน๊ตบุ๊ค/ขอนแก่น/hp-envy-x360/,ขอนแก่น,hp-envy-x360,https://ร้านรับซื้อโน๊ตบุ๊ค.com/รับซื้อโน๊ตบุ๊ค/ขอนแก่น/,https://ร้านรับซื้อโน๊ตบุ๊ค.com/รับซื้อโน๊ตบุ๊ค/hp-envy-x360/,200 indexable self-canonical,200 indexable self-canonical,high location / low entity,high entity / low location,high,2026-07-02,KEEP_404,high,Both plausible targets preserve only one dimension of the original intent; no single exact target exists.
https://ร้านรับซื้อโน๊ตบุ๊ค.com/รับซื้อโน๊ตบุ๊ค/ภาคอีสาน/macbook-pro-m4/,ภาคอีสาน,macbook-pro-m4,https://ร้านรับซื้อโน๊ตบุ๊ค.com/รับซื้อโน๊ตบุ๊ค/ภาคอีสาน/,https://ร้านรับซื้อโน๊ตบุ๊ค.com/รับซื้อโน๊ตบุ๊ค/macbook-pro-m4/,200 indexable self-canonical,200 indexable self-canonical,high location / low entity,high entity / low location,high,2026-07-02,KEEP_404,high,Both plausible targets preserve only one dimension of the original intent; no single exact target exists.
https://ร้านรับซื้อโน๊ตบุ๊ค.com/รับซื้อโน๊ตบุ๊ค/ภูเก็ต/macbook-cycle-count/,ภูเก็ต,macbook-cycle-count,https://ร้านรับซื้อโน๊ตบุ๊ค.com/รับซื้อโน๊ตบุ๊ค/ภูเก็ต/,https://ร้านรับซื้อโน๊ตบุ๊ค.com/รับซื้อโน๊ตบุ๊ค/macbook-cycle-count/,200 indexable self-canonical,200 indexable self-canonical,high location / low entity,high entity / low location,high,2026-07-02,KEEP_404,high,Both plausible targets preserve only one dimension of the original intent; no single exact target exists.
https://ร้านรับซื้อโน๊ตบุ๊ค.com/รับซื้อโน๊ตบุ๊ค/ขอนแก่น/พอร์ตแลนเสีย/,ขอนแก่น,พอร์ตแลนเสีย,https://ร้านรับซื้อโน๊ตบุ๊ค.com/รับซื้อโน๊ตบุ๊ค/ขอนแก่น/,https://ร้านรับซื้อโน๊ตบุ๊ค.com/รับซื้อโน๊ตบุ๊ค/พอร์ตแลนเสีย/,200 indexable self-canonical,200 indexable self-canonical,high location / low entity,high entity / low location,high,2026-06-27,KEEP_404,high,Both plausible targets preserve only one dimension of the original intent; no single exact target exists.
https://ร้านรับซื้อโน๊ตบุ๊ค.com/รับซื้อโน๊ตบุ๊ค/ตรัง/hp-omen-16/,ตรัง,hp-omen-16,https://ร้านรับซื้อโน๊ตบุ๊ค.com/รับซื้อโน๊ตบุ๊ค/ตรัง/,https://ร้านรับซื้อโน๊ตบุ๊ค.com/รับซื้อโน๊ตบุ๊ค/hp-omen-16/,200 indexable self-canonical,200 indexable self-canonical,high location / low entity,high entity / low location,high,2026-06-27,KEEP_404,high,Both plausible targets preserve only one dimension of the original intent; no single exact target exists.
https://ร้านรับซื้อโน๊ตบุ๊ค.com/รับซื้อโน๊ตบุ๊ค/เพชรบุรี/macbook-air-m3/,เพชรบุรี,macbook-air-m3,https://ร้านรับซื้อโน๊ตบุ๊ค.com/รับซื้อโน๊ตบุ๊ค/เพชรบุรี/,https://ร้านรับซื้อโน๊ตบุ๊ค.com/รับซื้อโน๊ตบุ๊ค/macbook-air-m3/,200 indexable self-canonical,200 indexable self-canonical,high location / low entity,high entity / low location,high,2026-06-26,KEEP_404,high,Both plausible targets preserve only one dimension of the original intent; no single exact target exists.
https://ร้านรับซื้อโน๊ตบุ๊ค.com/รับซื้อโน๊ตบุ๊ค/ภาคอีสาน/razer-blade/,ภาคอีสาน,razer-blade,https://ร้านรับซื้อโน๊ตบุ๊ค.com/รับซื้อโน๊ตบุ๊ค/ภาคอีสาน/,https://ร้านรับซื้อโน๊ตบุ๊ค.com/รับซื้อโน๊ตบุ๊ค/razer-blade/,200 indexable self-canonical,200 indexable self-canonical,high location / low entity,high entity / low location,high,2026-06-26,KEEP_404,high,Both plausible targets preserve only one dimension of the original intent; no single exact target exists.
https://ร้านรับซื้อโน๊ตบุ๊ค.com/รับซื้อโน๊ตบุ๊ค/สระแก้ว/macbook-pro-m1/,สระแก้ว,macbook-pro-m1,https://ร้านรับซื้อโน๊ตบุ๊ค.com/รับซื้อโน๊ตบุ๊ค/สระแก้ว/,https://ร้านรับซื้อโน๊ตบุ๊ค.com/รับซื้อโน๊ตบุ๊ค/macbook-pro-m1/,200 indexable self-canonical,200 indexable self-canonical,high location / low entity,high entity / low location,high,2026-06-26,KEEP_404,high,Both plausible targets preserve only one dimension of the original intent; no single exact target exists.
https://ร้านรับซื้อโน๊ตบุ๊ค.com/รับซื้อโน๊ตบุ๊ค/ลพบุรี/hp-spectre-x360/,ลพบุรี,hp-spectre-x360,https://ร้านรับซื้อโน๊ตบุ๊ค.com/รับซื้อโน๊ตบุ๊ค/ลพบุรี/,https://ร้านรับซื้อโน๊ตบุ๊ค.com/รับซื้อโน๊ตบุ๊ค/hp-spectre-x360/,200 indexable self-canonical,200 indexable self-canonical,high location / low entity,high entity / low location,high,2026-06-26,KEEP_404,high,Both plausible targets preserve only one dimension of the original intent; no single exact target exists.
https://ร้านรับซื้อโน๊ตบุ๊ค.com/รับซื้อโน๊ตบุ๊ค/สมุทรปราการ/lenovo-ideapad-3-5/,สมุทรปราการ,lenovo-ideapad-3-5,https://ร้านรับซื้อโน๊ตบุ๊ค.com/รับซื้อโน๊ตบุ๊ค/สมุทรปราการ/,https://ร้านรับซื้อโน๊ตบุ๊ค.com/รับซื้อโน๊ตบุ๊ค/lenovo-ideapad-3-5/,200 indexable self-canonical,200 indexable self-canonical,high location / low entity,high entity / low location,high,2026-06-26,KEEP_404,high,Both plausible targets preserve only one dimension of the original intent; no single exact target exists.
https://ร้านรับซื้อโน๊ตบุ๊ค.com/รับซื้อโน๊ตบุ๊ค/สุรินทร์/lenovo-legion-slim/,สุรินทร์,lenovo-legion-slim,https://ร้านรับซื้อโน๊ตบุ๊ค.com/รับซื้อโน๊ตบุ๊ค/สุรินทร์/,https://ร้านรับซื้อโน๊ตบุ๊ค.com/รับซื้อโน๊ตบุ๊ค/lenovo-legion-slim/,200 indexable self-canonical,200 indexable self-canonical,high location / low entity,high entity / low location,high,2026-06-26,KEEP_404,high,Both plausible targets preserve only one dimension of the original intent; no single exact target exists.
https://ร้านรับซื้อโน๊ตบุ๊ค.com/รับซื้อโน๊ตบุ๊ค/บึงกาฬ/dell-xps-13-15/,บึงกาฬ,dell-xps-13-15,https://ร้านรับซื้อโน๊ตบุ๊ค.com/รับซื้อโน๊ตบุ๊ค/บึงกาฬ/,https://ร้านรับซื้อโน๊ตบุ๊ค.com/รับซื้อโน๊ตบุ๊ค/dell-xps-13-15/,200 indexable self-canonical,200 indexable self-canonical,high location / low entity,high entity / low location,high,2026-06-26,KEEP_404,high,Both plausible targets preserve only one dimension of the original intent; no single exact target exists.
https://ร้านรับซื้อโน๊ตบุ๊ค.com/รับซื้อโน๊ตบุ๊ค/กาฬสินธุ์/บูตวน/,กาฬสินธุ์,บูตวน,https://ร้านรับซื้อโน๊ตบุ๊ค.com/รับซื้อโน๊ตบุ๊ค/กาฬสินธุ์/,https://ร้านรับซื้อโน๊ตบุ๊ค.com/รับซื้อโน๊ตบุ๊ค/บูตวน/,200 indexable self-canonical,200 indexable self-canonical,high location / low entity,high entity / low location,high,2026-06-26,KEEP_404,high,Both plausible targets preserve only one dimension of the original intent; no single exact target exists.
https://ร้านรับซื้อโน๊ตบุ๊ค.com/รับซื้อโน๊ตบุ๊ค/อุดรธานี/macbook-air-m2/,อุดรธานี,macbook-air-m2,https://ร้านรับซื้อโน๊ตบุ๊ค.com/รับซื้อโน๊ตบุ๊ค/อุดรธานี/,https://ร้านรับซื้อโน๊ตบุ๊ค.com/รับซื้อโน๊ตบุ๊ค/macbook-air-m2/,200 indexable self-canonical,200 indexable self-canonical,high location / low entity,high entity / low location,high,2026-06-26,KEEP_404,high,Both plausible targets preserve only one dimension of the original intent; no single exact target exists.
https://ร้านรับซื้อโน๊ตบุ๊ค.com/รับซื้อโน๊ตบุ๊ค/นครปฐม/surface-laptop-go/,นครปฐม,surface-laptop-go,https://ร้านรับซื้อโน๊ตบุ๊ค.com/รับซื้อโน๊ตบุ๊ค/นครปฐม/,https://ร้านรับซื้อโน๊ตบุ๊ค.com/รับซื้อโน๊ตบุ๊ค/surface-laptop-go/,200 indexable self-canonical,200 indexable self-canonical,high location / low entity,high entity / low location,high,2026-06-26,KEEP_404,high,Both plausible targets preserve only one dimension of the original intent; no single exact target exists.
https://ร้านรับซื้อโน๊ตบุ๊ค.com/รับซื้อโน๊ตบุ๊ค/พัทยา/acer-predator-triton/,พัทยา,acer-predator-triton,https://ร้านรับซื้อโน๊ตบุ๊ค.com/รับซื้อโน๊ตบุ๊ค/พัทยา/,https://ร้านรับซื้อโน๊ตบุ๊ค.com/รับซื้อโน๊ตบุ๊ค/acer-predator-triton/,200 indexable self-canonical,200 indexable self-canonical,high location / low entity,high entity / low location,high,2026-06-26,KEEP_404,high,Both plausible targets preserve only one dimension of the original intent; no single exact target exists.
https://ร้านรับซื้อโน๊ตบุ๊ค.com/รับซื้อโน๊ตบุ๊ค/ปทุมธานี/asus-tuf-a15-f15/,ปทุมธานี,asus-tuf-a15-f15,https://ร้านรับซื้อโน๊ตบุ๊ค.com/รับซื้อโน๊ตบุ๊ค/ปทุมธานี/,https://ร้านรับซื้อโน๊ตบุ๊ค.com/รับซื้อโน๊ตบุ๊ค/asus-tuf-a15-f15/,200 indexable self-canonical,200 indexable self-canonical,high location / low entity,high entity / low location,high,2026-06-26,KEEP_404,high,Both plausible targets preserve only one dimension of the original intent; no single exact target exists.
https://ร้านรับซื้อโน๊ตบุ๊ค.com/รับซื้อโน๊ตบุ๊ค/นครนายก/hp-omen-17/,นครนายก,hp-omen-17,https://ร้านรับซื้อโน๊ตบุ๊ค.com/รับซื้อโน๊ตบุ๊ค/นครนายก/,https://ร้านรับซื้อโน๊ตบุ๊ค.com/รับซื้อโน๊ตบุ๊ค/hp-omen-17/,200 indexable self-canonical,200 indexable self-canonical,high location / low entity,high entity / low location,high,2026-06-25,KEEP_404,high,Both plausible targets preserve only one dimension of the original intent; no single exact target exists.
https://ร้านรับซื้อโน๊ตบุ๊ค.com/รับซื้อโน๊ตบุ๊ค/ลำปาง/thinkpad-x1-carbon/,ลำปาง,thinkpad-x1-carbon,https://ร้านรับซื้อโน๊ตบุ๊ค.com/รับซื้อโน๊ตบุ๊ค/ลำปาง/,https://ร้านรับซื้อโน๊ตบุ๊ค.com/รับซื้อโน๊ตบุ๊ค/thinkpad-x1-carbon/,200 indexable self-canonical,200 indexable self-canonical,high location / low entity,high entity / low location,high,2026-06-25,KEEP_404,high,Both plausible targets preserve only one dimension of the original intent; no single exact target exists.
https://ร้านรับซื้อโน๊ตบุ๊ค.com/รับซื้อโน๊ตบุ๊ค/ลำพูน/dell-latitude/,ลำพูน,dell-latitude,https://ร้านรับซื้อโน๊ตบุ๊ค.com/รับซื้อโน๊ตบุ๊ค/ลำพูน/,https://ร้านรับซื้อโน๊ตบุ๊ค.com/รับซื้อโน๊ตบุ๊ค/dell-latitude/,200 indexable self-canonical,200 indexable self-canonical,high location / low entity,high entity / low location,high,2026-06-25,KEEP_404,high,Both plausible targets preserve only one dimension of the original intent; no single exact target exists.
https://ร้านรับซื้อโน๊ตบุ๊ค.com/รับซื้อโน๊ตบุ๊ค/พัทยา/macbook-no-box-no-receipt/,พัทยา,macbook-no-box-no-receipt,https://ร้านรับซื้อโน๊ตบุ๊ค.com/รับซื้อโน๊ตบุ๊ค/พัทยา/,https://ร้านรับซื้อโน๊ตบุ๊ค.com/รับซื้อโน๊ตบุ๊ค/macbook-no-box-no-receipt/,200 indexable self-canonical,200 indexable self-canonical,high location / low entity,high entity / low location,high,2026-06-25,KEEP_404,high,Both plausible targets preserve only one dimension of the original intent; no single exact target exists.
https://ร้านรับซื้อโน๊ตบุ๊ค.com/รับซื้อโน๊ตบุ๊ค/นนทบุรี/macbook-pro-16/,นนทบุรี,macbook-pro-16,https://ร้านรับซื้อโน๊ตบุ๊ค.com/รับซื้อโน๊ตบุ๊ค/นนทบุรี/,https://ร้านรับซื้อโน๊ตบุ๊ค.com/รับซื้อโน๊ตบุ๊ค/macbook-pro-16/,200 indexable self-canonical,200 indexable self-canonical,high location / low entity,high entity / low location,high,2026-06-25,KEEP_404,high,Both plausible targets preserve only one dimension of the original intent; no single exact target exists.
https://ร้านรับซื้อโน๊ตบุ๊ค.com/รับซื้อโน๊ตบุ๊ค/สมุทรปราการ/asus-zenbook/,สมุทรปราการ,asus-zenbook,https://ร้านรับซื้อโน๊ตบุ๊ค.com/รับซื้อโน๊ตบุ๊ค/สมุทรปราการ/,https://ร้านรับซื้อโน๊ตบุ๊ค.com/รับซื้อโน๊ตบุ๊ค/asus-zenbook/,200 indexable self-canonical,200 indexable self-canonical,high location / low entity,high entity / low location,high,2026-06-25,KEEP_404,high,Both plausible targets preserve only one dimension of the original intent; no single exact target exists.
https://ร้านรับซื้อโน๊ตบุ๊ค.com/รับซื้อโน๊ตบุ๊ค/พิจิตร/honor/,พิจิตร,honor,https://ร้านรับซื้อโน๊ตบุ๊ค.com/รับซื้อโน๊ตบุ๊ค/พิจิตร/,https://ร้านรับซื้อโน๊ตบุ๊ค.com/รับซื้อโน๊ตบุ๊ค/honor/,200 indexable self-canonical,200 indexable self-canonical,high location / low entity,high entity / low location,high,2026-06-25,KEEP_404,high,Both plausible targets preserve only one dimension of the original intent; no single exact target exists.
https://ร้านรับซื้อโน๊ตบุ๊ค.com/รับซื้อโน๊ตบุ๊ค/กาฬสินธุ์/razer/,กาฬสินธุ์,razer,https://ร้านรับซื้อโน๊ตบุ๊ค.com/รับซื้อโน๊ตบุ๊ค/กาฬสินธุ์/,https://ร้านรับซื้อโน๊ตบุ๊ค.com/รับซื้อโน๊ตบุ๊ค/razer/,200 indexable self-canonical,200 indexable self-canonical,high location / low entity,high entity / low location,high,2026-06-25,KEEP_404,high,Both plausible targets preserve only one dimension of the original intent; no single exact target exists.
https://ร้านรับซื้อโน๊ตบุ๊ค.com/รับซื้อโน๊ตบุ๊ค/นครสวรรค์/macbook-no-box-no-receipt/,นครสวรรค์,macbook-no-box-no-receipt,https://ร้านรับซื้อโน๊ตบุ๊ค.com/รับซื้อโน๊ตบุ๊ค/นครสวรรค์/,https://ร้านรับซื้อโน๊ตบุ๊ค.com/รับซื้อโน๊ตบุ๊ค/macbook-no-box-no-receipt/,200 indexable self-canonical,200 indexable self-canonical,high location / low entity,high entity / low location,high,2026-06-25,KEEP_404,high,Both plausible targets preserve only one dimension of the original intent; no single exact target exists.
https://ร้านรับซื้อโน๊ตบุ๊ค.com/รับซื้อโน๊ตบุ๊ค/ใกล้ฉัน/ร้อนจัดดับเอง/,ใกล้ฉัน,ร้อนจัดดับเอง,https://ร้านรับซื้อโน๊ตบุ๊ค.com/รับซื้อโน๊ตบุ๊ค/ใกล้ฉัน/,https://ร้านรับซื้อโน๊ตบุ๊ค.com/รับซื้อโน๊ตบุ๊ค/ร้อนจัดดับเอง/,200 indexable self-canonical,200 indexable self-canonical,high location / low entity,high entity / low location,high,2026-06-25,KEEP_404,high,Both plausible targets preserve only one dimension of the original intent; no single exact target exists.
https://ร้านรับซื้อโน๊ตบุ๊ค.com/รับซื้อโน๊ตบุ๊ค/นครศรีธรรมราช/hp-omen-transcend/,นครศรีธรรมราช,hp-omen-transcend,https://ร้านรับซื้อโน๊ตบุ๊ค.com/รับซื้อโน๊ตบุ๊ค/นครศรีธรรมราช/,https://ร้านรับซื้อโน๊ตบุ๊ค.com/รับซื้อโน๊ตบุ๊ค/hp-omen-transcend/,200 indexable self-canonical,200 indexable self-canonical,high location / low entity,high entity / low location,high,2026-06-25,KEEP_404,high,Both plausible targets preserve only one dimension of the original intent; no single exact target exists.
https://ร้านรับซื้อโน๊ตบุ๊ค.com/รับซื้อโน๊ตบุ๊ค/ภาคอีสาน/lenovo-ideapad-3-5/,ภาคอีสาน,lenovo-ideapad-3-5,https://ร้านรับซื้อโน๊ตบุ๊ค.com/รับซื้อโน๊ตบุ๊ค/ภาคอีสาน/,https://ร้านรับซื้อโน๊ตบุ๊ค.com/รับซื้อโน๊ตบุ๊ค/lenovo-ideapad-3-5/,200 indexable self-canonical,200 indexable self-canonical,high location / low entity,high entity / low location,high,2026-06-25,KEEP_404,high,Both plausible targets preserve only one dimension of the original intent; no single exact target exists.
https://ร้านรับซื้อโน๊ตบุ๊ค.com/รับซื้อโน๊ตบุ๊ค/ประจวบคีรีขันธ์/dell-inspiron-15/,ประจวบคีรีขันธ์,dell-inspiron-15,https://ร้านรับซื้อโน๊ตบุ๊ค.com/รับซื้อโน๊ตบุ๊ค/ประจวบคีรีขันธ์/,https://ร้านรับซื้อโน๊ตบุ๊ค.com/รับซื้อโน๊ตบุ๊ค/dell-inspiron-15/,200 indexable self-canonical,200 indexable self-canonical,high location / low entity,high entity / low location,high,2026-06-25,KEEP_404,high,Both plausible targets preserve only one dimension of the original intent; no single exact target exists.
https://ร้านรับซื้อโน๊ตบุ๊ค.com/รับซื้อโน๊ตบุ๊ค/พังงา/huawei-matebook/,พังงา,huawei-matebook,https://ร้านรับซื้อโน๊ตบุ๊ค.com/รับซื้อโน๊ตบุ๊ค/พังงา/,https://ร้านรับซื้อโน๊ตบุ๊ค.com/รับซื้อโน๊ตบุ๊ค/huawei-matebook/,200 indexable self-canonical,200 indexable self-canonical,high location / low entity,high entity / low location,high,2026-06-25,KEEP_404,high,Both plausible targets preserve only one dimension of the original intent; no single exact target exists.
https://ร้านรับซื้อโน๊ตบุ๊ค.com/รับซื้อโน๊ตบุ๊ค/หนองคาย/razer-blade/,หนองคาย,razer-blade,https://ร้านรับซื้อโน๊ตบุ๊ค.com/รับซื้อโน๊ตบุ๊ค/หนองคาย/,https://ร้านรับซื้อโน๊ตบุ๊ค.com/รับซื้อโน๊ตบุ๊ค/razer-blade/,200 indexable self-canonical,200 indexable self-canonical,high location / low entity,high entity / low location,high,2026-06-25,KEEP_404,high,Both plausible targets preserve only one dimension of the original intent; no single exact target exists.
https://ร้านรับซื้อโน๊ตบุ๊ค.com/รับซื้อโน๊ตบุ๊ค/หนองบัวลำภู/macbook-cycle-count/,หนองบัวลำภู,macbook-cycle-count,https://ร้านรับซื้อโน๊ตบุ๊ค.com/รับซื้อโน๊ตบุ๊ค/หนองบัวลำภู/,https://ร้านรับซื้อโน๊ตบุ๊ค.com/รับซื้อโน๊ตบุ๊ค/macbook-cycle-count/,200 indexable self-canonical,200 indexable self-canonical,high location / low entity,high entity / low location,high,2026-06-24,KEEP_404,high,Both plausible targets preserve only one dimension of the original intent; no single exact target exists.
https://ร้านรับซื้อโน๊ตบุ๊ค.com/รับซื้อโน๊ตบุ๊ค/พัทยา/จอมีเส้น/,พัทยา,จอมีเส้น,https://ร้านรับซื้อโน๊ตบุ๊ค.com/รับซื้อโน๊ตบุ๊ค/พัทยา/,https://ร้านรับซื้อโน๊ตบุ๊ค.com/รับซื้อโน๊ตบุ๊ค/จอมีเส้น/,200 indexable self-canonical,200 indexable self-canonical,high location / low entity,high entity / low location,high,2026-06-24,KEEP_404,high,Both plausible targets preserve only one dimension of the original intent; no single exact target exists.
https://ร้านรับซื้อโน๊ตบุ๊ค.com/รับซื้อโน๊ตบุ๊ค/สกลนคร/gigabyte/,สกลนคร,gigabyte,https://ร้านรับซื้อโน๊ตบุ๊ค.com/รับซื้อโน๊ตบุ๊ค/สกลนคร/,https://ร้านรับซื้อโน๊ตบุ๊ค.com/รับซื้อโน๊ตบุ๊ค/gigabyte/,200 indexable self-canonical,200 indexable self-canonical,high location / low entity,high entity / low location,high,2026-06-24,KEEP_404,high,Both plausible targets preserve only one dimension of the original intent; no single exact target exists.
https://ร้านรับซื้อโน๊ตบุ๊ค.com/รับซื้อโน๊ตบุ๊ค/ชัยนาท/ทัชแพดเสีย/,ชัยนาท,ทัชแพดเสีย,https://ร้านรับซื้อโน๊ตบุ๊ค.com/รับซื้อโน๊ตบุ๊ค/ชัยนาท/,https://ร้านรับซื้อโน๊ตบุ๊ค.com/รับซื้อโน๊ตบุ๊ค/ทัชแพดเสีย/,200 indexable self-canonical,200 indexable self-canonical,high location / low entity,high entity / low location,high,2026-06-24,KEEP_404,high,Both plausible targets preserve only one dimension of the original intent; no single exact target exists.
https://ร้านรับซื้อโน๊ตบุ๊ค.com/รับซื้อโน๊ตบุ๊ค/พิจิตร/acer-travelmate/,พิจิตร,acer-travelmate,https://ร้านรับซื้อโน๊ตบุ๊ค.com/รับซื้อโน๊ตบุ๊ค/พิจิตร/,https://ร้านรับซื้อโน๊ตบุ๊ค.com/รับซื้อโน๊ตบุ๊ค/acer-travelmate/,200 indexable self-canonical,200 indexable self-canonical,high location / low entity,high entity / low location,high,2026-06-24,KEEP_404,high,Both plausible targets preserve only one dimension of the original intent; no single exact target exists.
https://ร้านรับซื้อโน๊ตบุ๊ค.com/รับซื้อโน๊ตบุ๊ค/แพร่/ช่องหูฟังเสีย/,แพร่,ช่องหูฟังเสีย,https://ร้านรับซื้อโน๊ตบุ๊ค.com/รับซื้อโน๊ตบุ๊ค/แพร่/,https://ร้านรับซื้อโน๊ตบุ๊ค.com/รับซื้อโน๊ตบุ๊ค/ช่องหูฟังเสีย/,200 indexable self-canonical,200 indexable self-canonical,high location / low entity,high entity / low location,high,2026-06-24,KEEP_404,high,Both plausible targets preserve only one dimension of the original intent; no single exact target exists.
https://ร้านรับซื้อโน๊ตบุ๊ค.com/รับซื้อโน๊ตบุ๊ค/ระนอง/acer-predator-triton/,ระนอง,acer-predator-triton,https://ร้านรับซื้อโน๊ตบุ๊ค.com/รับซื้อโน๊ตบุ๊ค/ระนอง/,https://ร้านรับซื้อโน๊ตบุ๊ค.com/รับซื้อโน๊ตบุ๊ค/acer-predator-triton/,200 indexable self-canonical,200 indexable self-canonical,high location / low entity,high entity / low location,high,2026-06-24,KEEP_404,high,Both plausible targets preserve only one dimension of the original intent; no single exact target exists.
https://ร้านรับซื้อโน๊ตบุ๊ค.com/รับซื้อโน๊ตบุ๊ค/ปัตตานี/hp-spectre-x360/,ปัตตานี,hp-spectre-x360,https://ร้านรับซื้อโน๊ตบุ๊ค.com/รับซื้อโน๊ตบุ๊ค/ปัตตานี/,https://ร้านรับซื้อโน๊ตบุ๊ค.com/รับซื้อโน๊ตบุ๊ค/hp-spectre-x360/,200 indexable self-canonical,200 indexable self-canonical,high location / low entity,high entity / low location,high,2026-06-24,KEEP_404,high,Both plausible targets preserve only one dimension of the original intent; no single exact target exists.
https://ร้านรับซื้อโน๊ตบุ๊ค.com/รับซื้อโน๊ตบุ๊ค/ยโสธร/asus-tuf-a15-f15/,ยโสธร,asus-tuf-a15-f15,https://ร้านรับซื้อโน๊ตบุ๊ค.com/รับซื้อโน๊ตบุ๊ค/ยโสธร/,https://ร้านรับซื้อโน๊ตบุ๊ค.com/รับซื้อโน๊ตบุ๊ค/asus-tuf-a15-f15/,200 indexable self-canonical,200 indexable self-canonical,high location / low entity,high entity / low location,high,2026-06-24,KEEP_404,high,Both plausible targets preserve only one dimension of the original intent; no single exact target exists.
https://ร้านรับซื้อโน๊ตบุ๊ค.com/รับซื้อโน๊ตบุ๊ค/ลาดพร้าว/dell-xps-13-15/,ลาดพร้าว,dell-xps-13-15,https://ร้านรับซื้อโน๊ตบุ๊ค.com/รับซื้อโน๊ตบุ๊ค/ลาดพร้าว/,https://ร้านรับซื้อโน๊ตบุ๊ค.com/รับซื้อโน๊ตบุ๊ค/dell-xps-13-15/,200 indexable self-canonical,200 indexable self-canonical,high location / low entity,high entity / low location,high,2026-06-24,KEEP_404,high,Both plausible targets preserve only one dimension of the original intent; no single exact target exists.
https://ร้านรับซื้อโน๊ตบุ๊ค.com/รับซื้อโน๊ตบุ๊ค/อ่างทอง/asus-tuf-a15-f15/,อ่างทอง,asus-tuf-a15-f15,https://ร้านรับซื้อโน๊ตบุ๊ค.com/รับซื้อโน๊ตบุ๊ค/อ่างทอง/,https://ร้านรับซื้อโน๊ตบุ๊ค.com/รับซื้อโน๊ตบุ๊ค/asus-tuf-a15-f15/,200 indexable self-canonical,200 indexable self-canonical,high location / low entity,high entity / low location,high,2026-06-24,KEEP_404,high,Both plausible targets preserve only one dimension of the original intent; no single exact target exists.
https://ร้านรับซื้อโน๊ตบุ๊ค.com/รับซื้อโน๊ตบุ๊ค/แพร่/macbook-air-15/,แพร่,macbook-air-15,https://ร้านรับซื้อโน๊ตบุ๊ค.com/รับซื้อโน๊ตบุ๊ค/แพร่/,https://ร้านรับซื้อโน๊ตบุ๊ค.com/รับซื้อโน๊ตบุ๊ค/macbook-air-15/,200 indexable self-canonical,200 indexable self-canonical,high location / low entity,high entity / low location,high,2026-06-24,KEEP_404,high,Both plausible targets preserve only one dimension of the original intent; no single exact target exists.
https://ร้านรับซื้อโน๊ตบุ๊ค.com/รับซื้อโน๊ตบุ๊ค/จันทบุรี/บูตวน/,จันทบุรี,บูตวน,https://ร้านรับซื้อโน๊ตบุ๊ค.com/รับซื้อโน๊ตบุ๊ค/จันทบุรี/,https://ร้านรับซื้อโน๊ตบุ๊ค.com/รับซื้อโน๊ตบุ๊ค/บูตวน/,200 indexable self-canonical,200 indexable self-canonical,high location / low entity,high entity / low location,high,2026-06-23,KEEP_404,high,Both plausible targets preserve only one dimension of the original intent; no single exact target exists.
https://ร้านรับซื้อโน๊ตบุ๊ค.com/รับซื้อโน๊ตบุ๊ค/บุรีรัมย์/macbook-mdm/,บุรีรัมย์,macbook-mdm,https://ร้านรับซื้อโน๊ตบุ๊ค.com/รับซื้อโน๊ตบุ๊ค/บุรีรัมย์/,https://ร้านรับซื้อโน๊ตบุ๊ค.com/รับซื้อโน๊ตบุ๊ค/macbook-mdm/,200 indexable self-canonical,200 indexable self-canonical,high location / low entity,high entity / low location,high,2026-06-23,KEEP_404,high,Both plausible targets preserve only one dimension of the original intent; no single exact target exists.
https://ร้านรับซื้อโน๊ตบุ๊ค.com/รับซื้อโน๊ตบุ๊ค/อุดรธานี/พอร์ตแลนเสีย/,อุดรธานี,พอร์ตแลนเสีย,https://ร้านรับซื้อโน๊ตบุ๊ค.com/รับซื้อโน๊ตบุ๊ค/อุดรธานี/,https://ร้านรับซื้อโน๊ตบุ๊ค.com/รับซื้อโน๊ตบุ๊ค/พอร์ตแลนเสีย/,200 indexable self-canonical,200 indexable self-canonical,high location / low entity,high entity / low location,high,2026-06-23,KEEP_404,high,Both plausible targets preserve only one dimension of the original intent; no single exact target exists.
https://ร้านรับซื้อโน๊ตบุ๊ค.com/รับซื้อโน๊ตบุ๊ค/เลย/macbook-air-m5/,เลย,macbook-air-m5,https://ร้านรับซื้อโน๊ตบุ๊ค.com/รับซื้อโน๊ตบุ๊ค/เลย/,https://ร้านรับซื้อโน๊ตบุ๊ค.com/รับซื้อโน๊ตบุ๊ค/macbook-air-m5/,200 indexable self-canonical,200 indexable self-canonical,high location / low entity,high entity / low location,high,2026-06-23,KEEP_404,high,Both plausible targets preserve only one dimension of the original intent; no single exact target exists.
https://ร้านรับซื้อโน๊ตบุ๊ค.com/รับซื้อโน๊ตบุ๊ค/ภาคอีสาน/thinkpad-e14-e15/,ภาคอีสาน,thinkpad-e14-e15,https://ร้านรับซื้อโน๊ตบุ๊ค.com/รับซื้อโน๊ตบุ๊ค/ภาคอีสาน/,https://ร้านรับซื้อโน๊ตบุ๊ค.com/รับซื้อโน๊ตบุ๊ค/thinkpad-e14-e15/,200 indexable self-canonical,200 indexable self-canonical,high location / low entity,high entity / low location,high,2026-06-23,KEEP_404,high,Both plausible targets preserve only one dimension of the original intent; no single exact target exists.
https://ร้านรับซื้อโน๊ตบุ๊ค.com/รับซื้อโน๊ตบุ๊ค/เพชรบุรี/samsung/,เพชรบุรี,samsung,https://ร้านรับซื้อโน๊ตบุ๊ค.com/รับซื้อโน๊ตบุ๊ค/เพชรบุรี/,https://ร้านรับซื้อโน๊ตบุ๊ค.com/รับซื้อโน๊ตบุ๊ค/samsung/,200 indexable self-canonical,200 indexable self-canonical,high location / low entity,high entity / low location,high,2026-06-23,KEEP_404,high,Both plausible targets preserve only one dimension of the original intent; no single exact target exists.
https://ร้านรับซื้อโน๊ตบุ๊ค.com/รับซื้อโน๊ตบุ๊ค/เชียงใหม่/จอมีเส้น/,เชียงใหม่,จอมีเส้น,https://ร้านรับซื้อโน๊ตบุ๊ค.com/รับซื้อโน๊ตบุ๊ค/เชียงใหม่/,https://ร้านรับซื้อโน๊ตบุ๊ค.com/รับซื้อโน๊ตบุ๊ค/จอมีเส้น/,200 indexable self-canonical,200 indexable self-canonical,high location / low entity,high entity / low location,high,2026-06-23,KEEP_404,high,Both plausible targets preserve only one dimension of the original intent; no single exact target exists.
https://ร้านรับซื้อโน๊ตบุ๊ค.com/รับซื้อโน๊ตบุ๊ค/สิงห์บุรี/macbook-air-m5/,สิงห์บุรี,macbook-air-m5,https://ร้านรับซื้อโน๊ตบุ๊ค.com/รับซื้อโน๊ตบุ๊ค/สิงห์บุรี/,https://ร้านรับซื้อโน๊ตบุ๊ค.com/รับซื้อโน๊ตบุ๊ค/macbook-air-m5/,200 indexable self-canonical,200 indexable self-canonical,high location / low entity,high entity / low location,high,2026-06-23,KEEP_404,high,Both plausible targets preserve only one dimension of the original intent; no single exact target exists.
https://ร้านรับซื้อโน๊ตบุ๊ค.com/รับซื้อโน๊ตบุ๊ค/ลำปาง/lenovo-thinkbook/,ลำปาง,lenovo-thinkbook,https://ร้านรับซื้อโน๊ตบุ๊ค.com/รับซื้อโน๊ตบุ๊ค/ลำปาง/,https://ร้านรับซื้อโน๊ตบุ๊ค.com/รับซื้อโน๊ตบุ๊ค/lenovo-thinkbook/,200 indexable self-canonical,200 indexable self-canonical,high location / low entity,high entity / low location,high,2026-06-23,KEEP_404,high,Both plausible targets preserve only one dimension of the original intent; no single exact target exists.
https://ร้านรับซื้อโน๊ตบุ๊ค.com/รับซื้อโน๊ตบุ๊ค/ปัตตานี/lenovo-thinkbook/,ปัตตานี,lenovo-thinkbook,https://ร้านรับซื้อโน๊ตบุ๊ค.com/รับซื้อโน๊ตบุ๊ค/ปัตตานี/,https://ร้านรับซื้อโน๊ตบุ๊ค.com/รับซื้อโน๊ตบุ๊ค/lenovo-thinkbook/,200 indexable self-canonical,200 indexable self-canonical,high location / low entity,high entity / low location,high,2026-06-23,KEEP_404,high,Both plausible targets preserve only one dimension of the original intent; no single exact target exists.
https://ร้านรับซื้อโน๊ตบุ๊ค.com/รับซื้อโน๊ตบุ๊ค/ตรัง/samsung-galaxy-book/,ตรัง,samsung-galaxy-book,https://ร้านรับซื้อโน๊ตบุ๊ค.com/รับซื้อโน๊ตบุ๊ค/ตรัง/,https://ร้านรับซื้อโน๊ตบุ๊ค.com/รับซื้อโน๊ตบุ๊ค/samsung-galaxy-book/,200 indexable self-canonical,200 indexable self-canonical,high location / low entity,high entity / low location,high,2026-06-23,KEEP_404,high,Both plausible targets preserve only one dimension of the original intent; no single exact target exists.
https://ร้านรับซื้อโน๊ตบุ๊ค.com/รับซื้อโน๊ตบุ๊ค/เลย/thinkpad-t14/,เลย,thinkpad-t14,https://ร้านรับซื้อโน๊ตบุ๊ค.com/รับซื้อโน๊ตบุ๊ค/เลย/,https://ร้านรับซื้อโน๊ตบุ๊ค.com/รับซื้อโน๊ตบุ๊ค/thinkpad-t14/,200 indexable self-canonical,200 indexable self-canonical,high location / low entity,high entity / low location,high,2026-06-23,KEEP_404,high,Both plausible targets preserve only one dimension of the original intent; no single exact target exists.
https://ร้านรับซื้อโน๊ตบุ๊ค.com/รับซื้อโน๊ตบุ๊ค/ลพบุรี/hp-omen-transcend/,ลพบุรี,hp-omen-transcend,https://ร้านรับซื้อโน๊ตบุ๊ค.com/รับซื้อโน๊ตบุ๊ค/ลพบุรี/,https://ร้านรับซื้อโน๊ตบุ๊ค.com/รับซื้อโน๊ตบุ๊ค/hp-omen-transcend/,200 indexable self-canonical,200 indexable self-canonical,high location / low entity,high entity / low location,high,2026-06-23,KEEP_404,high,Both plausible targets preserve only one dimension of the original intent; no single exact target exists.
https://ร้านรับซื้อโน๊ตบุ๊ค.com/รับซื้อโน๊ตบุ๊ค/บึงกาฬ/acer-swift/,บึงกาฬ,acer-swift,https://ร้านรับซื้อโน๊ตบุ๊ค.com/รับซื้อโน๊ตบุ๊ค/บึงกาฬ/,https://ร้านรับซื้อโน๊ตบุ๊ค.com/รับซื้อโน๊ตบุ๊ค/acer-swift/,200 indexable self-canonical,200 indexable self-canonical,high location / low entity,high entity / low location,high,2026-06-23,KEEP_404,high,Both plausible targets preserve only one dimension of the original intent; no single exact target exists.
https://ร้านรับซื้อโน๊ตบุ๊ค.com/รับซื้อโน๊ตบุ๊ค/สุรินทร์/msi-cyborg-15/,สุรินทร์,msi-cyborg-15,https://ร้านรับซื้อโน๊ตบุ๊ค.com/รับซื้อโน๊ตบุ๊ค/สุรินทร์/,https://ร้านรับซื้อโน๊ตบุ๊ค.com/รับซื้อโน๊ตบุ๊ค/msi-cyborg-15/,200 indexable self-canonical,200 indexable self-canonical,high location / low entity,high entity / low location,high,2026-06-23,KEEP_404,high,Both plausible targets preserve only one dimension of the original intent; no single exact target exists.
https://ร้านรับซื้อโน๊ตบุ๊ค.com/รับซื้อโน๊ตบุ๊ค/ระยอง/thinkpad-t14/,ระยอง,thinkpad-t14,https://ร้านรับซื้อโน๊ตบุ๊ค.com/รับซื้อโน๊ตบุ๊ค/ระยอง/,https://ร้านรับซื้อโน๊ตบุ๊ค.com/รับซื้อโน๊ตบุ๊ค/thinkpad-t14/,200 indexable self-canonical,200 indexable self-canonical,high location / low entity,high entity / low location,high,2026-06-23,KEEP_404,high,Both plausible targets preserve only one dimension of the original intent; no single exact target exists.
https://ร้านรับซื้อโน๊ตบุ๊ค.com/รับซื้อโน๊ตบุ๊ค/สมุทรสงคราม/กล้องเสีย/,สมุทรสงคราม,กล้องเสีย,https://ร้านรับซื้อโน๊ตบุ๊ค.com/รับซื้อโน๊ตบุ๊ค/สมุทรสงคราม/,https://ร้านรับซื้อโน๊ตบุ๊ค.com/รับซื้อโน๊ตบุ๊ค/กล้องเสีย/,200 indexable self-canonical,200 indexable self-canonical,high location / low entity,high entity / low location,high,2026-06-23,KEEP_404,high,Both plausible targets preserve only one dimension of the original intent; no single exact target exists.
https://ร้านรับซื้อโน๊ตบุ๊ค.com/รับซื้อโน๊ตบุ๊ค/หาดใหญ่/macbook-charge-port/,หาดใหญ่,macbook-charge-port,https://ร้านรับซื้อโน๊ตบุ๊ค.com/รับซื้อโน๊ตบุ๊ค/หาดใหญ่/,https://ร้านรับซื้อโน๊ตบุ๊ค.com/รับซื้อโน๊ตบุ๊ค/macbook-charge-port/,200 indexable self-canonical,200 indexable self-canonical,high location / low entity,high entity / low location,high,2026-06-23,KEEP_404,high,Both plausible targets preserve only one dimension of the original intent; no single exact target exists.
https://ร้านรับซื้อโน๊ตบุ๊ค.com/รับซื้อโน๊ตบุ๊ค/หนองคาย/ร้อนจัดดับเอง/,หนองคาย,ร้อนจัดดับเอง,https://ร้านรับซื้อโน๊ตบุ๊ค.com/รับซื้อโน๊ตบุ๊ค/หนองคาย/,https://ร้านรับซื้อโน๊ตบุ๊ค.com/รับซื้อโน๊ตบุ๊ค/ร้อนจัดดับเอง/,200 indexable self-canonical,200 indexable self-canonical,high location / low entity,high entity / low location,high,2026-06-23,KEEP_404,high,Both plausible targets preserve only one dimension of the original intent; no single exact target exists.
https://ร้านรับซื้อโน๊ตบุ๊ค.com/รับซื้อโน๊ตบุ๊ค/สระแก้ว/dell-vostro/,สระแก้ว,dell-vostro,https://ร้านรับซื้อโน๊ตบุ๊ค.com/รับซื้อโน๊ตบุ๊ค/สระแก้ว/,https://ร้านรับซื้อโน๊ตบุ๊ค.com/รับซื้อโน๊ตบุ๊ค/dell-vostro/,200 indexable self-canonical,200 indexable self-canonical,high location / low entity,high entity / low location,high,2026-06-23,KEEP_404,high,Both plausible targets preserve only one dimension of the original intent; no single exact target exists.
https://ร้านรับซื้อโน๊ตบุ๊ค.com/รับซื้อโน๊ตบุ๊ค/ระนอง/hp-omen-transcend/,ระนอง,hp-omen-transcend,https://ร้านรับซื้อโน๊ตบุ๊ค.com/รับซื้อโน๊ตบุ๊ค/ระนอง/,https://ร้านรับซื้อโน๊ตบุ๊ค.com/รับซื้อโน๊ตบุ๊ค/hp-omen-transcend/,200 indexable self-canonical,200 indexable self-canonical,high location / low entity,high entity / low location,high,2026-06-23,KEEP_404,high,Both plausible targets preserve only one dimension of the original intent; no single exact target exists.
https://ร้านรับซื้อโน๊ตบุ๊ค.com/รับซื้อโน๊ตบุ๊ค/นครพนม/msi-katana-15/,นครพนม,msi-katana-15,https://ร้านรับซื้อโน๊ตบุ๊ค.com/รับซื้อโน๊ตบุ๊ค/นครพนม/,https://ร้านรับซื้อโน๊ตบุ๊ค.com/รับซื้อโน๊ตบุ๊ค/msi-katana-15/,200 indexable self-canonical,200 indexable self-canonical,high location / low entity,high entity / low location,high,2026-06-22,KEEP_404,high,Both plausible targets preserve only one dimension of the original intent; no single exact target exists.
https://ร้านรับซื้อโน๊ตบุ๊ค.com/รับซื้อโน๊ตบุ๊ค/พิษณุโลก/lenovo-legion-pro-7/,พิษณุโลก,lenovo-legion-pro-7,https://ร้านรับซื้อโน๊ตบุ๊ค.com/รับซื้อโน๊ตบุ๊ค/พิษณุโลก/,https://ร้านรับซื้อโน๊ตบุ๊ค.com/รับซื้อโน๊ตบุ๊ค/lenovo-legion-pro-7/,200 indexable self-canonical,200 indexable self-canonical,high location / low entity,high entity / low location,high,2026-06-22,KEEP_404,high,Both plausible targets preserve only one dimension of the original intent; no single exact target exists.
https://ร้านรับซื้อโน๊ตบุ๊ค.com/รับซื้อโน๊ตบุ๊ค/นราธิวาส/macbook-battery-health/,นราธิวาส,macbook-battery-health,https://ร้านรับซื้อโน๊ตบุ๊ค.com/รับซื้อโน๊ตบุ๊ค/นราธิวาส/,https://ร้านรับซื้อโน๊ตบุ๊ค.com/รับซื้อโน๊ตบุ๊ค/macbook-battery-health/,200 indexable self-canonical,200 indexable self-canonical,high location / low entity,high entity / low location,high,2026-06-22,KEEP_404,high,Both plausible targets preserve only one dimension of the original intent; no single exact target exists.
https://ร้านรับซื้อโน๊ตบุ๊ค.com/รับซื้อโน๊ตบุ๊ค/อุตรดิตถ์/razer-blade/,อุตรดิตถ์,razer-blade,https://ร้านรับซื้อโน๊ตบุ๊ค.com/รับซื้อโน๊ตบุ๊ค/อุตรดิตถ์/,https://ร้านรับซื้อโน๊ตบุ๊ค.com/รับซื้อโน๊ตบุ๊ค/razer-blade/,200 indexable self-canonical,200 indexable self-canonical,high location / low entity,high entity / low location,high,2026-06-22,KEEP_404,high,Both plausible targets preserve only one dimension of the original intent; no single exact target exists.
https://ร้านรับซื้อโน๊ตบุ๊ค.com/รับซื้อโน๊ตบุ๊ค/นครนายก/macbook-air-m4/,นครนายก,macbook-air-m4,https://ร้านรับซื้อโน๊ตบุ๊ค.com/รับซื้อโน๊ตบุ๊ค/นครนายก/,https://ร้านรับซื้อโน๊ตบุ๊ค.com/รับซื้อโน๊ตบุ๊ค/macbook-air-m4/,200 indexable self-canonical,200 indexable self-canonical,high location / low entity,high entity / low location,high,2026-06-22,KEEP_404,high,Both plausible targets preserve only one dimension of the original intent; no single exact target exists.
https://ร้านรับซื้อโน๊ตบุ๊ค.com/รับซื้อโน๊ตบุ๊ค/หนองคาย/gigabyte/,หนองคาย,gigabyte,https://ร้านรับซื้อโน๊ตบุ๊ค.com/รับซื้อโน๊ตบุ๊ค/หนองคาย/,https://ร้านรับซื้อโน๊ตบุ๊ค.com/รับซื้อโน๊ตบุ๊ค/gigabyte/,200 indexable self-canonical,200 indexable self-canonical,high location / low entity,high entity / low location,high,2026-06-22,KEEP_404,high,Both plausible targets preserve only one dimension of the original intent; no single exact target exists.
https://ร้านรับซื้อโน๊ตบุ๊ค.com/รับซื้อโน๊ตบุ๊ค/พิจิตร/hp-probook/,พิจิตร,hp-probook,https://ร้านรับซื้อโน๊ตบุ๊ค.com/รับซื้อโน๊ตบุ๊ค/พิจิตร/,https://ร้านรับซื้อโน๊ตบุ๊ค.com/รับซื้อโน๊ตบุ๊ค/hp-probook/,200 indexable self-canonical,200 indexable self-canonical,high location / low entity,high entity / low location,high,2026-06-22,KEEP_404,high,Both plausible targets preserve only one dimension of the original intent; no single exact target exists.
https://ร้านรับซื้อโน๊ตบุ๊ค.com/รับซื้อโน๊ตบุ๊ค/ฉะเชิงเทรา/surface-book/,ฉะเชิงเทรา,surface-book,https://ร้านรับซื้อโน๊ตบุ๊ค.com/รับซื้อโน๊ตบุ๊ค/ฉะเชิงเทรา/,https://ร้านรับซื้อโน๊ตบุ๊ค.com/รับซื้อโน๊ตบุ๊ค/surface-book/,200 indexable self-canonical,200 indexable self-canonical,high location / low entity,high entity / low location,high,2026-06-22,KEEP_404,high,Both plausible targets preserve only one dimension of the original intent; no single exact target exists.
https://ร้านรับซื้อโน๊ตบุ๊ค.com/รับซื้อโน๊ตบุ๊ค/อำนาจเจริญ/บลูทูธใช้ไม่ได้/,อำนาจเจริญ,บลูทูธใช้ไม่ได้,https://ร้านรับซื้อโน๊ตบุ๊ค.com/รับซื้อโน๊ตบุ๊ค/อำนาจเจริญ/,https://ร้านรับซื้อโน๊ตบุ๊ค.com/รับซื้อโน๊ตบุ๊ค/บลูทูธใช้ไม่ได้/,200 indexable self-canonical,200 indexable self-canonical,high location / low entity,high entity / low location,high,2026-06-22,KEEP_404,high,Both plausible targets preserve only one dimension of the original intent; no single exact target exists.
https://ร้านรับซื้อโน๊ตบุ๊ค.com/รับซื้อโน๊ตบุ๊ค/ศรีสะเกษ/พอร์ต-type-c-เสีย/,ศรีสะเกษ,พอร์ต-type-c-เสีย,https://ร้านรับซื้อโน๊ตบุ๊ค.com/รับซื้อโน๊ตบุ๊ค/ศรีสะเกษ/,https://ร้านรับซื้อโน๊ตบุ๊ค.com/รับซื้อโน๊ตบุ๊ค/พอร์ต-type-c-เสีย/,200 indexable self-canonical,200 indexable self-canonical,high location / low entity,high entity / low location,high,2026-06-22,KEEP_404,high,Both plausible targets preserve only one dimension of the original intent; no single exact target exists.
https://ร้านรับซื้อโน๊ตบุ๊ค.com/รับซื้อโน๊ตบุ๊ค/ร้อยเอ็ด/macbook-pro-16/,ร้อยเอ็ด,macbook-pro-16,https://ร้านรับซื้อโน๊ตบุ๊ค.com/รับซื้อโน๊ตบุ๊ค/ร้อยเอ็ด/,https://ร้านรับซื้อโน๊ตบุ๊ค.com/รับซื้อโน๊ตบุ๊ค/macbook-pro-16/,200 indexable self-canonical,200 indexable self-canonical,high location / low entity,high entity / low location,high,2026-06-22,KEEP_404,high,Both plausible targets preserve only one dimension of the original intent; no single exact target exists.
https://ร้านรับซื้อโน๊ตบุ๊ค.com/รับซื้อโน๊ตบุ๊ค/กรุงเทพ/พัดลมดัง/,กรุงเทพ,พัดลมดัง,https://ร้านรับซื้อโน๊ตบุ๊ค.com/รับซื้อโน๊ตบุ๊ค/กรุงเทพ/,https://ร้านรับซื้อโน๊ตบุ๊ค.com/รับซื้อโน๊ตบุ๊ค/พัดลมดัง/,200 indexable self-canonical,200 indexable self-canonical,high location / low entity,high entity / low location,high,2026-06-22,KEEP_404,high,Both plausible targets preserve only one dimension of the original intent; no single exact target exists.
https://ร้านรับซื้อโน๊ตบุ๊ค.com/รับซื้อโน๊ตบุ๊ค/อำนาจเจริญ/macbook-battery-health/,อำนาจเจริญ,macbook-battery-health,https://ร้านรับซื้อโน๊ตบุ๊ค.com/รับซื้อโน๊ตบุ๊ค/อำนาจเจริญ/,https://ร้านรับซื้อโน๊ตบุ๊ค.com/รับซื้อโน๊ตบุ๊ค/macbook-battery-health/,200 indexable self-canonical,200 indexable self-canonical,high location / low entity,high entity / low location,high,2026-06-22,KEEP_404,high,Both plausible targets preserve only one dimension of the original intent; no single exact target exists.
https://ร้านรับซื้อโน๊ตบุ๊ค.com/รับซื้อโน๊ตบุ๊ค/ใกล้ฉัน/asus-zephyrus-g16/,ใกล้ฉัน,asus-zephyrus-g16,https://ร้านรับซื้อโน๊ตบุ๊ค.com/รับซื้อโน๊ตบุ๊ค/ใกล้ฉัน/,https://ร้านรับซื้อโน๊ตบุ๊ค.com/รับซื้อโน๊ตบุ๊ค/asus-zephyrus-g16/,200 indexable self-canonical,200 indexable self-canonical,high location / low entity,high entity / low location,high,2026-06-22,KEEP_404,high,Both plausible targets preserve only one dimension of the original intent; no single exact target exists.
https://ร้านรับซื้อโน๊ตบุ๊ค.com/รับซื้อโน๊ตบุ๊ค/เลย/asus-zephyrus/,เลย,asus-zephyrus,https://ร้านรับซื้อโน๊ตบุ๊ค.com/รับซื้อโน๊ตบุ๊ค/เลย/,https://ร้านรับซื้อโน๊ตบุ๊ค.com/รับซื้อโน๊ตบุ๊ค/asus-zephyrus/,200 indexable self-canonical,200 indexable self-canonical,high location / low entity,high entity / low location,high,2026-06-22,KEEP_404,high,Both plausible targets preserve only one dimension of the original intent; no single exact target exists.
https://ร้านรับซื้อโน๊ตบุ๊ค.com/รับซื้อโน๊ตบุ๊ค/สุโขทัย/lenovo-legion-slim/,สุโขทัย,lenovo-legion-slim,https://ร้านรับซื้อโน๊ตบุ๊ค.com/รับซื้อโน๊ตบุ๊ค/สุโขทัย/,https://ร้านรับซื้อโน๊ตบุ๊ค.com/รับซื้อโน๊ตบุ๊ค/lenovo-legion-slim/,200 indexable self-canonical,200 indexable self-canonical,high location / low entity,high entity / low location,high,2026-06-22,KEEP_404,high,Both plausible targets preserve only one dimension of the original intent; no single exact target exists.
https://ร้านรับซื้อโน๊ตบุ๊ค.com/รับซื้อโน๊ตบุ๊ค/นครปฐม/msi-stealth-14/,นครปฐม,msi-stealth-14,https://ร้านรับซื้อโน๊ตบุ๊ค.com/รับซื้อโน๊ตบุ๊ค/นครปฐม/,https://ร้านรับซื้อโน๊ตบุ๊ค.com/รับซื้อโน๊ตบุ๊ค/msi-stealth-14/,200 indexable self-canonical,200 indexable self-canonical,high location / low entity,high entity / low location,high,2026-06-22,KEEP_404,high,Both plausible targets preserve only one dimension of the original intent; no single exact target exists.
https://ร้านรับซื้อโน๊ตบุ๊ค.com/รับซื้อโน๊ตบุ๊ค/สุรินทร์/hp-pavilion/,สุรินทร์,hp-pavilion,https://ร้านรับซื้อโน๊ตบุ๊ค.com/รับซื้อโน๊ตบุ๊ค/สุรินทร์/,https://ร้านรับซื้อโน๊ตบุ๊ค.com/รับซื้อโน๊ตบุ๊ค/hp-pavilion/,200 indexable self-canonical,200 indexable self-canonical,high location / low entity,high entity / low location,high,2026-06-22,KEEP_404,high,Both plausible targets preserve only one dimension of the original intent; no single exact target exists.
https://ร้านรับซื้อโน๊ตบุ๊ค.com/รับซื้อโน๊ตบุ๊ค/นราธิวาส/samsung/,นราธิวาส,samsung,https://ร้านรับซื้อโน๊ตบุ๊ค.com/รับซื้อโน๊ตบุ๊ค/นราธิวาส/,https://ร้านรับซื้อโน๊ตบุ๊ค.com/รับซื้อโน๊ตบุ๊ค/samsung/,200 indexable self-canonical,200 indexable self-canonical,high location / low entity,high entity / low location,high,2026-06-22,KEEP_404,high,Both plausible targets preserve only one dimension of the original intent; no single exact target exists.
https://ร้านรับซื้อโน๊ตบุ๊ค.com/รับซื้อโน๊ตบุ๊ค/ภูเก็ต/razer-blade/,ภูเก็ต,razer-blade,https://ร้านรับซื้อโน๊ตบุ๊ค.com/รับซื้อโน๊ตบุ๊ค/ภูเก็ต/,https://ร้านรับซื้อโน๊ตบุ๊ค.com/รับซื้อโน๊ตบุ๊ค/razer-blade/,200 indexable self-canonical,200 indexable self-canonical,high location / low entity,high entity / low location,high,2026-06-22,KEEP_404,high,Both plausible targets preserve only one dimension of the original intent; no single exact target exists.
https://ร้านรับซื้อโน๊ตบุ๊ค.com/รับซื้อโน๊ตบุ๊ค/รามคำแหง/asus-vivobook/,รามคำแหง,asus-vivobook,https://ร้านรับซื้อโน๊ตบุ๊ค.com/รับซื้อโน๊ตบุ๊ค/รามคำแหง/,https://ร้านรับซื้อโน๊ตบุ๊ค.com/รับซื้อโน๊ตบุ๊ค/asus-vivobook/,200 indexable self-canonical,200 indexable self-canonical,high location / low entity,high entity / low location,high,2026-06-22,KEEP_404,high,Both plausible targets preserve only one dimension of the original intent; no single exact target exists.
https://ร้านรับซื้อโน๊ตบุ๊ค.com/รับซื้อโน๊ตบุ๊ค/สงขลา/macbook-keyboard-issue/,สงขลา,macbook-keyboard-issue,https://ร้านรับซื้อโน๊ตบุ๊ค.com/รับซื้อโน๊ตบุ๊ค/สงขลา/,https://ร้านรับซื้อโน๊ตบุ๊ค.com/รับซื้อโน๊ตบุ๊ค/macbook-keyboard-issue/,200 indexable self-canonical,200 indexable self-canonical,high location / low entity,high entity / low location,high,2026-06-22,KEEP_404,high,Both plausible targets preserve only one dimension of the original intent; no single exact target exists.
https://ร้านรับซื้อโน๊ตบุ๊ค.com/รับซื้อโน๊ตบุ๊ค/ปัตตานี/hp-victus-15/,ปัตตานี,hp-victus-15,https://ร้านรับซื้อโน๊ตบุ๊ค.com/รับซื้อโน๊ตบุ๊ค/ปัตตานี/,https://ร้านรับซื้อโน๊ตบุ๊ค.com/รับซื้อโน๊ตบุ๊ค/hp-victus-15/,200 indexable self-canonical,200 indexable self-canonical,high location / low entity,high entity / low location,high,2026-06-22,KEEP_404,high,Both plausible targets preserve only one dimension of the original intent; no single exact target exists.
https://ร้านรับซื้อโน๊ตบุ๊ค.com/รับซื้อโน๊ตบุ๊ค/ตาก/hp-pavilion/,ตาก,hp-pavilion,https://ร้านรับซื้อโน๊ตบุ๊ค.com/รับซื้อโน๊ตบุ๊ค/ตาก/,https://ร้านรับซื้อโน๊ตบุ๊ค.com/รับซื้อโน๊ตบุ๊ค/hp-pavilion/,200 indexable self-canonical,200 indexable self-canonical,high location / low entity,high entity / low location,high,2026-06-22,KEEP_404,high,Both plausible targets preserve only one dimension of the original intent; no single exact target exists.
https://ร้านรับซื้อโน๊ตบุ๊ค.com/รับซื้อโน๊ตบุ๊ค/อยุธยา/wifi-ไม่ติด/,อยุธยา,wifi-ไม่ติด,https://ร้านรับซื้อโน๊ตบุ๊ค.com/รับซื้อโน๊ตบุ๊ค/อยุธยา/,https://ร้านรับซื้อโน๊ตบุ๊ค.com/รับซื้อโน๊ตบุ๊ค/wifi-ไม่ติด/,200 indexable self-canonical,200 indexable self-canonical,high location / low entity,high entity / low location,high,2026-06-22,KEEP_404,high,Both plausible targets preserve only one dimension of the original intent; no single exact target exists.
https://ร้านรับซื้อโน๊ตบุ๊ค.com/รับซื้อโน๊ตบุ๊ค/ชัยภูมิ/asus-vivobook/,ชัยภูมิ,asus-vivobook,https://ร้านรับซื้อโน๊ตบุ๊ค.com/รับซื้อโน๊ตบุ๊ค/ชัยภูมิ/,https://ร้านรับซื้อโน๊ตบุ๊ค.com/รับซื้อโน๊ตบุ๊ค/asus-vivobook/,200 indexable self-canonical,200 indexable self-canonical,high location / low entity,high entity / low location,high,2026-06-22,KEEP_404,high,Both plausible targets preserve only one dimension of the original intent; no single exact target exists.
https://ร้านรับซื้อโน๊ตบุ๊ค.com/รับซื้อโน๊ตบุ๊ค/สมุทรปราการ/hp-spectre-x360/,สมุทรปราการ,hp-spectre-x360,https://ร้านรับซื้อโน๊ตบุ๊ค.com/รับซื้อโน๊ตบุ๊ค/สมุทรปราการ/,https://ร้านรับซื้อโน๊ตบุ๊ค.com/รับซื้อโน๊ตบุ๊ค/hp-spectre-x360/,200 indexable self-canonical,200 indexable self-canonical,high location / low entity,high entity / low location,high,2026-06-22,KEEP_404,high,Both plausible targets preserve only one dimension of the original intent; no single exact target exists.
https://ร้านรับซื้อโน๊ตบุ๊ค.com/รับซื้อโน๊ตบุ๊ค/สมุทรปราการ/razer-blade/,สมุทรปราการ,razer-blade,https://ร้านรับซื้อโน๊ตบุ๊ค.com/รับซื้อโน๊ตบุ๊ค/สมุทรปราการ/,https://ร้านรับซื้อโน๊ตบุ๊ค.com/รับซื้อโน๊ตบุ๊ค/razer-blade/,200 indexable self-canonical,200 indexable self-canonical,high location / low entity,high entity / low location,high,2026-06-21,KEEP_404,high,Both plausible targets preserve only one dimension of the original intent; no single exact target exists.
https://ร้านรับซื้อโน๊ตบุ๊ค.com/รับซื้อโน๊ตบุ๊ค/ศรีสะเกษ/thinkpad-x1-carbon/,ศรีสะเกษ,thinkpad-x1-carbon,https://ร้านรับซื้อโน๊ตบุ๊ค.com/รับซื้อโน๊ตบุ๊ค/ศรีสะเกษ/,https://ร้านรับซื้อโน๊ตบุ๊ค.com/รับซื้อโน๊ตบุ๊ค/thinkpad-x1-carbon/,200 indexable self-canonical,200 indexable self-canonical,high location / low entity,high entity / low location,high,2026-06-21,KEEP_404,high,Both plausible targets preserve only one dimension of the original intent; no single exact target exists.
https://ร้านรับซื้อโน๊ตบุ๊ค.com/รับซื้อโน๊ตบุ๊ค/นราธิวาส/acer-aspire-5/,นราธิวาส,acer-aspire-5,https://ร้านรับซื้อโน๊ตบุ๊ค.com/รับซื้อโน๊ตบุ๊ค/นราธิวาส/,https://ร้านรับซื้อโน๊ตบุ๊ค.com/รับซื้อโน๊ตบุ๊ค/acer-aspire-5/,200 indexable self-canonical,200 indexable self-canonical,high location / low entity,high entity / low location,high,2026-06-21,KEEP_404,high,Both plausible targets preserve only one dimension of the original intent; no single exact target exists.
https://ร้านรับซื้อโน๊ตบุ๊ค.com/รับซื้อโน๊ตบุ๊ค/พระราม2/พอร์ตแลนเสีย/,พระราม2,พอร์ตแลนเสีย,https://ร้านรับซื้อโน๊ตบุ๊ค.com/รับซื้อโน๊ตบุ๊ค/พระราม2/,https://ร้านรับซื้อโน๊ตบุ๊ค.com/รับซื้อโน๊ตบุ๊ค/พอร์ตแลนเสีย/,200 indexable self-canonical,200 indexable self-canonical,high location / low entity,high entity / low location,high,2026-06-21,KEEP_404,high,Both plausible targets preserve only one dimension of the original intent; no single exact target exists.
https://ร้านรับซื้อโน๊ตบุ๊ค.com/รับซื้อโน๊ตบุ๊ค/ชุมพร/huawei/,ชุมพร,huawei,https://ร้านรับซื้อโน๊ตบุ๊ค.com/รับซื้อโน๊ตบุ๊ค/ชุมพร/,https://ร้านรับซื้อโน๊ตบุ๊ค.com/รับซื้อโน๊ตบุ๊ค/huawei/,200 indexable self-canonical,200 indexable self-canonical,high location / low entity,high entity / low location,high,2026-06-20,KEEP_404,high,Both plausible targets preserve only one dimension of the original intent; no single exact target exists.
https://ร้านรับซื้อโน๊ตบุ๊ค.com/รับซื้อโน๊ตบุ๊ค/มหาสารคาม/honor-magicbook/,มหาสารคาม,honor-magicbook,https://ร้านรับซื้อโน๊ตบุ๊ค.com/รับซื้อโน๊ตบุ๊ค/มหาสารคาม/,https://ร้านรับซื้อโน๊ตบุ๊ค.com/รับซื้อโน๊ตบุ๊ค/honor-magicbook/,200 indexable self-canonical,200 indexable self-canonical,high location / low entity,high entity / low location,high,2026-06-20,KEEP_404,high,Both plausible targets preserve only one dimension of the original intent; no single exact target exists.
https://ร้านรับซื้อโน๊ตบุ๊ค.com/รับซื้อโน๊ตบุ๊ค/หนองคาย/lenovo-legion-pro/,หนองคาย,lenovo-legion-pro,https://ร้านรับซื้อโน๊ตบุ๊ค.com/รับซื้อโน๊ตบุ๊ค/หนองคาย/,https://ร้านรับซื้อโน๊ตบุ๊ค.com/รับซื้อโน๊ตบุ๊ค/lenovo-legion-pro/,200 indexable self-canonical,200 indexable self-canonical,high location / low entity,high entity / low location,high,2026-06-20,KEEP_404,high,Both plausible targets preserve only one dimension of the original intent; no single exact target exists.
https://ร้านรับซื้อโน๊ตบุ๊ค.com/รับซื้อโน๊ตบุ๊ค/สุโขทัย/asus-tuf-a15-f15/,สุโขทัย,asus-tuf-a15-f15,https://ร้านรับซื้อโน๊ตบุ๊ค.com/รับซื้อโน๊ตบุ๊ค/สุโขทัย/,https://ร้านรับซื้อโน๊ตบุ๊ค.com/รับซื้อโน๊ตบุ๊ค/asus-tuf-a15-f15/,200 indexable self-canonical,200 indexable self-canonical,high location / low entity,high entity / low location,high,2026-06-20,KEEP_404,high,Both plausible targets preserve only one dimension of the original intent; no single exact target exists.
https://ร้านรับซื้อโน๊ตบุ๊ค.com/รับซื้อโน๊ตบุ๊ค/อำนาจเจริญ/acer-travelmate/,อำนาจเจริญ,acer-travelmate,https://ร้านรับซื้อโน๊ตบุ๊ค.com/รับซื้อโน๊ตบุ๊ค/อำนาจเจริญ/,https://ร้านรับซื้อโน๊ตบุ๊ค.com/รับซื้อโน๊ตบุ๊ค/acer-travelmate/,200 indexable self-canonical,200 indexable self-canonical,high location / low entity,high entity / low location,high,2026-06-20,KEEP_404,high,Both plausible targets preserve only one dimension of the original intent; no single exact target exists.
https://ร้านรับซื้อโน๊ตบุ๊ค.com/รับซื้อโน๊ตบุ๊ค/พิจิตร/macbook-screen-crack/,พิจิตร,macbook-screen-crack,https://ร้านรับซื้อโน๊ตบุ๊ค.com/รับซื้อโน๊ตบุ๊ค/พิจิตร/,https://ร้านรับซื้อโน๊ตบุ๊ค.com/รับซื้อโน๊ตบุ๊ค/macbook-screen-crack/,200 indexable self-canonical,200 indexable self-canonical,high location / low entity,high entity / low location,high,2026-06-20,KEEP_404,high,Both plausible targets preserve only one dimension of the original intent; no single exact target exists.
https://ร้านรับซื้อโน๊ตบุ๊ค.com/รับซื้อโน๊ตบุ๊ค/สงขลา/msi-stealth-16/,สงขลา,msi-stealth-16,https://ร้านรับซื้อโน๊ตบุ๊ค.com/รับซื้อโน๊ตบุ๊ค/สงขลา/,https://ร้านรับซื้อโน๊ตบุ๊ค.com/รับซื้อโน๊ตบุ๊ค/msi-stealth-16/,200 indexable self-canonical,200 indexable self-canonical,high location / low entity,high entity / low location,high,2026-06-20,KEEP_404,high,Both plausible targets preserve only one dimension of the original intent; no single exact target exists.
https://ร้านรับซื้อโน๊ตบุ๊ค.com/รับซื้อโน๊ตบุ๊ค/แพร่/macbook-charge-port/,แพร่,macbook-charge-port,https://ร้านรับซื้อโน๊ตบุ๊ค.com/รับซื้อโน๊ตบุ๊ค/แพร่/,https://ร้านรับซื้อโน๊ตบุ๊ค.com/รับซื้อโน๊ตบุ๊ค/macbook-charge-port/,200 indexable self-canonical,200 indexable self-canonical,high location / low entity,high entity / low location,high,2026-06-20,KEEP_404,high,Both plausible targets preserve only one dimension of the original intent; no single exact target exists.
https://ร้านรับซื้อโน๊ตบุ๊ค.com/รับซื้อโน๊ตบุ๊ค/ปัตตานี/ssd-เสีย/,ปัตตานี,ssd-เสีย,https://ร้านรับซื้อโน๊ตบุ๊ค.com/รับซื้อโน๊ตบุ๊ค/ปัตตานี/,https://ร้านรับซื้อโน๊ตบุ๊ค.com/รับซื้อโน๊ตบุ๊ค/ssd-เสีย/,200 indexable self-canonical,200 indexable self-canonical,high location / low entity,high entity / low location,high,2026-06-20,KEEP_404,high,Both plausible targets preserve only one dimension of the original intent; no single exact target exists.
https://ร้านรับซื้อโน๊ตบุ๊ค.com/รับซื้อโน๊ตบุ๊ค/นครปฐม/macbook-screen-crack/,นครปฐม,macbook-screen-crack,https://ร้านรับซื้อโน๊ตบุ๊ค.com/รับซื้อโน๊ตบุ๊ค/นครปฐม/,https://ร้านรับซื้อโน๊ตบุ๊ค.com/รับซื้อโน๊ตบุ๊ค/macbook-screen-crack/,200 indexable self-canonical,200 indexable self-canonical,high location / low entity,high entity / low location,high,2026-06-20,KEEP_404,high,Both plausible targets preserve only one dimension of the original intent; no single exact target exists.
https://ร้านรับซื้อโน๊ตบุ๊ค.com/รับซื้อโน๊ตบุ๊ค/ราชบุรี/hp-victus-17/,ราชบุรี,hp-victus-17,https://ร้านรับซื้อโน๊ตบุ๊ค.com/รับซื้อโน๊ตบุ๊ค/ราชบุรี/,https://ร้านรับซื้อโน๊ตบุ๊ค.com/รับซื้อโน๊ตบุ๊ค/hp-victus-17/,200 indexable self-canonical,200 indexable self-canonical,high location / low entity,high entity / low location,high,2026-06-20,KEEP_404,high,Both plausible targets preserve only one dimension of the original intent; no single exact target exists.
https://ร้านรับซื้อโน๊ตบุ๊ค.com/รับซื้อโน๊ตบุ๊ค/นครพนม/macbook-air-m3/,นครพนม,macbook-air-m3,https://ร้านรับซื้อโน๊ตบุ๊ค.com/รับซื้อโน๊ตบุ๊ค/นครพนม/,https://ร้านรับซื้อโน๊ตบุ๊ค.com/รับซื้อโน๊ตบุ๊ค/macbook-air-m3/,200 indexable self-canonical,200 indexable self-canonical,high location / low entity,high entity / low location,high,2026-06-20,KEEP_404,high,Both plausible targets preserve only one dimension of the original intent; no single exact target exists.
https://ร้านรับซื้อโน๊ตบุ๊ค.com/รับซื้อโน๊ตบุ๊ค/พะเยา/asus-vivobook/,พะเยา,asus-vivobook,https://ร้านรับซื้อโน๊ตบุ๊ค.com/รับซื้อโน๊ตบุ๊ค/พะเยา/,https://ร้านรับซื้อโน๊ตบุ๊ค.com/รับซื้อโน๊ตบุ๊ค/asus-vivobook/,200 indexable self-canonical,200 indexable self-canonical,high location / low entity,high entity / low location,high,2026-06-20,KEEP_404,high,Both plausible targets preserve only one dimension of the original intent; no single exact target exists.
https://ร้านรับซื้อโน๊ตบุ๊ค.com/รับซื้อโน๊ตบุ๊ค/พะเยา/hp-envy-x360/,พะเยา,hp-envy-x360,https://ร้านรับซื้อโน๊ตบุ๊ค.com/รับซื้อโน๊ตบุ๊ค/พะเยา/,https://ร้านรับซื้อโน๊ตบุ๊ค.com/รับซื้อโน๊ตบุ๊ค/hp-envy-x360/,200 indexable self-canonical,200 indexable self-canonical,high location / low entity,high entity / low location,high,2026-06-20,KEEP_404,high,Both plausible targets preserve only one dimension of the original intent; no single exact target exists.
https://ร้านรับซื้อโน๊ตบุ๊ค.com/รับซื้อโน๊ตบุ๊ค/พิษณุโลก/surface-laptop-go/,พิษณุโลก,surface-laptop-go,https://ร้านรับซื้อโน๊ตบุ๊ค.com/รับซื้อโน๊ตบุ๊ค/พิษณุโลก/,https://ร้านรับซื้อโน๊ตบุ๊ค.com/รับซื้อโน๊ตบุ๊ค/surface-laptop-go/,200 indexable self-canonical,200 indexable self-canonical,high location / low entity,high entity / low location,high,2026-06-20,KEEP_404,high,Both plausible targets preserve only one dimension of the original intent; no single exact target exists.
https://ร้านรับซื้อโน๊ตบุ๊ค.com/รับซื้อโน๊ตบุ๊ค/หนองคาย/dell-inspiron-15/,หนองคาย,dell-inspiron-15,https://ร้านรับซื้อโน๊ตบุ๊ค.com/รับซื้อโน๊ตบุ๊ค/หนองคาย/,https://ร้านรับซื้อโน๊ตบุ๊ค.com/รับซื้อโน๊ตบุ๊ค/dell-inspiron-15/,200 indexable self-canonical,200 indexable self-canonical,high location / low entity,high entity / low location,high,2026-06-20,KEEP_404,high,Both plausible targets preserve only one dimension of the original intent; no single exact target exists.
https://ร้านรับซื้อโน๊ตบุ๊ค.com/รับซื้อโน๊ตบุ๊ค/เลย/alienware-m16/,เลย,alienware-m16,https://ร้านรับซื้อโน๊ตบุ๊ค.com/รับซื้อโน๊ตบุ๊ค/เลย/,https://ร้านรับซื้อโน๊ตบุ๊ค.com/รับซื้อโน๊ตบุ๊ค/alienware-m16/,200 indexable self-canonical,200 indexable self-canonical,high location / low entity,high entity / low location,high,2026-06-20,KEEP_404,high,Both plausible targets preserve only one dimension of the original intent; no single exact target exists.
https://ร้านรับซื้อโน๊ตบุ๊ค.com/รับซื้อโน๊ตบุ๊ค/เชียงใหม่/hp-victus-16/,เชียงใหม่,hp-victus-16,https://ร้านรับซื้อโน๊ตบุ๊ค.com/รับซื้อโน๊ตบุ๊ค/เชียงใหม่/,https://ร้านรับซื้อโน๊ตบุ๊ค.com/รับซื้อโน๊ตบุ๊ค/hp-victus-16/,200 indexable self-canonical,200 indexable self-canonical,high location / low entity,high entity / low location,high,2026-06-20,KEEP_404,high,Both plausible targets preserve only one dimension of the original intent; no single exact target exists.
https://ร้านรับซื้อโน๊ตบุ๊ค.com/รับซื้อโน๊ตบุ๊ค/ภูเก็ต/dell-inspiron-15/,ภูเก็ต,dell-inspiron-15,https://ร้านรับซื้อโน๊ตบุ๊ค.com/รับซื้อโน๊ตบุ๊ค/ภูเก็ต/,https://ร้านรับซื้อโน๊ตบุ๊ค.com/รับซื้อโน๊ตบุ๊ค/dell-inspiron-15/,200 indexable self-canonical,200 indexable self-canonical,high location / low entity,high entity / low location,high,2026-06-20,KEEP_404,high,Both plausible targets preserve only one dimension of the original intent; no single exact target exists.
https://ร้านรับซื้อโน๊ตบุ๊ค.com/รับซื้อโน๊ตบุ๊ค/พิษณุโลก/บอดี้แตก/,พิษณุโลก,บอดี้แตก,https://ร้านรับซื้อโน๊ตบุ๊ค.com/รับซื้อโน๊ตบุ๊ค/พิษณุโลก/,https://ร้านรับซื้อโน๊ตบุ๊ค.com/รับซื้อโน๊ตบุ๊ค/บอดี้แตก/,200 indexable self-canonical,200 indexable self-canonical,high location / low entity,high entity / low location,high,2026-06-20,KEEP_404,high,Both plausible targets preserve only one dimension of the original intent; no single exact target exists.
https://ร้านรับซื้อโน๊ตบุ๊ค.com/รับซื้อโน๊ตบุ๊ค/ห้วยขวาง/msi-cyborg-15/,ห้วยขวาง,msi-cyborg-15,https://ร้านรับซื้อโน๊ตบุ๊ค.com/รับซื้อโน๊ตบุ๊ค/ห้วยขวาง/,https://ร้านรับซื้อโน๊ตบุ๊ค.com/รับซื้อโน๊ตบุ๊ค/msi-cyborg-15/,200 indexable self-canonical,200 indexable self-canonical,high location / low entity,high entity / low location,high,2026-06-20,KEEP_404,high,Both plausible targets preserve only one dimension of the original intent; no single exact target exists.
https://ร้านรับซื้อโน๊ตบุ๊ค.com/รับซื้อโน๊ตบุ๊ค/นครศรีธรรมราช/lenovo-legion-slim/,นครศรีธรรมราช,lenovo-legion-slim,https://ร้านรับซื้อโน๊ตบุ๊ค.com/รับซื้อโน๊ตบุ๊ค/นครศรีธรรมราช/,https://ร้านรับซื้อโน๊ตบุ๊ค.com/รับซื้อโน๊ตบุ๊ค/lenovo-legion-slim/,200 indexable self-canonical,200 indexable self-canonical,high location / low entity,high entity / low location,high,2026-06-20,KEEP_404,high,Both plausible targets preserve only one dimension of the original intent; no single exact target exists.
https://ร้านรับซื้อโน๊ตบุ๊ค.com/รับซื้อโน๊ตบุ๊ค/พิจิตร/alienware-m15-r7-r8/,พิจิตร,alienware-m15-r7-r8,https://ร้านรับซื้อโน๊ตบุ๊ค.com/รับซื้อโน๊ตบุ๊ค/พิจิตร/,https://ร้านรับซื้อโน๊ตบุ๊ค.com/รับซื้อโน๊ตบุ๊ค/alienware-m15-r7-r8/,200 indexable self-canonical,200 indexable self-canonical,high location / low entity,high entity / low location,high,2026-06-19,KEEP_404,high,Both plausible targets preserve only one dimension of the original intent; no single exact target exists.
https://ร้านรับซื้อโน๊ตบุ๊ค.com/รับซื้อโน๊ตบุ๊ค/ชุมพร/gigabyte-aorus/,ชุมพร,gigabyte-aorus,https://ร้านรับซื้อโน๊ตบุ๊ค.com/รับซื้อโน๊ตบุ๊ค/ชุมพร/,https://ร้านรับซื้อโน๊ตบุ๊ค.com/รับซื้อโน๊ตบุ๊ค/gigabyte-aorus/,200 indexable self-canonical,200 indexable self-canonical,high location / low entity,high entity / low location,high,2026-06-19,KEEP_404,high,Both plausible targets preserve only one dimension of the original intent; no single exact target exists.
https://ร้านรับซื้อโน๊ตบุ๊ค.com/รับซื้อโน๊ตบุ๊ค/สุรินทร์/dell-inspiron-15/,สุรินทร์,dell-inspiron-15,https://ร้านรับซื้อโน๊ตบุ๊ค.com/รับซื้อโน๊ตบุ๊ค/สุรินทร์/,https://ร้านรับซื้อโน๊ตบุ๊ค.com/รับซื้อโน๊ตบุ๊ค/dell-inspiron-15/,200 indexable self-canonical,200 indexable self-canonical,high location / low entity,high entity / low location,high,2026-06-19,KEEP_404,high,Both plausible targets preserve only one dimension of the original intent; no single exact target exists.
https://ร้านรับซื้อโน๊ตบุ๊ค.com/รับซื้อโน๊ตบุ๊ค/สิงห์บุรี/acer-swift/,สิงห์บุรี,acer-swift,https://ร้านรับซื้อโน๊ตบุ๊ค.com/รับซื้อโน๊ตบุ๊ค/สิงห์บุรี/,https://ร้านรับซื้อโน๊ตบุ๊ค.com/รับซื้อโน๊ตบุ๊ค/acer-swift/,200 indexable self-canonical,200 indexable self-canonical,high location / low entity,high entity / low location,high,2026-06-19,KEEP_404,high,Both plausible targets preserve only one dimension of the original intent; no single exact target exists.
https://ร้านรับซื้อโน๊ตบุ๊ค.com/รับซื้อโน๊ตบุ๊ค/ปทุมธานี/พัดลมดัง/,ปทุมธานี,พัดลมดัง,https://ร้านรับซื้อโน๊ตบุ๊ค.com/รับซื้อโน๊ตบุ๊ค/ปทุมธานี/,https://ร้านรับซื้อโน๊ตบุ๊ค.com/รับซื้อโน๊ตบุ๊ค/พัดลมดัง/,200 indexable self-canonical,200 indexable self-canonical,high location / low entity,high entity / low location,high,2026-06-18,KEEP_404,high,Both plausible targets preserve only one dimension of the original intent; no single exact target exists.
https://ร้านรับซื้อโน๊ตบุ๊ค.com/รับซื้อโน๊ตบุ๊ค/นครสวรรค์/msi-stealth-16/,นครสวรรค์,msi-stealth-16,https://ร้านรับซื้อโน๊ตบุ๊ค.com/รับซื้อโน๊ตบุ๊ค/นครสวรรค์/,https://ร้านรับซื้อโน๊ตบุ๊ค.com/รับซื้อโน๊ตบุ๊ค/msi-stealth-16/,200 indexable self-canonical,200 indexable self-canonical,high location / low entity,high entity / low location,high,2026-06-18,KEEP_404,high,Both plausible targets preserve only one dimension of the original intent; no single exact target exists.
https://ร้านรับซื้อโน๊ตบุ๊ค.com/รับซื้อโน๊ตบุ๊ค/ลาดพร้าว/lenovo-legion-slim/,ลาดพร้าว,lenovo-legion-slim,https://ร้านรับซื้อโน๊ตบุ๊ค.com/รับซื้อโน๊ตบุ๊ค/ลาดพร้าว/,https://ร้านรับซื้อโน๊ตบุ๊ค.com/รับซื้อโน๊ตบุ๊ค/lenovo-legion-slim/,200 indexable self-canonical,200 indexable self-canonical,high location / low entity,high entity / low location,high,2026-06-18,KEEP_404,high,Both plausible targets preserve only one dimension of the original intent; no single exact target exists.
https://ร้านรับซื้อโน๊ตบุ๊ค.com/รับซื้อโน๊ตบุ๊ค/สงขลา/samsung/,สงขลา,samsung,https://ร้านรับซื้อโน๊ตบุ๊ค.com/รับซื้อโน๊ตบุ๊ค/สงขลา/,https://ร้านรับซื้อโน๊ตบุ๊ค.com/รับซื้อโน๊ตบุ๊ค/samsung/,200 indexable self-canonical,200 indexable self-canonical,high location / low entity,high entity / low location,high,2026-06-18,KEEP_404,high,Both plausible targets preserve only one dimension of the original intent; no single exact target exists.
https://ร้านรับซื้อโน๊ตบุ๊ค.com/รับซื้อโน๊ตบุ๊ค/แม่ฮ่องสอน/huawei/,แม่ฮ่องสอน,huawei,https://ร้านรับซื้อโน๊ตบุ๊ค.com/รับซื้อโน๊ตบุ๊ค/แม่ฮ่องสอน/,https://ร้านรับซื้อโน๊ตบุ๊ค.com/รับซื้อโน๊ตบุ๊ค/huawei/,200 indexable self-canonical,200 indexable self-canonical,high location / low entity,high entity / low location,high,2026-06-18,KEEP_404,high,Both plausible targets preserve only one dimension of the original intent; no single exact target exists.
https://ร้านรับซื้อโน๊ตบุ๊ค.com/รับซื้อโน๊ตบุ๊ค/สุโขทัย/hp-omen-transcend/,สุโขทัย,hp-omen-transcend,https://ร้านรับซื้อโน๊ตบุ๊ค.com/รับซื้อโน๊ตบุ๊ค/สุโขทัย/,https://ร้านรับซื้อโน๊ตบุ๊ค.com/รับซื้อโน๊ตบุ๊ค/hp-omen-transcend/,200 indexable self-canonical,200 indexable self-canonical,high location / low entity,high entity / low location,high,2026-06-18,KEEP_404,high,Both plausible targets preserve only one dimension of the original intent; no single exact target exists.
https://ร้านรับซื้อโน๊ตบุ๊ค.com/รับซื้อโน๊ตบุ๊ค/ลาดพร้าว/macbook-pro-m4/,ลาดพร้าว,macbook-pro-m4,https://ร้านรับซื้อโน๊ตบุ๊ค.com/รับซื้อโน๊ตบุ๊ค/ลาดพร้าว/,https://ร้านรับซื้อโน๊ตบุ๊ค.com/รับซื้อโน๊ตบุ๊ค/macbook-pro-m4/,200 indexable self-canonical,200 indexable self-canonical,high location / low entity,high entity / low location,high,2026-06-18,KEEP_404,high,Both plausible targets preserve only one dimension of the original intent; no single exact target exists.
https://ร้านรับซื้อโน๊ตบุ๊ค.com/รับซื้อโน๊ตบุ๊ค/ตราด/macbook-battery-health/,ตราด,macbook-battery-health,https://ร้านรับซื้อโน๊ตบุ๊ค.com/รับซื้อโน๊ตบุ๊ค/ตราด/,https://ร้านรับซื้อโน๊ตบุ๊ค.com/รับซื้อโน๊ตบุ๊ค/macbook-battery-health/,200 indexable self-canonical,200 indexable self-canonical,high location / low entity,high entity / low location,high,2026-06-17,KEEP_404,high,Both plausible targets preserve only one dimension of the original intent; no single exact target exists.
https://ร้านรับซื้อโน๊ตบุ๊ค.com/รับซื้อโน๊ตบุ๊ค/ตรัง/thinkpad-e14-e15/,ตรัง,thinkpad-e14-e15,https://ร้านรับซื้อโน๊ตบุ๊ค.com/รับซื้อโน๊ตบุ๊ค/ตรัง/,https://ร้านรับซื้อโน๊ตบุ๊ค.com/รับซื้อโน๊ตบุ๊ค/thinkpad-e14-e15/,200 indexable self-canonical,200 indexable self-canonical,high location / low entity,high entity / low location,high,2026-06-17,KEEP_404,high,Both plausible targets preserve only one dimension of the original intent; no single exact target exists.
https://ร้านรับซื้อโน๊ตบุ๊ค.com/รับซื้อโน๊ตบุ๊ค/นครราชสีมา/macbook-pro-m5/,นครราชสีมา,macbook-pro-m5,https://ร้านรับซื้อโน๊ตบุ๊ค.com/รับซื้อโน๊ตบุ๊ค/นครราชสีมา/,https://ร้านรับซื้อโน๊ตบุ๊ค.com/รับซื้อโน๊ตบุ๊ค/macbook-pro-m5/,200 indexable self-canonical,200 indexable self-canonical,high location / low entity,high entity / low location,high,2026-06-17,KEEP_404,high,Both plausible targets preserve only one dimension of the original intent; no single exact target exists.
https://ร้านรับซื้อโน๊ตบุ๊ค.com/รับซื้อโน๊ตบุ๊ค/นครพนม/ลำโพงเสีย/,นครพนม,ลำโพงเสีย,https://ร้านรับซื้อโน๊ตบุ๊ค.com/รับซื้อโน๊ตบุ๊ค/นครพนม/,https://ร้านรับซื้อโน๊ตบุ๊ค.com/รับซื้อโน๊ตบุ๊ค/ลำโพงเสีย/,200 indexable self-canonical,200 indexable self-canonical,high location / low entity,high entity / low location,high,2026-06-17,KEEP_404,high,Both plausible targets preserve only one dimension of the original intent; no single exact target exists.
https://ร้านรับซื้อโน๊ตบุ๊ค.com/รับซื้อโน๊ตบุ๊ค/สระแก้ว/surface-pro/,สระแก้ว,surface-pro,https://ร้านรับซื้อโน๊ตบุ๊ค.com/รับซื้อโน๊ตบุ๊ค/สระแก้ว/,https://ร้านรับซื้อโน๊ตบุ๊ค.com/รับซื้อโน๊ตบุ๊ค/surface-pro/,200 indexable self-canonical,200 indexable self-canonical,high location / low entity,high entity / low location,high,2026-06-17,KEEP_404,high,Both plausible targets preserve only one dimension of the original intent; no single exact target exists.
https://ร้านรับซื้อโน๊ตบุ๊ค.com/รับซื้อโน๊ตบุ๊ค/สุราษฎร์ธานี/จอมีเส้น/,สุราษฎร์ธานี,จอมีเส้น,https://ร้านรับซื้อโน๊ตบุ๊ค.com/รับซื้อโน๊ตบุ๊ค/สุราษฎร์ธานี/,https://ร้านรับซื้อโน๊ตบุ๊ค.com/รับซื้อโน๊ตบุ๊ค/จอมีเส้น/,200 indexable self-canonical,200 indexable self-canonical,high location / low entity,high entity / low location,high,2026-06-17,KEEP_404,high,Both plausible targets preserve only one dimension of the original intent; no single exact target exists.
https://ร้านรับซื้อโน๊ตบุ๊ค.com/รับซื้อโน๊ตบุ๊ค/ตราด/msi-stealth-16/,ตราด,msi-stealth-16,https://ร้านรับซื้อโน๊ตบุ๊ค.com/รับซื้อโน๊ตบุ๊ค/ตราด/,https://ร้านรับซื้อโน๊ตบุ๊ค.com/รับซื้อโน๊ตบุ๊ค/msi-stealth-16/,200 indexable self-canonical,200 indexable self-canonical,high location / low entity,high entity / low location,high,2026-06-17,KEEP_404,high,Both plausible targets preserve only one dimension of the original intent; no single exact target exists.
https://ร้านรับซื้อโน๊ตบุ๊ค.com/รับซื้อโน๊ตบุ๊ค/สุพรรณบุรี/alienware-x16/,สุพรรณบุรี,alienware-x16,https://ร้านรับซื้อโน๊ตบุ๊ค.com/รับซื้อโน๊ตบุ๊ค/สุพรรณบุรี/,https://ร้านรับซื้อโน๊ตบุ๊ค.com/รับซื้อโน๊ตบุ๊ค/alienware-x16/,200 indexable self-canonical,200 indexable self-canonical,high location / low entity,high entity / low location,high,2026-06-17,KEEP_404,high,Both plausible targets preserve only one dimension of the original intent; no single exact target exists.
https://ร้านรับซื้อโน๊ตบุ๊ค.com/รับซื้อโน๊ตบุ๊ค/สุราษฎร์ธานี/macbook-air-m1/,สุราษฎร์ธานี,macbook-air-m1,https://ร้านรับซื้อโน๊ตบุ๊ค.com/รับซื้อโน๊ตบุ๊ค/สุราษฎร์ธานี/,https://ร้านรับซื้อโน๊ตบุ๊ค.com/รับซื้อโน๊ตบุ๊ค/macbook-air-m1/,200 indexable self-canonical,200 indexable self-canonical,high location / low entity,high entity / low location,high,2026-06-17,KEEP_404,high,Both plausible targets preserve only one dimension of the original intent; no single exact target exists.
https://ร้านรับซื้อโน๊ตบุ๊ค.com/รับซื้อโน๊ตบุ๊ค/กรุงเทพ/lg/,กรุงเทพ,lg,https://ร้านรับซื้อโน๊ตบุ๊ค.com/รับซื้อโน๊ตบุ๊ค/กรุงเทพ/,https://ร้านรับซื้อโน๊ตบุ๊ค.com/รับซื้อโน๊ตบุ๊ค/lg/,200 indexable self-canonical,200 indexable self-canonical,high location / low entity,high entity / low location,high,2026-06-17,KEEP_404,high,Both plausible targets preserve only one dimension of the original intent; no single exact target exists.
https://ร้านรับซื้อโน๊ตบุ๊ค.com/รับซื้อโน๊ตบุ๊ค/ตราด/msi-vector-16-hx/,ตราด,msi-vector-16-hx,https://ร้านรับซื้อโน๊ตบุ๊ค.com/รับซื้อโน๊ตบุ๊ค/ตราด/,https://ร้านรับซื้อโน๊ตบุ๊ค.com/รับซื้อโน๊ตบุ๊ค/msi-vector-16-hx/,200 indexable self-canonical,200 indexable self-canonical,high location / low entity,high entity / low location,high,2026-06-17,KEEP_404,high,Both plausible targets preserve only one dimension of the original intent; no single exact target exists.
https://ร้านรับซื้อโน๊ตบุ๊ค.com/รับซื้อโน๊ตบุ๊ค/พิษณุโลก/macbook-cycle-count/,พิษณุโลก,macbook-cycle-count,https://ร้านรับซื้อโน๊ตบุ๊ค.com/รับซื้อโน๊ตบุ๊ค/พิษณุโลก/,https://ร้านรับซื้อโน๊ตบุ๊ค.com/รับซื้อโน๊ตบุ๊ค/macbook-cycle-count/,200 indexable self-canonical,200 indexable self-canonical,high location / low entity,high entity / low location,high,2026-06-17,KEEP_404,high,Both plausible targets preserve only one dimension of the original intent; no single exact target exists.
https://ร้านรับซื้อโน๊ตบุ๊ค.com/รับซื้อโน๊ตบุ๊ค/สุพรรณบุรี/macbook-pro-m2/,สุพรรณบุรี,macbook-pro-m2,https://ร้านรับซื้อโน๊ตบุ๊ค.com/รับซื้อโน๊ตบุ๊ค/สุพรรณบุรี/,https://ร้านรับซื้อโน๊ตบุ๊ค.com/รับซื้อโน๊ตบุ๊ค/macbook-pro-m2/,200 indexable self-canonical,200 indexable self-canonical,high location / low entity,high entity / low location,high,2026-06-17,KEEP_404,high,Both plausible targets preserve only one dimension of the original intent; no single exact target exists.
https://ร้านรับซื้อโน๊ตบุ๊ค.com/รับซื้อโน๊ตบุ๊ค/หนองคาย/asus-vivobook/,หนองคาย,asus-vivobook,https://ร้านรับซื้อโน๊ตบุ๊ค.com/รับซื้อโน๊ตบุ๊ค/หนองคาย/,https://ร้านรับซื้อโน๊ตบุ๊ค.com/รับซื้อโน๊ตบุ๊ค/asus-vivobook/,200 indexable self-canonical,200 indexable self-canonical,high location / low entity,high entity / low location,high,2026-06-17,KEEP_404,high,Both plausible targets preserve only one dimension of the original intent; no single exact target exists.
https://ร้านรับซื้อโน๊ตบุ๊ค.com/รับซื้อโน๊ตบุ๊ค/พะเยา/พัดลมดัง/,พะเยา,พัดลมดัง,https://ร้านรับซื้อโน๊ตบุ๊ค.com/รับซื้อโน๊ตบุ๊ค/พะเยา/,https://ร้านรับซื้อโน๊ตบุ๊ค.com/รับซื้อโน๊ตบุ๊ค/พัดลมดัง/,200 indexable self-canonical,200 indexable self-canonical,high location / low entity,high entity / low location,high,2026-06-17,KEEP_404,high,Both plausible targets preserve only one dimension of the original intent; no single exact target exists.
https://ร้านรับซื้อโน๊ตบุ๊ค.com/รับซื้อโน๊ตบุ๊ค/แพร่/alienware-m16/,แพร่,alienware-m16,https://ร้านรับซื้อโน๊ตบุ๊ค.com/รับซื้อโน๊ตบุ๊ค/แพร่/,https://ร้านรับซื้อโน๊ตบุ๊ค.com/รับซื้อโน๊ตบุ๊ค/alienware-m16/,200 indexable self-canonical,200 indexable self-canonical,high location / low entity,high entity / low location,high,2026-06-17,KEEP_404,high,Both plausible targets preserve only one dimension of the original intent; no single exact target exists.
https://ร้านรับซื้อโน๊ตบุ๊ค.com/รับซื้อโน๊ตบุ๊ค/อุตรดิตถ์/พัดลมดัง/,อุตรดิตถ์,พัดลมดัง,https://ร้านรับซื้อโน๊ตบุ๊ค.com/รับซื้อโน๊ตบุ๊ค/อุตรดิตถ์/,https://ร้านรับซื้อโน๊ตบุ๊ค.com/รับซื้อโน๊ตบุ๊ค/พัดลมดัง/,200 indexable self-canonical,200 indexable self-canonical,high location / low entity,high entity / low location,high,2026-06-17,KEEP_404,high,Both plausible targets preserve only one dimension of the original intent; no single exact target exists.
https://ร้านรับซื้อโน๊ตบุ๊ค.com/รับซื้อโน๊ตบุ๊ค/สุราษฎร์ธานี/lenovo-legion-slim/,สุราษฎร์ธานี,lenovo-legion-slim,https://ร้านรับซื้อโน๊ตบุ๊ค.com/รับซื้อโน๊ตบุ๊ค/สุราษฎร์ธานี/,https://ร้านรับซื้อโน๊ตบุ๊ค.com/รับซื้อโน๊ตบุ๊ค/lenovo-legion-slim/,200 indexable self-canonical,200 indexable self-canonical,high location / low entity,high entity / low location,high,2026-06-17,KEEP_404,high,Both plausible targets preserve only one dimension of the original intent; no single exact target exists.
https://ร้านรับซื้อโน๊ตบุ๊ค.com/รับซื้อโน๊ตบุ๊ค/ราชบุรี/พอร์ต-type-c-เสีย/,ราชบุรี,พอร์ต-type-c-เสีย,https://ร้านรับซื้อโน๊ตบุ๊ค.com/รับซื้อโน๊ตบุ๊ค/ราชบุรี/,https://ร้านรับซื้อโน๊ตบุ๊ค.com/รับซื้อโน๊ตบุ๊ค/พอร์ต-type-c-เสีย/,200 indexable self-canonical,200 indexable self-canonical,high location / low entity,high entity / low location,high,2026-06-17,KEEP_404,high,Both plausible targets preserve only one dimension of the original intent; no single exact target exists.
https://ร้านรับซื้อโน๊ตบุ๊ค.com/รับซื้อโน๊ตบุ๊ค/ตราด/macbook-keyboard-issue/,ตราด,macbook-keyboard-issue,https://ร้านรับซื้อโน๊ตบุ๊ค.com/รับซื้อโน๊ตบุ๊ค/ตราด/,https://ร้านรับซื้อโน๊ตบุ๊ค.com/รับซื้อโน๊ตบุ๊ค/macbook-keyboard-issue/,200 indexable self-canonical,200 indexable self-canonical,high location / low entity,high entity / low location,high,2026-06-17,KEEP_404,high,Both plausible targets preserve only one dimension of the original intent; no single exact target exists.
https://ร้านรับซื้อโน๊ตบุ๊ค.com/รับซื้อโน๊ตบุ๊ค/น่าน/honor/,น่าน,honor,https://ร้านรับซื้อโน๊ตบุ๊ค.com/รับซื้อโน๊ตบุ๊ค/น่าน/,https://ร้านรับซื้อโน๊ตบุ๊ค.com/รับซื้อโน๊ตบุ๊ค/honor/,200 indexable self-canonical,200 indexable self-canonical,high location / low entity,high entity / low location,high,2026-06-17,KEEP_404,high,Both plausible targets preserve only one dimension of the original intent; no single exact target exists.
https://ร้านรับซื้อโน๊ตบุ๊ค.com/รับซื้อโน๊ตบุ๊ค/ลำปาง/จอฟ้า/,ลำปาง,จอฟ้า,https://ร้านรับซื้อโน๊ตบุ๊ค.com/รับซื้อโน๊ตบุ๊ค/ลำปาง/,https://ร้านรับซื้อโน๊ตบุ๊ค.com/รับซื้อโน๊ตบุ๊ค/จอฟ้า/,200 indexable self-canonical,200 indexable self-canonical,high location / low entity,high entity / low location,high,2026-06-17,KEEP_404,high,Both plausible targets preserve only one dimension of the original intent; no single exact target exists.
https://ร้านรับซื้อโน๊ตบุ๊ค.com/รับซื้อโน๊ตบุ๊ค/ลำปาง/asus-zephyrus-g16/,ลำปาง,asus-zephyrus-g16,https://ร้านรับซื้อโน๊ตบุ๊ค.com/รับซื้อโน๊ตบุ๊ค/ลำปาง/,https://ร้านรับซื้อโน๊ตบุ๊ค.com/รับซื้อโน๊ตบุ๊ค/asus-zephyrus-g16/,200 indexable self-canonical,200 indexable self-canonical,high location / low entity,high entity / low location,high,2026-06-17,KEEP_404,high,Both plausible targets preserve only one dimension of the original intent; no single exact target exists.
https://ร้านรับซื้อโน๊ตบุ๊ค.com/รับซื้อโน๊ตบุ๊ค/นครนายก/wifi-ไม่ติด/,นครนายก,wifi-ไม่ติด,https://ร้านรับซื้อโน๊ตบุ๊ค.com/รับซื้อโน๊ตบุ๊ค/นครนายก/,https://ร้านรับซื้อโน๊ตบุ๊ค.com/รับซื้อโน๊ตบุ๊ค/wifi-ไม่ติด/,200 indexable self-canonical,200 indexable self-canonical,high location / low entity,high entity / low location,high,2026-06-17,KEEP_404,high,Both plausible targets preserve only one dimension of the original intent; no single exact target exists.
https://ร้านรับซื้อโน๊ตบุ๊ค.com/รับซื้อโน๊ตบุ๊ค/พัทยา/acer-nitro-17/,พัทยา,acer-nitro-17,https://ร้านรับซื้อโน๊ตบุ๊ค.com/รับซื้อโน๊ตบุ๊ค/พัทยา/,https://ร้านรับซื้อโน๊ตบุ๊ค.com/รับซื้อโน๊ตบุ๊ค/acer-nitro-17/,200 indexable self-canonical,200 indexable self-canonical,high location / low entity,high entity / low location,high,2026-06-17,KEEP_404,high,Both plausible targets preserve only one dimension of the original intent; no single exact target exists.
https://ร้านรับซื้อโน๊ตบุ๊ค.com/รับซื้อโน๊ตบุ๊ค/พิษณุโลก/hp-omen-transcend/,พิษณุโลก,hp-omen-transcend,https://ร้านรับซื้อโน๊ตบุ๊ค.com/รับซื้อโน๊ตบุ๊ค/พิษณุโลก/,https://ร้านรับซื้อโน๊ตบุ๊ค.com/รับซื้อโน๊ตบุ๊ค/hp-omen-transcend/,200 indexable self-canonical,200 indexable self-canonical,high location / low entity,high entity / low location,high,2026-06-17,KEEP_404,high,Both plausible targets preserve only one dimension of the original intent; no single exact target exists.
https://ร้านรับซื้อโน๊ตบุ๊ค.com/รับซื้อโน๊ตบุ๊ค/อ่างทอง/macbook-keyboard-issue/,อ่างทอง,macbook-keyboard-issue,https://ร้านรับซื้อโน๊ตบุ๊ค.com/รับซื้อโน๊ตบุ๊ค/อ่างทอง/,https://ร้านรับซื้อโน๊ตบุ๊ค.com/รับซื้อโน๊ตบุ๊ค/macbook-keyboard-issue/,200 indexable self-canonical,200 indexable self-canonical,high location / low entity,high entity / low location,high,2026-06-17,KEEP_404,high,Both plausible targets preserve only one dimension of the original intent; no single exact target exists.
https://ร้านรับซื้อโน๊ตบุ๊ค.com/รับซื้อโน๊ตบุ๊ค/สุพรรณบุรี/asus-zephyrus-g14/,สุพรรณบุรี,asus-zephyrus-g14,https://ร้านรับซื้อโน๊ตบุ๊ค.com/รับซื้อโน๊ตบุ๊ค/สุพรรณบุรี/,https://ร้านรับซื้อโน๊ตบุ๊ค.com/รับซื้อโน๊ตบุ๊ค/asus-zephyrus-g14/,200 indexable self-canonical,200 indexable self-canonical,high location / low entity,high entity / low location,high,2026-06-17,KEEP_404,high,Both plausible targets preserve only one dimension of the original intent; no single exact target exists.
https://ร้านรับซื้อโน๊ตบุ๊ค.com/รับซื้อโน๊ตบุ๊ค/กระบี่/dell-inspiron-15/,กระบี่,dell-inspiron-15,https://ร้านรับซื้อโน๊ตบุ๊ค.com/รับซื้อโน๊ตบุ๊ค/กระบี่/,https://ร้านรับซื้อโน๊ตบุ๊ค.com/รับซื้อโน๊ตบุ๊ค/dell-inspiron-15/,200 indexable self-canonical,200 indexable self-canonical,high location / low entity,high entity / low location,high,2026-06-17,KEEP_404,high,Both plausible targets preserve only one dimension of the original intent; no single exact target exists.
https://ร้านรับซื้อโน๊ตบุ๊ค.com/รับซื้อโน๊ตบุ๊ค/พระราม2/macbook-keyboard-issue/,พระราม2,macbook-keyboard-issue,https://ร้านรับซื้อโน๊ตบุ๊ค.com/รับซื้อโน๊ตบุ๊ค/พระราม2/,https://ร้านรับซื้อโน๊ตบุ๊ค.com/รับซื้อโน๊ตบุ๊ค/macbook-keyboard-issue/,200 indexable self-canonical,200 indexable self-canonical,high location / low entity,high entity / low location,high,2026-06-17,KEEP_404,high,Both plausible targets preserve only one dimension of the original intent; no single exact target exists.
https://ร้านรับซื้อโน๊ตบุ๊ค.com/รับซื้อโน๊ตบุ๊ค/แม่ฮ่องสอน/honor-magicbook/,แม่ฮ่องสอน,honor-magicbook,https://ร้านรับซื้อโน๊ตบุ๊ค.com/รับซื้อโน๊ตบุ๊ค/แม่ฮ่องสอน/,https://ร้านรับซื้อโน๊ตบุ๊ค.com/รับซื้อโน๊ตบุ๊ค/honor-magicbook/,200 indexable self-canonical,200 indexable self-canonical,high location / low entity,high entity / low location,high,2026-06-17,KEEP_404,high,Both plausible targets preserve only one dimension of the original intent; no single exact target exists.
https://ร้านรับซื้อโน๊ตบุ๊ค.com/รับซื้อโน๊ตบุ๊ค/ภาคอีสาน/macbook-screen-crack/,ภาคอีสาน,macbook-screen-crack,https://ร้านรับซื้อโน๊ตบุ๊ค.com/รับซื้อโน๊ตบุ๊ค/ภาคอีสาน/,https://ร้านรับซื้อโน๊ตบุ๊ค.com/รับซื้อโน๊ตบุ๊ค/macbook-screen-crack/,200 indexable self-canonical,200 indexable self-canonical,high location / low entity,high entity / low location,high,2026-06-17,KEEP_404,high,Both plausible targets preserve only one dimension of the original intent; no single exact target exists.
https://ร้านรับซื้อโน๊ตบุ๊ค.com/รับซื้อโน๊ตบุ๊ค/ภูเก็ต/asus-zephyrus-g16/,ภูเก็ต,asus-zephyrus-g16,https://ร้านรับซื้อโน๊ตบุ๊ค.com/รับซื้อโน๊ตบุ๊ค/ภูเก็ต/,https://ร้านรับซื้อโน๊ตบุ๊ค.com/รับซื้อโน๊ตบุ๊ค/asus-zephyrus-g16/,200 indexable self-canonical,200 indexable self-canonical,high location / low entity,high entity / low location,high,2026-06-17,KEEP_404,high,Both plausible targets preserve only one dimension of the original intent; no single exact target exists.
https://ร้านรับซื้อโน๊ตบุ๊ค.com/รับซื้อโน๊ตบุ๊ค/รามคำแหง/msi-vector-16-hx/,รามคำแหง,msi-vector-16-hx,https://ร้านรับซื้อโน๊ตบุ๊ค.com/รับซื้อโน๊ตบุ๊ค/รามคำแหง/,https://ร้านรับซื้อโน๊ตบุ๊ค.com/รับซื้อโน๊ตบุ๊ค/msi-vector-16-hx/,200 indexable self-canonical,200 indexable self-canonical,high location / low entity,high entity / low location,high,2026-06-17,KEEP_404,high,Both plausible targets preserve only one dimension of the original intent; no single exact target exists.
https://ร้านรับซื้อโน๊ตบุ๊ค.com/รับซื้อโน๊ตบุ๊ค/มุกดาหาร/acer-travelmate/,มุกดาหาร,acer-travelmate,https://ร้านรับซื้อโน๊ตบุ๊ค.com/รับซื้อโน๊ตบุ๊ค/มุกดาหาร/,https://ร้านรับซื้อโน๊ตบุ๊ค.com/รับซื้อโน๊ตบุ๊ค/acer-travelmate/,200 indexable self-canonical,200 indexable self-canonical,high location / low entity,high entity / low location,high,2026-06-17,KEEP_404,high,Both plausible targets preserve only one dimension of the original intent; no single exact target exists.
https://ร้านรับซื้อโน๊ตบุ๊ค.com/รับซื้อโน๊ตบุ๊ค/สระแก้ว/lenovo-legion-pro/,สระแก้ว,lenovo-legion-pro,https://ร้านรับซื้อโน๊ตบุ๊ค.com/รับซื้อโน๊ตบุ๊ค/สระแก้ว/,https://ร้านรับซื้อโน๊ตบุ๊ค.com/รับซื้อโน๊ตบุ๊ค/lenovo-legion-pro/,200 indexable self-canonical,200 indexable self-canonical,high location / low entity,high entity / low location,high,2026-06-17,KEEP_404,high,Both plausible targets preserve only one dimension of the original intent; no single exact target exists.
https://ร้านรับซื้อโน๊ตบุ๊ค.com/รับซื้อโน๊ตบุ๊ค/ชลบุรี/acer-predator-neo/,ชลบุรี,acer-predator-neo,https://ร้านรับซื้อโน๊ตบุ๊ค.com/รับซื้อโน๊ตบุ๊ค/ชลบุรี/,https://ร้านรับซื้อโน๊ตบุ๊ค.com/รับซื้อโน๊ตบุ๊ค/acer-predator-neo/,200 indexable self-canonical,200 indexable self-canonical,high location / low entity,high entity / low location,high,2026-06-17,KEEP_404,high,Both plausible targets preserve only one dimension of the original intent; no single exact target exists.
https://ร้านรับซื้อโน๊ตบุ๊ค.com/รับซื้อโน๊ตบุ๊ค/ประจวบคีรีขันธ์/samsung-galaxy-book/,ประจวบคีรีขันธ์,samsung-galaxy-book,https://ร้านรับซื้อโน๊ตบุ๊ค.com/รับซื้อโน๊ตบุ๊ค/ประจวบคีรีขันธ์/,https://ร้านรับซื้อโน๊ตบุ๊ค.com/รับซื้อโน๊ตบุ๊ค/samsung-galaxy-book/,200 indexable self-canonical,200 indexable self-canonical,high location / low entity,high entity / low location,high,2026-06-17,KEEP_404,high,Both plausible targets preserve only one dimension of the original intent; no single exact target exists.
https://ร้านรับซื้อโน๊ตบุ๊ค.com/รับซื้อโน๊ตบุ๊ค/พัทยา/lenovo-yoga/,พัทยา,lenovo-yoga,https://ร้านรับซื้อโน๊ตบุ๊ค.com/รับซื้อโน๊ตบุ๊ค/พัทยา/,https://ร้านรับซื้อโน๊ตบุ๊ค.com/รับซื้อโน๊ตบุ๊ค/lenovo-yoga/,200 indexable self-canonical,200 indexable self-canonical,high location / low entity,high entity / low location,high,2026-06-17,KEEP_404,high,Both plausible targets preserve only one dimension of the original intent; no single exact target exists.
https://ร้านรับซื้อโน๊ตบุ๊ค.com/รับซื้อโน๊ตบุ๊ค/สงขลา/msi-stealth-14/,สงขลา,msi-stealth-14,https://ร้านรับซื้อโน๊ตบุ๊ค.com/รับซื้อโน๊ตบุ๊ค/สงขลา/,https://ร้านรับซื้อโน๊ตบุ๊ค.com/รับซื้อโน๊ตบุ๊ค/msi-stealth-14/,200 indexable self-canonical,200 indexable self-canonical,high location / low entity,high entity / low location,high,2026-06-17,KEEP_404,high,Both plausible targets preserve only one dimension of the original intent; no single exact target exists.
https://ร้านรับซื้อโน๊ตบุ๊ค.com/รับซื้อโน๊ตบุ๊ค/ชัยนาท/รีสตาร์ทเอง/,ชัยนาท,รีสตาร์ทเอง,https://ร้านรับซื้อโน๊ตบุ๊ค.com/รับซื้อโน๊ตบุ๊ค/ชัยนาท/,https://ร้านรับซื้อโน๊ตบุ๊ค.com/รับซื้อโน๊ตบุ๊ค/รีสตาร์ทเอง/,200 indexable self-canonical,200 indexable self-canonical,high location / low entity,high entity / low location,high,2026-06-17,KEEP_404,high,Both plausible targets preserve only one dimension of the original intent; no single exact target exists.
https://ร้านรับซื้อโน๊ตบุ๊ค.com/รับซื้อโน๊ตบุ๊ค/ตราด/asus-rog-strix/,ตราด,asus-rog-strix,https://ร้านรับซื้อโน๊ตบุ๊ค.com/รับซื้อโน๊ตบุ๊ค/ตราด/,https://ร้านรับซื้อโน๊ตบุ๊ค.com/รับซื้อโน๊ตบุ๊ค/asus-rog-strix/,200 indexable self-canonical,200 indexable self-canonical,high location / low entity,high entity / low location,high,2026-06-17,KEEP_404,high,Both plausible targets preserve only one dimension of the original intent; no single exact target exists.
https://ร้านรับซื้อโน๊ตบุ๊ค.com/รับซื้อโน๊ตบุ๊ค/เพชรบุรี/macbook-screen-crack/,เพชรบุรี,macbook-screen-crack,https://ร้านรับซื้อโน๊ตบุ๊ค.com/รับซื้อโน๊ตบุ๊ค/เพชรบุรี/,https://ร้านรับซื้อโน๊ตบุ๊ค.com/รับซื้อโน๊ตบุ๊ค/macbook-screen-crack/,200 indexable self-canonical,200 indexable self-canonical,high location / low entity,high entity / low location,high,2026-06-17,KEEP_404,high,Both plausible targets preserve only one dimension of the original intent; no single exact target exists.
https://ร้านรับซื้อโน๊ตบุ๊ค.com/รับซื้อโน๊ตบุ๊ค/สุราษฎร์ธานี/msi-stealth-14/,สุราษฎร์ธานี,msi-stealth-14,https://ร้านรับซื้อโน๊ตบุ๊ค.com/รับซื้อโน๊ตบุ๊ค/สุราษฎร์ธานี/,https://ร้านรับซื้อโน๊ตบุ๊ค.com/รับซื้อโน๊ตบุ๊ค/msi-stealth-14/,200 indexable self-canonical,200 indexable self-canonical,high location / low entity,high entity / low location,high,2026-06-17,KEEP_404,high,Both plausible targets preserve only one dimension of the original intent; no single exact target exists.
https://ร้านรับซื้อโน๊ตบุ๊ค.com/รับซื้อโน๊ตบุ๊ค/หนองบัวลำภู/msi-modern/,หนองบัวลำภู,msi-modern,https://ร้านรับซื้อโน๊ตบุ๊ค.com/รับซื้อโน๊ตบุ๊ค/หนองบัวลำภู/,https://ร้านรับซื้อโน๊ตบุ๊ค.com/รับซื้อโน๊ตบุ๊ค/msi-modern/,200 indexable self-canonical,200 indexable self-canonical,high location / low entity,high entity / low location,high,2026-06-17,KEEP_404,high,Both plausible targets preserve only one dimension of the original intent; no single exact target exists.
https://ร้านรับซื้อโน๊ตบุ๊ค.com/รับซื้อโน๊ตบุ๊ค/ชลบุรี/จอมีเส้น/,ชลบุรี,จอมีเส้น,https://ร้านรับซื้อโน๊ตบุ๊ค.com/รับซื้อโน๊ตบุ๊ค/ชลบุรี/,https://ร้านรับซื้อโน๊ตบุ๊ค.com/รับซื้อโน๊ตบุ๊ค/จอมีเส้น/,200 indexable self-canonical,200 indexable self-canonical,high location / low entity,high entity / low location,high,2026-06-17,KEEP_404,high,Both plausible targets preserve only one dimension of the original intent; no single exact target exists.
https://ร้านรับซื้อโน๊ตบุ๊ค.com/รับซื้อโน๊ตบุ๊ค/มหาสารคาม/dell-vostro/,มหาสารคาม,dell-vostro,https://ร้านรับซื้อโน๊ตบุ๊ค.com/รับซื้อโน๊ตบุ๊ค/มหาสารคาม/,https://ร้านรับซื้อโน๊ตบุ๊ค.com/รับซื้อโน๊ตบุ๊ค/dell-vostro/,200 indexable self-canonical,200 indexable self-canonical,high location / low entity,high entity / low location,high,2026-06-17,KEEP_404,high,Both plausible targets preserve only one dimension of the original intent; no single exact target exists.
https://ร้านรับซื้อโน๊ตบุ๊ค.com/รับซื้อโน๊ตบุ๊ค/ระยอง/acer-travelmate/,ระยอง,acer-travelmate,https://ร้านรับซื้อโน๊ตบุ๊ค.com/รับซื้อโน๊ตบุ๊ค/ระยอง/,https://ร้านรับซื้อโน๊ตบุ๊ค.com/รับซื้อโน๊ตบุ๊ค/acer-travelmate/,200 indexable self-canonical,200 indexable self-canonical,high location / low entity,high entity / low location,high,2026-06-17,KEEP_404,high,Both plausible targets preserve only one dimension of the original intent; no single exact target exists.
https://ร้านรับซื้อโน๊ตบุ๊ค.com/รับซื้อโน๊ตบุ๊ค/เพชรบุรี/macbook-battery-health/,เพชรบุรี,macbook-battery-health,https://ร้านรับซื้อโน๊ตบุ๊ค.com/รับซื้อโน๊ตบุ๊ค/เพชรบุรี/,https://ร้านรับซื้อโน๊ตบุ๊ค.com/รับซื้อโน๊ตบุ๊ค/macbook-battery-health/,200 indexable self-canonical,200 indexable self-canonical,high location / low entity,high entity / low location,high,2026-06-17,KEEP_404,high,Both plausible targets preserve only one dimension of the original intent; no single exact target exists.
https://ร้านรับซื้อโน๊ตบุ๊ค.com/รับซื้อโน๊ตบุ๊ค/มหาสารคาม/acer-nitro-16/,มหาสารคาม,acer-nitro-16,https://ร้านรับซื้อโน๊ตบุ๊ค.com/รับซื้อโน๊ตบุ๊ค/มหาสารคาม/,https://ร้านรับซื้อโน๊ตบุ๊ค.com/รับซื้อโน๊ตบุ๊ค/acer-nitro-16/,200 indexable self-canonical,200 indexable self-canonical,high location / low entity,high entity / low location,high,2026-06-17,KEEP_404,high,Both plausible targets preserve only one dimension of the original intent; no single exact target exists.
https://ร้านรับซื้อโน๊ตบุ๊ค.com/รับซื้อโน๊ตบุ๊ค/ปราจีนบุรี/hp-envy-x360/,ปราจีนบุรี,hp-envy-x360,https://ร้านรับซื้อโน๊ตบุ๊ค.com/รับซื้อโน๊ตบุ๊ค/ปราจีนบุรี/,https://ร้านรับซื้อโน๊ตบุ๊ค.com/รับซื้อโน๊ตบุ๊ค/hp-envy-x360/,200 indexable self-canonical,200 indexable self-canonical,high location / low entity,high entity / low location,high,2026-06-17,KEEP_404,high,Both plausible targets preserve only one dimension of the original intent; no single exact target exists.
https://ร้านรับซื้อโน๊ตบุ๊ค.com/รับซื้อโน๊ตบุ๊ค/สตูล/acer-travelmate/,สตูล,acer-travelmate,https://ร้านรับซื้อโน๊ตบุ๊ค.com/รับซื้อโน๊ตบุ๊ค/สตูล/,https://ร้านรับซื้อโน๊ตบุ๊ค.com/รับซื้อโน๊ตบุ๊ค/acer-travelmate/,200 indexable self-canonical,200 indexable self-canonical,high location / low entity,high entity / low location,high,2026-06-17,KEEP_404,high,Both plausible targets preserve only one dimension of the original intent; no single exact target exists.
https://ร้านรับซื้อโน๊ตบุ๊ค.com/รับซื้อโน๊ตบุ๊ค/ภูเก็ต/บูตวน/,ภูเก็ต,บูตวน,https://ร้านรับซื้อโน๊ตบุ๊ค.com/รับซื้อโน๊ตบุ๊ค/ภูเก็ต/,https://ร้านรับซื้อโน๊ตบุ๊ค.com/รับซื้อโน๊ตบุ๊ค/บูตวน/,200 indexable self-canonical,200 indexable self-canonical,high location / low entity,high entity / low location,high,2026-06-17,KEEP_404,high,Both plausible targets preserve only one dimension of the original intent; no single exact target exists.
https://ร้านรับซื้อโน๊ตบุ๊ค.com/รับซื้อโน๊ตบุ๊ค/นราธิวาส/acer-predator-triton/,นราธิวาส,acer-predator-triton,https://ร้านรับซื้อโน๊ตบุ๊ค.com/รับซื้อโน๊ตบุ๊ค/นราธิวาส/,https://ร้านรับซื้อโน๊ตบุ๊ค.com/รับซื้อโน๊ตบุ๊ค/acer-predator-triton/,200 indexable self-canonical,200 indexable self-canonical,high location / low entity,high entity / low location,high,2026-06-17,KEEP_404,high,Both plausible targets preserve only one dimension of the original intent; no single exact target exists.
https://ร้านรับซื้อโน๊ตบุ๊ค.com/รับซื้อโน๊ตบุ๊ค/นนทบุรี/thinkpad-e14-e15/,นนทบุรี,thinkpad-e14-e15,https://ร้านรับซื้อโน๊ตบุ๊ค.com/รับซื้อโน๊ตบุ๊ค/นนทบุรี/,https://ร้านรับซื้อโน๊ตบุ๊ค.com/รับซื้อโน๊ตบุ๊ค/thinkpad-e14-e15/,200 indexable self-canonical,200 indexable self-canonical,high location / low entity,high entity / low location,high,2026-06-17,KEEP_404,high,Both plausible targets preserve only one dimension of the original intent; no single exact target exists.
https://ร้านรับซื้อโน๊ตบุ๊ค.com/รับซื้อโน๊ตบุ๊ค/บางนา/macbook-mdm/,บางนา,macbook-mdm,https://ร้านรับซื้อโน๊ตบุ๊ค.com/รับซื้อโน๊ตบุ๊ค/บางนา/,https://ร้านรับซื้อโน๊ตบุ๊ค.com/รับซื้อโน๊ตบุ๊ค/macbook-mdm/,200 indexable self-canonical,200 indexable self-canonical,high location / low entity,high entity / low location,high,2026-06-17,KEEP_404,high,Both plausible targets preserve only one dimension of the original intent; no single exact target exists.
https://ร้านรับซื้อโน๊ตบุ๊ค.com/รับซื้อโน๊ตบุ๊ค/บางนา/thinkpad-e14-e15/,บางนา,thinkpad-e14-e15,https://ร้านรับซื้อโน๊ตบุ๊ค.com/รับซื้อโน๊ตบุ๊ค/บางนา/,https://ร้านรับซื้อโน๊ตบุ๊ค.com/รับซื้อโน๊ตบุ๊ค/thinkpad-e14-e15/,200 indexable self-canonical,200 indexable self-canonical,high location / low entity,high entity / low location,high,2026-06-17,KEEP_404,high,Both plausible targets preserve only one dimension of the original intent; no single exact target exists.
https://ร้านรับซื้อโน๊ตบุ๊ค.com/รับซื้อโน๊ตบุ๊ค/ตรัง/samsung/,ตรัง,samsung,https://ร้านรับซื้อโน๊ตบุ๊ค.com/รับซื้อโน๊ตบุ๊ค/ตรัง/,https://ร้านรับซื้อโน๊ตบุ๊ค.com/รับซื้อโน๊ตบุ๊ค/samsung/,200 indexable self-canonical,200 indexable self-canonical,high location / low entity,high entity / low location,high,2026-06-17,KEEP_404,high,Both plausible targets preserve only one dimension of the original intent; no single exact target exists.
https://ร้านรับซื้อโน๊ตบุ๊ค.com/รับซื้อโน๊ตบุ๊ค/ภูเก็ต/hp-spectre-x360/,ภูเก็ต,hp-spectre-x360,https://ร้านรับซื้อโน๊ตบุ๊ค.com/รับซื้อโน๊ตบุ๊ค/ภูเก็ต/,https://ร้านรับซื้อโน๊ตบุ๊ค.com/รับซื้อโน๊ตบุ๊ค/hp-spectre-x360/,200 indexable self-canonical,200 indexable self-canonical,high location / low entity,high entity / low location,high,2026-06-17,KEEP_404,high,Both plausible targets preserve only one dimension of the original intent; no single exact target exists.
https://ร้านรับซื้อโน๊ตบุ๊ค.com/รับซื้อโน๊ตบุ๊ค/สุโขทัย/macbook-pro-m1/,สุโขทัย,macbook-pro-m1,https://ร้านรับซื้อโน๊ตบุ๊ค.com/รับซื้อโน๊ตบุ๊ค/สุโขทัย/,https://ร้านรับซื้อโน๊ตบุ๊ค.com/รับซื้อโน๊ตบุ๊ค/macbook-pro-m1/,200 indexable self-canonical,200 indexable self-canonical,high location / low entity,high entity / low location,high,2026-06-17,KEEP_404,high,Both plausible targets preserve only one dimension of the original intent; no single exact target exists.
https://ร้านรับซื้อโน๊ตบุ๊ค.com/รับซื้อโน๊ตบุ๊ค/ภาคอีสาน/msi-vector-16-hx/,ภาคอีสาน,msi-vector-16-hx,https://ร้านรับซื้อโน๊ตบุ๊ค.com/รับซื้อโน๊ตบุ๊ค/ภาคอีสาน/,https://ร้านรับซื้อโน๊ตบุ๊ค.com/รับซื้อโน๊ตบุ๊ค/msi-vector-16-hx/,200 indexable self-canonical,200 indexable self-canonical,high location / low entity,high entity / low location,high,2026-06-17,KEEP_404,high,Both plausible targets preserve only one dimension of the original intent; no single exact target exists.
https://ร้านรับซื้อโน๊ตบุ๊ค.com/รับซื้อโน๊ตบุ๊ค/กรุงเทพ/พอร์ตแลนเสีย/,กรุงเทพ,พอร์ตแลนเสีย,https://ร้านรับซื้อโน๊ตบุ๊ค.com/รับซื้อโน๊ตบุ๊ค/กรุงเทพ/,https://ร้านรับซื้อโน๊ตบุ๊ค.com/รับซื้อโน๊ตบุ๊ค/พอร์ตแลนเสีย/,200 indexable self-canonical,200 indexable self-canonical,high location / low entity,high entity / low location,high,2026-06-17,KEEP_404,high,Both plausible targets preserve only one dimension of the original intent; no single exact target exists.
https://ร้านรับซื้อโน๊ตบุ๊ค.com/รับซื้อโน๊ตบุ๊ค/สกลนคร/hp-omen-16/,สกลนคร,hp-omen-16,https://ร้านรับซื้อโน๊ตบุ๊ค.com/รับซื้อโน๊ตบุ๊ค/สกลนคร/,https://ร้านรับซื้อโน๊ตบุ๊ค.com/รับซื้อโน๊ตบุ๊ค/hp-omen-16/,200 indexable self-canonical,200 indexable self-canonical,high location / low entity,high entity / low location,high,2026-06-17,KEEP_404,high,Both plausible targets preserve only one dimension of the original intent; no single exact target exists.
https://ร้านรับซื้อโน๊ตบุ๊ค.com/รับซื้อโน๊ตบุ๊ค/หนองบัวลำภู/thinkpad-e14-e15/,หนองบัวลำภู,thinkpad-e14-e15,https://ร้านรับซื้อโน๊ตบุ๊ค.com/รับซื้อโน๊ตบุ๊ค/หนองบัวลำภู/,https://ร้านรับซื้อโน๊ตบุ๊ค.com/รับซื้อโน๊ตบุ๊ค/thinkpad-e14-e15/,200 indexable self-canonical,200 indexable self-canonical,high location / low entity,high entity / low location,high,2026-06-17,KEEP_404,high,Both plausible targets preserve only one dimension of the original intent; no single exact target exists.
https://ร้านรับซื้อโน๊ตบุ๊ค.com/รับซื้อโน๊ตบุ๊ค/สุรินทร์/surface-laptop-go/,สุรินทร์,surface-laptop-go,https://ร้านรับซื้อโน๊ตบุ๊ค.com/รับซื้อโน๊ตบุ๊ค/สุรินทร์/,https://ร้านรับซื้อโน๊ตบุ๊ค.com/รับซื้อโน๊ตบุ๊ค/surface-laptop-go/,200 indexable self-canonical,200 indexable self-canonical,high location / low entity,high entity / low location,high,2026-06-17,KEEP_404,high,Both plausible targets preserve only one dimension of the original intent; no single exact target exists.
https://ร้านรับซื้อโน๊ตบุ๊ค.com/รับซื้อโน๊ตบุ๊ค/สกลนคร/macbook-pro-m2/,สกลนคร,macbook-pro-m2,https://ร้านรับซื้อโน๊ตบุ๊ค.com/รับซื้อโน๊ตบุ๊ค/สกลนคร/,https://ร้านรับซื้อโน๊ตบุ๊ค.com/รับซื้อโน๊ตบุ๊ค/macbook-pro-m2/,200 indexable self-canonical,200 indexable self-canonical,high location / low entity,high entity / low location,high,2026-06-17,KEEP_404,high,Both plausible targets preserve only one dimension of the original intent; no single exact target exists.
https://ร้านรับซื้อโน๊ตบุ๊ค.com/รับซื้อโน๊ตบุ๊ค/ฉะเชิงเทรา/msi-katana-15/,ฉะเชิงเทรา,msi-katana-15,https://ร้านรับซื้อโน๊ตบุ๊ค.com/รับซื้อโน๊ตบุ๊ค/ฉะเชิงเทรา/,https://ร้านรับซื้อโน๊ตบุ๊ค.com/รับซื้อโน๊ตบุ๊ค/msi-katana-15/,200 indexable self-canonical,200 indexable self-canonical,high location / low entity,high entity / low location,high,2026-06-17,KEEP_404,high,Both plausible targets preserve only one dimension of the original intent; no single exact target exists.
https://ร้านรับซื้อโน๊ตบุ๊ค.com/รับซื้อโน๊ตบุ๊ค/นนทบุรี/ช่องหูฟังเสีย/,นนทบุรี,ช่องหูฟังเสีย,https://ร้านรับซื้อโน๊ตบุ๊ค.com/รับซื้อโน๊ตบุ๊ค/นนทบุรี/,https://ร้านรับซื้อโน๊ตบุ๊ค.com/รับซื้อโน๊ตบุ๊ค/ช่องหูฟังเสีย/,200 indexable self-canonical,200 indexable self-canonical,high location / low entity,high entity / low location,high,2026-06-17,KEEP_404,high,Both plausible targets preserve only one dimension of the original intent; no single exact target exists.
https://ร้านรับซื้อโน๊ตบุ๊ค.com/รับซื้อโน๊ตบุ๊ค/หาดใหญ่/lg-gram/,หาดใหญ่,lg-gram,https://ร้านรับซื้อโน๊ตบุ๊ค.com/รับซื้อโน๊ตบุ๊ค/หาดใหญ่/,https://ร้านรับซื้อโน๊ตบุ๊ค.com/รับซื้อโน๊ตบุ๊ค/lg-gram/,200 indexable self-canonical,200 indexable self-canonical,high location / low entity,high entity / low location,high,2026-06-17,KEEP_404,high,Both plausible targets preserve only one dimension of the original intent; no single exact target exists.
https://ร้านรับซื้อโน๊ตบุ๊ค.com/รับซื้อโน๊ตบุ๊ค/ปัตตานี/surface-book/,ปัตตานี,surface-book,https://ร้านรับซื้อโน๊ตบุ๊ค.com/รับซื้อโน๊ตบุ๊ค/ปัตตานี/,https://ร้านรับซื้อโน๊ตบุ๊ค.com/รับซื้อโน๊ตบุ๊ค/surface-book/,200 indexable self-canonical,200 indexable self-canonical,high location / low entity,high entity / low location,high,2026-06-17,KEEP_404,high,Both plausible targets preserve only one dimension of the original intent; no single exact target exists.
https://ร้านรับซื้อโน๊ตบุ๊ค.com/รับซื้อโน๊ตบุ๊ค/สุพรรณบุรี/hp-victus-17/,สุพรรณบุรี,hp-victus-17,https://ร้านรับซื้อโน๊ตบุ๊ค.com/รับซื้อโน๊ตบุ๊ค/สุพรรณบุรี/,https://ร้านรับซื้อโน๊ตบุ๊ค.com/รับซื้อโน๊ตบุ๊ค/hp-victus-17/,200 indexable self-canonical,200 indexable self-canonical,high location / low entity,high entity / low location,high,2026-06-17,KEEP_404,high,Both plausible targets preserve only one dimension of the original intent; no single exact target exists.
https://ร้านรับซื้อโน๊ตบุ๊ค.com/รับซื้อโน๊ตบุ๊ค/ใกล้ฉัน/asus-vivobook/,ใกล้ฉัน,asus-vivobook,https://ร้านรับซื้อโน๊ตบุ๊ค.com/รับซื้อโน๊ตบุ๊ค/ใกล้ฉัน/,https://ร้านรับซื้อโน๊ตบุ๊ค.com/รับซื้อโน๊ตบุ๊ค/asus-vivobook/,200 indexable self-canonical,200 indexable self-canonical,high location / low entity,high entity / low location,high,2026-06-17,KEEP_404,high,Both plausible targets preserve only one dimension of the original intent; no single exact target exists.
https://ร้านรับซื้อโน๊ตบุ๊ค.com/รับซื้อโน๊ตบุ๊ค/สตูล/acer-predator-triton/,สตูล,acer-predator-triton,https://ร้านรับซื้อโน๊ตบุ๊ค.com/รับซื้อโน๊ตบุ๊ค/สตูล/,https://ร้านรับซื้อโน๊ตบุ๊ค.com/รับซื้อโน๊ตบุ๊ค/acer-predator-triton/,200 indexable self-canonical,200 indexable self-canonical,high location / low entity,high entity / low location,high,2026-06-17,KEEP_404,high,Both plausible targets preserve only one dimension of the original intent; no single exact target exists.
https://ร้านรับซื้อโน๊ตบุ๊ค.com/รับซื้อโน๊ตบุ๊ค/หนองคาย/thinkpad-x1-carbon/,หนองคาย,thinkpad-x1-carbon,https://ร้านรับซื้อโน๊ตบุ๊ค.com/รับซื้อโน๊ตบุ๊ค/หนองคาย/,https://ร้านรับซื้อโน๊ตบุ๊ค.com/รับซื้อโน๊ตบุ๊ค/thinkpad-x1-carbon/,200 indexable self-canonical,200 indexable self-canonical,high location / low entity,high entity / low location,high,2026-06-17,KEEP_404,high,Both plausible targets preserve only one dimension of the original intent; no single exact target exists.
https://ร้านรับซื้อโน๊ตบุ๊ค.com/รับซื้อโน๊ตบุ๊ค/นครศรีธรรมราช/macbook-mdm/,นครศรีธรรมราช,macbook-mdm,https://ร้านรับซื้อโน๊ตบุ๊ค.com/รับซื้อโน๊ตบุ๊ค/นครศรีธรรมราช/,https://ร้านรับซื้อโน๊ตบุ๊ค.com/รับซื้อโน๊ตบุ๊ค/macbook-mdm/,200 indexable self-canonical,200 indexable self-canonical,high location / low entity,high entity / low location,high,2026-06-17,KEEP_404,high,Both plausible targets preserve only one dimension of the original intent; no single exact target exists.
https://ร้านรับซื้อโน๊ตบุ๊ค.com/รับซื้อโน๊ตบุ๊ค/รังสิต/macbook-mdm/,รังสิต,macbook-mdm,https://ร้านรับซื้อโน๊ตบุ๊ค.com/รับซื้อโน๊ตบุ๊ค/รังสิต/,https://ร้านรับซื้อโน๊ตบุ๊ค.com/รับซื้อโน๊ตบุ๊ค/macbook-mdm/,200 indexable self-canonical,200 indexable self-canonical,high location / low entity,high entity / low location,high,2026-06-16,KEEP_404,high,Both plausible targets preserve only one dimension of the original intent; no single exact target exists.
https://ร้านรับซื้อโน๊ตบุ๊ค.com/รับซื้อโน๊ตบุ๊ค/สุราษฎร์ธานี/samsung-galaxy-book/,สุราษฎร์ธานี,samsung-galaxy-book,https://ร้านรับซื้อโน๊ตบุ๊ค.com/รับซื้อโน๊ตบุ๊ค/สุราษฎร์ธานี/,https://ร้านรับซื้อโน๊ตบุ๊ค.com/รับซื้อโน๊ตบุ๊ค/samsung-galaxy-book/,200 indexable self-canonical,200 indexable self-canonical,high location / low entity,high entity / low location,high,2026-06-16,KEEP_404,high,Both plausible targets preserve only one dimension of the original intent; no single exact target exists.
https://ร้านรับซื้อโน๊ตบุ๊ค.com/รับซื้อโน๊ตบุ๊ค/พัทยา/บลูทูธใช้ไม่ได้/,พัทยา,บลูทูธใช้ไม่ได้,https://ร้านรับซื้อโน๊ตบุ๊ค.com/รับซื้อโน๊ตบุ๊ค/พัทยา/,https://ร้านรับซื้อโน๊ตบุ๊ค.com/รับซื้อโน๊ตบุ๊ค/บลูทูธใช้ไม่ได้/,200 indexable self-canonical,200 indexable self-canonical,high location / low entity,high entity / low location,high,2026-06-16,KEEP_404,high,Both plausible targets preserve only one dimension of the original intent; no single exact target exists.
https://ร้านรับซื้อโน๊ตบุ๊ค.com/รับซื้อโน๊ตบุ๊ค/แม่ฮ่องสอน/macbook-pro-m1/,แม่ฮ่องสอน,macbook-pro-m1,https://ร้านรับซื้อโน๊ตบุ๊ค.com/รับซื้อโน๊ตบุ๊ค/แม่ฮ่องสอน/,https://ร้านรับซื้อโน๊ตบุ๊ค.com/รับซื้อโน๊ตบุ๊ค/macbook-pro-m1/,200 indexable self-canonical,200 indexable self-canonical,high location / low entity,high entity / low location,high,2026-06-16,KEEP_404,high,Both plausible targets preserve only one dimension of the original intent; no single exact target exists.
https://ร้านรับซื้อโน๊ตบุ๊ค.com/รับซื้อโน๊ตบุ๊ค/ชุมพร/macbook-no-box-no-receipt/,ชุมพร,macbook-no-box-no-receipt,https://ร้านรับซื้อโน๊ตบุ๊ค.com/รับซื้อโน๊ตบุ๊ค/ชุมพร/,https://ร้านรับซื้อโน๊ตบุ๊ค.com/รับซื้อโน๊ตบุ๊ค/macbook-no-box-no-receipt/,200 indexable self-canonical,200 indexable self-canonical,high location / low entity,high entity / low location,high,2026-06-16,KEEP_404,high,Both plausible targets preserve only one dimension of the original intent; no single exact target exists.
https://ร้านรับซื้อโน๊ตบุ๊ค.com/รับซื้อโน๊ตบุ๊ค/ชัยภูมิ/macbook-air-m4/,ชัยภูมิ,macbook-air-m4,https://ร้านรับซื้อโน๊ตบุ๊ค.com/รับซื้อโน๊ตบุ๊ค/ชัยภูมิ/,https://ร้านรับซื้อโน๊ตบุ๊ค.com/รับซื้อโน๊ตบุ๊ค/macbook-air-m4/,200 indexable self-canonical,200 indexable self-canonical,high location / low entity,high entity / low location,high,2026-06-16,KEEP_404,high,Both plausible targets preserve only one dimension of the original intent; no single exact target exists.
https://ร้านรับซื้อโน๊ตบุ๊ค.com/รับซื้อโน๊ตบุ๊ค/กรุงเทพ/gigabyte-aorus/,กรุงเทพ,gigabyte-aorus,https://ร้านรับซื้อโน๊ตบุ๊ค.com/รับซื้อโน๊ตบุ๊ค/กรุงเทพ/,https://ร้านรับซื้อโน๊ตบุ๊ค.com/รับซื้อโน๊ตบุ๊ค/gigabyte-aorus/,200 indexable self-canonical,200 indexable self-canonical,high location / low entity,high entity / low location,high,2026-06-16,KEEP_404,high,Both plausible targets preserve only one dimension of the original intent; no single exact target exists.
https://ร้านรับซื้อโน๊ตบุ๊ค.com/รับซื้อโน๊ตบุ๊ค/นราธิวาส/acer-travelmate/,นราธิวาส,acer-travelmate,https://ร้านรับซื้อโน๊ตบุ๊ค.com/รับซื้อโน๊ตบุ๊ค/นราธิวาส/,https://ร้านรับซื้อโน๊ตบุ๊ค.com/รับซื้อโน๊ตบุ๊ค/acer-travelmate/,200 indexable self-canonical,200 indexable self-canonical,high location / low entity,high entity / low location,high,2026-06-16,KEEP_404,high,Both plausible targets preserve only one dimension of the original intent; no single exact target exists.
https://ร้านรับซื้อโน๊ตบุ๊ค.com/รับซื้อโน๊ตบุ๊ค/น่าน/บอดี้แตก/,น่าน,บอดี้แตก,https://ร้านรับซื้อโน๊ตบุ๊ค.com/รับซื้อโน๊ตบุ๊ค/น่าน/,https://ร้านรับซื้อโน๊ตบุ๊ค.com/รับซื้อโน๊ตบุ๊ค/บอดี้แตก/,200 indexable self-canonical,200 indexable self-canonical,high location / low entity,high entity / low location,high,2026-06-16,KEEP_404,high,Both plausible targets preserve only one dimension of the original intent; no single exact target exists.
https://ร้านรับซื้อโน๊ตบุ๊ค.com/รับซื้อโน๊ตบุ๊ค/สระบุรี/ทัชแพดเสีย/,สระบุรี,ทัชแพดเสีย,https://ร้านรับซื้อโน๊ตบุ๊ค.com/รับซื้อโน๊ตบุ๊ค/สระบุรี/,https://ร้านรับซื้อโน๊ตบุ๊ค.com/รับซื้อโน๊ตบุ๊ค/ทัชแพดเสีย/,200 indexable self-canonical,200 indexable self-canonical,high location / low entity,high entity / low location,high,2026-06-16,KEEP_404,high,Both plausible targets preserve only one dimension of the original intent; no single exact target exists.
https://ร้านรับซื้อโน๊ตบุ๊ค.com/รับซื้อโน๊ตบุ๊ค/สระแก้ว/alienware-m15-r7-r8/,สระแก้ว,alienware-m15-r7-r8,https://ร้านรับซื้อโน๊ตบุ๊ค.com/รับซื้อโน๊ตบุ๊ค/สระแก้ว/,https://ร้านรับซื้อโน๊ตบุ๊ค.com/รับซื้อโน๊ตบุ๊ค/alienware-m15-r7-r8/,200 indexable self-canonical,200 indexable self-canonical,high location / low entity,high entity / low location,high,2026-06-16,KEEP_404,high,Both plausible targets preserve only one dimension of the original intent; no single exact target exists.
https://ร้านรับซื้อโน๊ตบุ๊ค.com/รับซื้อโน๊ตบุ๊ค/สระแก้ว/macbook-pro-m4/,สระแก้ว,macbook-pro-m4,https://ร้านรับซื้อโน๊ตบุ๊ค.com/รับซื้อโน๊ตบุ๊ค/สระแก้ว/,https://ร้านรับซื้อโน๊ตบุ๊ค.com/รับซื้อโน๊ตบุ๊ค/macbook-pro-m4/,200 indexable self-canonical,200 indexable self-canonical,high location / low entity,high entity / low location,high,2026-06-16,KEEP_404,high,Both plausible targets preserve only one dimension of the original intent; no single exact target exists.
https://ร้านรับซื้อโน๊ตบุ๊ค.com/รับซื้อโน๊ตบุ๊ค/สกลนคร/ลำโพงเสีย/,สกลนคร,ลำโพงเสีย,https://ร้านรับซื้อโน๊ตบุ๊ค.com/รับซื้อโน๊ตบุ๊ค/สกลนคร/,https://ร้านรับซื้อโน๊ตบุ๊ค.com/รับซื้อโน๊ตบุ๊ค/ลำโพงเสีย/,200 indexable self-canonical,200 indexable self-canonical,high location / low entity,high entity / low location,high,2026-06-16,KEEP_404,high,Both plausible targets preserve only one dimension of the original intent; no single exact target exists.
https://ร้านรับซื้อโน๊ตบุ๊ค.com/รับซื้อโน๊ตบุ๊ค/เชียงใหม่/alienware-m15-r7-r8/,เชียงใหม่,alienware-m15-r7-r8,https://ร้านรับซื้อโน๊ตบุ๊ค.com/รับซื้อโน๊ตบุ๊ค/เชียงใหม่/,https://ร้านรับซื้อโน๊ตบุ๊ค.com/รับซื้อโน๊ตบุ๊ค/alienware-m15-r7-r8/,200 indexable self-canonical,200 indexable self-canonical,high location / low entity,high entity / low location,high,2026-06-16,KEEP_404,high,Both plausible targets preserve only one dimension of the original intent; no single exact target exists.
https://ร้านรับซื้อโน๊ตบุ๊ค.com/รับซื้อโน๊ตบุ๊ค/นครพนม/ค้างบ่อย/,นครพนม,ค้างบ่อย,https://ร้านรับซื้อโน๊ตบุ๊ค.com/รับซื้อโน๊ตบุ๊ค/นครพนม/,https://ร้านรับซื้อโน๊ตบุ๊ค.com/รับซื้อโน๊ตบุ๊ค/ค้างบ่อย/,200 indexable self-canonical,200 indexable self-canonical,high location / low entity,high entity / low location,high,2026-06-16,KEEP_404,high,Both plausible targets preserve only one dimension of the original intent; no single exact target exists.
https://ร้านรับซื้อโน๊ตบุ๊ค.com/รับซื้อโน๊ตบุ๊ค/อุบลราชธานี/honor-magicbook/,อุบลราชธานี,honor-magicbook,https://ร้านรับซื้อโน๊ตบุ๊ค.com/รับซื้อโน๊ตบุ๊ค/อุบลราชธานี/,https://ร้านรับซื้อโน๊ตบุ๊ค.com/รับซื้อโน๊ตบุ๊ค/honor-magicbook/,200 indexable self-canonical,200 indexable self-canonical,high location / low entity,high entity / low location,high,2026-06-16,KEEP_404,high,Both plausible targets preserve only one dimension of the original intent; no single exact target exists.
https://ร้านรับซื้อโน๊ตบุ๊ค.com/รับซื้อโน๊ตบุ๊ค/รามคำแหง/macbook-air-15/,รามคำแหง,macbook-air-15,https://ร้านรับซื้อโน๊ตบุ๊ค.com/รับซื้อโน๊ตบุ๊ค/รามคำแหง/,https://ร้านรับซื้อโน๊ตบุ๊ค.com/รับซื้อโน๊ตบุ๊ค/macbook-air-15/,200 indexable self-canonical,200 indexable self-canonical,high location / low entity,high entity / low location,high,2026-06-16,KEEP_404,high,Both plausible targets preserve only one dimension of the original intent; no single exact target exists.
https://ร้านรับซื้อโน๊ตบุ๊ค.com/รับซื้อโน๊ตบุ๊ค/ลาดพร้าว/lenovo-legion-pro-7/,ลาดพร้าว,lenovo-legion-pro-7,https://ร้านรับซื้อโน๊ตบุ๊ค.com/รับซื้อโน๊ตบุ๊ค/ลาดพร้าว/,https://ร้านรับซื้อโน๊ตบุ๊ค.com/รับซื้อโน๊ตบุ๊ค/lenovo-legion-pro-7/,200 indexable self-canonical,200 indexable self-canonical,high location / low entity,high entity / low location,high,2026-06-16,KEEP_404,high,Both plausible targets preserve only one dimension of the original intent; no single exact target exists.
https://ร้านรับซื้อโน๊ตบุ๊ค.com/รับซื้อโน๊ตบุ๊ค/ชุมพร/lg-gram/,ชุมพร,lg-gram,https://ร้านรับซื้อโน๊ตบุ๊ค.com/รับซื้อโน๊ตบุ๊ค/ชุมพร/,https://ร้านรับซื้อโน๊ตบุ๊ค.com/รับซื้อโน๊ตบุ๊ค/lg-gram/,200 indexable self-canonical,200 indexable self-canonical,high location / low entity,high entity / low location,high,2026-06-16,KEEP_404,high,Both plausible targets preserve only one dimension of the original intent; no single exact target exists.
https://ร้านรับซื้อโน๊ตบุ๊ค.com/รับซื้อโน๊ตบุ๊ค/สุพรรณบุรี/dell-latitude/,สุพรรณบุรี,dell-latitude,https://ร้านรับซื้อโน๊ตบุ๊ค.com/รับซื้อโน๊ตบุ๊ค/สุพรรณบุรี/,https://ร้านรับซื้อโน๊ตบุ๊ค.com/รับซื้อโน๊ตบุ๊ค/dell-latitude/,200 indexable self-canonical,200 indexable self-canonical,high location / low entity,high entity / low location,high,2026-06-16,KEEP_404,high,Both plausible targets preserve only one dimension of the original intent; no single exact target exists.
https://ร้านรับซื้อโน๊ตบุ๊ค.com/รับซื้อโน๊ตบุ๊ค/ขอนแก่น/honor/,ขอนแก่น,honor,https://ร้านรับซื้อโน๊ตบุ๊ค.com/รับซื้อโน๊ตบุ๊ค/ขอนแก่น/,https://ร้านรับซื้อโน๊ตบุ๊ค.com/รับซื้อโน๊ตบุ๊ค/honor/,200 indexable self-canonical,200 indexable self-canonical,high location / low entity,high entity / low location,high,2026-06-16,KEEP_404,high,Both plausible targets preserve only one dimension of the original intent; no single exact target exists.
https://ร้านรับซื้อโน๊ตบุ๊ค.com/รับซื้อโน๊ตบุ๊ค/พิจิตร/lenovo-ideapad-3-5/,พิจิตร,lenovo-ideapad-3-5,https://ร้านรับซื้อโน๊ตบุ๊ค.com/รับซื้อโน๊ตบุ๊ค/พิจิตร/,https://ร้านรับซื้อโน๊ตบุ๊ค.com/รับซื้อโน๊ตบุ๊ค/lenovo-ideapad-3-5/,200 indexable self-canonical,200 indexable self-canonical,high location / low entity,high entity / low location,high,2026-06-16,KEEP_404,high,Both plausible targets preserve only one dimension of the original intent; no single exact target exists.
https://ร้านรับซื้อโน๊ตบุ๊ค.com/รับซื้อโน๊ตบุ๊ค/ศรีสะเกษ/msi-cyborg-15/,ศรีสะเกษ,msi-cyborg-15,https://ร้านรับซื้อโน๊ตบุ๊ค.com/รับซื้อโน๊ตบุ๊ค/ศรีสะเกษ/,https://ร้านรับซื้อโน๊ตบุ๊ค.com/รับซื้อโน๊ตบุ๊ค/msi-cyborg-15/,200 indexable self-canonical,200 indexable self-canonical,high location / low entity,high entity / low location,high,2026-06-16,KEEP_404,high,Both plausible targets preserve only one dimension of the original intent; no single exact target exists.
https://ร้านรับซื้อโน๊ตบุ๊ค.com/รับซื้อโน๊ตบุ๊ค/กาญจนบุรี/บลูทูธใช้ไม่ได้/,กาญจนบุรี,บลูทูธใช้ไม่ได้,https://ร้านรับซื้อโน๊ตบุ๊ค.com/รับซื้อโน๊ตบุ๊ค/กาญจนบุรี/,https://ร้านรับซื้อโน๊ตบุ๊ค.com/รับซื้อโน๊ตบุ๊ค/บลูทูธใช้ไม่ได้/,200 indexable self-canonical,200 indexable self-canonical,high location / low entity,high entity / low location,high,2026-06-16,KEEP_404,high,Both plausible targets preserve only one dimension of the original intent; no single exact target exists.
https://ร้านรับซื้อโน๊ตบุ๊ค.com/รับซื้อโน๊ตบุ๊ค/พิจิตร/asus-zephyrus/,พิจิตร,asus-zephyrus,https://ร้านรับซื้อโน๊ตบุ๊ค.com/รับซื้อโน๊ตบุ๊ค/พิจิตร/,https://ร้านรับซื้อโน๊ตบุ๊ค.com/รับซื้อโน๊ตบุ๊ค/asus-zephyrus/,200 indexable self-canonical,200 indexable self-canonical,high location / low entity,high entity / low location,high,2026-06-16,KEEP_404,high,Both plausible targets preserve only one dimension of the original intent; no single exact target exists.
https://ร้านรับซื้อโน๊ตบุ๊ค.com/รับซื้อโน๊ตบุ๊ค/เพชรบูรณ์/acer-predator-helios/,เพชรบูรณ์,acer-predator-helios,https://ร้านรับซื้อโน๊ตบุ๊ค.com/รับซื้อโน๊ตบุ๊ค/เพชรบูรณ์/,https://ร้านรับซื้อโน๊ตบุ๊ค.com/รับซื้อโน๊ตบุ๊ค/acer-predator-helios/,200 indexable self-canonical,200 indexable self-canonical,high location / low entity,high entity / low location,high,2026-06-16,KEEP_404,high,Both plausible targets preserve only one dimension of the original intent; no single exact target exists.
https://ร้านรับซื้อโน๊ตบุ๊ค.com/รับซื้อโน๊ตบุ๊ค/พังงา/honor-magicbook/,พังงา,honor-magicbook,https://ร้านรับซื้อโน๊ตบุ๊ค.com/รับซื้อโน๊ตบุ๊ค/พังงา/,https://ร้านรับซื้อโน๊ตบุ๊ค.com/รับซื้อโน๊ตบุ๊ค/honor-magicbook/,200 indexable self-canonical,200 indexable self-canonical,high location / low entity,high entity / low location,high,2026-06-15,KEEP_404,high,Both plausible targets preserve only one dimension of the original intent; no single exact target exists.
https://ร้านรับซื้อโน๊ตบุ๊ค.com/รับซื้อโน๊ตบุ๊ค/ปทุมธานี/acer-predator-helios/,ปทุมธานี,acer-predator-helios,https://ร้านรับซื้อโน๊ตบุ๊ค.com/รับซื้อโน๊ตบุ๊ค/ปทุมธานี/,https://ร้านรับซื้อโน๊ตบุ๊ค.com/รับซื้อโน๊ตบุ๊ค/acer-predator-helios/,200 indexable self-canonical,200 indexable self-canonical,high location / low entity,high entity / low location,high,2026-06-15,KEEP_404,high,Both plausible targets preserve only one dimension of the original intent; no single exact target exists.
https://ร้านรับซื้อโน๊ตบุ๊ค.com/รับซื้อโน๊ตบุ๊ค/นครศรีธรรมราช/asus-rog-strix/,นครศรีธรรมราช,asus-rog-strix,https://ร้านรับซื้อโน๊ตบุ๊ค.com/รับซื้อโน๊ตบุ๊ค/นครศรีธรรมราช/,https://ร้านรับซื้อโน๊ตบุ๊ค.com/รับซื้อโน๊ตบุ๊ค/asus-rog-strix/,200 indexable self-canonical,200 indexable self-canonical,high location / low entity,high entity / low location,high,2026-06-15,KEEP_404,high,Both plausible targets preserve only one dimension of the original intent; no single exact target exists.
https://ร้านรับซื้อโน๊ตบุ๊ค.com/รับซื้อโน๊ตบุ๊ค/พิษณุโลก/acer-aspire-5/,พิษณุโลก,acer-aspire-5,https://ร้านรับซื้อโน๊ตบุ๊ค.com/รับซื้อโน๊ตบุ๊ค/พิษณุโลก/,https://ร้านรับซื้อโน๊ตบุ๊ค.com/รับซื้อโน๊ตบุ๊ค/acer-aspire-5/,200 indexable self-canonical,200 indexable self-canonical,high location / low entity,high entity / low location,high,2026-06-15,KEEP_404,high,Both plausible targets preserve only one dimension of the original intent; no single exact target exists.
https://ร้านรับซื้อโน๊ตบุ๊ค.com/รับซื้อโน๊ตบุ๊ค/นนทบุรี/ค้างบ่อย/,นนทบุรี,ค้างบ่อย,https://ร้านรับซื้อโน๊ตบุ๊ค.com/รับซื้อโน๊ตบุ๊ค/นนทบุรี/,https://ร้านรับซื้อโน๊ตบุ๊ค.com/รับซื้อโน๊ตบุ๊ค/ค้างบ่อย/,200 indexable self-canonical,200 indexable self-canonical,high location / low entity,high entity / low location,high,2026-06-15,KEEP_404,high,Both plausible targets preserve only one dimension of the original intent; no single exact target exists.
https://ร้านรับซื้อโน๊ตบุ๊ค.com/รับซื้อโน๊ตบุ๊ค/ขอนแก่น/macbook-pro-16/,ขอนแก่น,macbook-pro-16,https://ร้านรับซื้อโน๊ตบุ๊ค.com/รับซื้อโน๊ตบุ๊ค/ขอนแก่น/,https://ร้านรับซื้อโน๊ตบุ๊ค.com/รับซื้อโน๊ตบุ๊ค/macbook-pro-16/,200 indexable self-canonical,200 indexable self-canonical,high location / low entity,high entity / low location,high,2026-06-15,KEEP_404,high,Both plausible targets preserve only one dimension of the original intent; no single exact target exists.
https://ร้านรับซื้อโน๊ตบุ๊ค.com/รับซื้อโน๊ตบุ๊ค/สุโขทัย/msi-katana-15/,สุโขทัย,msi-katana-15,https://ร้านรับซื้อโน๊ตบุ๊ค.com/รับซื้อโน๊ตบุ๊ค/สุโขทัย/,https://ร้านรับซื้อโน๊ตบุ๊ค.com/รับซื้อโน๊ตบุ๊ค/msi-katana-15/,200 indexable self-canonical,200 indexable self-canonical,high location / low entity,high entity / low location,high,2026-06-15,KEEP_404,high,Both plausible targets preserve only one dimension of the original intent; no single exact target exists.
https://ร้านรับซื้อโน๊ตบุ๊ค.com/รับซื้อโน๊ตบุ๊ค/หนองบัวลำภู/msi-vector-16-hx/,หนองบัวลำภู,msi-vector-16-hx,https://ร้านรับซื้อโน๊ตบุ๊ค.com/รับซื้อโน๊ตบุ๊ค/หนองบัวลำภู/,https://ร้านรับซื้อโน๊ตบุ๊ค.com/รับซื้อโน๊ตบุ๊ค/msi-vector-16-hx/,200 indexable self-canonical,200 indexable self-canonical,high location / low entity,high entity / low location,high,2026-06-15,KEEP_404,high,Both plausible targets preserve only one dimension of the original intent; no single exact target exists.
https://ร้านรับซื้อโน๊ตบุ๊ค.com/รับซื้อโน๊ตบุ๊ค/มหาสารคาม/samsung/,มหาสารคาม,samsung,https://ร้านรับซื้อโน๊ตบุ๊ค.com/รับซื้อโน๊ตบุ๊ค/มหาสารคาม/,https://ร้านรับซื้อโน๊ตบุ๊ค.com/รับซื้อโน๊ตบุ๊ค/samsung/,200 indexable self-canonical,200 indexable self-canonical,high location / low entity,high entity / low location,high,2026-06-15,KEEP_404,high,Both plausible targets preserve only one dimension of the original intent; no single exact target exists.
https://ร้านรับซื้อโน๊ตบุ๊ค.com/รับซื้อโน๊ตบุ๊ค/นราธิวาส/surface-laptop/,นราธิวาส,surface-laptop,https://ร้านรับซื้อโน๊ตบุ๊ค.com/รับซื้อโน๊ตบุ๊ค/นราธิวาส/,https://ร้านรับซื้อโน๊ตบุ๊ค.com/รับซื้อโน๊ตบุ๊ค/surface-laptop/,200 indexable self-canonical,200 indexable self-canonical,high location / low entity,high entity / low location,high,2026-06-15,KEEP_404,high,Both plausible targets preserve only one dimension of the original intent; no single exact target exists.
https://ร้านรับซื้อโน๊ตบุ๊ค.com/รับซื้อโน๊ตบุ๊ค/ตาก/hp-spectre-x360/,ตาก,hp-spectre-x360,https://ร้านรับซื้อโน๊ตบุ๊ค.com/รับซื้อโน๊ตบุ๊ค/ตาก/,https://ร้านรับซื้อโน๊ตบุ๊ค.com/รับซื้อโน๊ตบุ๊ค/hp-spectre-x360/,200 indexable self-canonical,200 indexable self-canonical,high location / low entity,high entity / low location,high,2026-06-15,KEEP_404,high,Both plausible targets preserve only one dimension of the original intent; no single exact target exists.
https://ร้านรับซื้อโน๊ตบุ๊ค.com/รับซื้อโน๊ตบุ๊ค/พัทลุง/lenovo-legion-pro-7/,พัทลุง,lenovo-legion-pro-7,https://ร้านรับซื้อโน๊ตบุ๊ค.com/รับซื้อโน๊ตบุ๊ค/พัทลุง/,https://ร้านรับซื้อโน๊ตบุ๊ค.com/รับซื้อโน๊ตบุ๊ค/lenovo-legion-pro-7/,200 indexable self-canonical,200 indexable self-canonical,high location / low entity,high entity / low location,high,2026-06-15,KEEP_404,high,Both plausible targets preserve only one dimension of the original intent; no single exact target exists.
https://ร้านรับซื้อโน๊ตบุ๊ค.com/รับซื้อโน๊ตบุ๊ค/หนองบัวลำภู/macbook-air-m3/,หนองบัวลำภู,macbook-air-m3,https://ร้านรับซื้อโน๊ตบุ๊ค.com/รับซื้อโน๊ตบุ๊ค/หนองบัวลำภู/,https://ร้านรับซื้อโน๊ตบุ๊ค.com/รับซื้อโน๊ตบุ๊ค/macbook-air-m3/,200 indexable self-canonical,200 indexable self-canonical,high location / low entity,high entity / low location,high,2026-06-15,KEEP_404,high,Both plausible targets preserve only one dimension of the original intent; no single exact target exists.
https://ร้านรับซื้อโน๊ตบุ๊ค.com/รับซื้อโน๊ตบุ๊ค/ภูเก็ต/dell-latitude/,ภูเก็ต,dell-latitude,https://ร้านรับซื้อโน๊ตบุ๊ค.com/รับซื้อโน๊ตบุ๊ค/ภูเก็ต/,https://ร้านรับซื้อโน๊ตบุ๊ค.com/รับซื้อโน๊ตบุ๊ค/dell-latitude/,200 indexable self-canonical,200 indexable self-canonical,high location / low entity,high entity / low location,high,2026-06-15,KEEP_404,high,Both plausible targets preserve only one dimension of the original intent; no single exact target exists.
https://ร้านรับซื้อโน๊ตบุ๊ค.com/รับซื้อโน๊ตบุ๊ค/เพชรบูรณ์/acer-predator-triton/,เพชรบูรณ์,acer-predator-triton,https://ร้านรับซื้อโน๊ตบุ๊ค.com/รับซื้อโน๊ตบุ๊ค/เพชรบูรณ์/,https://ร้านรับซื้อโน๊ตบุ๊ค.com/รับซื้อโน๊ตบุ๊ค/acer-predator-triton/,200 indexable self-canonical,200 indexable self-canonical,high location / low entity,high entity / low location,high,2026-06-15,KEEP_404,high,Both plausible targets preserve only one dimension of the original intent; no single exact target exists.
https://ร้านรับซื้อโน๊ตบุ๊ค.com/รับซื้อโน๊ตบุ๊ค/ห้วยขวาง/asus-zephyrus/,ห้วยขวาง,asus-zephyrus,https://ร้านรับซื้อโน๊ตบุ๊ค.com/รับซื้อโน๊ตบุ๊ค/ห้วยขวาง/,https://ร้านรับซื้อโน๊ตบุ๊ค.com/รับซื้อโน๊ตบุ๊ค/asus-zephyrus/,200 indexable self-canonical,200 indexable self-canonical,high location / low entity,high entity / low location,high,2026-06-15,KEEP_404,high,Both plausible targets preserve only one dimension of the original intent; no single exact target exists.
https://ร้านรับซื้อโน๊ตบุ๊ค.com/รับซื้อโน๊ตบุ๊ค/นครนายก/hp-victus-15/,นครนายก,hp-victus-15,https://ร้านรับซื้อโน๊ตบุ๊ค.com/รับซื้อโน๊ตบุ๊ค/นครนายก/,https://ร้านรับซื้อโน๊ตบุ๊ค.com/รับซื้อโน๊ตบุ๊ค/hp-victus-15/,200 indexable self-canonical,200 indexable self-canonical,high location / low entity,high entity / low location,high,2026-06-15,KEEP_404,high,Both plausible targets preserve only one dimension of the original intent; no single exact target exists.
https://ร้านรับซื้อโน๊ตบุ๊ค.com/รับซื้อโน๊ตบุ๊ค/ปราจีนบุรี/macbook-air-13/,ปราจีนบุรี,macbook-air-13,https://ร้านรับซื้อโน๊ตบุ๊ค.com/รับซื้อโน๊ตบุ๊ค/ปราจีนบุรี/,https://ร้านรับซื้อโน๊ตบุ๊ค.com/รับซื้อโน๊ตบุ๊ค/macbook-air-13/,200 indexable self-canonical,200 indexable self-canonical,high location / low entity,high entity / low location,high,2026-06-15,KEEP_404,high,Both plausible targets preserve only one dimension of the original intent; no single exact target exists.
https://ร้านรับซื้อโน๊ตบุ๊ค.com/รับซื้อโน๊ตบุ๊ค/อยุธยา/msi-katana-15/,อยุธยา,msi-katana-15,https://ร้านรับซื้อโน๊ตบุ๊ค.com/รับซื้อโน๊ตบุ๊ค/อยุธยา/,https://ร้านรับซื้อโน๊ตบุ๊ค.com/รับซื้อโน๊ตบุ๊ค/msi-katana-15/,200 indexable self-canonical,200 indexable self-canonical,high location / low entity,high entity / low location,high,2026-06-15,KEEP_404,high,Both plausible targets preserve only one dimension of the original intent; no single exact target exists.
https://ร้านรับซื้อโน๊ตบุ๊ค.com/รับซื้อโน๊ตบุ๊ค/ใกล้ฉัน/honor/,ใกล้ฉัน,honor,https://ร้านรับซื้อโน๊ตบุ๊ค.com/รับซื้อโน๊ตบุ๊ค/ใกล้ฉัน/,https://ร้านรับซื้อโน๊ตบุ๊ค.com/รับซื้อโน๊ตบุ๊ค/honor/,200 indexable self-canonical,200 indexable self-canonical,high location / low entity,high entity / low location,high,2026-06-15,KEEP_404,high,Both plausible targets preserve only one dimension of the original intent; no single exact target exists.
https://ร้านรับซื้อโน๊ตบุ๊ค.com/รับซื้อโน๊ตบุ๊ค/ปทุมธานี/lg/,ปทุมธานี,lg,https://ร้านรับซื้อโน๊ตบุ๊ค.com/รับซื้อโน๊ตบุ๊ค/ปทุมธานี/,https://ร้านรับซื้อโน๊ตบุ๊ค.com/รับซื้อโน๊ตบุ๊ค/lg/,200 indexable self-canonical,200 indexable self-canonical,high location / low entity,high entity / low location,high,2026-06-15,KEEP_404,high,Both plausible targets preserve only one dimension of the original intent; no single exact target exists.
https://ร้านรับซื้อโน๊ตบุ๊ค.com/รับซื้อโน๊ตบุ๊ค/นครสวรรค์/huawei/,นครสวรรค์,huawei,https://ร้านรับซื้อโน๊ตบุ๊ค.com/รับซื้อโน๊ตบุ๊ค/นครสวรรค์/,https://ร้านรับซื้อโน๊ตบุ๊ค.com/รับซื้อโน๊ตบุ๊ค/huawei/,200 indexable self-canonical,200 indexable self-canonical,high location / low entity,high entity / low location,high,2026-06-15,KEEP_404,high,Both plausible targets preserve only one dimension of the original intent; no single exact target exists.
https://ร้านรับซื้อโน๊ตบุ๊ค.com/รับซื้อโน๊ตบุ๊ค/อุตรดิตถ์/macbook-air-13/,อุตรดิตถ์,macbook-air-13,https://ร้านรับซื้อโน๊ตบุ๊ค.com/รับซื้อโน๊ตบุ๊ค/อุตรดิตถ์/,https://ร้านรับซื้อโน๊ตบุ๊ค.com/รับซื้อโน๊ตบุ๊ค/macbook-air-13/,200 indexable self-canonical,200 indexable self-canonical,high location / low entity,high entity / low location,high,2026-06-15,KEEP_404,high,Both plausible targets preserve only one dimension of the original intent; no single exact target exists.
https://ร้านรับซื้อโน๊ตบุ๊ค.com/รับซื้อโน๊ตบุ๊ค/เชียงราย/hp-omen-transcend/,เชียงราย,hp-omen-transcend,https://ร้านรับซื้อโน๊ตบุ๊ค.com/รับซื้อโน๊ตบุ๊ค/เชียงราย/,https://ร้านรับซื้อโน๊ตบุ๊ค.com/รับซื้อโน๊ตบุ๊ค/hp-omen-transcend/,200 indexable self-canonical,200 indexable self-canonical,high location / low entity,high entity / low location,high,2026-06-15,KEEP_404,high,Both plausible targets preserve only one dimension of the original intent; no single exact target exists.
https://ร้านรับซื้อโน๊ตบุ๊ค.com/รับซื้อโน๊ตบุ๊ค/ศรีสะเกษ/lenovo-yoga/,ศรีสะเกษ,lenovo-yoga,https://ร้านรับซื้อโน๊ตบุ๊ค.com/รับซื้อโน๊ตบุ๊ค/ศรีสะเกษ/,https://ร้านรับซื้อโน๊ตบุ๊ค.com/รับซื้อโน๊ตบุ๊ค/lenovo-yoga/,200 indexable self-canonical,200 indexable self-canonical,high location / low entity,high entity / low location,high,2026-06-15,KEEP_404,high,Both plausible targets preserve only one dimension of the original intent; no single exact target exists.
https://ร้านรับซื้อโน๊ตบุ๊ค.com/รับซื้อโน๊ตบุ๊ค/สมุทรปราการ/msi-modern/,สมุทรปราการ,msi-modern,https://ร้านรับซื้อโน๊ตบุ๊ค.com/รับซื้อโน๊ตบุ๊ค/สมุทรปราการ/,https://ร้านรับซื้อโน๊ตบุ๊ค.com/รับซื้อโน๊ตบุ๊ค/msi-modern/,200 indexable self-canonical,200 indexable self-canonical,high location / low entity,high entity / low location,high,2026-06-15,KEEP_404,high,Both plausible targets preserve only one dimension of the original intent; no single exact target exists.
https://ร้านรับซื้อโน๊ตบุ๊ค.com/รับซื้อโน๊ตบุ๊ค/เชียงราย/macbook-pro-m2/,เชียงราย,macbook-pro-m2,https://ร้านรับซื้อโน๊ตบุ๊ค.com/รับซื้อโน๊ตบุ๊ค/เชียงราย/,https://ร้านรับซื้อโน๊ตบุ๊ค.com/รับซื้อโน๊ตบุ๊ค/macbook-pro-m2/,200 indexable self-canonical,200 indexable self-canonical,high location / low entity,high entity / low location,high,2026-06-15,KEEP_404,high,Both plausible targets preserve only one dimension of the original intent; no single exact target exists.
https://ร้านรับซื้อโน๊ตบุ๊ค.com/รับซื้อโน๊ตบุ๊ค/กาฬสินธุ์/dell-g15-g16/,กาฬสินธุ์,dell-g15-g16,https://ร้านรับซื้อโน๊ตบุ๊ค.com/รับซื้อโน๊ตบุ๊ค/กาฬสินธุ์/,https://ร้านรับซื้อโน๊ตบุ๊ค.com/รับซื้อโน๊ตบุ๊ค/dell-g15-g16/,200 indexable self-canonical,200 indexable self-canonical,high location / low entity,high entity / low location,high,2026-06-15,KEEP_404,high,Both plausible targets preserve only one dimension of the original intent; no single exact target exists.
https://ร้านรับซื้อโน๊ตบุ๊ค.com/รับซื้อโน๊ตบุ๊ค/สมุทรสาคร/asus-tuf-a15-f15/,สมุทรสาคร,asus-tuf-a15-f15,https://ร้านรับซื้อโน๊ตบุ๊ค.com/รับซื้อโน๊ตบุ๊ค/สมุทรสาคร/,https://ร้านรับซื้อโน๊ตบุ๊ค.com/รับซื้อโน๊ตบุ๊ค/asus-tuf-a15-f15/,200 indexable self-canonical,200 indexable self-canonical,high location / low entity,high entity / low location,high,2026-06-15,KEEP_404,high,Both plausible targets preserve only one dimension of the original intent; no single exact target exists.
https://ร้านรับซื้อโน๊ตบุ๊ค.com/รับซื้อโน๊ตบุ๊ค/อ่างทอง/surface-book/,อ่างทอง,surface-book,https://ร้านรับซื้อโน๊ตบุ๊ค.com/รับซื้อโน๊ตบุ๊ค/อ่างทอง/,https://ร้านรับซื้อโน๊ตบุ๊ค.com/รับซื้อโน๊ตบุ๊ค/surface-book/,200 indexable self-canonical,200 indexable self-canonical,high location / low entity,high entity / low location,high,2026-06-15,KEEP_404,high,Both plausible targets preserve only one dimension of the original intent; no single exact target exists.
https://ร้านรับซื้อโน๊ตบุ๊ค.com/รับซื้อโน๊ตบุ๊ค/ห้วยขวาง/alienware-m15-r7-r8/,ห้วยขวาง,alienware-m15-r7-r8,https://ร้านรับซื้อโน๊ตบุ๊ค.com/รับซื้อโน๊ตบุ๊ค/ห้วยขวาง/,https://ร้านรับซื้อโน๊ตบุ๊ค.com/รับซื้อโน๊ตบุ๊ค/alienware-m15-r7-r8/,200 indexable self-canonical,200 indexable self-canonical,high location / low entity,high entity / low location,high,2026-06-15,KEEP_404,high,Both plausible targets preserve only one dimension of the original intent; no single exact target exists.
https://ร้านรับซื้อโน๊ตบุ๊ค.com/รับซื้อโน๊ตบุ๊ค/สุรินทร์/gigabyte/,สุรินทร์,gigabyte,https://ร้านรับซื้อโน๊ตบุ๊ค.com/รับซื้อโน๊ตบุ๊ค/สุรินทร์/,https://ร้านรับซื้อโน๊ตบุ๊ค.com/รับซื้อโน๊ตบุ๊ค/gigabyte/,200 indexable self-canonical,200 indexable self-canonical,high location / low entity,high entity / low location,high,2026-06-15,KEEP_404,high,Both plausible targets preserve only one dimension of the original intent; no single exact target exists.
https://ร้านรับซื้อโน๊ตบุ๊ค.com/รับซื้อโน๊ตบุ๊ค/เชียงใหม่/dell-g15-g16/,เชียงใหม่,dell-g15-g16,https://ร้านรับซื้อโน๊ตบุ๊ค.com/รับซื้อโน๊ตบุ๊ค/เชียงใหม่/,https://ร้านรับซื้อโน๊ตบุ๊ค.com/รับซื้อโน๊ตบุ๊ค/dell-g15-g16/,200 indexable self-canonical,200 indexable self-canonical,high location / low entity,high entity / low location,high,2026-06-15,KEEP_404,high,Both plausible targets preserve only one dimension of the original intent; no single exact target exists.
https://ร้านรับซื้อโน๊ตบุ๊ค.com/รับซื้อโน๊ตบุ๊ค/บุรีรัมย์/macbook-pro-m2/,บุรีรัมย์,macbook-pro-m2,https://ร้านรับซื้อโน๊ตบุ๊ค.com/รับซื้อโน๊ตบุ๊ค/บุรีรัมย์/,https://ร้านรับซื้อโน๊ตบุ๊ค.com/รับซื้อโน๊ตบุ๊ค/macbook-pro-m2/,200 indexable self-canonical,200 indexable self-canonical,high location / low entity,high entity / low location,high,2026-06-15,KEEP_404,high,Both plausible targets preserve only one dimension of the original intent; no single exact target exists.
https://ร้านรับซื้อโน๊ตบุ๊ค.com/รับซื้อโน๊ตบุ๊ค/พระราม2/ร้อนจัดดับเอง/,พระราม2,ร้อนจัดดับเอง,https://ร้านรับซื้อโน๊ตบุ๊ค.com/รับซื้อโน๊ตบุ๊ค/พระราม2/,https://ร้านรับซื้อโน๊ตบุ๊ค.com/รับซื้อโน๊ตบุ๊ค/ร้อนจัดดับเอง/,200 indexable self-canonical,200 indexable self-canonical,high location / low entity,high entity / low location,high,2026-06-15,KEEP_404,high,Both plausible targets preserve only one dimension of the original intent; no single exact target exists.
https://ร้านรับซื้อโน๊ตบุ๊ค.com/รับซื้อโน๊ตบุ๊ค/รังสิต/asus-vivobook/,รังสิต,asus-vivobook,https://ร้านรับซื้อโน๊ตบุ๊ค.com/รับซื้อโน๊ตบุ๊ค/รังสิต/,https://ร้านรับซื้อโน๊ตบุ๊ค.com/รับซื้อโน๊ตบุ๊ค/asus-vivobook/,200 indexable self-canonical,200 indexable self-canonical,high location / low entity,high entity / low location,high,2026-06-15,KEEP_404,high,Both plausible targets preserve only one dimension of the original intent; no single exact target exists.
https://ร้านรับซื้อโน๊ตบุ๊ค.com/รับซื้อโน๊ตบุ๊ค/ยะลา/msi-katana-15/,ยะลา,msi-katana-15,https://ร้านรับซื้อโน๊ตบุ๊ค.com/รับซื้อโน๊ตบุ๊ค/ยะลา/,https://ร้านรับซื้อโน๊ตบุ๊ค.com/รับซื้อโน๊ตบุ๊ค/msi-katana-15/,200 indexable self-canonical,200 indexable self-canonical,high location / low entity,high entity / low location,high,2026-06-15,KEEP_404,high,Both plausible targets preserve only one dimension of the original intent; no single exact target exists.
https://ร้านรับซื้อโน๊ตบุ๊ค.com/รับซื้อโน๊ตบุ๊ค/สุโขทัย/ฝาหลังบวม/,สุโขทัย,ฝาหลังบวม,https://ร้านรับซื้อโน๊ตบุ๊ค.com/รับซื้อโน๊ตบุ๊ค/สุโขทัย/,https://ร้านรับซื้อโน๊ตบุ๊ค.com/รับซื้อโน๊ตบุ๊ค/ฝาหลังบวม/,200 indexable self-canonical,200 indexable self-canonical,high location / low entity,high entity / low location,high,2026-06-15,KEEP_404,high,Both plausible targets preserve only one dimension of the original intent; no single exact target exists.
https://ร้านรับซื้อโน๊ตบุ๊ค.com/รับซื้อโน๊ตบุ๊ค/นครปฐม/macbook-air-13/,นครปฐม,macbook-air-13,https://ร้านรับซื้อโน๊ตบุ๊ค.com/รับซื้อโน๊ตบุ๊ค/นครปฐม/,https://ร้านรับซื้อโน๊ตบุ๊ค.com/รับซื้อโน๊ตบุ๊ค/macbook-air-13/,200 indexable self-canonical,200 indexable self-canonical,high location / low entity,high entity / low location,high,2026-06-15,KEEP_404,high,Both plausible targets preserve only one dimension of the original intent; no single exact target exists.
https://ร้านรับซื้อโน๊ตบุ๊ค.com/รับซื้อโน๊ตบุ๊ค/สระบุรี/razer/,สระบุรี,razer,https://ร้านรับซื้อโน๊ตบุ๊ค.com/รับซื้อโน๊ตบุ๊ค/สระบุรี/,https://ร้านรับซื้อโน๊ตบุ๊ค.com/รับซื้อโน๊ตบุ๊ค/razer/,200 indexable self-canonical,200 indexable self-canonical,high location / low entity,high entity / low location,high,2026-06-15,KEEP_404,high,Both plausible targets preserve only one dimension of the original intent; no single exact target exists.
https://ร้านรับซื้อโน๊ตบุ๊ค.com/รับซื้อโน๊ตบุ๊ค/รังสิต/acer-predator-triton/,รังสิต,acer-predator-triton,https://ร้านรับซื้อโน๊ตบุ๊ค.com/รับซื้อโน๊ตบุ๊ค/รังสิต/,https://ร้านรับซื้อโน๊ตบุ๊ค.com/รับซื้อโน๊ตบุ๊ค/acer-predator-triton/,200 indexable self-canonical,200 indexable self-canonical,high location / low entity,high entity / low location,high,2026-06-15,KEEP_404,high,Both plausible targets preserve only one dimension of the original intent; no single exact target exists.
https://ร้านรับซื้อโน๊ตบุ๊ค.com/รับซื้อโน๊ตบุ๊ค/นครราชสีมา/msi-stealth-14/,นครราชสีมา,msi-stealth-14,https://ร้านรับซื้อโน๊ตบุ๊ค.com/รับซื้อโน๊ตบุ๊ค/นครราชสีมา/,https://ร้านรับซื้อโน๊ตบุ๊ค.com/รับซื้อโน๊ตบุ๊ค/msi-stealth-14/,200 indexable self-canonical,200 indexable self-canonical,high location / low entity,high entity / low location,high,2026-06-15,KEEP_404,high,Both plausible targets preserve only one dimension of the original intent; no single exact target exists.
https://ร้านรับซื้อโน๊ตบุ๊ค.com/รับซื้อโน๊ตบุ๊ค/เชียงใหม่/asus-zephyrus/,เชียงใหม่,asus-zephyrus,https://ร้านรับซื้อโน๊ตบุ๊ค.com/รับซื้อโน๊ตบุ๊ค/เชียงใหม่/,https://ร้านรับซื้อโน๊ตบุ๊ค.com/รับซื้อโน๊ตบุ๊ค/asus-zephyrus/,200 indexable self-canonical,200 indexable self-canonical,high location / low entity,high entity / low location,high,2026-06-15,KEEP_404,high,Both plausible targets preserve only one dimension of the original intent; no single exact target exists.
https://ร้านรับซื้อโน๊ตบุ๊ค.com/รับซื้อโน๊ตบุ๊ค/ราชบุรี/samsung-galaxy-book/,ราชบุรี,samsung-galaxy-book,https://ร้านรับซื้อโน๊ตบุ๊ค.com/รับซื้อโน๊ตบุ๊ค/ราชบุรี/,https://ร้านรับซื้อโน๊ตบุ๊ค.com/รับซื้อโน๊ตบุ๊ค/samsung-galaxy-book/,200 indexable self-canonical,200 indexable self-canonical,high location / low entity,high entity / low location,high,2026-06-15,KEEP_404,high,Both plausible targets preserve only one dimension of the original intent; no single exact target exists.
https://ร้านรับซื้อโน๊ตบุ๊ค.com/รับซื้อโน๊ตบุ๊ค/นนทบุรี/พอร์ต-usb-เสีย/,นนทบุรี,พอร์ต-usb-เสีย,https://ร้านรับซื้อโน๊ตบุ๊ค.com/รับซื้อโน๊ตบุ๊ค/นนทบุรี/,https://ร้านรับซื้อโน๊ตบุ๊ค.com/รับซื้อโน๊ตบุ๊ค/พอร์ต-usb-เสีย/,200 indexable self-canonical,200 indexable self-canonical,high location / low entity,high entity / low location,high,2026-06-15,KEEP_404,high,Both plausible targets preserve only one dimension of the original intent; no single exact target exists.
https://ร้านรับซื้อโน๊ตบุ๊ค.com/รับซื้อโน๊ตบุ๊ค/สมุทรสงคราม/lenovo-legion-slim/,สมุทรสงคราม,lenovo-legion-slim,https://ร้านรับซื้อโน๊ตบุ๊ค.com/รับซื้อโน๊ตบุ๊ค/สมุทรสงคราม/,https://ร้านรับซื้อโน๊ตบุ๊ค.com/รับซื้อโน๊ตบุ๊ค/lenovo-legion-slim/,200 indexable self-canonical,200 indexable self-canonical,high location / low entity,high entity / low location,high,2026-06-15,KEEP_404,high,Both plausible targets preserve only one dimension of the original intent; no single exact target exists.
https://ร้านรับซื้อโน๊ตบุ๊ค.com/รับซื้อโน๊ตบุ๊ค/สตูล/asus-zephyrus-g16/,สตูล,asus-zephyrus-g16,https://ร้านรับซื้อโน๊ตบุ๊ค.com/รับซื้อโน๊ตบุ๊ค/สตูล/,https://ร้านรับซื้อโน๊ตบุ๊ค.com/รับซื้อโน๊ตบุ๊ค/asus-zephyrus-g16/,200 indexable self-canonical,200 indexable self-canonical,high location / low entity,high entity / low location,high,2026-06-15,KEEP_404,high,Both plausible targets preserve only one dimension of the original intent; no single exact target exists.
https://ร้านรับซื้อโน๊ตบุ๊ค.com/รับซื้อโน๊ตบุ๊ค/สกลนคร/lenovo-yoga/,สกลนคร,lenovo-yoga,https://ร้านรับซื้อโน๊ตบุ๊ค.com/รับซื้อโน๊ตบุ๊ค/สกลนคร/,https://ร้านรับซื้อโน๊ตบุ๊ค.com/รับซื้อโน๊ตบุ๊ค/lenovo-yoga/,200 indexable self-canonical,200 indexable self-canonical,high location / low entity,high entity / low location,high,2026-06-15,KEEP_404,high,Both plausible targets preserve only one dimension of the original intent; no single exact target exists.
https://ร้านรับซื้อโน๊ตบุ๊ค.com/รับซื้อโน๊ตบุ๊ค/กาญจนบุรี/macbook-air-m5/,กาญจนบุรี,macbook-air-m5,https://ร้านรับซื้อโน๊ตบุ๊ค.com/รับซื้อโน๊ตบุ๊ค/กาญจนบุรี/,https://ร้านรับซื้อโน๊ตบุ๊ค.com/รับซื้อโน๊ตบุ๊ค/macbook-air-m5/,200 indexable self-canonical,200 indexable self-canonical,high location / low entity,high entity / low location,high,2026-06-15,KEEP_404,high,Both plausible targets preserve only one dimension of the original intent; no single exact target exists.
https://ร้านรับซื้อโน๊ตบุ๊ค.com/รับซื้อโน๊ตบุ๊ค/ระนอง/honor-magicbook/,ระนอง,honor-magicbook,https://ร้านรับซื้อโน๊ตบุ๊ค.com/รับซื้อโน๊ตบุ๊ค/ระนอง/,https://ร้านรับซื้อโน๊ตบุ๊ค.com/รับซื้อโน๊ตบุ๊ค/honor-magicbook/,200 indexable self-canonical,200 indexable self-canonical,high location / low entity,high entity / low location,high,2026-06-15,KEEP_404,high,Both plausible targets preserve only one dimension of the original intent; no single exact target exists.
https://ร้านรับซื้อโน๊ตบุ๊ค.com/รับซื้อโน๊ตบุ๊ค/นครศรีธรรมราช/gigabyte-aorus/,นครศรีธรรมราช,gigabyte-aorus,https://ร้านรับซื้อโน๊ตบุ๊ค.com/รับซื้อโน๊ตบุ๊ค/นครศรีธรรมราช/,https://ร้านรับซื้อโน๊ตบุ๊ค.com/รับซื้อโน๊ตบุ๊ค/gigabyte-aorus/,200 indexable self-canonical,200 indexable self-canonical,high location / low entity,high entity / low location,high,2026-06-15,KEEP_404,high,Both plausible targets preserve only one dimension of the original intent; no single exact target exists.
https://ร้านรับซื้อโน๊ตบุ๊ค.com/รับซื้อโน๊ตบุ๊ค/ระยอง/ฝาหลังบวม/,ระยอง,ฝาหลังบวม,https://ร้านรับซื้อโน๊ตบุ๊ค.com/รับซื้อโน๊ตบุ๊ค/ระยอง/,https://ร้านรับซื้อโน๊ตบุ๊ค.com/รับซื้อโน๊ตบุ๊ค/ฝาหลังบวม/,200 indexable self-canonical,200 indexable self-canonical,high location / low entity,high entity / low location,high,2026-06-15,KEEP_404,high,Both plausible targets preserve only one dimension of the original intent; no single exact target exists.
https://ร้านรับซื้อโน๊ตบุ๊ค.com/รับซื้อโน๊ตบุ๊ค/อยุธยา/บอดี้แตก/,อยุธยา,บอดี้แตก,https://ร้านรับซื้อโน๊ตบุ๊ค.com/รับซื้อโน๊ตบุ๊ค/อยุธยา/,https://ร้านรับซื้อโน๊ตบุ๊ค.com/รับซื้อโน๊ตบุ๊ค/บอดี้แตก/,200 indexable self-canonical,200 indexable self-canonical,high location / low entity,high entity / low location,high,2026-06-15,KEEP_404,high,Both plausible targets preserve only one dimension of the original intent; no single exact target exists.
https://ร้านรับซื้อโน๊ตบุ๊ค.com/รับซื้อโน๊ตบุ๊ค/เชียงราย/asus-vivobook/,เชียงราย,asus-vivobook,https://ร้านรับซื้อโน๊ตบุ๊ค.com/รับซื้อโน๊ตบุ๊ค/เชียงราย/,https://ร้านรับซื้อโน๊ตบุ๊ค.com/รับซื้อโน๊ตบุ๊ค/asus-vivobook/,200 indexable self-canonical,200 indexable self-canonical,high location / low entity,high entity / low location,high,2026-06-15,KEEP_404,high,Both plausible targets preserve only one dimension of the original intent; no single exact target exists.
https://ร้านรับซื้อโน๊ตบุ๊ค.com/รับซื้อโน๊ตบุ๊ค/อุทัยธานี/asus-rog-flow/,อุทัยธานี,asus-rog-flow,https://ร้านรับซื้อโน๊ตบุ๊ค.com/รับซื้อโน๊ตบุ๊ค/อุทัยธานี/,https://ร้านรับซื้อโน๊ตบุ๊ค.com/รับซื้อโน๊ตบุ๊ค/asus-rog-flow/,200 indexable self-canonical,200 indexable self-canonical,high location / low entity,high entity / low location,high,2026-06-15,KEEP_404,high,Both plausible targets preserve only one dimension of the original intent; no single exact target exists.
https://ร้านรับซื้อโน๊ตบุ๊ค.com/รับซื้อโน๊ตบุ๊ค/อำนาจเจริญ/huawei-matebook/,อำนาจเจริญ,huawei-matebook,https://ร้านรับซื้อโน๊ตบุ๊ค.com/รับซื้อโน๊ตบุ๊ค/อำนาจเจริญ/,https://ร้านรับซื้อโน๊ตบุ๊ค.com/รับซื้อโน๊ตบุ๊ค/huawei-matebook/,200 indexable self-canonical,200 indexable self-canonical,high location / low entity,high entity / low location,high,2026-06-15,KEEP_404,high,Both plausible targets preserve only one dimension of the original intent; no single exact target exists.
https://ร้านรับซื้อโน๊ตบุ๊ค.com/รับซื้อโน๊ตบุ๊ค/แพร่/ทัชแพดเสีย/,แพร่,ทัชแพดเสีย,https://ร้านรับซื้อโน๊ตบุ๊ค.com/รับซื้อโน๊ตบุ๊ค/แพร่/,https://ร้านรับซื้อโน๊ตบุ๊ค.com/รับซื้อโน๊ตบุ๊ค/ทัชแพดเสีย/,200 indexable self-canonical,200 indexable self-canonical,high location / low entity,high entity / low location,high,2026-06-15,KEEP_404,high,Both plausible targets preserve only one dimension of the original intent; no single exact target exists.
https://ร้านรับซื้อโน๊ตบุ๊ค.com/รับซื้อโน๊ตบุ๊ค/กาฬสินธุ์/surface-laptop-go/,กาฬสินธุ์,surface-laptop-go,https://ร้านรับซื้อโน๊ตบุ๊ค.com/รับซื้อโน๊ตบุ๊ค/กาฬสินธุ์/,https://ร้านรับซื้อโน๊ตบุ๊ค.com/รับซื้อโน๊ตบุ๊ค/surface-laptop-go/,200 indexable self-canonical,200 indexable self-canonical,high location / low entity,high entity / low location,high,2026-06-15,KEEP_404,high,Both plausible targets preserve only one dimension of the original intent; no single exact target exists.
https://ร้านรับซื้อโน๊ตบุ๊ค.com/รับซื้อโน๊ตบุ๊ค/เพชรบูรณ์/thinkpad-e14-e15/,เพชรบูรณ์,thinkpad-e14-e15,https://ร้านรับซื้อโน๊ตบุ๊ค.com/รับซื้อโน๊ตบุ๊ค/เพชรบูรณ์/,https://ร้านรับซื้อโน๊ตบุ๊ค.com/รับซื้อโน๊ตบุ๊ค/thinkpad-e14-e15/,200 indexable self-canonical,200 indexable self-canonical,high location / low entity,high entity / low location,high,2026-06-15,KEEP_404,high,Both plausible targets preserve only one dimension of the original intent; no single exact target exists.
https://ร้านรับซื้อโน๊ตบุ๊ค.com/รับซื้อโน๊ตบุ๊ค/พระราม2/macbook-air-13/,พระราม2,macbook-air-13,https://ร้านรับซื้อโน๊ตบุ๊ค.com/รับซื้อโน๊ตบุ๊ค/พระราม2/,https://ร้านรับซื้อโน๊ตบุ๊ค.com/รับซื้อโน๊ตบุ๊ค/macbook-air-13/,200 indexable self-canonical,200 indexable self-canonical,high location / low entity,high entity / low location,high,2026-06-15,KEEP_404,high,Both plausible targets preserve only one dimension of the original intent; no single exact target exists.
https://ร้านรับซื้อโน๊ตบุ๊ค.com/รับซื้อโน๊ตบุ๊ค/เชียงใหม่/huawei-matebook/,เชียงใหม่,huawei-matebook,https://ร้านรับซื้อโน๊ตบุ๊ค.com/รับซื้อโน๊ตบุ๊ค/เชียงใหม่/,https://ร้านรับซื้อโน๊ตบุ๊ค.com/รับซื้อโน๊ตบุ๊ค/huawei-matebook/,200 indexable self-canonical,200 indexable self-canonical,high location / low entity,high entity / low location,high,2026-06-15,KEEP_404,high,Both plausible targets preserve only one dimension of the original intent; no single exact target exists.
https://ร้านรับซื้อโน๊ตบุ๊ค.com/รับซื้อโน๊ตบุ๊ค/จันทบุรี/พอร์ต-type-c-เสีย/,จันทบุรี,พอร์ต-type-c-เสีย,https://ร้านรับซื้อโน๊ตบุ๊ค.com/รับซื้อโน๊ตบุ๊ค/จันทบุรี/,https://ร้านรับซื้อโน๊ตบุ๊ค.com/รับซื้อโน๊ตบุ๊ค/พอร์ต-type-c-เสีย/,200 indexable self-canonical,200 indexable self-canonical,high location / low entity,high entity / low location,high,2026-06-15,KEEP_404,high,Both plausible targets preserve only one dimension of the original intent; no single exact target exists.
https://ร้านรับซื้อโน๊ตบุ๊ค.com/รับซื้อโน๊ตบุ๊ค/พัทยา/lenovo-thinkbook/,พัทยา,lenovo-thinkbook,https://ร้านรับซื้อโน๊ตบุ๊ค.com/รับซื้อโน๊ตบุ๊ค/พัทยา/,https://ร้านรับซื้อโน๊ตบุ๊ค.com/รับซื้อโน๊ตบุ๊ค/lenovo-thinkbook/,200 indexable self-canonical,200 indexable self-canonical,high location / low entity,high entity / low location,high,2026-06-15,KEEP_404,high,Both plausible targets preserve only one dimension of the original intent; no single exact target exists.
https://ร้านรับซื้อโน๊ตบุ๊ค.com/รับซื้อโน๊ตบุ๊ค/ปัตตานี/macbook-pro-m1/,ปัตตานี,macbook-pro-m1,https://ร้านรับซื้อโน๊ตบุ๊ค.com/รับซื้อโน๊ตบุ๊ค/ปัตตานี/,https://ร้านรับซื้อโน๊ตบุ๊ค.com/รับซื้อโน๊ตบุ๊ค/macbook-pro-m1/,200 indexable self-canonical,200 indexable self-canonical,high location / low entity,high entity / low location,high,2026-06-15,KEEP_404,high,Both plausible targets preserve only one dimension of the original intent; no single exact target exists.
https://ร้านรับซื้อโน๊ตบุ๊ค.com/รับซื้อโน๊ตบุ๊ค/พังงา/msi-katana-15/,พังงา,msi-katana-15,https://ร้านรับซื้อโน๊ตบุ๊ค.com/รับซื้อโน๊ตบุ๊ค/พังงา/,https://ร้านรับซื้อโน๊ตบุ๊ค.com/รับซื้อโน๊ตบุ๊ค/msi-katana-15/,200 indexable self-canonical,200 indexable self-canonical,high location / low entity,high entity / low location,high,2026-06-15,KEEP_404,high,Both plausible targets preserve only one dimension of the original intent; no single exact target exists.
https://ร้านรับซื้อโน๊ตบุ๊ค.com/รับซื้อโน๊ตบุ๊ค/นครนายก/macbook-air-13/,นครนายก,macbook-air-13,https://ร้านรับซื้อโน๊ตบุ๊ค.com/รับซื้อโน๊ตบุ๊ค/นครนายก/,https://ร้านรับซื้อโน๊ตบุ๊ค.com/รับซื้อโน๊ตบุ๊ค/macbook-air-13/,200 indexable self-canonical,200 indexable self-canonical,high location / low entity,high entity / low location,high,2026-06-15,KEEP_404,high,Both plausible targets preserve only one dimension of the original intent; no single exact target exists.
https://ร้านรับซื้อโน๊ตบุ๊ค.com/รับซื้อโน๊ตบุ๊ค/หนองคาย/macbook-battery-swollen/,หนองคาย,macbook-battery-swollen,https://ร้านรับซื้อโน๊ตบุ๊ค.com/รับซื้อโน๊ตบุ๊ค/หนองคาย/,https://ร้านรับซื้อโน๊ตบุ๊ค.com/รับซื้อโน๊ตบุ๊ค/macbook-battery-swollen/,200 indexable self-canonical,200 indexable self-canonical,high location / low entity,high entity / low location,high,2026-06-15,KEEP_404,high,Both plausible targets preserve only one dimension of the original intent; no single exact target exists.
https://ร้านรับซื้อโน๊ตบุ๊ค.com/รับซื้อโน๊ตบุ๊ค/กรุงเทพ/macbook-pro-m1/,กรุงเทพ,macbook-pro-m1,https://ร้านรับซื้อโน๊ตบุ๊ค.com/รับซื้อโน๊ตบุ๊ค/กรุงเทพ/,https://ร้านรับซื้อโน๊ตบุ๊ค.com/รับซื้อโน๊ตบุ๊ค/macbook-pro-m1/,200 indexable self-canonical,200 indexable self-canonical,high location / low entity,high entity / low location,high,2026-06-15,KEEP_404,high,Both plausible targets preserve only one dimension of the original intent; no single exact target exists.
https://ร้านรับซื้อโน๊ตบุ๊ค.com/รับซื้อโน๊ตบุ๊ค/ตรัง/พอร์ตแลนเสีย/,ตรัง,พอร์ตแลนเสีย,https://ร้านรับซื้อโน๊ตบุ๊ค.com/รับซื้อโน๊ตบุ๊ค/ตรัง/,https://ร้านรับซื้อโน๊ตบุ๊ค.com/รับซื้อโน๊ตบุ๊ค/พอร์ตแลนเสีย/,200 indexable self-canonical,200 indexable self-canonical,high location / low entity,high entity / low location,high,2026-06-15,KEEP_404,high,Both plausible targets preserve only one dimension of the original intent; no single exact target exists.
https://ร้านรับซื้อโน๊ตบุ๊ค.com/รับซื้อโน๊ตบุ๊ค/ระยอง/พัดลมดัง/,ระยอง,พัดลมดัง,https://ร้านรับซื้อโน๊ตบุ๊ค.com/รับซื้อโน๊ตบุ๊ค/ระยอง/,https://ร้านรับซื้อโน๊ตบุ๊ค.com/รับซื้อโน๊ตบุ๊ค/พัดลมดัง/,200 indexable self-canonical,200 indexable self-canonical,high location / low entity,high entity / low location,high,2026-06-15,KEEP_404,high,Both plausible targets preserve only one dimension of the original intent; no single exact target exists.
https://ร้านรับซื้อโน๊ตบุ๊ค.com/รับซื้อโน๊ตบุ๊ค/พระราม2/huawei/,พระราม2,huawei,https://ร้านรับซื้อโน๊ตบุ๊ค.com/รับซื้อโน๊ตบุ๊ค/พระราม2/,https://ร้านรับซื้อโน๊ตบุ๊ค.com/รับซื้อโน๊ตบุ๊ค/huawei/,200 indexable self-canonical,200 indexable self-canonical,high location / low entity,high entity / low location,high,2026-06-15,KEEP_404,high,Both plausible targets preserve only one dimension of the original intent; no single exact target exists.
https://ร้านรับซื้อโน๊ตบุ๊ค.com/รับซื้อโน๊ตบุ๊ค/น่าน/gigabyte-aorus/,น่าน,gigabyte-aorus,https://ร้านรับซื้อโน๊ตบุ๊ค.com/รับซื้อโน๊ตบุ๊ค/น่าน/,https://ร้านรับซื้อโน๊ตบุ๊ค.com/รับซื้อโน๊ตบุ๊ค/gigabyte-aorus/,200 indexable self-canonical,200 indexable self-canonical,high location / low entity,high entity / low location,high,2026-06-15,KEEP_404,high,Both plausible targets preserve only one dimension of the original intent; no single exact target exists.
https://ร้านรับซื้อโน๊ตบุ๊ค.com/รับซื้อโน๊ตบุ๊ค/ลำพูน/macbook-air-m3/,ลำพูน,macbook-air-m3,https://ร้านรับซื้อโน๊ตบุ๊ค.com/รับซื้อโน๊ตบุ๊ค/ลำพูน/,https://ร้านรับซื้อโน๊ตบุ๊ค.com/รับซื้อโน๊ตบุ๊ค/macbook-air-m3/,200 indexable self-canonical,200 indexable self-canonical,high location / low entity,high entity / low location,high,2026-06-15,KEEP_404,high,Both plausible targets preserve only one dimension of the original intent; no single exact target exists.
https://ร้านรับซื้อโน๊ตบุ๊ค.com/รับซื้อโน๊ตบุ๊ค/แม่ฮ่องสอน/alienware-m18/,แม่ฮ่องสอน,alienware-m18,https://ร้านรับซื้อโน๊ตบุ๊ค.com/รับซื้อโน๊ตบุ๊ค/แม่ฮ่องสอน/,https://ร้านรับซื้อโน๊ตบุ๊ค.com/รับซื้อโน๊ตบุ๊ค/alienware-m18/,200 indexable self-canonical,200 indexable self-canonical,high location / low entity,high entity / low location,high,2026-06-15,KEEP_404,high,Both plausible targets preserve only one dimension of the original intent; no single exact target exists.
https://ร้านรับซื้อโน๊ตบุ๊ค.com/รับซื้อโน๊ตบุ๊ค/ตราด/asus-zephyrus-g16/,ตราด,asus-zephyrus-g16,https://ร้านรับซื้อโน๊ตบุ๊ค.com/รับซื้อโน๊ตบุ๊ค/ตราด/,https://ร้านรับซื้อโน๊ตบุ๊ค.com/รับซื้อโน๊ตบุ๊ค/asus-zephyrus-g16/,200 indexable self-canonical,200 indexable self-canonical,high location / low entity,high entity / low location,high,2026-06-15,KEEP_404,high,Both plausible targets preserve only one dimension of the original intent; no single exact target exists.
https://ร้านรับซื้อโน๊ตบุ๊ค.com/รับซื้อโน๊ตบุ๊ค/นครปฐม/razer/,นครปฐม,razer,https://ร้านรับซื้อโน๊ตบุ๊ค.com/รับซื้อโน๊ตบุ๊ค/นครปฐม/,https://ร้านรับซื้อโน๊ตบุ๊ค.com/รับซื้อโน๊ตบุ๊ค/razer/,200 indexable self-canonical,200 indexable self-canonical,high location / low entity,high entity / low location,high,2026-06-15,KEEP_404,high,Both plausible targets preserve only one dimension of the original intent; no single exact target exists.
https://ร้านรับซื้อโน๊ตบุ๊ค.com/รับซื้อโน๊ตบุ๊ค/ยะลา/ค้างบ่อย/,ยะลา,ค้างบ่อย,https://ร้านรับซื้อโน๊ตบุ๊ค.com/รับซื้อโน๊ตบุ๊ค/ยะลา/,https://ร้านรับซื้อโน๊ตบุ๊ค.com/รับซื้อโน๊ตบุ๊ค/ค้างบ่อย/,200 indexable self-canonical,200 indexable self-canonical,high location / low entity,high entity / low location,high,2026-06-15,KEEP_404,high,Both plausible targets preserve only one dimension of the original intent; no single exact target exists.
https://ร้านรับซื้อโน๊ตบุ๊ค.com/รับซื้อโน๊ตบุ๊ค/กรุงเทพ/macbook-air-m2/,กรุงเทพ,macbook-air-m2,https://ร้านรับซื้อโน๊ตบุ๊ค.com/รับซื้อโน๊ตบุ๊ค/กรุงเทพ/,https://ร้านรับซื้อโน๊ตบุ๊ค.com/รับซื้อโน๊ตบุ๊ค/macbook-air-m2/,200 indexable self-canonical,200 indexable self-canonical,high location / low entity,high entity / low location,high,2026-06-15,KEEP_404,high,Both plausible targets preserve only one dimension of the original intent; no single exact target exists.
https://ร้านรับซื้อโน๊ตบุ๊ค.com/รับซื้อโน๊ตบุ๊ค/ปัตตานี/huawei/,ปัตตานี,huawei,https://ร้านรับซื้อโน๊ตบุ๊ค.com/รับซื้อโน๊ตบุ๊ค/ปัตตานี/,https://ร้านรับซื้อโน๊ตบุ๊ค.com/รับซื้อโน๊ตบุ๊ค/huawei/,200 indexable self-canonical,200 indexable self-canonical,high location / low entity,high entity / low location,high,2026-06-15,KEEP_404,high,Both plausible targets preserve only one dimension of the original intent; no single exact target exists.
https://ร้านรับซื้อโน๊ตบุ๊ค.com/รับซื้อโน๊ตบุ๊ค/กรุงเทพ/macbook-air-m1/,กรุงเทพ,macbook-air-m1,https://ร้านรับซื้อโน๊ตบุ๊ค.com/รับซื้อโน๊ตบุ๊ค/กรุงเทพ/,https://ร้านรับซื้อโน๊ตบุ๊ค.com/รับซื้อโน๊ตบุ๊ค/macbook-air-m1/,200 indexable self-canonical,200 indexable self-canonical,high location / low entity,high entity / low location,high,2026-06-15,KEEP_404,high,Both plausible targets preserve only one dimension of the original intent; no single exact target exists.
https://ร้านรับซื้อโน๊ตบุ๊ค.com/รับซื้อโน๊ตบุ๊ค/กาญจนบุรี/lenovo-loq-15-16/,กาญจนบุรี,lenovo-loq-15-16,https://ร้านรับซื้อโน๊ตบุ๊ค.com/รับซื้อโน๊ตบุ๊ค/กาญจนบุรี/,https://ร้านรับซื้อโน๊ตบุ๊ค.com/รับซื้อโน๊ตบุ๊ค/lenovo-loq-15-16/,200 indexable self-canonical,200 indexable self-canonical,high location / low entity,high entity / low location,high,2026-06-15,KEEP_404,high,Both plausible targets preserve only one dimension of the original intent; no single exact target exists.
https://ร้านรับซื้อโน๊ตบุ๊ค.com/รับซื้อโน๊ตบุ๊ค/ลาดพร้าว/dell-inspiron-15/,ลาดพร้าว,dell-inspiron-15,https://ร้านรับซื้อโน๊ตบุ๊ค.com/รับซื้อโน๊ตบุ๊ค/ลาดพร้าว/,https://ร้านรับซื้อโน๊ตบุ๊ค.com/รับซื้อโน๊ตบุ๊ค/dell-inspiron-15/,200 indexable self-canonical,200 indexable self-canonical,high location / low entity,high entity / low location,high,2026-06-15,KEEP_404,high,Both plausible targets preserve only one dimension of the original intent; no single exact target exists.
https://ร้านรับซื้อโน๊ตบุ๊ค.com/รับซื้อโน๊ตบุ๊ค/ปราจีนบุรี/lenovo-legion-slim/,ปราจีนบุรี,lenovo-legion-slim,https://ร้านรับซื้อโน๊ตบุ๊ค.com/รับซื้อโน๊ตบุ๊ค/ปราจีนบุรี/,https://ร้านรับซื้อโน๊ตบุ๊ค.com/รับซื้อโน๊ตบุ๊ค/lenovo-legion-slim/,200 indexable self-canonical,200 indexable self-canonical,high location / low entity,high entity / low location,high,2026-06-15,KEEP_404,high,Both plausible targets preserve only one dimension of the original intent; no single exact target exists.
https://ร้านรับซื้อโน๊ตบุ๊ค.com/รับซื้อโน๊ตบุ๊ค/ระยอง/macbook-air-m2/,ระยอง,macbook-air-m2,https://ร้านรับซื้อโน๊ตบุ๊ค.com/รับซื้อโน๊ตบุ๊ค/ระยอง/,https://ร้านรับซื้อโน๊ตบุ๊ค.com/รับซื้อโน๊ตบุ๊ค/macbook-air-m2/,200 indexable self-canonical,200 indexable self-canonical,high location / low entity,high entity / low location,high,2026-06-15,KEEP_404,high,Both plausible targets preserve only one dimension of the original intent; no single exact target exists.
https://ร้านรับซื้อโน๊ตบุ๊ค.com/รับซื้อโน๊ตบุ๊ค/อุดรธานี/ฝาหลังบวม/,อุดรธานี,ฝาหลังบวม,https://ร้านรับซื้อโน๊ตบุ๊ค.com/รับซื้อโน๊ตบุ๊ค/อุดรธานี/,https://ร้านรับซื้อโน๊ตบุ๊ค.com/รับซื้อโน๊ตบุ๊ค/ฝาหลังบวม/,200 indexable self-canonical,200 indexable self-canonical,high location / low entity,high entity / low location,high,2026-06-15,KEEP_404,high,Both plausible targets preserve only one dimension of the original intent; no single exact target exists.
https://ร้านรับซื้อโน๊ตบุ๊ค.com/รับซื้อโน๊ตบุ๊ค/มุกดาหาร/macbook-pro-14/,มุกดาหาร,macbook-pro-14,https://ร้านรับซื้อโน๊ตบุ๊ค.com/รับซื้อโน๊ตบุ๊ค/มุกดาหาร/,https://ร้านรับซื้อโน๊ตบุ๊ค.com/รับซื้อโน๊ตบุ๊ค/macbook-pro-14/,200 indexable self-canonical,200 indexable self-canonical,high location / low entity,high entity / low location,high,2026-06-15,KEEP_404,high,Both plausible targets preserve only one dimension of the original intent; no single exact target exists.
https://ร้านรับซื้อโน๊ตบุ๊ค.com/รับซื้อโน๊ตบุ๊ค/นนทบุรี/macbook-pro-m1/,นนทบุรี,macbook-pro-m1,https://ร้านรับซื้อโน๊ตบุ๊ค.com/รับซื้อโน๊ตบุ๊ค/นนทบุรี/,https://ร้านรับซื้อโน๊ตบุ๊ค.com/รับซื้อโน๊ตบุ๊ค/macbook-pro-m1/,200 indexable self-canonical,200 indexable self-canonical,high location / low entity,high entity / low location,high,2026-06-15,KEEP_404,high,Both plausible targets preserve only one dimension of the original intent; no single exact target exists.
https://ร้านรับซื้อโน๊ตบุ๊ค.com/รับซื้อโน๊ตบุ๊ค/ตรัง/รีสตาร์ทเอง/,ตรัง,รีสตาร์ทเอง,https://ร้านรับซื้อโน๊ตบุ๊ค.com/รับซื้อโน๊ตบุ๊ค/ตรัง/,https://ร้านรับซื้อโน๊ตบุ๊ค.com/รับซื้อโน๊ตบุ๊ค/รีสตาร์ทเอง/,200 indexable self-canonical,200 indexable self-canonical,high location / low entity,high entity / low location,high,2026-06-15,KEEP_404,high,Both plausible targets preserve only one dimension of the original intent; no single exact target exists.
https://ร้านรับซื้อโน๊ตบุ๊ค.com/รับซื้อโน๊ตบุ๊ค/ปัตตานี/acer-nitro-v/,ปัตตานี,acer-nitro-v,https://ร้านรับซื้อโน๊ตบุ๊ค.com/รับซื้อโน๊ตบุ๊ค/ปัตตานี/,https://ร้านรับซื้อโน๊ตบุ๊ค.com/รับซื้อโน๊ตบุ๊ค/acer-nitro-v/,200 indexable self-canonical,200 indexable self-canonical,high location / low entity,high entity / low location,high,2026-06-15,KEEP_404,high,Both plausible targets preserve only one dimension of the original intent; no single exact target exists.
https://ร้านรับซื้อโน๊ตบุ๊ค.com/รับซื้อโน๊ตบุ๊ค/นครพนม/macbook-pro-m5/,นครพนม,macbook-pro-m5,https://ร้านรับซื้อโน๊ตบุ๊ค.com/รับซื้อโน๊ตบุ๊ค/นครพนม/,https://ร้านรับซื้อโน๊ตบุ๊ค.com/รับซื้อโน๊ตบุ๊ค/macbook-pro-m5/,200 indexable self-canonical,200 indexable self-canonical,high location / low entity,high entity / low location,high,2026-06-15,KEEP_404,high,Both plausible targets preserve only one dimension of the original intent; no single exact target exists.
https://ร้านรับซื้อโน๊ตบุ๊ค.com/รับซื้อโน๊ตบุ๊ค/พะเยา/hp-spectre-x360/,พะเยา,hp-spectre-x360,https://ร้านรับซื้อโน๊ตบุ๊ค.com/รับซื้อโน๊ตบุ๊ค/พะเยา/,https://ร้านรับซื้อโน๊ตบุ๊ค.com/รับซื้อโน๊ตบุ๊ค/hp-spectre-x360/,200 indexable self-canonical,200 indexable self-canonical,high location / low entity,high entity / low location,high,2026-06-15,KEEP_404,high,Both plausible targets preserve only one dimension of the original intent; no single exact target exists.
https://ร้านรับซื้อโน๊ตบุ๊ค.com/รับซื้อโน๊ตบุ๊ค/น่าน/asus-rog-strix/,น่าน,asus-rog-strix,https://ร้านรับซื้อโน๊ตบุ๊ค.com/รับซื้อโน๊ตบุ๊ค/น่าน/,https://ร้านรับซื้อโน๊ตบุ๊ค.com/รับซื้อโน๊ตบุ๊ค/asus-rog-strix/,200 indexable self-canonical,200 indexable self-canonical,high location / low entity,high entity / low location,high,2026-06-15,KEEP_404,high,Both plausible targets preserve only one dimension of the original intent; no single exact target exists.
https://ร้านรับซื้อโน๊ตบุ๊ค.com/รับซื้อโน๊ตบุ๊ค/สุรินทร์/dell-latitude/,สุรินทร์,dell-latitude,https://ร้านรับซื้อโน๊ตบุ๊ค.com/รับซื้อโน๊ตบุ๊ค/สุรินทร์/,https://ร้านรับซื้อโน๊ตบุ๊ค.com/รับซื้อโน๊ตบุ๊ค/dell-latitude/,200 indexable self-canonical,200 indexable self-canonical,high location / low entity,high entity / low location,high,2026-06-15,KEEP_404,high,Both plausible targets preserve only one dimension of the original intent; no single exact target exists.
https://ร้านรับซื้อโน๊ตบุ๊ค.com/รับซื้อโน๊ตบุ๊ค/พัทยา/thinkpad-t14/,พัทยา,thinkpad-t14,https://ร้านรับซื้อโน๊ตบุ๊ค.com/รับซื้อโน๊ตบุ๊ค/พัทยา/,https://ร้านรับซื้อโน๊ตบุ๊ค.com/รับซื้อโน๊ตบุ๊ค/thinkpad-t14/,200 indexable self-canonical,200 indexable self-canonical,high location / low entity,high entity / low location,high,2026-06-15,KEEP_404,high,Both plausible targets preserve only one dimension of the original intent; no single exact target exists.
https://ร้านรับซื้อโน๊ตบุ๊ค.com/รับซื้อโน๊ตบุ๊ค/ร้อยเอ็ด/hp-probook/,ร้อยเอ็ด,hp-probook,https://ร้านรับซื้อโน๊ตบุ๊ค.com/รับซื้อโน๊ตบุ๊ค/ร้อยเอ็ด/,https://ร้านรับซื้อโน๊ตบุ๊ค.com/รับซื้อโน๊ตบุ๊ค/hp-probook/,200 indexable self-canonical,200 indexable self-canonical,high location / low entity,high entity / low location,high,2026-06-15,KEEP_404,high,Both plausible targets preserve only one dimension of the original intent; no single exact target exists.
https://ร้านรับซื้อโน๊ตบุ๊ค.com/รับซื้อโน๊ตบุ๊ค/กรุงเทพ/razer/,กรุงเทพ,razer,https://ร้านรับซื้อโน๊ตบุ๊ค.com/รับซื้อโน๊ตบุ๊ค/กรุงเทพ/,https://ร้านรับซื้อโน๊ตบุ๊ค.com/รับซื้อโน๊ตบุ๊ค/razer/,200 indexable self-canonical,200 indexable self-canonical,high location / low entity,high entity / low location,high,2026-06-15,KEEP_404,high,Both plausible targets preserve only one dimension of the original intent; no single exact target exists.
https://ร้านรับซื้อโน๊ตบุ๊ค.com/รับซื้อโน๊ตบุ๊ค/สุรินทร์/asus-vivobook/,สุรินทร์,asus-vivobook,https://ร้านรับซื้อโน๊ตบุ๊ค.com/รับซื้อโน๊ตบุ๊ค/สุรินทร์/,https://ร้านรับซื้อโน๊ตบุ๊ค.com/รับซื้อโน๊ตบุ๊ค/asus-vivobook/,200 indexable self-canonical,200 indexable self-canonical,high location / low entity,high entity / low location,high,2026-06-15,KEEP_404,high,Both plausible targets preserve only one dimension of the original intent; no single exact target exists.
https://ร้านรับซื้อโน๊ตบุ๊ค.com/รับซื้อโน๊ตบุ๊ค/ชัยภูมิ/กล้องเสีย/,ชัยภูมิ,กล้องเสีย,https://ร้านรับซื้อโน๊ตบุ๊ค.com/รับซื้อโน๊ตบุ๊ค/ชัยภูมิ/,https://ร้านรับซื้อโน๊ตบุ๊ค.com/รับซื้อโน๊ตบุ๊ค/กล้องเสีย/,200 indexable self-canonical,200 indexable self-canonical,high location / low entity,high entity / low location,high,2026-06-15,KEEP_404,high,Both plausible targets preserve only one dimension of the original intent; no single exact target exists.
https://ร้านรับซื้อโน๊ตบุ๊ค.com/รับซื้อโน๊ตบุ๊ค/พระราม2/hp-victus-16/,พระราม2,hp-victus-16,https://ร้านรับซื้อโน๊ตบุ๊ค.com/รับซื้อโน๊ตบุ๊ค/พระราม2/,https://ร้านรับซื้อโน๊ตบุ๊ค.com/รับซื้อโน๊ตบุ๊ค/hp-victus-16/,200 indexable self-canonical,200 indexable self-canonical,high location / low entity,high entity / low location,high,2026-06-15,KEEP_404,high,Both plausible targets preserve only one dimension of the original intent; no single exact target exists.
https://ร้านรับซื้อโน๊ตบุ๊ค.com/รับซื้อโน๊ตบุ๊ค/สมุทรปราการ/macbook-charge-port/,สมุทรปราการ,macbook-charge-port,https://ร้านรับซื้อโน๊ตบุ๊ค.com/รับซื้อโน๊ตบุ๊ค/สมุทรปราการ/,https://ร้านรับซื้อโน๊ตบุ๊ค.com/รับซื้อโน๊ตบุ๊ค/macbook-charge-port/,200 indexable self-canonical,200 indexable self-canonical,high location / low entity,high entity / low location,high,2026-06-15,KEEP_404,high,Both plausible targets preserve only one dimension of the original intent; no single exact target exists.
https://ร้านรับซื้อโน๊ตบุ๊ค.com/รับซื้อโน๊ตบุ๊ค/ฉะเชิงเทรา/lenovo-yoga/,ฉะเชิงเทรา,lenovo-yoga,https://ร้านรับซื้อโน๊ตบุ๊ค.com/รับซื้อโน๊ตบุ๊ค/ฉะเชิงเทรา/,https://ร้านรับซื้อโน๊ตบุ๊ค.com/รับซื้อโน๊ตบุ๊ค/lenovo-yoga/,200 indexable self-canonical,200 indexable self-canonical,high location / low entity,high entity / low location,high,2026-06-15,KEEP_404,high,Both plausible targets preserve only one dimension of the original intent; no single exact target exists.
https://ร้านรับซื้อโน๊ตบุ๊ค.com/รับซื้อโน๊ตบุ๊ค/ระนอง/alienware-m16/,ระนอง,alienware-m16,https://ร้านรับซื้อโน๊ตบุ๊ค.com/รับซื้อโน๊ตบุ๊ค/ระนอง/,https://ร้านรับซื้อโน๊ตบุ๊ค.com/รับซื้อโน๊ตบุ๊ค/alienware-m16/,200 indexable self-canonical,200 indexable self-canonical,high location / low entity,high entity / low location,high,2026-06-15,KEEP_404,high,Both plausible targets preserve only one dimension of the original intent; no single exact target exists.
https://ร้านรับซื้อโน๊ตบุ๊ค.com/รับซื้อโน๊ตบุ๊ค/ลำปาง/lenovo-legion-pro-7/,ลำปาง,lenovo-legion-pro-7,https://ร้านรับซื้อโน๊ตบุ๊ค.com/รับซื้อโน๊ตบุ๊ค/ลำปาง/,https://ร้านรับซื้อโน๊ตบุ๊ค.com/รับซื้อโน๊ตบุ๊ค/lenovo-legion-pro-7/,200 indexable self-canonical,200 indexable self-canonical,high location / low entity,high entity / low location,high,2026-06-15,KEEP_404,high,Both plausible targets preserve only one dimension of the original intent; no single exact target exists.
https://ร้านรับซื้อโน๊ตบุ๊ค.com/รับซื้อโน๊ตบุ๊ค/ลำพูน/macbook-cycle-count/,ลำพูน,macbook-cycle-count,https://ร้านรับซื้อโน๊ตบุ๊ค.com/รับซื้อโน๊ตบุ๊ค/ลำพูน/,https://ร้านรับซื้อโน๊ตบุ๊ค.com/รับซื้อโน๊ตบุ๊ค/macbook-cycle-count/,200 indexable self-canonical,200 indexable self-canonical,high location / low entity,high entity / low location,high,2026-06-15,KEEP_404,high,Both plausible targets preserve only one dimension of the original intent; no single exact target exists.
https://ร้านรับซื้อโน๊ตบุ๊ค.com/รับซื้อโน๊ตบุ๊ค/สกลนคร/macbook-keyboard-issue/,สกลนคร,macbook-keyboard-issue,https://ร้านรับซื้อโน๊ตบุ๊ค.com/รับซื้อโน๊ตบุ๊ค/สกลนคร/,https://ร้านรับซื้อโน๊ตบุ๊ค.com/รับซื้อโน๊ตบุ๊ค/macbook-keyboard-issue/,200 indexable self-canonical,200 indexable self-canonical,high location / low entity,high entity / low location,high,2026-06-15,KEEP_404,high,Both plausible targets preserve only one dimension of the original intent; no single exact target exists.
https://ร้านรับซื้อโน๊ตบุ๊ค.com/รับซื้อโน๊ตบุ๊ค/สตูล/บอดี้แตก/,สตูล,บอดี้แตก,https://ร้านรับซื้อโน๊ตบุ๊ค.com/รับซื้อโน๊ตบุ๊ค/สตูล/,https://ร้านรับซื้อโน๊ตบุ๊ค.com/รับซื้อโน๊ตบุ๊ค/บอดี้แตก/,200 indexable self-canonical,200 indexable self-canonical,high location / low entity,high entity / low location,high,2026-06-15,KEEP_404,high,Both plausible targets preserve only one dimension of the original intent; no single exact target exists.
https://ร้านรับซื้อโน๊ตบุ๊ค.com/รับซื้อโน๊ตบุ๊ค/หาดใหญ่/hdmi-เสีย/,หาดใหญ่,hdmi-เสีย,https://ร้านรับซื้อโน๊ตบุ๊ค.com/รับซื้อโน๊ตบุ๊ค/หาดใหญ่/,https://ร้านรับซื้อโน๊ตบุ๊ค.com/รับซื้อโน๊ตบุ๊ค/hdmi-เสีย/,200 indexable self-canonical,200 indexable self-canonical,high location / low entity,high entity / low location,high,2026-06-15,KEEP_404,high,Both plausible targets preserve only one dimension of the original intent; no single exact target exists.
https://ร้านรับซื้อโน๊ตบุ๊ค.com/รับซื้อโน๊ตบุ๊ค/ลาดพร้าว/macbook-air-13/,ลาดพร้าว,macbook-air-13,https://ร้านรับซื้อโน๊ตบุ๊ค.com/รับซื้อโน๊ตบุ๊ค/ลาดพร้าว/,https://ร้านรับซื้อโน๊ตบุ๊ค.com/รับซื้อโน๊ตบุ๊ค/macbook-air-13/,200 indexable self-canonical,200 indexable self-canonical,high location / low entity,high entity / low location,high,2026-06-15,KEEP_404,high,Both plausible targets preserve only one dimension of the original intent; no single exact target exists.
https://ร้านรับซื้อโน๊ตบุ๊ค.com/รับซื้อโน๊ตบุ๊ค/พระราม2/wifi-ไม่ติด/,พระราม2,wifi-ไม่ติด,https://ร้านรับซื้อโน๊ตบุ๊ค.com/รับซื้อโน๊ตบุ๊ค/พระราม2/,https://ร้านรับซื้อโน๊ตบุ๊ค.com/รับซื้อโน๊ตบุ๊ค/wifi-ไม่ติด/,200 indexable self-canonical,200 indexable self-canonical,high location / low entity,high entity / low location,high,2026-06-15,KEEP_404,high,Both plausible targets preserve only one dimension of the original intent; no single exact target exists.
https://ร้านรับซื้อโน๊ตบุ๊ค.com/รับซื้อโน๊ตบุ๊ค/ศรีสะเกษ/dell-xps-13-15/,ศรีสะเกษ,dell-xps-13-15,https://ร้านรับซื้อโน๊ตบุ๊ค.com/รับซื้อโน๊ตบุ๊ค/ศรีสะเกษ/,https://ร้านรับซื้อโน๊ตบุ๊ค.com/รับซื้อโน๊ตบุ๊ค/dell-xps-13-15/,200 indexable self-canonical,200 indexable self-canonical,high location / low entity,high entity / low location,high,2026-06-15,KEEP_404,high,Both plausible targets preserve only one dimension of the original intent; no single exact target exists.
https://ร้านรับซื้อโน๊ตบุ๊ค.com/รับซื้อโน๊ตบุ๊ค/ภาคอีสาน/dell-latitude/,ภาคอีสาน,dell-latitude,https://ร้านรับซื้อโน๊ตบุ๊ค.com/รับซื้อโน๊ตบุ๊ค/ภาคอีสาน/,https://ร้านรับซื้อโน๊ตบุ๊ค.com/รับซื้อโน๊ตบุ๊ค/dell-latitude/,200 indexable self-canonical,200 indexable self-canonical,high location / low entity,high entity / low location,high,2026-06-15,KEEP_404,high,Both plausible targets preserve only one dimension of the original intent; no single exact target exists.
https://ร้านรับซื้อโน๊ตบุ๊ค.com/รับซื้อโน๊ตบุ๊ค/ลาดพร้าว/thinkpad-x1-carbon/,ลาดพร้าว,thinkpad-x1-carbon,https://ร้านรับซื้อโน๊ตบุ๊ค.com/รับซื้อโน๊ตบุ๊ค/ลาดพร้าว/,https://ร้านรับซื้อโน๊ตบุ๊ค.com/รับซื้อโน๊ตบุ๊ค/thinkpad-x1-carbon/,200 indexable self-canonical,200 indexable self-canonical,high location / low entity,high entity / low location,high,2026-06-15,KEEP_404,high,Both plausible targets preserve only one dimension of the original intent; no single exact target exists.
https://ร้านรับซื้อโน๊ตบุ๊ค.com/รับซื้อโน๊ตบุ๊ค/ตราด/samsung-galaxy-book/,ตราด,samsung-galaxy-book,https://ร้านรับซื้อโน๊ตบุ๊ค.com/รับซื้อโน๊ตบุ๊ค/ตราด/,https://ร้านรับซื้อโน๊ตบุ๊ค.com/รับซื้อโน๊ตบุ๊ค/samsung-galaxy-book/,200 indexable self-canonical,200 indexable self-canonical,high location / low entity,high entity / low location,high,2026-06-15,KEEP_404,high,Both plausible targets preserve only one dimension of the original intent; no single exact target exists.
https://ร้านรับซื้อโน๊ตบุ๊ค.com/รับซื้อโน๊ตบุ๊ค/หาดใหญ่/acer-predator-neo/,หาดใหญ่,acer-predator-neo,https://ร้านรับซื้อโน๊ตบุ๊ค.com/รับซื้อโน๊ตบุ๊ค/หาดใหญ่/,https://ร้านรับซื้อโน๊ตบุ๊ค.com/รับซื้อโน๊ตบุ๊ค/acer-predator-neo/,200 indexable self-canonical,200 indexable self-canonical,high location / low entity,high entity / low location,high,2026-06-15,KEEP_404,high,Both plausible targets preserve only one dimension of the original intent; no single exact target exists.
https://ร้านรับซื้อโน๊ตบุ๊ค.com/รับซื้อโน๊ตบุ๊ค/มุกดาหาร/asus-zephyrus/,มุกดาหาร,asus-zephyrus,https://ร้านรับซื้อโน๊ตบุ๊ค.com/รับซื้อโน๊ตบุ๊ค/มุกดาหาร/,https://ร้านรับซื้อโน๊ตบุ๊ค.com/รับซื้อโน๊ตบุ๊ค/asus-zephyrus/,200 indexable self-canonical,200 indexable self-canonical,high location / low entity,high entity / low location,high,2026-06-15,KEEP_404,high,Both plausible targets preserve only one dimension of the original intent; no single exact target exists.
https://ร้านรับซื้อโน๊ตบุ๊ค.com/รับซื้อโน๊ตบุ๊ค/ฉะเชิงเทรา/surface-pro/,ฉะเชิงเทรา,surface-pro,https://ร้านรับซื้อโน๊ตบุ๊ค.com/รับซื้อโน๊ตบุ๊ค/ฉะเชิงเทรา/,https://ร้านรับซื้อโน๊ตบุ๊ค.com/รับซื้อโน๊ตบุ๊ค/surface-pro/,200 indexable self-canonical,200 indexable self-canonical,high location / low entity,high entity / low location,high,2026-06-15,KEEP_404,high,Both plausible targets preserve only one dimension of the original intent; no single exact target exists.
https://ร้านรับซื้อโน๊ตบุ๊ค.com/รับซื้อโน๊ตบุ๊ค/บึงกาฬ/asus-expertbook/,บึงกาฬ,asus-expertbook,https://ร้านรับซื้อโน๊ตบุ๊ค.com/รับซื้อโน๊ตบุ๊ค/บึงกาฬ/,https://ร้านรับซื้อโน๊ตบุ๊ค.com/รับซื้อโน๊ตบุ๊ค/asus-expertbook/,200 indexable self-canonical,200 indexable self-canonical,high location / low entity,high entity / low location,high,2026-06-15,KEEP_404,high,Both plausible targets preserve only one dimension of the original intent; no single exact target exists.
https://ร้านรับซื้อโน๊ตบุ๊ค.com/รับซื้อโน๊ตบุ๊ค/พิจิตร/honor-magicbook/,พิจิตร,honor-magicbook,https://ร้านรับซื้อโน๊ตบุ๊ค.com/รับซื้อโน๊ตบุ๊ค/พิจิตร/,https://ร้านรับซื้อโน๊ตบุ๊ค.com/รับซื้อโน๊ตบุ๊ค/honor-magicbook/,200 indexable self-canonical,200 indexable self-canonical,high location / low entity,high entity / low location,high,2026-06-15,KEEP_404,high,Both plausible targets preserve only one dimension of the original intent; no single exact target exists.
https://ร้านรับซื้อโน๊ตบุ๊ค.com/รับซื้อโน๊ตบุ๊ค/หนองบัวลำภู/lenovo-ideapad-3-5/,หนองบัวลำภู,lenovo-ideapad-3-5,https://ร้านรับซื้อโน๊ตบุ๊ค.com/รับซื้อโน๊ตบุ๊ค/หนองบัวลำภู/,https://ร้านรับซื้อโน๊ตบุ๊ค.com/รับซื้อโน๊ตบุ๊ค/lenovo-ideapad-3-5/,200 indexable self-canonical,200 indexable self-canonical,high location / low entity,high entity / low location,high,2026-06-15,KEEP_404,high,Both plausible targets preserve only one dimension of the original intent; no single exact target exists.
https://ร้านรับซื้อโน๊ตบุ๊ค.com/รับซื้อโน๊ตบุ๊ค/ศรีสะเกษ/acer-predator-neo/,ศรีสะเกษ,acer-predator-neo,https://ร้านรับซื้อโน๊ตบุ๊ค.com/รับซื้อโน๊ตบุ๊ค/ศรีสะเกษ/,https://ร้านรับซื้อโน๊ตบุ๊ค.com/รับซื้อโน๊ตบุ๊ค/acer-predator-neo/,200 indexable self-canonical,200 indexable self-canonical,high location / low entity,high entity / low location,high,2026-06-14,KEEP_404,high,Both plausible targets preserve only one dimension of the original intent; no single exact target exists.
https://ร้านรับซื้อโน๊ตบุ๊ค.com/รับซื้อโน๊ตบุ๊ค/หนองบัวลำภู/hp-omen-transcend/,หนองบัวลำภู,hp-omen-transcend,https://ร้านรับซื้อโน๊ตบุ๊ค.com/รับซื้อโน๊ตบุ๊ค/หนองบัวลำภู/,https://ร้านรับซื้อโน๊ตบุ๊ค.com/รับซื้อโน๊ตบุ๊ค/hp-omen-transcend/,200 indexable self-canonical,200 indexable self-canonical,high location / low entity,high entity / low location,high,2026-06-14,KEEP_404,high,Both plausible targets preserve only one dimension of the original intent; no single exact target exists.
https://ร้านรับซื้อโน๊ตบุ๊ค.com/รับซื้อโน๊ตบุ๊ค/ตราด/dell-xps-13-15/,ตราด,dell-xps-13-15,https://ร้านรับซื้อโน๊ตบุ๊ค.com/รับซื้อโน๊ตบุ๊ค/ตราด/,https://ร้านรับซื้อโน๊ตบุ๊ค.com/รับซื้อโน๊ตบุ๊ค/dell-xps-13-15/,200 indexable self-canonical,200 indexable self-canonical,high location / low entity,high entity / low location,high,2026-06-14,KEEP_404,high,Both plausible targets preserve only one dimension of the original intent; no single exact target exists.
https://ร้านรับซื้อโน๊ตบุ๊ค.com/รับซื้อโน๊ตบุ๊ค/พิจิตร/acer-predator-triton/,พิจิตร,acer-predator-triton,https://ร้านรับซื้อโน๊ตบุ๊ค.com/รับซื้อโน๊ตบุ๊ค/พิจิตร/,https://ร้านรับซื้อโน๊ตบุ๊ค.com/รับซื้อโน๊ตบุ๊ค/acer-predator-triton/,200 indexable self-canonical,200 indexable self-canonical,high location / low entity,high entity / low location,high,2026-06-14,KEEP_404,high,Both plausible targets preserve only one dimension of the original intent; no single exact target exists.
https://ร้านรับซื้อโน๊ตบุ๊ค.com/รับซื้อโน๊ตบุ๊ค/สระบุรี/alienware-m16/,สระบุรี,alienware-m16,https://ร้านรับซื้อโน๊ตบุ๊ค.com/รับซื้อโน๊ตบุ๊ค/สระบุรี/,https://ร้านรับซื้อโน๊ตบุ๊ค.com/รับซื้อโน๊ตบุ๊ค/alienware-m16/,200 indexable self-canonical,200 indexable self-canonical,high location / low entity,high entity / low location,high,2026-06-14,KEEP_404,high,Both plausible targets preserve only one dimension of the original intent; no single exact target exists.
https://ร้านรับซื้อโน๊ตบุ๊ค.com/รับซื้อโน๊ตบุ๊ค/เชียงใหม่/lenovo-legion-pro-7/,เชียงใหม่,lenovo-legion-pro-7,https://ร้านรับซื้อโน๊ตบุ๊ค.com/รับซื้อโน๊ตบุ๊ค/เชียงใหม่/,https://ร้านรับซื้อโน๊ตบุ๊ค.com/รับซื้อโน๊ตบุ๊ค/lenovo-legion-pro-7/,200 indexable self-canonical,200 indexable self-canonical,high location / low entity,high entity / low location,high,2026-06-14,KEEP_404,high,Both plausible targets preserve only one dimension of the original intent; no single exact target exists.
https://ร้านรับซื้อโน๊ตบุ๊ค.com/รับซื้อโน๊ตบุ๊ค/จันทบุรี/จอมีเส้น/,จันทบุรี,จอมีเส้น,https://ร้านรับซื้อโน๊ตบุ๊ค.com/รับซื้อโน๊ตบุ๊ค/จันทบุรี/,https://ร้านรับซื้อโน๊ตบุ๊ค.com/รับซื้อโน๊ตบุ๊ค/จอมีเส้น/,200 indexable self-canonical,200 indexable self-canonical,high location / low entity,high entity / low location,high,2026-06-14,KEEP_404,high,Both plausible targets preserve only one dimension of the original intent; no single exact target exists.
https://ร้านรับซื้อโน๊ตบุ๊ค.com/รับซื้อโน๊ตบุ๊ค/สระแก้ว/lenovo-ideapad-3-5/,สระแก้ว,lenovo-ideapad-3-5,https://ร้านรับซื้อโน๊ตบุ๊ค.com/รับซื้อโน๊ตบุ๊ค/สระแก้ว/,https://ร้านรับซื้อโน๊ตบุ๊ค.com/รับซื้อโน๊ตบุ๊ค/lenovo-ideapad-3-5/,200 indexable self-canonical,200 indexable self-canonical,high location / low entity,high entity / low location,high,2026-06-14,KEEP_404,high,Both plausible targets preserve only one dimension of the original intent; no single exact target exists.
https://ร้านรับซื้อโน๊ตบุ๊ค.com/รับซื้อโน๊ตบุ๊ค/รังสิต/asus-zephyrus-g16/,รังสิต,asus-zephyrus-g16,https://ร้านรับซื้อโน๊ตบุ๊ค.com/รับซื้อโน๊ตบุ๊ค/รังสิต/,https://ร้านรับซื้อโน๊ตบุ๊ค.com/รับซื้อโน๊ตบุ๊ค/asus-zephyrus-g16/,200 indexable self-canonical,200 indexable self-canonical,high location / low entity,high entity / low location,high,2026-06-14,KEEP_404,high,Both plausible targets preserve only one dimension of the original intent; no single exact target exists.
https://ร้านรับซื้อโน๊ตบุ๊ค.com/รับซื้อโน๊ตบุ๊ค/นครสวรรค์/acer-predator-triton/,นครสวรรค์,acer-predator-triton,https://ร้านรับซื้อโน๊ตบุ๊ค.com/รับซื้อโน๊ตบุ๊ค/นครสวรรค์/,https://ร้านรับซื้อโน๊ตบุ๊ค.com/รับซื้อโน๊ตบุ๊ค/acer-predator-triton/,200 indexable self-canonical,200 indexable self-canonical,high location / low entity,high entity / low location,high,2026-06-14,KEEP_404,high,Both plausible targets preserve only one dimension of the original intent; no single exact target exists.
https://ร้านรับซื้อโน๊ตบุ๊ค.com/รับซื้อโน๊ตบุ๊ค/กาฬสินธุ์/macbook-battery-health/,กาฬสินธุ์,macbook-battery-health,https://ร้านรับซื้อโน๊ตบุ๊ค.com/รับซื้อโน๊ตบุ๊ค/กาฬสินธุ์/,https://ร้านรับซื้อโน๊ตบุ๊ค.com/รับซื้อโน๊ตบุ๊ค/macbook-battery-health/,200 indexable self-canonical,200 indexable self-canonical,high location / low entity,high entity / low location,high,2026-06-14,KEEP_404,high,Both plausible targets preserve only one dimension of the original intent; no single exact target exists.
https://ร้านรับซื้อโน๊ตบุ๊ค.com/รับซื้อโน๊ตบุ๊ค/เลย/macbook-air-m1/,เลย,macbook-air-m1,https://ร้านรับซื้อโน๊ตบุ๊ค.com/รับซื้อโน๊ตบุ๊ค/เลย/,https://ร้านรับซื้อโน๊ตบุ๊ค.com/รับซื้อโน๊ตบุ๊ค/macbook-air-m1/,200 indexable self-canonical,200 indexable self-canonical,high location / low entity,high entity / low location,high,2026-06-14,KEEP_404,high,Both plausible targets preserve only one dimension of the original intent; no single exact target exists.
https://ร้านรับซื้อโน๊ตบุ๊ค.com/รับซื้อโน๊ตบุ๊ค/ศรีสะเกษ/msi-stealth-14/,ศรีสะเกษ,msi-stealth-14,https://ร้านรับซื้อโน๊ตบุ๊ค.com/รับซื้อโน๊ตบุ๊ค/ศรีสะเกษ/,https://ร้านรับซื้อโน๊ตบุ๊ค.com/รับซื้อโน๊ตบุ๊ค/msi-stealth-14/,200 indexable self-canonical,200 indexable self-canonical,high location / low entity,high entity / low location,high,2026-06-14,KEEP_404,high,Both plausible targets preserve only one dimension of the original intent; no single exact target exists.
https://ร้านรับซื้อโน๊ตบุ๊ค.com/รับซื้อโน๊ตบุ๊ค/ลำพูน/lenovo-legion-pro/,ลำพูน,lenovo-legion-pro,https://ร้านรับซื้อโน๊ตบุ๊ค.com/รับซื้อโน๊ตบุ๊ค/ลำพูน/,https://ร้านรับซื้อโน๊ตบุ๊ค.com/รับซื้อโน๊ตบุ๊ค/lenovo-legion-pro/,200 indexable self-canonical,200 indexable self-canonical,high location / low entity,high entity / low location,high,2026-06-14,KEEP_404,high,Both plausible targets preserve only one dimension of the original intent; no single exact target exists.
https://ร้านรับซื้อโน๊ตบุ๊ค.com/รับซื้อโน๊ตบุ๊ค/หนองคาย/lenovo-legion-5/,หนองคาย,lenovo-legion-5,https://ร้านรับซื้อโน๊ตบุ๊ค.com/รับซื้อโน๊ตบุ๊ค/หนองคาย/,https://ร้านรับซื้อโน๊ตบุ๊ค.com/รับซื้อโน๊ตบุ๊ค/lenovo-legion-5/,200 indexable self-canonical,200 indexable self-canonical,high location / low entity,high entity / low location,high,2026-06-14,KEEP_404,high,Both plausible targets preserve only one dimension of the original intent; no single exact target exists.
https://ร้านรับซื้อโน๊ตบุ๊ค.com/รับซื้อโน๊ตบุ๊ค/ร้อยเอ็ด/macbook-air-m2/,ร้อยเอ็ด,macbook-air-m2,https://ร้านรับซื้อโน๊ตบุ๊ค.com/รับซื้อโน๊ตบุ๊ค/ร้อยเอ็ด/,https://ร้านรับซื้อโน๊ตบุ๊ค.com/รับซื้อโน๊ตบุ๊ค/macbook-air-m2/,200 indexable self-canonical,200 indexable self-canonical,high location / low entity,high entity / low location,high,2026-06-14,KEEP_404,high,Both plausible targets preserve only one dimension of the original intent; no single exact target exists.
https://ร้านรับซื้อโน๊ตบุ๊ค.com/รับซื้อโน๊ตบุ๊ค/ยะลา/asus-zephyrus-g14/,ยะลา,asus-zephyrus-g14,https://ร้านรับซื้อโน๊ตบุ๊ค.com/รับซื้อโน๊ตบุ๊ค/ยะลา/,https://ร้านรับซื้อโน๊ตบุ๊ค.com/รับซื้อโน๊ตบุ๊ค/asus-zephyrus-g14/,200 indexable self-canonical,200 indexable self-canonical,high location / low entity,high entity / low location,high,2026-06-14,KEEP_404,high,Both plausible targets preserve only one dimension of the original intent; no single exact target exists.
https://ร้านรับซื้อโน๊ตบุ๊ค.com/รับซื้อโน๊ตบุ๊ค/บางนา/hp-elitebook/,บางนา,hp-elitebook,https://ร้านรับซื้อโน๊ตบุ๊ค.com/รับซื้อโน๊ตบุ๊ค/บางนา/,https://ร้านรับซื้อโน๊ตบุ๊ค.com/รับซื้อโน๊ตบุ๊ค/hp-elitebook/,200 indexable self-canonical,200 indexable self-canonical,high location / low entity,high entity / low location,high,2026-06-14,KEEP_404,high,Both plausible targets preserve only one dimension of the original intent; no single exact target exists.
https://ร้านรับซื้อโน๊ตบุ๊ค.com/รับซื้อโน๊ตบุ๊ค/อุตรดิตถ์/hp-victus-16/,อุตรดิตถ์,hp-victus-16,https://ร้านรับซื้อโน๊ตบุ๊ค.com/รับซื้อโน๊ตบุ๊ค/อุตรดิตถ์/,https://ร้านรับซื้อโน๊ตบุ๊ค.com/รับซื้อโน๊ตบุ๊ค/hp-victus-16/,200 indexable self-canonical,200 indexable self-canonical,high location / low entity,high entity / low location,high,2026-06-14,KEEP_404,high,Both plausible targets preserve only one dimension of the original intent; no single exact target exists.
https://ร้านรับซื้อโน๊ตบุ๊ค.com/รับซื้อโน๊ตบุ๊ค/นนทบุรี/asus-vivobook/,นนทบุรี,asus-vivobook,https://ร้านรับซื้อโน๊ตบุ๊ค.com/รับซื้อโน๊ตบุ๊ค/นนทบุรี/,https://ร้านรับซื้อโน๊ตบุ๊ค.com/รับซื้อโน๊ตบุ๊ค/asus-vivobook/,200 indexable self-canonical,200 indexable self-canonical,high location / low entity,high entity / low location,high,2026-06-14,KEEP_404,high,Both plausible targets preserve only one dimension of the original intent; no single exact target exists.
https://ร้านรับซื้อโน๊ตบุ๊ค.com/รับซื้อโน๊ตบุ๊ค/อุตรดิตถ์/macbook-air-m2/,อุตรดิตถ์,macbook-air-m2,https://ร้านรับซื้อโน๊ตบุ๊ค.com/รับซื้อโน๊ตบุ๊ค/อุตรดิตถ์/,https://ร้านรับซื้อโน๊ตบุ๊ค.com/รับซื้อโน๊ตบุ๊ค/macbook-air-m2/,200 indexable self-canonical,200 indexable self-canonical,high location / low entity,high entity / low location,high,2026-06-14,KEEP_404,high,Both plausible targets preserve only one dimension of the original intent; no single exact target exists.
https://ร้านรับซื้อโน๊ตบุ๊ค.com/รับซื้อโน๊ตบุ๊ค/สมุทรสาคร/msi-raider-18/,สมุทรสาคร,msi-raider-18,https://ร้านรับซื้อโน๊ตบุ๊ค.com/รับซื้อโน๊ตบุ๊ค/สมุทรสาคร/,https://ร้านรับซื้อโน๊ตบุ๊ค.com/รับซื้อโน๊ตบุ๊ค/msi-raider-18/,200 indexable self-canonical,200 indexable self-canonical,high location / low entity,high entity / low location,high,2026-06-14,KEEP_404,high,Both plausible targets preserve only one dimension of the original intent; no single exact target exists.
https://ร้านรับซื้อโน๊ตบุ๊ค.com/รับซื้อโน๊ตบุ๊ค/ร้อยเอ็ด/asus-expertbook/,ร้อยเอ็ด,asus-expertbook,https://ร้านรับซื้อโน๊ตบุ๊ค.com/รับซื้อโน๊ตบุ๊ค/ร้อยเอ็ด/,https://ร้านรับซื้อโน๊ตบุ๊ค.com/รับซื้อโน๊ตบุ๊ค/asus-expertbook/,200 indexable self-canonical,200 indexable self-canonical,high location / low entity,high entity / low location,high,2026-06-14,KEEP_404,high,Both plausible targets preserve only one dimension of the original intent; no single exact target exists.
https://ร้านรับซื้อโน๊ตบุ๊ค.com/รับซื้อโน๊ตบุ๊ค/เลย/hp-omen-17/,เลย,hp-omen-17,https://ร้านรับซื้อโน๊ตบุ๊ค.com/รับซื้อโน๊ตบุ๊ค/เลย/,https://ร้านรับซื้อโน๊ตบุ๊ค.com/รับซื้อโน๊ตบุ๊ค/hp-omen-17/,200 indexable self-canonical,200 indexable self-canonical,high location / low entity,high entity / low location,high,2026-06-14,KEEP_404,high,Both plausible targets preserve only one dimension of the original intent; no single exact target exists.
https://ร้านรับซื้อโน๊ตบุ๊ค.com/รับซื้อโน๊ตบุ๊ค/นราธิวาส/msi-cyborg-15/,นราธิวาส,msi-cyborg-15,https://ร้านรับซื้อโน๊ตบุ๊ค.com/รับซื้อโน๊ตบุ๊ค/นราธิวาส/,https://ร้านรับซื้อโน๊ตบุ๊ค.com/รับซื้อโน๊ตบุ๊ค/msi-cyborg-15/,200 indexable self-canonical,200 indexable self-canonical,high location / low entity,high entity / low location,high,2026-06-14,KEEP_404,high,Both plausible targets preserve only one dimension of the original intent; no single exact target exists.
https://ร้านรับซื้อโน๊ตบุ๊ค.com/รับซื้อโน๊ตบุ๊ค/น่าน/acer-predator-helios/,น่าน,acer-predator-helios,https://ร้านรับซื้อโน๊ตบุ๊ค.com/รับซื้อโน๊ตบุ๊ค/น่าน/,https://ร้านรับซื้อโน๊ตบุ๊ค.com/รับซื้อโน๊ตบุ๊ค/acer-predator-helios/,200 indexable self-canonical,200 indexable self-canonical,high location / low entity,high entity / low location,high,2026-06-14,KEEP_404,high,Both plausible targets preserve only one dimension of the original intent; no single exact target exists.
https://ร้านรับซื้อโน๊ตบุ๊ค.com/รับซื้อโน๊ตบุ๊ค/สุพรรณบุรี/macbook-pro-m5/,สุพรรณบุรี,macbook-pro-m5,https://ร้านรับซื้อโน๊ตบุ๊ค.com/รับซื้อโน๊ตบุ๊ค/สุพรรณบุรี/,https://ร้านรับซื้อโน๊ตบุ๊ค.com/รับซื้อโน๊ตบุ๊ค/macbook-pro-m5/,200 indexable self-canonical,200 indexable self-canonical,high location / low entity,high entity / low location,high,2026-06-14,KEEP_404,high,Both plausible targets preserve only one dimension of the original intent; no single exact target exists.
https://ร้านรับซื้อโน๊ตบุ๊ค.com/รับซื้อโน๊ตบุ๊ค/ยโสธร/macbook-air-15/,ยโสธร,macbook-air-15,https://ร้านรับซื้อโน๊ตบุ๊ค.com/รับซื้อโน๊ตบุ๊ค/ยโสธร/,https://ร้านรับซื้อโน๊ตบุ๊ค.com/รับซื้อโน๊ตบุ๊ค/macbook-air-15/,200 indexable self-canonical,200 indexable self-canonical,high location / low entity,high entity / low location,high,2026-06-14,KEEP_404,high,Both plausible targets preserve only one dimension of the original intent; no single exact target exists.
https://ร้านรับซื้อโน๊ตบุ๊ค.com/รับซื้อโน๊ตบุ๊ค/บึงกาฬ/asus-zenbook/,บึงกาฬ,asus-zenbook,https://ร้านรับซื้อโน๊ตบุ๊ค.com/รับซื้อโน๊ตบุ๊ค/บึงกาฬ/,https://ร้านรับซื้อโน๊ตบุ๊ค.com/รับซื้อโน๊ตบุ๊ค/asus-zenbook/,200 indexable self-canonical,200 indexable self-canonical,high location / low entity,high entity / low location,high,2026-06-14,KEEP_404,high,Both plausible targets preserve only one dimension of the original intent; no single exact target exists.
https://ร้านรับซื้อโน๊ตบุ๊ค.com/รับซื้อโน๊ตบุ๊ค/ชัยภูมิ/asus-zephyrus-g16/,ชัยภูมิ,asus-zephyrus-g16,https://ร้านรับซื้อโน๊ตบุ๊ค.com/รับซื้อโน๊ตบุ๊ค/ชัยภูมิ/,https://ร้านรับซื้อโน๊ตบุ๊ค.com/รับซื้อโน๊ตบุ๊ค/asus-zephyrus-g16/,200 indexable self-canonical,200 indexable self-canonical,high location / low entity,high entity / low location,high,2026-06-14,KEEP_404,high,Both plausible targets preserve only one dimension of the original intent; no single exact target exists.
https://ร้านรับซื้อโน๊ตบุ๊ค.com/รับซื้อโน๊ตบุ๊ค/ปทุมธานี/hp-victus-17/,ปทุมธานี,hp-victus-17,https://ร้านรับซื้อโน๊ตบุ๊ค.com/รับซื้อโน๊ตบุ๊ค/ปทุมธานี/,https://ร้านรับซื้อโน๊ตบุ๊ค.com/รับซื้อโน๊ตบุ๊ค/hp-victus-17/,200 indexable self-canonical,200 indexable self-canonical,high location / low entity,high entity / low location,high,2026-06-14,KEEP_404,high,Both plausible targets preserve only one dimension of the original intent; no single exact target exists.
https://ร้านรับซื้อโน๊ตบุ๊ค.com/รับซื้อโน๊ตบุ๊ค/อำนาจเจริญ/รีสตาร์ทเอง/,อำนาจเจริญ,รีสตาร์ทเอง,https://ร้านรับซื้อโน๊ตบุ๊ค.com/รับซื้อโน๊ตบุ๊ค/อำนาจเจริญ/,https://ร้านรับซื้อโน๊ตบุ๊ค.com/รับซื้อโน๊ตบุ๊ค/รีสตาร์ทเอง/,200 indexable self-canonical,200 indexable self-canonical,high location / low entity,high entity / low location,high,2026-06-14,KEEP_404,high,Both plausible targets preserve only one dimension of the original intent; no single exact target exists.
https://ร้านรับซื้อโน๊ตบุ๊ค.com/รับซื้อโน๊ตบุ๊ค/สุรินทร์/ทัชแพดเสีย/,สุรินทร์,ทัชแพดเสีย,https://ร้านรับซื้อโน๊ตบุ๊ค.com/รับซื้อโน๊ตบุ๊ค/สุรินทร์/,https://ร้านรับซื้อโน๊ตบุ๊ค.com/รับซื้อโน๊ตบุ๊ค/ทัชแพดเสีย/,200 indexable self-canonical,200 indexable self-canonical,high location / low entity,high entity / low location,high,2026-06-14,KEEP_404,high,Both plausible targets preserve only one dimension of the original intent; no single exact target exists.
https://ร้านรับซื้อโน๊ตบุ๊ค.com/รับซื้อโน๊ตบุ๊ค/ปัตตานี/asus-vivobook/,ปัตตานี,asus-vivobook,https://ร้านรับซื้อโน๊ตบุ๊ค.com/รับซื้อโน๊ตบุ๊ค/ปัตตานี/,https://ร้านรับซื้อโน๊ตบุ๊ค.com/รับซื้อโน๊ตบุ๊ค/asus-vivobook/,200 indexable self-canonical,200 indexable self-canonical,high location / low entity,high entity / low location,high,2026-06-14,KEEP_404,high,Both plausible targets preserve only one dimension of the original intent; no single exact target exists.
https://ร้านรับซื้อโน๊ตบุ๊ค.com/รับซื้อโน๊ตบุ๊ค/ปทุมธานี/macbook-air-m4/,ปทุมธานี,macbook-air-m4,https://ร้านรับซื้อโน๊ตบุ๊ค.com/รับซื้อโน๊ตบุ๊ค/ปทุมธานี/,https://ร้านรับซื้อโน๊ตบุ๊ค.com/รับซื้อโน๊ตบุ๊ค/macbook-air-m4/,200 indexable self-canonical,200 indexable self-canonical,high location / low entity,high entity / low location,high,2026-06-14,KEEP_404,high,Both plausible targets preserve only one dimension of the original intent; no single exact target exists.
https://ร้านรับซื้อโน๊ตบุ๊ค.com/รับซื้อโน๊ตบุ๊ค/ร้อยเอ็ด/พอร์ต-usb-เสีย/,ร้อยเอ็ด,พอร์ต-usb-เสีย,https://ร้านรับซื้อโน๊ตบุ๊ค.com/รับซื้อโน๊ตบุ๊ค/ร้อยเอ็ด/,https://ร้านรับซื้อโน๊ตบุ๊ค.com/รับซื้อโน๊ตบุ๊ค/พอร์ต-usb-เสีย/,200 indexable self-canonical,200 indexable self-canonical,high location / low entity,high entity / low location,high,2026-06-14,KEEP_404,high,Both plausible targets preserve only one dimension of the original intent; no single exact target exists.
https://ร้านรับซื้อโน๊ตบุ๊ค.com/รับซื้อโน๊ตบุ๊ค/หาดใหญ่/surface-laptop-go/,หาดใหญ่,surface-laptop-go,https://ร้านรับซื้อโน๊ตบุ๊ค.com/รับซื้อโน๊ตบุ๊ค/หาดใหญ่/,https://ร้านรับซื้อโน๊ตบุ๊ค.com/รับซื้อโน๊ตบุ๊ค/surface-laptop-go/,200 indexable self-canonical,200 indexable self-canonical,high location / low entity,high entity / low location,high,2026-06-14,KEEP_404,high,Both plausible targets preserve only one dimension of the original intent; no single exact target exists.
https://ร้านรับซื้อโน๊ตบุ๊ค.com/รับซื้อโน๊ตบุ๊ค/สิงห์บุรี/กล้องเสีย/,สิงห์บุรี,กล้องเสีย,https://ร้านรับซื้อโน๊ตบุ๊ค.com/รับซื้อโน๊ตบุ๊ค/สิงห์บุรี/,https://ร้านรับซื้อโน๊ตบุ๊ค.com/รับซื้อโน๊ตบุ๊ค/กล้องเสีย/,200 indexable self-canonical,200 indexable self-canonical,high location / low entity,high entity / low location,high,2026-06-14,KEEP_404,high,Both plausible targets preserve only one dimension of the original intent; no single exact target exists.
https://ร้านรับซื้อโน๊ตบุ๊ค.com/รับซื้อโน๊ตบุ๊ค/อุบลราชธานี/กล้องเสีย/,อุบลราชธานี,กล้องเสีย,https://ร้านรับซื้อโน๊ตบุ๊ค.com/รับซื้อโน๊ตบุ๊ค/อุบลราชธานี/,https://ร้านรับซื้อโน๊ตบุ๊ค.com/รับซื้อโน๊ตบุ๊ค/กล้องเสีย/,200 indexable self-canonical,200 indexable self-canonical,high location / low entity,high entity / low location,high,2026-06-14,KEEP_404,high,Both plausible targets preserve only one dimension of the original intent; no single exact target exists.
https://ร้านรับซื้อโน๊ตบุ๊ค.com/รับซื้อโน๊ตบุ๊ค/เพชรบุรี/hp-elitebook/,เพชรบุรี,hp-elitebook,https://ร้านรับซื้อโน๊ตบุ๊ค.com/รับซื้อโน๊ตบุ๊ค/เพชรบุรี/,https://ร้านรับซื้อโน๊ตบุ๊ค.com/รับซื้อโน๊ตบุ๊ค/hp-elitebook/,200 indexable self-canonical,200 indexable self-canonical,high location / low entity,high entity / low location,high,2026-06-14,KEEP_404,high,Both plausible targets preserve only one dimension of the original intent; no single exact target exists.
https://ร้านรับซื้อโน๊ตบุ๊ค.com/รับซื้อโน๊ตบุ๊ค/สระบุรี/msi-vector-16-hx/,สระบุรี,msi-vector-16-hx,https://ร้านรับซื้อโน๊ตบุ๊ค.com/รับซื้อโน๊ตบุ๊ค/สระบุรี/,https://ร้านรับซื้อโน๊ตบุ๊ค.com/รับซื้อโน๊ตบุ๊ค/msi-vector-16-hx/,200 indexable self-canonical,200 indexable self-canonical,high location / low entity,high entity / low location,high,2026-06-14,KEEP_404,high,Both plausible targets preserve only one dimension of the original intent; no single exact target exists.
https://ร้านรับซื้อโน๊ตบุ๊ค.com/รับซื้อโน๊ตบุ๊ค/ตราด/บูตวน/,ตราด,บูตวน,https://ร้านรับซื้อโน๊ตบุ๊ค.com/รับซื้อโน๊ตบุ๊ค/ตราด/,https://ร้านรับซื้อโน๊ตบุ๊ค.com/รับซื้อโน๊ตบุ๊ค/บูตวน/,200 indexable self-canonical,200 indexable self-canonical,high location / low entity,high entity / low location,high,2026-06-14,KEEP_404,high,Both plausible targets preserve only one dimension of the original intent; no single exact target exists.
https://ร้านรับซื้อโน๊ตบุ๊ค.com/รับซื้อโน๊ตบุ๊ค/ขอนแก่น/acer-nitro-16/,ขอนแก่น,acer-nitro-16,https://ร้านรับซื้อโน๊ตบุ๊ค.com/รับซื้อโน๊ตบุ๊ค/ขอนแก่น/,https://ร้านรับซื้อโน๊ตบุ๊ค.com/รับซื้อโน๊ตบุ๊ค/acer-nitro-16/,200 indexable self-canonical,200 indexable self-canonical,high location / low entity,high entity / low location,high,2026-06-14,KEEP_404,high,Both plausible targets preserve only one dimension of the original intent; no single exact target exists.
https://ร้านรับซื้อโน๊ตบุ๊ค.com/รับซื้อโน๊ตบุ๊ค/ศรีสะเกษ/macbook-battery-health/,ศรีสะเกษ,macbook-battery-health,https://ร้านรับซื้อโน๊ตบุ๊ค.com/รับซื้อโน๊ตบุ๊ค/ศรีสะเกษ/,https://ร้านรับซื้อโน๊ตบุ๊ค.com/รับซื้อโน๊ตบุ๊ค/macbook-battery-health/,200 indexable self-canonical,200 indexable self-canonical,high location / low entity,high entity / low location,high,2026-06-14,KEEP_404,high,Both plausible targets preserve only one dimension of the original intent; no single exact target exists.
https://ร้านรับซื้อโน๊ตบุ๊ค.com/รับซื้อโน๊ตบุ๊ค/บึงกาฬ/asus-rog-strix/,บึงกาฬ,asus-rog-strix,https://ร้านรับซื้อโน๊ตบุ๊ค.com/รับซื้อโน๊ตบุ๊ค/บึงกาฬ/,https://ร้านรับซื้อโน๊ตบุ๊ค.com/รับซื้อโน๊ตบุ๊ค/asus-rog-strix/,200 indexable self-canonical,200 indexable self-canonical,high location / low entity,high entity / low location,high,2026-06-14,KEEP_404,high,Both plausible targets preserve only one dimension of the original intent; no single exact target exists.
https://ร้านรับซื้อโน๊ตบุ๊ค.com/รับซื้อโน๊ตบุ๊ค/ลาดพร้าว/asus-zephyrus-g14/,ลาดพร้าว,asus-zephyrus-g14,https://ร้านรับซื้อโน๊ตบุ๊ค.com/รับซื้อโน๊ตบุ๊ค/ลาดพร้าว/,https://ร้านรับซื้อโน๊ตบุ๊ค.com/รับซื้อโน๊ตบุ๊ค/asus-zephyrus-g14/,200 indexable self-canonical,200 indexable self-canonical,high location / low entity,high entity / low location,high,2026-06-14,KEEP_404,high,Both plausible targets preserve only one dimension of the original intent; no single exact target exists.
https://ร้านรับซื้อโน๊ตบุ๊ค.com/รับซื้อโน๊ตบุ๊ค/ลำพูน/samsung/,ลำพูน,samsung,https://ร้านรับซื้อโน๊ตบุ๊ค.com/รับซื้อโน๊ตบุ๊ค/ลำพูน/,https://ร้านรับซื้อโน๊ตบุ๊ค.com/รับซื้อโน๊ตบุ๊ค/samsung/,200 indexable self-canonical,200 indexable self-canonical,high location / low entity,high entity / low location,high,2026-06-14,KEEP_404,high,Both plausible targets preserve only one dimension of the original intent; no single exact target exists.
https://ร้านรับซื้อโน๊ตบุ๊ค.com/รับซื้อโน๊ตบุ๊ค/อยุธยา/asus-zephyrus/,อยุธยา,asus-zephyrus,https://ร้านรับซื้อโน๊ตบุ๊ค.com/รับซื้อโน๊ตบุ๊ค/อยุธยา/,https://ร้านรับซื้อโน๊ตบุ๊ค.com/รับซื้อโน๊ตบุ๊ค/asus-zephyrus/,200 indexable self-canonical,200 indexable self-canonical,high location / low entity,high entity / low location,high,2026-06-14,KEEP_404,high,Both plausible targets preserve only one dimension of the original intent; no single exact target exists.
https://ร้านรับซื้อโน๊ตบุ๊ค.com/รับซื้อโน๊ตบุ๊ค/ชลบุรี/hp-omen-17/,ชลบุรี,hp-omen-17,https://ร้านรับซื้อโน๊ตบุ๊ค.com/รับซื้อโน๊ตบุ๊ค/ชลบุรี/,https://ร้านรับซื้อโน๊ตบุ๊ค.com/รับซื้อโน๊ตบุ๊ค/hp-omen-17/,200 indexable self-canonical,200 indexable self-canonical,high location / low entity,high entity / low location,high,2026-06-14,KEEP_404,high,Both plausible targets preserve only one dimension of the original intent; no single exact target exists.
https://ร้านรับซื้อโน๊ตบุ๊ค.com/รับซื้อโน๊ตบุ๊ค/สงขลา/asus-zephyrus-g14/,สงขลา,asus-zephyrus-g14,https://ร้านรับซื้อโน๊ตบุ๊ค.com/รับซื้อโน๊ตบุ๊ค/สงขลา/,https://ร้านรับซื้อโน๊ตบุ๊ค.com/รับซื้อโน๊ตบุ๊ค/asus-zephyrus-g14/,200 indexable self-canonical,200 indexable self-canonical,high location / low entity,high entity / low location,high,2026-06-14,KEEP_404,high,Both plausible targets preserve only one dimension of the original intent; no single exact target exists.
https://ร้านรับซื้อโน๊ตบุ๊ค.com/รับซื้อโน๊ตบุ๊ค/นครราชสีมา/พัดลมดัง/,นครราชสีมา,พัดลมดัง,https://ร้านรับซื้อโน๊ตบุ๊ค.com/รับซื้อโน๊ตบุ๊ค/นครราชสีมา/,https://ร้านรับซื้อโน๊ตบุ๊ค.com/รับซื้อโน๊ตบุ๊ค/พัดลมดัง/,200 indexable self-canonical,200 indexable self-canonical,high location / low entity,high entity / low location,high,2026-06-14,KEEP_404,high,Both plausible targets preserve only one dimension of the original intent; no single exact target exists.
https://ร้านรับซื้อโน๊ตบุ๊ค.com/รับซื้อโน๊ตบุ๊ค/รามคำแหง/ช่องหูฟังเสีย/,รามคำแหง,ช่องหูฟังเสีย,https://ร้านรับซื้อโน๊ตบุ๊ค.com/รับซื้อโน๊ตบุ๊ค/รามคำแหง/,https://ร้านรับซื้อโน๊ตบุ๊ค.com/รับซื้อโน๊ตบุ๊ค/ช่องหูฟังเสีย/,200 indexable self-canonical,200 indexable self-canonical,high location / low entity,high entity / low location,high,2026-06-14,KEEP_404,high,Both plausible targets preserve only one dimension of the original intent; no single exact target exists.
https://ร้านรับซื้อโน๊ตบุ๊ค.com/รับซื้อโน๊ตบุ๊ค/รามคำแหง/dell-xps-13-15/,รามคำแหง,dell-xps-13-15,https://ร้านรับซื้อโน๊ตบุ๊ค.com/รับซื้อโน๊ตบุ๊ค/รามคำแหง/,https://ร้านรับซื้อโน๊ตบุ๊ค.com/รับซื้อโน๊ตบุ๊ค/dell-xps-13-15/,200 indexable self-canonical,200 indexable self-canonical,high location / low entity,high entity / low location,high,2026-06-14,KEEP_404,high,Both plausible targets preserve only one dimension of the original intent; no single exact target exists.
https://ร้านรับซื้อโน๊ตบุ๊ค.com/รับซื้อโน๊ตบุ๊ค/ยะลา/dell-g15-g16/,ยะลา,dell-g15-g16,https://ร้านรับซื้อโน๊ตบุ๊ค.com/รับซื้อโน๊ตบุ๊ค/ยะลา/,https://ร้านรับซื้อโน๊ตบุ๊ค.com/รับซื้อโน๊ตบุ๊ค/dell-g15-g16/,200 indexable self-canonical,200 indexable self-canonical,high location / low entity,high entity / low location,high,2026-06-14,KEEP_404,high,Both plausible targets preserve only one dimension of the original intent; no single exact target exists.
https://ร้านรับซื้อโน๊ตบุ๊ค.com/รับซื้อโน๊ตบุ๊ค/ลำปาง/macbook-pro-m5/,ลำปาง,macbook-pro-m5,https://ร้านรับซื้อโน๊ตบุ๊ค.com/รับซื้อโน๊ตบุ๊ค/ลำปาง/,https://ร้านรับซื้อโน๊ตบุ๊ค.com/รับซื้อโน๊ตบุ๊ค/macbook-pro-m5/,200 indexable self-canonical,200 indexable self-canonical,high location / low entity,high entity / low location,high,2026-06-14,KEEP_404,high,Both plausible targets preserve only one dimension of the original intent; no single exact target exists.
https://ร้านรับซื้อโน๊ตบุ๊ค.com/รับซื้อโน๊ตบุ๊ค/สงขลา/alienware-m16/,สงขลา,alienware-m16,https://ร้านรับซื้อโน๊ตบุ๊ค.com/รับซื้อโน๊ตบุ๊ค/สงขลา/,https://ร้านรับซื้อโน๊ตบุ๊ค.com/รับซื้อโน๊ตบุ๊ค/alienware-m16/,200 indexable self-canonical,200 indexable self-canonical,high location / low entity,high entity / low location,high,2026-06-14,KEEP_404,high,Both plausible targets preserve only one dimension of the original intent; no single exact target exists.
https://ร้านรับซื้อโน๊ตบุ๊ค.com/รับซื้อโน๊ตบุ๊ค/อยุธยา/ค้างบ่อย/,อยุธยา,ค้างบ่อย,https://ร้านรับซื้อโน๊ตบุ๊ค.com/รับซื้อโน๊ตบุ๊ค/อยุธยา/,https://ร้านรับซื้อโน๊ตบุ๊ค.com/รับซื้อโน๊ตบุ๊ค/ค้างบ่อย/,200 indexable self-canonical,200 indexable self-canonical,high location / low entity,high entity / low location,high,2026-06-14,KEEP_404,high,Both plausible targets preserve only one dimension of the original intent; no single exact target exists.
https://ร้านรับซื้อโน๊ตบุ๊ค.com/รับซื้อโน๊ตบุ๊ค/ชัยนาท/asus-vivobook/,ชัยนาท,asus-vivobook,https://ร้านรับซื้อโน๊ตบุ๊ค.com/รับซื้อโน๊ตบุ๊ค/ชัยนาท/,https://ร้านรับซื้อโน๊ตบุ๊ค.com/รับซื้อโน๊ตบุ๊ค/asus-vivobook/,200 indexable self-canonical,200 indexable self-canonical,high location / low entity,high entity / low location,high,2026-06-14,KEEP_404,high,Both plausible targets preserve only one dimension of the original intent; no single exact target exists.
https://ร้านรับซื้อโน๊ตบุ๊ค.com/รับซื้อโน๊ตบุ๊ค/ขอนแก่น/acer-predator-triton/,ขอนแก่น,acer-predator-triton,https://ร้านรับซื้อโน๊ตบุ๊ค.com/รับซื้อโน๊ตบุ๊ค/ขอนแก่น/,https://ร้านรับซื้อโน๊ตบุ๊ค.com/รับซื้อโน๊ตบุ๊ค/acer-predator-triton/,200 indexable self-canonical,200 indexable self-canonical,high location / low entity,high entity / low location,high,2026-06-14,KEEP_404,high,Both plausible targets preserve only one dimension of the original intent; no single exact target exists.
https://ร้านรับซื้อโน๊ตบุ๊ค.com/รับซื้อโน๊ตบุ๊ค/ภาคอีสาน/กล้องเสีย/,ภาคอีสาน,กล้องเสีย,https://ร้านรับซื้อโน๊ตบุ๊ค.com/รับซื้อโน๊ตบุ๊ค/ภาคอีสาน/,https://ร้านรับซื้อโน๊ตบุ๊ค.com/รับซื้อโน๊ตบุ๊ค/กล้องเสีย/,200 indexable self-canonical,200 indexable self-canonical,high location / low entity,high entity / low location,high,2026-06-14,KEEP_404,high,Both plausible targets preserve only one dimension of the original intent; no single exact target exists.
https://ร้านรับซื้อโน๊ตบุ๊ค.com/รับซื้อโน๊ตบุ๊ค/บึงกาฬ/acer-predator-neo/,บึงกาฬ,acer-predator-neo,https://ร้านรับซื้อโน๊ตบุ๊ค.com/รับซื้อโน๊ตบุ๊ค/บึงกาฬ/,https://ร้านรับซื้อโน๊ตบุ๊ค.com/รับซื้อโน๊ตบุ๊ค/acer-predator-neo/,200 indexable self-canonical,200 indexable self-canonical,high location / low entity,high entity / low location,high,2026-06-14,KEEP_404,high,Both plausible targets preserve only one dimension of the original intent; no single exact target exists.
https://ร้านรับซื้อโน๊ตบุ๊ค.com/รับซื้อโน๊ตบุ๊ค/ปราจีนบุรี/macbook-air-m4/,ปราจีนบุรี,macbook-air-m4,https://ร้านรับซื้อโน๊ตบุ๊ค.com/รับซื้อโน๊ตบุ๊ค/ปราจีนบุรี/,https://ร้านรับซื้อโน๊ตบุ๊ค.com/รับซื้อโน๊ตบุ๊ค/macbook-air-m4/,200 indexable self-canonical,200 indexable self-canonical,high location / low entity,high entity / low location,high,2026-06-14,KEEP_404,high,Both plausible targets preserve only one dimension of the original intent; no single exact target exists.
https://ร้านรับซื้อโน๊ตบุ๊ค.com/รับซื้อโน๊ตบุ๊ค/ภาคอีสาน/lg/,ภาคอีสาน,lg,https://ร้านรับซื้อโน๊ตบุ๊ค.com/รับซื้อโน๊ตบุ๊ค/ภาคอีสาน/,https://ร้านรับซื้อโน๊ตบุ๊ค.com/รับซื้อโน๊ตบุ๊ค/lg/,200 indexable self-canonical,200 indexable self-canonical,high location / low entity,high entity / low location,high,2026-06-14,KEEP_404,high,Both plausible targets preserve only one dimension of the original intent; no single exact target exists.
https://ร้านรับซื้อโน๊ตบุ๊ค.com/รับซื้อโน๊ตบุ๊ค/ระนอง/msi-vector-16-hx/,ระนอง,msi-vector-16-hx,https://ร้านรับซื้อโน๊ตบุ๊ค.com/รับซื้อโน๊ตบุ๊ค/ระนอง/,https://ร้านรับซื้อโน๊ตบุ๊ค.com/รับซื้อโน๊ตบุ๊ค/msi-vector-16-hx/,200 indexable self-canonical,200 indexable self-canonical,high location / low entity,high entity / low location,high,2026-06-14,KEEP_404,high,Both plausible targets preserve only one dimension of the original intent; no single exact target exists.
https://ร้านรับซื้อโน๊ตบุ๊ค.com/รับซื้อโน๊ตบุ๊ค/ลำพูน/ร้อนจัดดับเอง/,ลำพูน,ร้อนจัดดับเอง,https://ร้านรับซื้อโน๊ตบุ๊ค.com/รับซื้อโน๊ตบุ๊ค/ลำพูน/,https://ร้านรับซื้อโน๊ตบุ๊ค.com/รับซื้อโน๊ตบุ๊ค/ร้อนจัดดับเอง/,200 indexable self-canonical,200 indexable self-canonical,high location / low entity,high entity / low location,high,2026-06-14,KEEP_404,high,Both plausible targets preserve only one dimension of the original intent; no single exact target exists.
https://ร้านรับซื้อโน๊ตบุ๊ค.com/รับซื้อโน๊ตบุ๊ค/สตูล/macbook-battery-swollen/,สตูล,macbook-battery-swollen,https://ร้านรับซื้อโน๊ตบุ๊ค.com/รับซื้อโน๊ตบุ๊ค/สตูล/,https://ร้านรับซื้อโน๊ตบุ๊ค.com/รับซื้อโน๊ตบุ๊ค/macbook-battery-swollen/,200 indexable self-canonical,200 indexable self-canonical,high location / low entity,high entity / low location,high,2026-06-14,KEEP_404,high,Both plausible targets preserve only one dimension of the original intent; no single exact target exists.
https://ร้านรับซื้อโน๊ตบุ๊ค.com/รับซื้อโน๊ตบุ๊ค/เลย/alienware-m18/,เลย,alienware-m18,https://ร้านรับซื้อโน๊ตบุ๊ค.com/รับซื้อโน๊ตบุ๊ค/เลย/,https://ร้านรับซื้อโน๊ตบุ๊ค.com/รับซื้อโน๊ตบุ๊ค/alienware-m18/,200 indexable self-canonical,200 indexable self-canonical,high location / low entity,high entity / low location,high,2026-06-14,KEEP_404,high,Both plausible targets preserve only one dimension of the original intent; no single exact target exists.
https://ร้านรับซื้อโน๊ตบุ๊ค.com/รับซื้อโน๊ตบุ๊ค/นครพนม/ฝาหลังบวม/,นครพนม,ฝาหลังบวม,https://ร้านรับซื้อโน๊ตบุ๊ค.com/รับซื้อโน๊ตบุ๊ค/นครพนม/,https://ร้านรับซื้อโน๊ตบุ๊ค.com/รับซื้อโน๊ตบุ๊ค/ฝาหลังบวม/,200 indexable self-canonical,200 indexable self-canonical,high location / low entity,high entity / low location,high,2026-06-14,KEEP_404,high,Both plausible targets preserve only one dimension of the original intent; no single exact target exists.
https://ร้านรับซื้อโน๊ตบุ๊ค.com/รับซื้อโน๊ตบุ๊ค/สระบุรี/asus-zephyrus-g14/,สระบุรี,asus-zephyrus-g14,https://ร้านรับซื้อโน๊ตบุ๊ค.com/รับซื้อโน๊ตบุ๊ค/สระบุรี/,https://ร้านรับซื้อโน๊ตบุ๊ค.com/รับซื้อโน๊ตบุ๊ค/asus-zephyrus-g14/,200 indexable self-canonical,200 indexable self-canonical,high location / low entity,high entity / low location,high,2026-06-14,KEEP_404,high,Both plausible targets preserve only one dimension of the original intent; no single exact target exists.
https://ร้านรับซื้อโน๊ตบุ๊ค.com/รับซื้อโน๊ตบุ๊ค/อ่างทอง/asus-vivobook/,อ่างทอง,asus-vivobook,https://ร้านรับซื้อโน๊ตบุ๊ค.com/รับซื้อโน๊ตบุ๊ค/อ่างทอง/,https://ร้านรับซื้อโน๊ตบุ๊ค.com/รับซื้อโน๊ตบุ๊ค/asus-vivobook/,200 indexable self-canonical,200 indexable self-canonical,high location / low entity,high entity / low location,high,2026-06-14,KEEP_404,high,Both plausible targets preserve only one dimension of the original intent; no single exact target exists.
https://ร้านรับซื้อโน๊ตบุ๊ค.com/รับซื้อโน๊ตบุ๊ค/ฉะเชิงเทรา/macbook-no-box-no-receipt/,ฉะเชิงเทรา,macbook-no-box-no-receipt,https://ร้านรับซื้อโน๊ตบุ๊ค.com/รับซื้อโน๊ตบุ๊ค/ฉะเชิงเทรา/,https://ร้านรับซื้อโน๊ตบุ๊ค.com/รับซื้อโน๊ตบุ๊ค/macbook-no-box-no-receipt/,200 indexable self-canonical,200 indexable self-canonical,high location / low entity,high entity / low location,high,2026-06-14,KEEP_404,high,Both plausible targets preserve only one dimension of the original intent; no single exact target exists.
https://ร้านรับซื้อโน๊ตบุ๊ค.com/รับซื้อโน๊ตบุ๊ค/สตูล/จอมีเส้น/,สตูล,จอมีเส้น,https://ร้านรับซื้อโน๊ตบุ๊ค.com/รับซื้อโน๊ตบุ๊ค/สตูล/,https://ร้านรับซื้อโน๊ตบุ๊ค.com/รับซื้อโน๊ตบุ๊ค/จอมีเส้น/,200 indexable self-canonical,200 indexable self-canonical,high location / low entity,high entity / low location,high,2026-06-14,KEEP_404,high,Both plausible targets preserve only one dimension of the original intent; no single exact target exists.
https://ร้านรับซื้อโน๊ตบุ๊ค.com/รับซื้อโน๊ตบุ๊ค/ชุมพร/surface-laptop-go/,ชุมพร,surface-laptop-go,https://ร้านรับซื้อโน๊ตบุ๊ค.com/รับซื้อโน๊ตบุ๊ค/ชุมพร/,https://ร้านรับซื้อโน๊ตบุ๊ค.com/รับซื้อโน๊ตบุ๊ค/surface-laptop-go/,200 indexable self-canonical,200 indexable self-canonical,high location / low entity,high entity / low location,high,2026-06-14,KEEP_404,high,Both plausible targets preserve only one dimension of the original intent; no single exact target exists.
https://ร้านรับซื้อโน๊ตบุ๊ค.com/รับซื้อโน๊ตบุ๊ค/เพชรบุรี/acer-predator-triton/,เพชรบุรี,acer-predator-triton,https://ร้านรับซื้อโน๊ตบุ๊ค.com/รับซื้อโน๊ตบุ๊ค/เพชรบุรี/,https://ร้านรับซื้อโน๊ตบุ๊ค.com/รับซื้อโน๊ตบุ๊ค/acer-predator-triton/,200 indexable self-canonical,200 indexable self-canonical,high location / low entity,high entity / low location,high,2026-06-14,KEEP_404,high,Both plausible targets preserve only one dimension of the original intent; no single exact target exists.
https://ร้านรับซื้อโน๊ตบุ๊ค.com/รับซื้อโน๊ตบุ๊ค/อ่างทอง/hp-victus-17/,อ่างทอง,hp-victus-17,https://ร้านรับซื้อโน๊ตบุ๊ค.com/รับซื้อโน๊ตบุ๊ค/อ่างทอง/,https://ร้านรับซื้อโน๊ตบุ๊ค.com/รับซื้อโน๊ตบุ๊ค/hp-victus-17/,200 indexable self-canonical,200 indexable self-canonical,high location / low entity,high entity / low location,high,2026-06-14,KEEP_404,high,Both plausible targets preserve only one dimension of the original intent; no single exact target exists.
https://ร้านรับซื้อโน๊ตบุ๊ค.com/รับซื้อโน๊ตบุ๊ค/ตราด/lenovo-legion-pro/,ตราด,lenovo-legion-pro,https://ร้านรับซื้อโน๊ตบุ๊ค.com/รับซื้อโน๊ตบุ๊ค/ตราด/,https://ร้านรับซื้อโน๊ตบุ๊ค.com/รับซื้อโน๊ตบุ๊ค/lenovo-legion-pro/,200 indexable self-canonical,200 indexable self-canonical,high location / low entity,high entity / low location,high,2026-06-14,KEEP_404,high,Both plausible targets preserve only one dimension of the original intent; no single exact target exists.
https://ร้านรับซื้อโน๊ตบุ๊ค.com/รับซื้อโน๊ตบุ๊ค/รังสิต/macbook-battery-health/,รังสิต,macbook-battery-health,https://ร้านรับซื้อโน๊ตบุ๊ค.com/รับซื้อโน๊ตบุ๊ค/รังสิต/,https://ร้านรับซื้อโน๊ตบุ๊ค.com/รับซื้อโน๊ตบุ๊ค/macbook-battery-health/,200 indexable self-canonical,200 indexable self-canonical,high location / low entity,high entity / low location,high,2026-06-14,KEEP_404,high,Both plausible targets preserve only one dimension of the original intent; no single exact target exists.
https://ร้านรับซื้อโน๊ตบุ๊ค.com/รับซื้อโน๊ตบุ๊ค/ชุมพร/hp-omen-transcend/,ชุมพร,hp-omen-transcend,https://ร้านรับซื้อโน๊ตบุ๊ค.com/รับซื้อโน๊ตบุ๊ค/ชุมพร/,https://ร้านรับซื้อโน๊ตบุ๊ค.com/รับซื้อโน๊ตบุ๊ค/hp-omen-transcend/,200 indexable self-canonical,200 indexable self-canonical,high location / low entity,high entity / low location,high,2026-06-14,KEEP_404,high,Both plausible targets preserve only one dimension of the original intent; no single exact target exists.
https://ร้านรับซื้อโน๊ตบุ๊ค.com/รับซื้อโน๊ตบุ๊ค/ประจวบคีรีขันธ์/lenovo-legion-pro-7/,ประจวบคีรีขันธ์,lenovo-legion-pro-7,https://ร้านรับซื้อโน๊ตบุ๊ค.com/รับซื้อโน๊ตบุ๊ค/ประจวบคีรีขันธ์/,https://ร้านรับซื้อโน๊ตบุ๊ค.com/รับซื้อโน๊ตบุ๊ค/lenovo-legion-pro-7/,200 indexable self-canonical,200 indexable self-canonical,high location / low entity,high entity / low location,high,2026-06-14,KEEP_404,high,Both plausible targets preserve only one dimension of the original intent; no single exact target exists.
https://ร้านรับซื้อโน๊ตบุ๊ค.com/รับซื้อโน๊ตบุ๊ค/แพร่/dell-vostro/,แพร่,dell-vostro,https://ร้านรับซื้อโน๊ตบุ๊ค.com/รับซื้อโน๊ตบุ๊ค/แพร่/,https://ร้านรับซื้อโน๊ตบุ๊ค.com/รับซื้อโน๊ตบุ๊ค/dell-vostro/,200 indexable self-canonical,200 indexable self-canonical,high location / low entity,high entity / low location,high,2026-06-14,KEEP_404,high,Both plausible targets preserve only one dimension of the original intent; no single exact target exists.
https://ร้านรับซื้อโน๊ตบุ๊ค.com/รับซื้อโน๊ตบุ๊ค/นราธิวาส/alienware-m15-r7-r8/,นราธิวาส,alienware-m15-r7-r8,https://ร้านรับซื้อโน๊ตบุ๊ค.com/รับซื้อโน๊ตบุ๊ค/นราธิวาส/,https://ร้านรับซื้อโน๊ตบุ๊ค.com/รับซื้อโน๊ตบุ๊ค/alienware-m15-r7-r8/,200 indexable self-canonical,200 indexable self-canonical,high location / low entity,high entity / low location,high,2026-06-14,KEEP_404,high,Both plausible targets preserve only one dimension of the original intent; no single exact target exists.
https://ร้านรับซื้อโน๊ตบุ๊ค.com/รับซื้อโน๊ตบุ๊ค/ปราจีนบุรี/macbook-battery-health/,ปราจีนบุรี,macbook-battery-health,https://ร้านรับซื้อโน๊ตบุ๊ค.com/รับซื้อโน๊ตบุ๊ค/ปราจีนบุรี/,https://ร้านรับซื้อโน๊ตบุ๊ค.com/รับซื้อโน๊ตบุ๊ค/macbook-battery-health/,200 indexable self-canonical,200 indexable self-canonical,high location / low entity,high entity / low location,high,2026-06-14,KEEP_404,high,Both plausible targets preserve only one dimension of the original intent; no single exact target exists.
https://ร้านรับซื้อโน๊ตบุ๊ค.com/รับซื้อโน๊ตบุ๊ค/เพชรบุรี/macbook-keyboard-issue/,เพชรบุรี,macbook-keyboard-issue,https://ร้านรับซื้อโน๊ตบุ๊ค.com/รับซื้อโน๊ตบุ๊ค/เพชรบุรี/,https://ร้านรับซื้อโน๊ตบุ๊ค.com/รับซื้อโน๊ตบุ๊ค/macbook-keyboard-issue/,200 indexable self-canonical,200 indexable self-canonical,high location / low entity,high entity / low location,high,2026-06-14,KEEP_404,high,Both plausible targets preserve only one dimension of the original intent; no single exact target exists.
https://ร้านรับซื้อโน๊ตบุ๊ค.com/รับซื้อโน๊ตบุ๊ค/เชียงใหม่/รีสตาร์ทเอง/,เชียงใหม่,รีสตาร์ทเอง,https://ร้านรับซื้อโน๊ตบุ๊ค.com/รับซื้อโน๊ตบุ๊ค/เชียงใหม่/,https://ร้านรับซื้อโน๊ตบุ๊ค.com/รับซื้อโน๊ตบุ๊ค/รีสตาร์ทเอง/,200 indexable self-canonical,200 indexable self-canonical,high location / low entity,high entity / low location,high,2026-06-14,KEEP_404,high,Both plausible targets preserve only one dimension of the original intent; no single exact target exists.
https://ร้านรับซื้อโน๊ตบุ๊ค.com/รับซื้อโน๊ตบุ๊ค/นครสวรรค์/บอดี้แตก/,นครสวรรค์,บอดี้แตก,https://ร้านรับซื้อโน๊ตบุ๊ค.com/รับซื้อโน๊ตบุ๊ค/นครสวรรค์/,https://ร้านรับซื้อโน๊ตบุ๊ค.com/รับซื้อโน๊ตบุ๊ค/บอดี้แตก/,200 indexable self-canonical,200 indexable self-canonical,high location / low entity,high entity / low location,high,2026-06-14,KEEP_404,high,Both plausible targets preserve only one dimension of the original intent; no single exact target exists.
https://ร้านรับซื้อโน๊ตบุ๊ค.com/รับซื้อโน๊ตบุ๊ค/ชลบุรี/macbook-screen-crack/,ชลบุรี,macbook-screen-crack,https://ร้านรับซื้อโน๊ตบุ๊ค.com/รับซื้อโน๊ตบุ๊ค/ชลบุรี/,https://ร้านรับซื้อโน๊ตบุ๊ค.com/รับซื้อโน๊ตบุ๊ค/macbook-screen-crack/,200 indexable self-canonical,200 indexable self-canonical,high location / low entity,high entity / low location,high,2026-06-14,KEEP_404,high,Both plausible targets preserve only one dimension of the original intent; no single exact target exists.
https://ร้านรับซื้อโน๊ตบุ๊ค.com/รับซื้อโน๊ตบุ๊ค/ยะลา/samsung-galaxy-book/,ยะลา,samsung-galaxy-book,https://ร้านรับซื้อโน๊ตบุ๊ค.com/รับซื้อโน๊ตบุ๊ค/ยะลา/,https://ร้านรับซื้อโน๊ตบุ๊ค.com/รับซื้อโน๊ตบุ๊ค/samsung-galaxy-book/,200 indexable self-canonical,200 indexable self-canonical,high location / low entity,high entity / low location,high,2026-06-14,KEEP_404,high,Both plausible targets preserve only one dimension of the original intent; no single exact target exists.
https://ร้านรับซื้อโน๊ตบุ๊ค.com/รับซื้อโน๊ตบุ๊ค/ยโสธร/macbook-keyboard-issue/,ยโสธร,macbook-keyboard-issue,https://ร้านรับซื้อโน๊ตบุ๊ค.com/รับซื้อโน๊ตบุ๊ค/ยโสธร/,https://ร้านรับซื้อโน๊ตบุ๊ค.com/รับซื้อโน๊ตบุ๊ค/macbook-keyboard-issue/,200 indexable self-canonical,200 indexable self-canonical,high location / low entity,high entity / low location,high,2026-06-14,KEEP_404,high,Both plausible targets preserve only one dimension of the original intent; no single exact target exists.
https://ร้านรับซื้อโน๊ตบุ๊ค.com/รับซื้อโน๊ตบุ๊ค/อ่างทอง/บูตวน/,อ่างทอง,บูตวน,https://ร้านรับซื้อโน๊ตบุ๊ค.com/รับซื้อโน๊ตบุ๊ค/อ่างทอง/,https://ร้านรับซื้อโน๊ตบุ๊ค.com/รับซื้อโน๊ตบุ๊ค/บูตวน/,200 indexable self-canonical,200 indexable self-canonical,high location / low entity,high entity / low location,high,2026-06-14,KEEP_404,high,Both plausible targets preserve only one dimension of the original intent; no single exact target exists.
https://ร้านรับซื้อโน๊ตบุ๊ค.com/รับซื้อโน๊ตบุ๊ค/สระแก้ว/lenovo-thinkbook/,สระแก้ว,lenovo-thinkbook,https://ร้านรับซื้อโน๊ตบุ๊ค.com/รับซื้อโน๊ตบุ๊ค/สระแก้ว/,https://ร้านรับซื้อโน๊ตบุ๊ค.com/รับซื้อโน๊ตบุ๊ค/lenovo-thinkbook/,200 indexable self-canonical,200 indexable self-canonical,high location / low entity,high entity / low location,high,2026-06-14,KEEP_404,high,Both plausible targets preserve only one dimension of the original intent; no single exact target exists.
https://ร้านรับซื้อโน๊ตบุ๊ค.com/รับซื้อโน๊ตบุ๊ค/อุดรธานี/จอมีเส้น/,อุดรธานี,จอมีเส้น,https://ร้านรับซื้อโน๊ตบุ๊ค.com/รับซื้อโน๊ตบุ๊ค/อุดรธานี/,https://ร้านรับซื้อโน๊ตบุ๊ค.com/รับซื้อโน๊ตบุ๊ค/จอมีเส้น/,200 indexable self-canonical,200 indexable self-canonical,high location / low entity,high entity / low location,high,2026-06-14,KEEP_404,high,Both plausible targets preserve only one dimension of the original intent; no single exact target exists.
https://ร้านรับซื้อโน๊ตบุ๊ค.com/รับซื้อโน๊ตบุ๊ค/น่าน/macbook-air-m2/,น่าน,macbook-air-m2,https://ร้านรับซื้อโน๊ตบุ๊ค.com/รับซื้อโน๊ตบุ๊ค/น่าน/,https://ร้านรับซื้อโน๊ตบุ๊ค.com/รับซื้อโน๊ตบุ๊ค/macbook-air-m2/,200 indexable self-canonical,200 indexable self-canonical,high location / low entity,high entity / low location,high,2026-06-14,KEEP_404,high,Both plausible targets preserve only one dimension of the original intent; no single exact target exists.
https://ร้านรับซื้อโน๊ตบุ๊ค.com/รับซื้อโน๊ตบุ๊ค/ฉะเชิงเทรา/จอมีเส้น/,ฉะเชิงเทรา,จอมีเส้น,https://ร้านรับซื้อโน๊ตบุ๊ค.com/รับซื้อโน๊ตบุ๊ค/ฉะเชิงเทรา/,https://ร้านรับซื้อโน๊ตบุ๊ค.com/รับซื้อโน๊ตบุ๊ค/จอมีเส้น/,200 indexable self-canonical,200 indexable self-canonical,high location / low entity,high entity / low location,high,2026-06-14,KEEP_404,high,Both plausible targets preserve only one dimension of the original intent; no single exact target exists.
https://ร้านรับซื้อโน๊ตบุ๊ค.com/รับซื้อโน๊ตบุ๊ค/เพชรบูรณ์/dell-vostro/,เพชรบูรณ์,dell-vostro,https://ร้านรับซื้อโน๊ตบุ๊ค.com/รับซื้อโน๊ตบุ๊ค/เพชรบูรณ์/,https://ร้านรับซื้อโน๊ตบุ๊ค.com/รับซื้อโน๊ตบุ๊ค/dell-vostro/,200 indexable self-canonical,200 indexable self-canonical,high location / low entity,high entity / low location,high,2026-06-14,KEEP_404,high,Both plausible targets preserve only one dimension of the original intent; no single exact target exists.
https://ร้านรับซื้อโน๊ตบุ๊ค.com/รับซื้อโน๊ตบุ๊ค/บึงกาฬ/acer-predator-triton/,บึงกาฬ,acer-predator-triton,https://ร้านรับซื้อโน๊ตบุ๊ค.com/รับซื้อโน๊ตบุ๊ค/บึงกาฬ/,https://ร้านรับซื้อโน๊ตบุ๊ค.com/รับซื้อโน๊ตบุ๊ค/acer-predator-triton/,200 indexable self-canonical,200 indexable self-canonical,high location / low entity,high entity / low location,high,2026-06-14,KEEP_404,high,Both plausible targets preserve only one dimension of the original intent; no single exact target exists.
https://ร้านรับซื้อโน๊ตบุ๊ค.com/รับซื้อโน๊ตบุ๊ค/ยโสธร/asus-vivobook/,ยโสธร,asus-vivobook,https://ร้านรับซื้อโน๊ตบุ๊ค.com/รับซื้อโน๊ตบุ๊ค/ยโสธร/,https://ร้านรับซื้อโน๊ตบุ๊ค.com/รับซื้อโน๊ตบุ๊ค/asus-vivobook/,200 indexable self-canonical,200 indexable self-canonical,high location / low entity,high entity / low location,high,2026-06-14,KEEP_404,high,Both plausible targets preserve only one dimension of the original intent; no single exact target exists.
https://ร้านรับซื้อโน๊ตบุ๊ค.com/รับซื้อโน๊ตบุ๊ค/ตราด/hp-victus-16/,ตราด,hp-victus-16,https://ร้านรับซื้อโน๊ตบุ๊ค.com/รับซื้อโน๊ตบุ๊ค/ตราด/,https://ร้านรับซื้อโน๊ตบุ๊ค.com/รับซื้อโน๊ตบุ๊ค/hp-victus-16/,200 indexable self-canonical,200 indexable self-canonical,high location / low entity,high entity / low location,high,2026-06-14,KEEP_404,high,Both plausible targets preserve only one dimension of the original intent; no single exact target exists.
https://ร้านรับซื้อโน๊ตบุ๊ค.com/รับซื้อโน๊ตบุ๊ค/สุรินทร์/thinkpad-e14-e15/,สุรินทร์,thinkpad-e14-e15,https://ร้านรับซื้อโน๊ตบุ๊ค.com/รับซื้อโน๊ตบุ๊ค/สุรินทร์/,https://ร้านรับซื้อโน๊ตบุ๊ค.com/รับซื้อโน๊ตบุ๊ค/thinkpad-e14-e15/,200 indexable self-canonical,200 indexable self-canonical,high location / low entity,high entity / low location,high,2026-06-14,KEEP_404,high,Both plausible targets preserve only one dimension of the original intent; no single exact target exists.
https://ร้านรับซื้อโน๊ตบุ๊ค.com/รับซื้อโน๊ตบุ๊ค/เลย/acer-swift/,เลย,acer-swift,https://ร้านรับซื้อโน๊ตบุ๊ค.com/รับซื้อโน๊ตบุ๊ค/เลย/,https://ร้านรับซื้อโน๊ตบุ๊ค.com/รับซื้อโน๊ตบุ๊ค/acer-swift/,200 indexable self-canonical,200 indexable self-canonical,high location / low entity,high entity / low location,high,2026-06-14,KEEP_404,high,Both plausible targets preserve only one dimension of the original intent; no single exact target exists.
https://ร้านรับซื้อโน๊ตบุ๊ค.com/รับซื้อโน๊ตบุ๊ค/แพร่/macbook-cycle-count/,แพร่,macbook-cycle-count,https://ร้านรับซื้อโน๊ตบุ๊ค.com/รับซื้อโน๊ตบุ๊ค/แพร่/,https://ร้านรับซื้อโน๊ตบุ๊ค.com/รับซื้อโน๊ตบุ๊ค/macbook-cycle-count/,200 indexable self-canonical,200 indexable self-canonical,high location / low entity,high entity / low location,high,2026-06-14,KEEP_404,high,Both plausible targets preserve only one dimension of the original intent; no single exact target exists.
https://ร้านรับซื้อโน๊ตบุ๊ค.com/รับซื้อโน๊ตบุ๊ค/สุราษฎร์ธานี/asus-zephyrus-g16/,สุราษฎร์ธานี,asus-zephyrus-g16,https://ร้านรับซื้อโน๊ตบุ๊ค.com/รับซื้อโน๊ตบุ๊ค/สุราษฎร์ธานี/,https://ร้านรับซื้อโน๊ตบุ๊ค.com/รับซื้อโน๊ตบุ๊ค/asus-zephyrus-g16/,200 indexable self-canonical,200 indexable self-canonical,high location / low entity,high entity / low location,high,2026-06-14,KEEP_404,high,Both plausible targets preserve only one dimension of the original intent; no single exact target exists.
https://ร้านรับซื้อโน๊ตบุ๊ค.com/รับซื้อโน๊ตบุ๊ค/ตาก/ค้างบ่อย/,ตาก,ค้างบ่อย,https://ร้านรับซื้อโน๊ตบุ๊ค.com/รับซื้อโน๊ตบุ๊ค/ตาก/,https://ร้านรับซื้อโน๊ตบุ๊ค.com/รับซื้อโน๊ตบุ๊ค/ค้างบ่อย/,200 indexable self-canonical,200 indexable self-canonical,high location / low entity,high entity / low location,high,2026-06-14,KEEP_404,high,Both plausible targets preserve only one dimension of the original intent; no single exact target exists.
https://ร้านรับซื้อโน๊ตบุ๊ค.com/รับซื้อโน๊ตบุ๊ค/เชียงราย/รีสตาร์ทเอง/,เชียงราย,รีสตาร์ทเอง,https://ร้านรับซื้อโน๊ตบุ๊ค.com/รับซื้อโน๊ตบุ๊ค/เชียงราย/,https://ร้านรับซื้อโน๊ตบุ๊ค.com/รับซื้อโน๊ตบุ๊ค/รีสตาร์ทเอง/,200 indexable self-canonical,200 indexable self-canonical,high location / low entity,high entity / low location,high,2026-06-14,KEEP_404,high,Both plausible targets preserve only one dimension of the original intent; no single exact target exists.
https://ร้านรับซื้อโน๊ตบุ๊ค.com/รับซื้อโน๊ตบุ๊ค/ขอนแก่น/surface-pro/,ขอนแก่น,surface-pro,https://ร้านรับซื้อโน๊ตบุ๊ค.com/รับซื้อโน๊ตบุ๊ค/ขอนแก่น/,https://ร้านรับซื้อโน๊ตบุ๊ค.com/รับซื้อโน๊ตบุ๊ค/surface-pro/,200 indexable self-canonical,200 indexable self-canonical,high location / low entity,high entity / low location,high,2026-06-14,KEEP_404,high,Both plausible targets preserve only one dimension of the original intent; no single exact target exists.
https://ร้านรับซื้อโน๊ตบุ๊ค.com/รับซื้อโน๊ตบุ๊ค/สงขลา/ช่องหูฟังเสีย/,สงขลา,ช่องหูฟังเสีย,https://ร้านรับซื้อโน๊ตบุ๊ค.com/รับซื้อโน๊ตบุ๊ค/สงขลา/,https://ร้านรับซื้อโน๊ตบุ๊ค.com/รับซื้อโน๊ตบุ๊ค/ช่องหูฟังเสีย/,200 indexable self-canonical,200 indexable self-canonical,high location / low entity,high entity / low location,high,2026-06-14,KEEP_404,high,Both plausible targets preserve only one dimension of the original intent; no single exact target exists.
https://ร้านรับซื้อโน๊ตบุ๊ค.com/รับซื้อโน๊ตบุ๊ค/กาญจนบุรี/msi-stealth-14/,กาญจนบุรี,msi-stealth-14,https://ร้านรับซื้อโน๊ตบุ๊ค.com/รับซื้อโน๊ตบุ๊ค/กาญจนบุรี/,https://ร้านรับซื้อโน๊ตบุ๊ค.com/รับซื้อโน๊ตบุ๊ค/msi-stealth-14/,200 indexable self-canonical,200 indexable self-canonical,high location / low entity,high entity / low location,high,2026-06-14,KEEP_404,high,Both plausible targets preserve only one dimension of the original intent; no single exact target exists.
https://ร้านรับซื้อโน๊ตบุ๊ค.com/รับซื้อโน๊ตบุ๊ค/พระราม2/surface-book/,พระราม2,surface-book,https://ร้านรับซื้อโน๊ตบุ๊ค.com/รับซื้อโน๊ตบุ๊ค/พระราม2/,https://ร้านรับซื้อโน๊ตบุ๊ค.com/รับซื้อโน๊ตบุ๊ค/surface-book/,200 indexable self-canonical,200 indexable self-canonical,high location / low entity,high entity / low location,high,2026-06-14,KEEP_404,high,Both plausible targets preserve only one dimension of the original intent; no single exact target exists.
https://ร้านรับซื้อโน๊ตบุ๊ค.com/รับซื้อโน๊ตบุ๊ค/ระนอง/กล้องเสีย/,ระนอง,กล้องเสีย,https://ร้านรับซื้อโน๊ตบุ๊ค.com/รับซื้อโน๊ตบุ๊ค/ระนอง/,https://ร้านรับซื้อโน๊ตบุ๊ค.com/รับซื้อโน๊ตบุ๊ค/กล้องเสีย/,200 indexable self-canonical,200 indexable self-canonical,high location / low entity,high entity / low location,high,2026-06-14,KEEP_404,high,Both plausible targets preserve only one dimension of the original intent; no single exact target exists.
https://ร้านรับซื้อโน๊ตบุ๊ค.com/รับซื้อโน๊ตบุ๊ค/แม่ฮ่องสอน/บอดี้แตก/,แม่ฮ่องสอน,บอดี้แตก,https://ร้านรับซื้อโน๊ตบุ๊ค.com/รับซื้อโน๊ตบุ๊ค/แม่ฮ่องสอน/,https://ร้านรับซื้อโน๊ตบุ๊ค.com/รับซื้อโน๊ตบุ๊ค/บอดี้แตก/,200 indexable self-canonical,200 indexable self-canonical,high location / low entity,high entity / low location,high,2026-06-14,KEEP_404,high,Both plausible targets preserve only one dimension of the original intent; no single exact target exists.
https://ร้านรับซื้อโน๊ตบุ๊ค.com/รับซื้อโน๊ตบุ๊ค/พระราม2/macbook-pro-14/,พระราม2,macbook-pro-14,https://ร้านรับซื้อโน๊ตบุ๊ค.com/รับซื้อโน๊ตบุ๊ค/พระราม2/,https://ร้านรับซื้อโน๊ตบุ๊ค.com/รับซื้อโน๊ตบุ๊ค/macbook-pro-14/,200 indexable self-canonical,200 indexable self-canonical,high location / low entity,high entity / low location,high,2026-06-14,KEEP_404,high,Both plausible targets preserve only one dimension of the original intent; no single exact target exists.
https://ร้านรับซื้อโน๊ตบุ๊ค.com/รับซื้อโน๊ตบุ๊ค/พัทลุง/acer-travelmate/,พัทลุง,acer-travelmate,https://ร้านรับซื้อโน๊ตบุ๊ค.com/รับซื้อโน๊ตบุ๊ค/พัทลุง/,https://ร้านรับซื้อโน๊ตบุ๊ค.com/รับซื้อโน๊ตบุ๊ค/acer-travelmate/,200 indexable self-canonical,200 indexable self-canonical,high location / low entity,high entity / low location,high,2026-06-14,KEEP_404,high,Both plausible targets preserve only one dimension of the original intent; no single exact target exists.
https://ร้านรับซื้อโน๊ตบุ๊ค.com/รับซื้อโน๊ตบุ๊ค/อุบลราชธานี/asus-rog-ally-x/,อุบลราชธานี,asus-rog-ally-x,https://ร้านรับซื้อโน๊ตบุ๊ค.com/รับซื้อโน๊ตบุ๊ค/อุบลราชธานี/,https://ร้านรับซื้อโน๊ตบุ๊ค.com/รับซื้อโน๊ตบุ๊ค/asus-rog-ally-x/,200 indexable self-canonical,200 indexable self-canonical,high location / low entity,high entity / low location,high,2026-06-14,KEEP_404,high,Both plausible targets preserve only one dimension of the original intent; no single exact target exists.
https://ร้านรับซื้อโน๊ตบุ๊ค.com/รับซื้อโน๊ตบุ๊ค/ตราด/asus-zephyrus/,ตราด,asus-zephyrus,https://ร้านรับซื้อโน๊ตบุ๊ค.com/รับซื้อโน๊ตบุ๊ค/ตราด/,https://ร้านรับซื้อโน๊ตบุ๊ค.com/รับซื้อโน๊ตบุ๊ค/asus-zephyrus/,200 indexable self-canonical,200 indexable self-canonical,high location / low entity,high entity / low location,high,2026-06-14,KEEP_404,high,Both plausible targets preserve only one dimension of the original intent; no single exact target exists.
https://ร้านรับซื้อโน๊ตบุ๊ค.com/รับซื้อโน๊ตบุ๊ค/กำแพงเพชร/macbook-no-box-no-receipt/,กำแพงเพชร,macbook-no-box-no-receipt,https://ร้านรับซื้อโน๊ตบุ๊ค.com/รับซื้อโน๊ตบุ๊ค/กำแพงเพชร/,https://ร้านรับซื้อโน๊ตบุ๊ค.com/รับซื้อโน๊ตบุ๊ค/macbook-no-box-no-receipt/,200 indexable self-canonical,200 indexable self-canonical,high location / low entity,high entity / low location,high,2026-06-14,KEEP_404,high,Both plausible targets preserve only one dimension of the original intent; no single exact target exists.
https://ร้านรับซื้อโน๊ตบุ๊ค.com/รับซื้อโน๊ตบุ๊ค/นครศรีธรรมราช/macbook-air-m5/,นครศรีธรรมราช,macbook-air-m5,https://ร้านรับซื้อโน๊ตบุ๊ค.com/รับซื้อโน๊ตบุ๊ค/นครศรีธรรมราช/,https://ร้านรับซื้อโน๊ตบุ๊ค.com/รับซื้อโน๊ตบุ๊ค/macbook-air-m5/,200 indexable self-canonical,200 indexable self-canonical,high location / low entity,high entity / low location,high,2026-06-14,KEEP_404,high,Both plausible targets preserve only one dimension of the original intent; no single exact target exists.
https://ร้านรับซื้อโน๊ตบุ๊ค.com/รับซื้อโน๊ตบุ๊ค/พิจิตร/msi-katana-15/,พิจิตร,msi-katana-15,https://ร้านรับซื้อโน๊ตบุ๊ค.com/รับซื้อโน๊ตบุ๊ค/พิจิตร/,https://ร้านรับซื้อโน๊ตบุ๊ค.com/รับซื้อโน๊ตบุ๊ค/msi-katana-15/,200 indexable self-canonical,200 indexable self-canonical,high location / low entity,high entity / low location,high,2026-06-14,KEEP_404,high,Both plausible targets preserve only one dimension of the original intent; no single exact target exists.
https://ร้านรับซื้อโน๊ตบุ๊ค.com/รับซื้อโน๊ตบุ๊ค/ภูเก็ต/lenovo-thinkbook/,ภูเก็ต,lenovo-thinkbook,https://ร้านรับซื้อโน๊ตบุ๊ค.com/รับซื้อโน๊ตบุ๊ค/ภูเก็ต/,https://ร้านรับซื้อโน๊ตบุ๊ค.com/รับซื้อโน๊ตบุ๊ค/lenovo-thinkbook/,200 indexable self-canonical,200 indexable self-canonical,high location / low entity,high entity / low location,high,2026-06-14,KEEP_404,high,Both plausible targets preserve only one dimension of the original intent; no single exact target exists.
https://ร้านรับซื้อโน๊ตบุ๊ค.com/รับซื้อโน๊ตบุ๊ค/เชียงใหม่/surface-laptop/,เชียงใหม่,surface-laptop,https://ร้านรับซื้อโน๊ตบุ๊ค.com/รับซื้อโน๊ตบุ๊ค/เชียงใหม่/,https://ร้านรับซื้อโน๊ตบุ๊ค.com/รับซื้อโน๊ตบุ๊ค/surface-laptop/,200 indexable self-canonical,200 indexable self-canonical,high location / low entity,high entity / low location,high,2026-06-14,KEEP_404,high,Both plausible targets preserve only one dimension of the original intent; no single exact target exists.
https://ร้านรับซื้อโน๊ตบุ๊ค.com/รับซื้อโน๊ตบุ๊ค/ชัยภูมิ/macbook-pro-m5/,ชัยภูมิ,macbook-pro-m5,https://ร้านรับซื้อโน๊ตบุ๊ค.com/รับซื้อโน๊ตบุ๊ค/ชัยภูมิ/,https://ร้านรับซื้อโน๊ตบุ๊ค.com/รับซื้อโน๊ตบุ๊ค/macbook-pro-m5/,200 indexable self-canonical,200 indexable self-canonical,high location / low entity,high entity / low location,high,2026-06-14,KEEP_404,high,Both plausible targets preserve only one dimension of the original intent; no single exact target exists.
https://ร้านรับซื้อโน๊ตบุ๊ค.com/รับซื้อโน๊ตบุ๊ค/อยุธยา/macbook-screen-crack/,อยุธยา,macbook-screen-crack,https://ร้านรับซื้อโน๊ตบุ๊ค.com/รับซื้อโน๊ตบุ๊ค/อยุธยา/,https://ร้านรับซื้อโน๊ตบุ๊ค.com/รับซื้อโน๊ตบุ๊ค/macbook-screen-crack/,200 indexable self-canonical,200 indexable self-canonical,high location / low entity,high entity / low location,high,2026-06-14,KEEP_404,high,Both plausible targets preserve only one dimension of the original intent; no single exact target exists.
https://ร้านรับซื้อโน๊ตบุ๊ค.com/รับซื้อโน๊ตบุ๊ค/นครสวรรค์/msi-vector-16-hx/,นครสวรรค์,msi-vector-16-hx,https://ร้านรับซื้อโน๊ตบุ๊ค.com/รับซื้อโน๊ตบุ๊ค/นครสวรรค์/,https://ร้านรับซื้อโน๊ตบุ๊ค.com/รับซื้อโน๊ตบุ๊ค/msi-vector-16-hx/,200 indexable self-canonical,200 indexable self-canonical,high location / low entity,high entity / low location,high,2026-06-14,KEEP_404,high,Both plausible targets preserve only one dimension of the original intent; no single exact target exists.
https://ร้านรับซื้อโน๊ตบุ๊ค.com/รับซื้อโน๊ตบุ๊ค/ศรีสะเกษ/macbook-pro-m5/,ศรีสะเกษ,macbook-pro-m5,https://ร้านรับซื้อโน๊ตบุ๊ค.com/รับซื้อโน๊ตบุ๊ค/ศรีสะเกษ/,https://ร้านรับซื้อโน๊ตบุ๊ค.com/รับซื้อโน๊ตบุ๊ค/macbook-pro-m5/,200 indexable self-canonical,200 indexable self-canonical,high location / low entity,high entity / low location,high,2026-06-14,KEEP_404,high,Both plausible targets preserve only one dimension of the original intent; no single exact target exists.
https://ร้านรับซื้อโน๊ตบุ๊ค.com/รับซื้อโน๊ตบุ๊ค/น่าน/hp-probook/,น่าน,hp-probook,https://ร้านรับซื้อโน๊ตบุ๊ค.com/รับซื้อโน๊ตบุ๊ค/น่าน/,https://ร้านรับซื้อโน๊ตบุ๊ค.com/รับซื้อโน๊ตบุ๊ค/hp-probook/,200 indexable self-canonical,200 indexable self-canonical,high location / low entity,high entity / low location,high,2026-06-14,KEEP_404,high,Both plausible targets preserve only one dimension of the original intent; no single exact target exists.
https://ร้านรับซื้อโน๊ตบุ๊ค.com/รับซื้อโน๊ตบุ๊ค/สมุทรสาคร/macbook-air-m4/,สมุทรสาคร,macbook-air-m4,https://ร้านรับซื้อโน๊ตบุ๊ค.com/รับซื้อโน๊ตบุ๊ค/สมุทรสาคร/,https://ร้านรับซื้อโน๊ตบุ๊ค.com/รับซื้อโน๊ตบุ๊ค/macbook-air-m4/,200 indexable self-canonical,200 indexable self-canonical,high location / low entity,high entity / low location,high,2026-06-14,KEEP_404,high,Both plausible targets preserve only one dimension of the original intent; no single exact target exists.
https://ร้านรับซื้อโน๊ตบุ๊ค.com/รับซื้อโน๊ตบุ๊ค/สระแก้ว/จอไม่ติดแต่เครื่องติด/,สระแก้ว,จอไม่ติดแต่เครื่องติด,https://ร้านรับซื้อโน๊ตบุ๊ค.com/รับซื้อโน๊ตบุ๊ค/สระแก้ว/,https://ร้านรับซื้อโน๊ตบุ๊ค.com/รับซื้อโน๊ตบุ๊ค/จอไม่ติดแต่เครื่องติด/,200 indexable self-canonical,200 indexable self-canonical,high location / low entity,high entity / low location,high,2026-06-14,KEEP_404,high,Both plausible targets preserve only one dimension of the original intent; no single exact target exists.
https://ร้านรับซื้อโน๊ตบุ๊ค.com/รับซื้อโน๊ตบุ๊ค/ชลบุรี/บอดี้แตก/,ชลบุรี,บอดี้แตก,https://ร้านรับซื้อโน๊ตบุ๊ค.com/รับซื้อโน๊ตบุ๊ค/ชลบุรี/,https://ร้านรับซื้อโน๊ตบุ๊ค.com/รับซื้อโน๊ตบุ๊ค/บอดี้แตก/,200 indexable self-canonical,200 indexable self-canonical,high location / low entity,high entity / low location,high,2026-06-14,KEEP_404,high,Both plausible targets preserve only one dimension of the original intent; no single exact target exists.
https://ร้านรับซื้อโน๊ตบุ๊ค.com/รับซื้อโน๊ตบุ๊ค/บึงกาฬ/lenovo-legion-pro/,บึงกาฬ,lenovo-legion-pro,https://ร้านรับซื้อโน๊ตบุ๊ค.com/รับซื้อโน๊ตบุ๊ค/บึงกาฬ/,https://ร้านรับซื้อโน๊ตบุ๊ค.com/รับซื้อโน๊ตบุ๊ค/lenovo-legion-pro/,200 indexable self-canonical,200 indexable self-canonical,high location / low entity,high entity / low location,high,2026-06-14,KEEP_404,high,Both plausible targets preserve only one dimension of the original intent; no single exact target exists.
https://ร้านรับซื้อโน๊ตบุ๊ค.com/รับซื้อโน๊ตบุ๊ค/ระนอง/acer-nitro-16/,ระนอง,acer-nitro-16,https://ร้านรับซื้อโน๊ตบุ๊ค.com/รับซื้อโน๊ตบุ๊ค/ระนอง/,https://ร้านรับซื้อโน๊ตบุ๊ค.com/รับซื้อโน๊ตบุ๊ค/acer-nitro-16/,200 indexable self-canonical,200 indexable self-canonical,high location / low entity,high entity / low location,high,2026-06-14,KEEP_404,high,Both plausible targets preserve only one dimension of the original intent; no single exact target exists.
https://ร้านรับซื้อโน๊ตบุ๊ค.com/รับซื้อโน๊ตบุ๊ค/นครนายก/dell-xps-13-15/,นครนายก,dell-xps-13-15,https://ร้านรับซื้อโน๊ตบุ๊ค.com/รับซื้อโน๊ตบุ๊ค/นครนายก/,https://ร้านรับซื้อโน๊ตบุ๊ค.com/รับซื้อโน๊ตบุ๊ค/dell-xps-13-15/,200 indexable self-canonical,200 indexable self-canonical,high location / low entity,high entity / low location,high,2026-06-14,KEEP_404,high,Both plausible targets preserve only one dimension of the original intent; no single exact target exists.
https://ร้านรับซื้อโน๊ตบุ๊ค.com/รับซื้อโน๊ตบุ๊ค/เชียงใหม่/macbook-pro-16/,เชียงใหม่,macbook-pro-16,https://ร้านรับซื้อโน๊ตบุ๊ค.com/รับซื้อโน๊ตบุ๊ค/เชียงใหม่/,https://ร้านรับซื้อโน๊ตบุ๊ค.com/รับซื้อโน๊ตบุ๊ค/macbook-pro-16/,200 indexable self-canonical,200 indexable self-canonical,high location / low entity,high entity / low location,high,2026-06-14,KEEP_404,high,Both plausible targets preserve only one dimension of the original intent; no single exact target exists.
https://ร้านรับซื้อโน๊ตบุ๊ค.com/รับซื้อโน๊ตบุ๊ค/แพร่/macbook-battery-health/,แพร่,macbook-battery-health,https://ร้านรับซื้อโน๊ตบุ๊ค.com/รับซื้อโน๊ตบุ๊ค/แพร่/,https://ร้านรับซื้อโน๊ตบุ๊ค.com/รับซื้อโน๊ตบุ๊ค/macbook-battery-health/,200 indexable self-canonical,200 indexable self-canonical,high location / low entity,high entity / low location,high,2026-06-14,KEEP_404,high,Both plausible targets preserve only one dimension of the original intent; no single exact target exists.
https://ร้านรับซื้อโน๊ตบุ๊ค.com/รับซื้อโน๊ตบุ๊ค/ขอนแก่น/macbook-air-15/,ขอนแก่น,macbook-air-15,https://ร้านรับซื้อโน๊ตบุ๊ค.com/รับซื้อโน๊ตบุ๊ค/ขอนแก่น/,https://ร้านรับซื้อโน๊ตบุ๊ค.com/รับซื้อโน๊ตบุ๊ค/macbook-air-15/,200 indexable self-canonical,200 indexable self-canonical,high location / low entity,high entity / low location,high,2026-06-14,KEEP_404,high,Both plausible targets preserve only one dimension of the original intent; no single exact target exists.
https://ร้านรับซื้อโน๊ตบุ๊ค.com/รับซื้อโน๊ตบุ๊ค/ตรัง/macbook-pro-16/,ตรัง,macbook-pro-16,https://ร้านรับซื้อโน๊ตบุ๊ค.com/รับซื้อโน๊ตบุ๊ค/ตรัง/,https://ร้านรับซื้อโน๊ตบุ๊ค.com/รับซื้อโน๊ตบุ๊ค/macbook-pro-16/,200 indexable self-canonical,200 indexable self-canonical,high location / low entity,high entity / low location,high,2026-06-14,KEEP_404,high,Both plausible targets preserve only one dimension of the original intent; no single exact target exists.
https://ร้านรับซื้อโน๊ตบุ๊ค.com/รับซื้อโน๊ตบุ๊ค/น่าน/acer-predator-triton/,น่าน,acer-predator-triton,https://ร้านรับซื้อโน๊ตบุ๊ค.com/รับซื้อโน๊ตบุ๊ค/น่าน/,https://ร้านรับซื้อโน๊ตบุ๊ค.com/รับซื้อโน๊ตบุ๊ค/acer-predator-triton/,200 indexable self-canonical,200 indexable self-canonical,high location / low entity,high entity / low location,high,2026-06-14,KEEP_404,high,Both plausible targets preserve only one dimension of the original intent; no single exact target exists.
https://ร้านรับซื้อโน๊ตบุ๊ค.com/รับซื้อโน๊ตบุ๊ค/อุตรดิตถ์/hp-spectre-x360/,อุตรดิตถ์,hp-spectre-x360,https://ร้านรับซื้อโน๊ตบุ๊ค.com/รับซื้อโน๊ตบุ๊ค/อุตรดิตถ์/,https://ร้านรับซื้อโน๊ตบุ๊ค.com/รับซื้อโน๊ตบุ๊ค/hp-spectre-x360/,200 indexable self-canonical,200 indexable self-canonical,high location / low entity,high entity / low location,high,2026-06-14,KEEP_404,high,Both plausible targets preserve only one dimension of the original intent; no single exact target exists.
https://ร้านรับซื้อโน๊ตบุ๊ค.com/รับซื้อโน๊ตบุ๊ค/แม่ฮ่องสอน/razer/,แม่ฮ่องสอน,razer,https://ร้านรับซื้อโน๊ตบุ๊ค.com/รับซื้อโน๊ตบุ๊ค/แม่ฮ่องสอน/,https://ร้านรับซื้อโน๊ตบุ๊ค.com/รับซื้อโน๊ตบุ๊ค/razer/,200 indexable self-canonical,200 indexable self-canonical,high location / low entity,high entity / low location,high,2026-06-14,KEEP_404,high,Both plausible targets preserve only one dimension of the original intent; no single exact target exists.
https://ร้านรับซื้อโน๊ตบุ๊ค.com/รับซื้อโน๊ตบุ๊ค/กาฬสินธุ์/msi-vector-16-hx/,กาฬสินธุ์,msi-vector-16-hx,https://ร้านรับซื้อโน๊ตบุ๊ค.com/รับซื้อโน๊ตบุ๊ค/กาฬสินธุ์/,https://ร้านรับซื้อโน๊ตบุ๊ค.com/รับซื้อโน๊ตบุ๊ค/msi-vector-16-hx/,200 indexable self-canonical,200 indexable self-canonical,high location / low entity,high entity / low location,high,2026-06-14,KEEP_404,high,Both plausible targets preserve only one dimension of the original intent; no single exact target exists.
https://ร้านรับซื้อโน๊ตบุ๊ค.com/รับซื้อโน๊ตบุ๊ค/สตูล/hp-omen-17/,สตูล,hp-omen-17,https://ร้านรับซื้อโน๊ตบุ๊ค.com/รับซื้อโน๊ตบุ๊ค/สตูล/,https://ร้านรับซื้อโน๊ตบุ๊ค.com/รับซื้อโน๊ตบุ๊ค/hp-omen-17/,200 indexable self-canonical,200 indexable self-canonical,high location / low entity,high entity / low location,high,2026-06-14,KEEP_404,high,Both plausible targets preserve only one dimension of the original intent; no single exact target exists.
https://ร้านรับซื้อโน๊ตบุ๊ค.com/รับซื้อโน๊ตบุ๊ค/ชัยนาท/thinkpad-x1-carbon/,ชัยนาท,thinkpad-x1-carbon,https://ร้านรับซื้อโน๊ตบุ๊ค.com/รับซื้อโน๊ตบุ๊ค/ชัยนาท/,https://ร้านรับซื้อโน๊ตบุ๊ค.com/รับซื้อโน๊ตบุ๊ค/thinkpad-x1-carbon/,200 indexable self-canonical,200 indexable self-canonical,high location / low entity,high entity / low location,high,2026-06-14,KEEP_404,high,Both plausible targets preserve only one dimension of the original intent; no single exact target exists.
https://ร้านรับซื้อโน๊ตบุ๊ค.com/รับซื้อโน๊ตบุ๊ค/ราชบุรี/ฝาหลังบวม/,ราชบุรี,ฝาหลังบวม,https://ร้านรับซื้อโน๊ตบุ๊ค.com/รับซื้อโน๊ตบุ๊ค/ราชบุรี/,https://ร้านรับซื้อโน๊ตบุ๊ค.com/รับซื้อโน๊ตบุ๊ค/ฝาหลังบวม/,200 indexable self-canonical,200 indexable self-canonical,high location / low entity,high entity / low location,high,2026-06-14,KEEP_404,high,Both plausible targets preserve only one dimension of the original intent; no single exact target exists.
https://ร้านรับซื้อโน๊ตบุ๊ค.com/รับซื้อโน๊ตบุ๊ค/บางนา/surface-laptop-go/,บางนา,surface-laptop-go,https://ร้านรับซื้อโน๊ตบุ๊ค.com/รับซื้อโน๊ตบุ๊ค/บางนา/,https://ร้านรับซื้อโน๊ตบุ๊ค.com/รับซื้อโน๊ตบุ๊ค/surface-laptop-go/,200 indexable self-canonical,200 indexable self-canonical,high location / low entity,high entity / low location,high,2026-06-14,KEEP_404,high,Both plausible targets preserve only one dimension of the original intent; no single exact target exists.
https://ร้านรับซื้อโน๊ตบุ๊ค.com/รับซื้อโน๊ตบุ๊ค/นครศรีธรรมราช/จอมีเส้น/,นครศรีธรรมราช,จอมีเส้น,https://ร้านรับซื้อโน๊ตบุ๊ค.com/รับซื้อโน๊ตบุ๊ค/นครศรีธรรมราช/,https://ร้านรับซื้อโน๊ตบุ๊ค.com/รับซื้อโน๊ตบุ๊ค/จอมีเส้น/,200 indexable self-canonical,200 indexable self-canonical,high location / low entity,high entity / low location,high,2026-06-14,KEEP_404,high,Both plausible targets preserve only one dimension of the original intent; no single exact target exists.
https://ร้านรับซื้อโน๊ตบุ๊ค.com/รับซื้อโน๊ตบุ๊ค/ยโสธร/hp-pavilion/,ยโสธร,hp-pavilion,https://ร้านรับซื้อโน๊ตบุ๊ค.com/รับซื้อโน๊ตบุ๊ค/ยโสธร/,https://ร้านรับซื้อโน๊ตบุ๊ค.com/รับซื้อโน๊ตบุ๊ค/hp-pavilion/,200 indexable self-canonical,200 indexable self-canonical,high location / low entity,high entity / low location,high,2026-06-14,KEEP_404,high,Both plausible targets preserve only one dimension of the original intent; no single exact target exists.
https://ร้านรับซื้อโน๊ตบุ๊ค.com/รับซื้อโน๊ตบุ๊ค/กรุงเทพ/msi-modern/,กรุงเทพ,msi-modern,https://ร้านรับซื้อโน๊ตบุ๊ค.com/รับซื้อโน๊ตบุ๊ค/กรุงเทพ/,https://ร้านรับซื้อโน๊ตบุ๊ค.com/รับซื้อโน๊ตบุ๊ค/msi-modern/,200 indexable self-canonical,200 indexable self-canonical,high location / low entity,high entity / low location,high,2026-06-14,KEEP_404,high,Both plausible targets preserve only one dimension of the original intent; no single exact target exists.
https://ร้านรับซื้อโน๊ตบุ๊ค.com/รับซื้อโน๊ตบุ๊ค/แพร่/รีสตาร์ทเอง/,แพร่,รีสตาร์ทเอง,https://ร้านรับซื้อโน๊ตบุ๊ค.com/รับซื้อโน๊ตบุ๊ค/แพร่/,https://ร้านรับซื้อโน๊ตบุ๊ค.com/รับซื้อโน๊ตบุ๊ค/รีสตาร์ทเอง/,200 indexable self-canonical,200 indexable self-canonical,high location / low entity,high entity / low location,high,2026-06-14,KEEP_404,high,Both plausible targets preserve only one dimension of the original intent; no single exact target exists.
https://ร้านรับซื้อโน๊ตบุ๊ค.com/รับซื้อโน๊ตบุ๊ค/กำแพงเพชร/hp-omen-transcend/,กำแพงเพชร,hp-omen-transcend,https://ร้านรับซื้อโน๊ตบุ๊ค.com/รับซื้อโน๊ตบุ๊ค/กำแพงเพชร/,https://ร้านรับซื้อโน๊ตบุ๊ค.com/รับซื้อโน๊ตบุ๊ค/hp-omen-transcend/,200 indexable self-canonical,200 indexable self-canonical,high location / low entity,high entity / low location,high,2026-06-14,KEEP_404,high,Both plausible targets preserve only one dimension of the original intent; no single exact target exists.
https://ร้านรับซื้อโน๊ตบุ๊ค.com/รับซื้อโน๊ตบุ๊ค/แม่ฮ่องสอน/acer-travelmate/,แม่ฮ่องสอน,acer-travelmate,https://ร้านรับซื้อโน๊ตบุ๊ค.com/รับซื้อโน๊ตบุ๊ค/แม่ฮ่องสอน/,https://ร้านรับซื้อโน๊ตบุ๊ค.com/รับซื้อโน๊ตบุ๊ค/acer-travelmate/,200 indexable self-canonical,200 indexable self-canonical,high location / low entity,high entity / low location,high,2026-06-14,KEEP_404,high,Both plausible targets preserve only one dimension of the original intent; no single exact target exists.
https://ร้านรับซื้อโน๊ตบุ๊ค.com/รับซื้อโน๊ตบุ๊ค/นครพนม/surface-book/,นครพนม,surface-book,https://ร้านรับซื้อโน๊ตบุ๊ค.com/รับซื้อโน๊ตบุ๊ค/นครพนม/,https://ร้านรับซื้อโน๊ตบุ๊ค.com/รับซื้อโน๊ตบุ๊ค/surface-book/,200 indexable self-canonical,200 indexable self-canonical,high location / low entity,high entity / low location,high,2026-06-14,KEEP_404,high,Both plausible targets preserve only one dimension of the original intent; no single exact target exists.
https://ร้านรับซื้อโน๊ตบุ๊ค.com/รับซื้อโน๊ตบุ๊ค/มหาสารคาม/hp-envy-x360/,มหาสารคาม,hp-envy-x360,https://ร้านรับซื้อโน๊ตบุ๊ค.com/รับซื้อโน๊ตบุ๊ค/มหาสารคาม/,https://ร้านรับซื้อโน๊ตบุ๊ค.com/รับซื้อโน๊ตบุ๊ค/hp-envy-x360/,200 indexable self-canonical,200 indexable self-canonical,high location / low entity,high entity / low location,high,2026-06-14,KEEP_404,high,Both plausible targets preserve only one dimension of the original intent; no single exact target exists.
https://ร้านรับซื้อโน๊ตบุ๊ค.com/รับซื้อโน๊ตบุ๊ค/ระยอง/macbook-air-m5/,ระยอง,macbook-air-m5,https://ร้านรับซื้อโน๊ตบุ๊ค.com/รับซื้อโน๊ตบุ๊ค/ระยอง/,https://ร้านรับซื้อโน๊ตบุ๊ค.com/รับซื้อโน๊ตบุ๊ค/macbook-air-m5/,200 indexable self-canonical,200 indexable self-canonical,high location / low entity,high entity / low location,high,2026-06-14,KEEP_404,high,Both plausible targets preserve only one dimension of the original intent; no single exact target exists.
https://ร้านรับซื้อโน๊ตบุ๊ค.com/รับซื้อโน๊ตบุ๊ค/ระยอง/hp-victus-17/,ระยอง,hp-victus-17,https://ร้านรับซื้อโน๊ตบุ๊ค.com/รับซื้อโน๊ตบุ๊ค/ระยอง/,https://ร้านรับซื้อโน๊ตบุ๊ค.com/รับซื้อโน๊ตบุ๊ค/hp-victus-17/,200 indexable self-canonical,200 indexable self-canonical,high location / low entity,high entity / low location,high,2026-06-14,KEEP_404,high,Both plausible targets preserve only one dimension of the original intent; no single exact target exists.
https://ร้านรับซื้อโน๊ตบุ๊ค.com/รับซื้อโน๊ตบุ๊ค/ร้อยเอ็ด/macbook-pro-m1/,ร้อยเอ็ด,macbook-pro-m1,https://ร้านรับซื้อโน๊ตบุ๊ค.com/รับซื้อโน๊ตบุ๊ค/ร้อยเอ็ด/,https://ร้านรับซื้อโน๊ตบุ๊ค.com/รับซื้อโน๊ตบุ๊ค/macbook-pro-m1/,200 indexable self-canonical,200 indexable self-canonical,high location / low entity,high entity / low location,high,2026-06-14,KEEP_404,high,Both plausible targets preserve only one dimension of the original intent; no single exact target exists.
https://ร้านรับซื้อโน๊ตบุ๊ค.com/รับซื้อโน๊ตบุ๊ค/ระนอง/asus-zephyrus-g16/,ระนอง,asus-zephyrus-g16,https://ร้านรับซื้อโน๊ตบุ๊ค.com/รับซื้อโน๊ตบุ๊ค/ระนอง/,https://ร้านรับซื้อโน๊ตบุ๊ค.com/รับซื้อโน๊ตบุ๊ค/asus-zephyrus-g16/,200 indexable self-canonical,200 indexable self-canonical,high location / low entity,high entity / low location,high,2026-06-14,KEEP_404,high,Both plausible targets preserve only one dimension of the original intent; no single exact target exists.
https://ร้านรับซื้อโน๊ตบุ๊ค.com/รับซื้อโน๊ตบุ๊ค/เชียงใหม่/ค้างบ่อย/,เชียงใหม่,ค้างบ่อย,https://ร้านรับซื้อโน๊ตบุ๊ค.com/รับซื้อโน๊ตบุ๊ค/เชียงใหม่/,https://ร้านรับซื้อโน๊ตบุ๊ค.com/รับซื้อโน๊ตบุ๊ค/ค้างบ่อย/,200 indexable self-canonical,200 indexable self-canonical,high location / low entity,high entity / low location,high,2026-06-14,KEEP_404,high,Both plausible targets preserve only one dimension of the original intent; no single exact target exists.
https://ร้านรับซื้อโน๊ตบุ๊ค.com/รับซื้อโน๊ตบุ๊ค/ชัยนาท/thinkpad-t14/,ชัยนาท,thinkpad-t14,https://ร้านรับซื้อโน๊ตบุ๊ค.com/รับซื้อโน๊ตบุ๊ค/ชัยนาท/,https://ร้านรับซื้อโน๊ตบุ๊ค.com/รับซื้อโน๊ตบุ๊ค/thinkpad-t14/,200 indexable self-canonical,200 indexable self-canonical,high location / low entity,high entity / low location,high,2026-06-14,KEEP_404,high,Both plausible targets preserve only one dimension of the original intent; no single exact target exists.
https://ร้านรับซื้อโน๊ตบุ๊ค.com/รับซื้อโน๊ตบุ๊ค/นครปฐม/บอดี้แตก/,นครปฐม,บอดี้แตก,https://ร้านรับซื้อโน๊ตบุ๊ค.com/รับซื้อโน๊ตบุ๊ค/นครปฐม/,https://ร้านรับซื้อโน๊ตบุ๊ค.com/รับซื้อโน๊ตบุ๊ค/บอดี้แตก/,200 indexable self-canonical,200 indexable self-canonical,high location / low entity,high entity / low location,high,2026-06-14,KEEP_404,high,Both plausible targets preserve only one dimension of the original intent; no single exact target exists.
https://ร้านรับซื้อโน๊ตบุ๊ค.com/รับซื้อโน๊ตบุ๊ค/มุกดาหาร/dell-xps-13-15/,มุกดาหาร,dell-xps-13-15,https://ร้านรับซื้อโน๊ตบุ๊ค.com/รับซื้อโน๊ตบุ๊ค/มุกดาหาร/,https://ร้านรับซื้อโน๊ตบุ๊ค.com/รับซื้อโน๊ตบุ๊ค/dell-xps-13-15/,200 indexable self-canonical,200 indexable self-canonical,high location / low entity,high entity / low location,high,2026-06-14,KEEP_404,high,Both plausible targets preserve only one dimension of the original intent; no single exact target exists.
https://ร้านรับซื้อโน๊ตบุ๊ค.com/รับซื้อโน๊ตบุ๊ค/สตูล/จอฟ้า/,สตูล,จอฟ้า,https://ร้านรับซื้อโน๊ตบุ๊ค.com/รับซื้อโน๊ตบุ๊ค/สตูล/,https://ร้านรับซื้อโน๊ตบุ๊ค.com/รับซื้อโน๊ตบุ๊ค/จอฟ้า/,200 indexable self-canonical,200 indexable self-canonical,high location / low entity,high entity / low location,high,2026-06-14,KEEP_404,high,Both plausible targets preserve only one dimension of the original intent; no single exact target exists.
https://ร้านรับซื้อโน๊ตบุ๊ค.com/รับซื้อโน๊ตบุ๊ค/สตูล/macbook-pro-m1/,สตูล,macbook-pro-m1,https://ร้านรับซื้อโน๊ตบุ๊ค.com/รับซื้อโน๊ตบุ๊ค/สตูล/,https://ร้านรับซื้อโน๊ตบุ๊ค.com/รับซื้อโน๊ตบุ๊ค/macbook-pro-m1/,200 indexable self-canonical,200 indexable self-canonical,high location / low entity,high entity / low location,high,2026-06-14,KEEP_404,high,Both plausible targets preserve only one dimension of the original intent; no single exact target exists.
https://ร้านรับซื้อโน๊ตบุ๊ค.com/รับซื้อโน๊ตบุ๊ค/นครปฐม/พอร์ตแลนเสีย/,นครปฐม,พอร์ตแลนเสีย,https://ร้านรับซื้อโน๊ตบุ๊ค.com/รับซื้อโน๊ตบุ๊ค/นครปฐม/,https://ร้านรับซื้อโน๊ตบุ๊ค.com/รับซื้อโน๊ตบุ๊ค/พอร์ตแลนเสีย/,200 indexable self-canonical,200 indexable self-canonical,high location / low entity,high entity / low location,high,2026-06-14,KEEP_404,high,Both plausible targets preserve only one dimension of the original intent; no single exact target exists.
https://ร้านรับซื้อโน๊ตบุ๊ค.com/รับซื้อโน๊ตบุ๊ค/พังงา/ทัชแพดเสีย/,พังงา,ทัชแพดเสีย,https://ร้านรับซื้อโน๊ตบุ๊ค.com/รับซื้อโน๊ตบุ๊ค/พังงา/,https://ร้านรับซื้อโน๊ตบุ๊ค.com/รับซื้อโน๊ตบุ๊ค/ทัชแพดเสีย/,200 indexable self-canonical,200 indexable self-canonical,high location / low entity,high entity / low location,high,2026-06-14,KEEP_404,high,Both plausible targets preserve only one dimension of the original intent; no single exact target exists.
https://ร้านรับซื้อโน๊ตบุ๊ค.com/รับซื้อโน๊ตบุ๊ค/ราชบุรี/alienware-m15-r7-r8/,ราชบุรี,alienware-m15-r7-r8,https://ร้านรับซื้อโน๊ตบุ๊ค.com/รับซื้อโน๊ตบุ๊ค/ราชบุรี/,https://ร้านรับซื้อโน๊ตบุ๊ค.com/รับซื้อโน๊ตบุ๊ค/alienware-m15-r7-r8/,200 indexable self-canonical,200 indexable self-canonical,high location / low entity,high entity / low location,high,2026-06-14,KEEP_404,high,Both plausible targets preserve only one dimension of the original intent; no single exact target exists.
https://ร้านรับซื้อโน๊ตบุ๊ค.com/รับซื้อโน๊ตบุ๊ค/น่าน/surface-pro/,น่าน,surface-pro,https://ร้านรับซื้อโน๊ตบุ๊ค.com/รับซื้อโน๊ตบุ๊ค/น่าน/,https://ร้านรับซื้อโน๊ตบุ๊ค.com/รับซื้อโน๊ตบุ๊ค/surface-pro/,200 indexable self-canonical,200 indexable self-canonical,high location / low entity,high entity / low location,high,2026-06-14,KEEP_404,high,Both plausible targets preserve only one dimension of the original intent; no single exact target exists.
