source_url,old_status,fresh_status,reconciliation,old_action,fresh_action,old_confidence,fresh_confidence,fresh_last_crawl,evidence
https://ร้านรับซื้อโน๊ตบุ๊ค.com/รับซื้อโน๊ตบุ๊ค/นครราชสีมา/gigabyte-aorus/,Not found (404),,missing_from_fresh_examples,KEEP_404,KEEP_404,medium,limited,,"Not present in capped 1,000-row 404 export; cannot infer removal from GSC."
https://ร้านรับซื้อโน๊ตบุ๊ค.com/รับซื้อโน๊ตบุ๊ค/สตูล/hp-victus-16/,Not found (404),,missing_from_fresh_examples,KEEP_404,KEEP_404,medium,limited,,"Not present in capped 1,000-row 404 export; cannot infer removal from GSC."
https://ร้านรับซื้อโน๊ตบุ๊ค.com/รับซื้อโน๊ตบุ๊ค/ชัยภูมิ/พอร์ต-type-c-เสีย/,Not found (404),,missing_from_fresh_examples,KEEP_404,KEEP_404,medium,limited,,"Not present in capped 1,000-row 404 export; cannot infer removal from GSC."
https://ร้านรับซื้อโน๊ตบุ๊ค.com/รับซื้อโน๊ตบุ๊ค/บึงกาฬ/acer-aspire-5/,Not found (404),,missing_from_fresh_examples,KEEP_404,KEEP_404,medium,limited,,"Not present in capped 1,000-row 404 export; cannot infer removal from GSC."
https://ร้านรับซื้อโน๊ตบุ๊ค.com/รับซื้อโน๊ตบุ๊ค/กาญจนบุรี/lenovo-legion-pro-7/,Not found (404),,missing_from_fresh_examples,KEEP_404,KEEP_404,medium,limited,,"Not present in capped 1,000-row 404 export; cannot infer removal from GSC."
https://ร้านรับซื้อโน๊ตบุ๊ค.com/รับซื้อโน๊ตบุ๊ค/อยุธยา/surface-book/,Not found (404),,missing_from_fresh_examples,KEEP_404,KEEP_404,medium,limited,,"Not present in capped 1,000-row 404 export; cannot infer removal from GSC."
https://ร้านรับซื้อโน๊ตบุ๊ค.com/รับซื้อโน๊ตบุ๊ค/อุบลราชธานี/asus-rog-flow/,Not found (404),Not found (404),same_status,KEEP_404,KEEP_404,medium,high,2026-07-03,Fresh 2026-07-30 export: Not found (404)
https://ร้านรับซื้อโน๊ตบุ๊ค.com/รับซื้อโน๊ตบุ๊ค/นครปฐม/lenovo-yoga/,Not found (404),Not found (404),same_status,KEEP_404,KEEP_404,medium,high,2026-07-04,Fresh 2026-07-30 export: Not found (404)
https://ร้านรับซื้อโน๊ตบุ๊ค.com/รับซื้อโน๊ตบุ๊ค/อุทัยธานี/hp-elitebook/,Not found (404),,missing_from_fresh_examples,KEEP_404,KEEP_404,medium,limited,,"Not present in capped 1,000-row 404 export; cannot infer removal from GSC."
https://ร้านรับซื้อโน๊ตบุ๊ค.com/รับซื้อโน๊ตบุ๊ค/สุโขทัย/asus-rog-ally-x/,Not found (404),Not found (404),same_status,KEEP_404,KEEP_404,medium,high,2026-07-04,Fresh 2026-07-30 export: Not found (404)
https://ร้านรับซื้อโน๊ตบุ๊ค.com/รับซื้อโน๊ตบุ๊ค/สุพรรณบุรี/asus-zephyrus-g14/,Not found (404),Not found (404),same_status,KEEP_404,KEEP_404,medium,high,2026-06-17,Fresh 2026-07-30 export: Not found (404)
https://ร้านรับซื้อโน๊ตบุ๊ค.com/รับซื้อโน๊ตบุ๊ค/สตูล/acer-predator-triton/,Not found (404),Not found (404),same_status,KEEP_404,KEEP_404,medium,high,2026-06-17,Fresh 2026-07-30 export: Not found (404)
https://ร้านรับซื้อโน๊ตบุ๊ค.com/รับซื้อโน๊ตบุ๊ค/หนองบัวลำภู/thinkpad-e14-e15/,Not found (404),Not found (404),same_status,KEEP_404,KEEP_404,medium,high,2026-06-17,Fresh 2026-07-30 export: Not found (404)
https://ร้านรับซื้อโน๊ตบุ๊ค.com/รับซื้อโน๊ตบุ๊ค/สกลนคร/surface-pro/,Not found (404),,missing_from_fresh_examples,KEEP_404,KEEP_404,medium,limited,,"Not present in capped 1,000-row 404 export; cannot infer removal from GSC."
https://ร้านรับซื้อโน๊ตบุ๊ค.com/รับซื้อโน๊ตบุ๊ค/นครราชสีมา/macbook-pro-m5/,Not found (404),Not found (404),same_status,KEEP_404,KEEP_404,medium,high,2026-06-17,Fresh 2026-07-30 export: Not found (404)
https://ร้านรับซื้อโน๊ตบุ๊ค.com/รับซื้อโน๊ตบุ๊ค/นครนายก/wifi-ไม่ติด/,Not found (404),Not found (404),same_status,KEEP_404,KEEP_404,medium,high,2026-06-17,Fresh 2026-07-30 export: Not found (404)
https://ร้านรับซื้อโน๊ตบุ๊ค.com/รับซื้อโน๊ตบุ๊ค/พังงา/msi-modern/,Not found (404),,missing_from_fresh_examples,KEEP_404,KEEP_404,medium,limited,,"Not present in capped 1,000-row 404 export; cannot infer removal from GSC."
https://ร้านรับซื้อโน๊ตบุ๊ค.com/รับซื้อโน๊ตบุ๊ค/กรุงเทพ/msi-stealth-16/,Not found (404),,missing_from_fresh_examples,KEEP_404,KEEP_404,medium,limited,,"Not present in capped 1,000-row 404 export; cannot infer removal from GSC."
https://ร้านรับซื้อโน๊ตบุ๊ค.com/รับซื้อโน๊ตบุ๊ค/ปัตตานี/hp-omen-16/,Not found (404),,missing_from_fresh_examples,KEEP_404,KEEP_404,medium,limited,,"Not present in capped 1,000-row 404 export; cannot infer removal from GSC."
https://ร้านรับซื้อโน๊ตบุ๊ค.com/รับซื้อโน๊ตบุ๊ค/พิษณุโลก/ssd-เสีย/,Not found (404),,missing_from_fresh_examples,KEEP_404,KEEP_404,medium,limited,,"Not present in capped 1,000-row 404 export; cannot infer removal from GSC."
https://ร้านรับซื้อโน๊ตบุ๊ค.com/รับซื้อโน๊ตบุ๊ค/พัทยา/lenovo-yoga/,Not found (404),Not found (404),same_status,KEEP_404,KEEP_404,medium,high,2026-06-17,Fresh 2026-07-30 export: Not found (404)
https://ร้านรับซื้อโน๊ตบุ๊ค.com/รับซื้อโน๊ตบุ๊ค/สงขลา/macbook-keyboard-issue/,Not found (404),Not found (404),same_status,KEEP_404,KEEP_404,medium,high,2026-06-22,Fresh 2026-07-30 export: Not found (404)
https://ร้านรับซื้อโน๊ตบุ๊ค.com/รับซื้อโน๊ตบุ๊ค/อุดรธานี/msi-cyborg-15/,Not found (404),Not found (404),same_status,KEEP_404,KEEP_404,medium,high,2026-07-04,Fresh 2026-07-30 export: Not found (404)
https://ร้านรับซื้อโน๊ตบุ๊ค.com/รับซื้อโน๊ตบุ๊ค/แม่ฮ่องสอน/huawei/,Not found (404),Not found (404),same_status,KEEP_404,KEEP_404,medium,high,2026-06-18,Fresh 2026-07-30 export: Not found (404)
https://ร้านรับซื้อโน๊ตบุ๊ค.com/รับซื้อโน๊ตบุ๊ค/ภูเก็ต/macbook-screen-crack/,Not found (404),,missing_from_fresh_examples,KEEP_404,KEEP_404,medium,limited,,"Not present in capped 1,000-row 404 export; cannot infer removal from GSC."
https://ร้านรับซื้อโน๊ตบุ๊ค.com/รับซื้อโน๊ตบุ๊ค/นราธิวาส/acer-travelmate/,Not found (404),Not found (404),same_status,KEEP_404,KEEP_404,medium,high,2026-06-16,Fresh 2026-07-30 export: Not found (404)
https://ร้านรับซื้อโน๊ตบุ๊ค.com/รับซื้อโน๊ตบุ๊ค/ตราด/asus-zenbook/,Not found (404),Not found (404),same_status,KEEP_404,KEEP_404,medium,high,2026-07-04,Fresh 2026-07-30 export: Not found (404)
https://ร้านรับซื้อโน๊ตบุ๊ค.com/รับซื้อโน๊ตบุ๊ค/มุกดาหาร/asus-vivobook/,Not found (404),,missing_from_fresh_examples,KEEP_404,KEEP_404,medium,limited,,"Not present in capped 1,000-row 404 export; cannot infer removal from GSC."
https://ร้านรับซื้อโน๊ตบุ๊ค.com/รับซื้อโน๊ตบุ๊ค/เพชรบูรณ์/alienware-m18/,Not found (404),,missing_from_fresh_examples,KEEP_404,KEEP_404,medium,limited,,"Not present in capped 1,000-row 404 export; cannot infer removal from GSC."
https://ร้านรับซื้อโน๊ตบุ๊ค.com/รับซื้อโน๊ตบุ๊ค/อุตรดิตถ์/macbook-keyboard-issue/,Not found (404),,missing_from_fresh_examples,KEEP_404,KEEP_404,medium,limited,,"Not present in capped 1,000-row 404 export; cannot infer removal from GSC."
https://ร้านรับซื้อโน๊ตบุ๊ค.com/รับซื้อโน๊ตบุ๊ค/อ่างทอง/alienware-m16/,Not found (404),Not found (404),same_status,KEEP_404,KEEP_404,medium,high,2026-07-04,Fresh 2026-07-30 export: Not found (404)
https://ร้านรับซื้อโน๊ตบุ๊ค.com/รับซื้อโน๊ตบุ๊ค/ศรีสะเกษ/ช่องหูฟังเสีย/,Not found (404),Not found (404),same_status,KEEP_404,KEEP_404,medium,high,2026-07-04,Fresh 2026-07-30 export: Not found (404)
https://ร้านรับซื้อโน๊ตบุ๊ค.com/รับซื้อโน๊ตบุ๊ค/อุทัยธานี/hp-envy-x360/,Not found (404),,missing_from_fresh_examples,KEEP_404,KEEP_404,medium,limited,,"Not present in capped 1,000-row 404 export; cannot infer removal from GSC."
https://ร้านรับซื้อโน๊ตบุ๊ค.com/รับซื้อโน๊ตบุ๊ค/กำแพงเพชร/พอร์ต-usb-เสีย/,Not found (404),,missing_from_fresh_examples,KEEP_404,KEEP_404,medium,limited,,"Not present in capped 1,000-row 404 export; cannot infer removal from GSC."
https://ร้านรับซื้อโน๊ตบุ๊ค.com/รับซื้อโน๊ตบุ๊ค/รังสิต/macbook-no-box-no-receipt/,Not found (404),Not found (404),same_status,KEEP_404,KEEP_404,medium,high,2026-07-03,Fresh 2026-07-30 export: Not found (404)
https://ร้านรับซื้อโน๊ตบุ๊ค.com/รับซื้อโน๊ตบุ๊ค/ห้วยขวาง/ssd-เสีย/,Not found (404),,missing_from_fresh_examples,KEEP_404,KEEP_404,medium,limited,,"Not present in capped 1,000-row 404 export; cannot infer removal from GSC."
https://ร้านรับซื้อโน๊ตบุ๊ค.com/รับซื้อโน๊ตบุ๊ค/ลำพูน/msi-cyborg-15/,Not found (404),,missing_from_fresh_examples,KEEP_404,KEEP_404,medium,limited,,"Not present in capped 1,000-row 404 export; cannot infer removal from GSC."
https://ร้านรับซื้อโน๊ตบุ๊ค.com/รับซื้อโน๊ตบุ๊ค/พิษณุโลก/macbook-air-15/,Not found (404),Not found (404),same_status,KEEP_404,KEEP_404,medium,high,2026-07-03,Fresh 2026-07-30 export: Not found (404)
https://ร้านรับซื้อโน๊ตบุ๊ค.com/รับซื้อโน๊ตบุ๊ค/นครปฐม/surface-pro/,Not found (404),,missing_from_fresh_examples,KEEP_404,KEEP_404,medium,limited,,"Not present in capped 1,000-row 404 export; cannot infer removal from GSC."
https://ร้านรับซื้อโน๊ตบุ๊ค.com/รับซื้อโน๊ตบุ๊ค/ลพบุรี/acer-nitro-v/,Not found (404),,missing_from_fresh_examples,KEEP_404,KEEP_404,medium,limited,,"Not present in capped 1,000-row 404 export; cannot infer removal from GSC."
https://ร้านรับซื้อโน๊ตบุ๊ค.com/รับซื้อโน๊ตบุ๊ค/บางนา/thinkpad-e14-e15/,Not found (404),Not found (404),same_status,KEEP_404,KEEP_404,medium,high,2026-06-17,Fresh 2026-07-30 export: Not found (404)
https://ร้านรับซื้อโน๊ตบุ๊ค.com/รับซื้อโน๊ตบุ๊ค/พัทลุง/macbook-air-m2/,Not found (404),Not found (404),same_status,KEEP_404,KEEP_404,medium,high,2026-07-04,Fresh 2026-07-30 export: Not found (404)
https://ร้านรับซื้อโน๊ตบุ๊ค.com/รับซื้อโน๊ตบุ๊ค/สุโขทัย/macbook-pro-m1/,Not found (404),Not found (404),same_status,KEEP_404,KEEP_404,medium,high,2026-06-17,Fresh 2026-07-30 export: Not found (404)
https://ร้านรับซื้อโน๊ตบุ๊ค.com/รับซื้อโน๊ตบุ๊ค/กรุงเทพ/พอร์ตแลนเสีย/,Not found (404),Not found (404),same_status,KEEP_404,KEEP_404,medium,high,2026-06-17,Fresh 2026-07-30 export: Not found (404)
https://ร้านรับซื้อโน๊ตบุ๊ค.com/รับซื้อโน๊ตบุ๊ค/สมุทรปราการ/บอดี้แตก/,Not found (404),Not found (404),same_status,KEEP_404,KEEP_404,medium,high,2026-07-04,Fresh 2026-07-30 export: Not found (404)
https://ร้านรับซื้อโน๊ตบุ๊ค.com/รับซื้อโน๊ตบุ๊ค/สุโขทัย/asus-zephyrus/,Not found (404),,missing_from_fresh_examples,KEEP_404,KEEP_404,medium,limited,,"Not present in capped 1,000-row 404 export; cannot infer removal from GSC."
https://ร้านรับซื้อโน๊ตบุ๊ค.com/รับซื้อโน๊ตบุ๊ค/นครสวรรค์/msi-stealth-16/,Not found (404),Not found (404),same_status,KEEP_404,KEEP_404,medium,high,2026-06-18,Fresh 2026-07-30 export: Not found (404)
https://ร้านรับซื้อโน๊ตบุ๊ค.com/รับซื้อโน๊ตบุ๊ค/หนองคาย/thinkpad-x1-carbon/,Not found (404),Not found (404),same_status,KEEP_404,KEEP_404,medium,high,2026-06-17,Fresh 2026-07-30 export: Not found (404)
https://ร้านรับซื้อโน๊ตบุ๊ค.com/รับซื้อโน๊ตบุ๊ค/ชัยภูมิ/macbook-charge-port/,Not found (404),,missing_from_fresh_examples,KEEP_404,KEEP_404,medium,limited,,"Not present in capped 1,000-row 404 export; cannot infer removal from GSC."
https://ร้านรับซื้อโน๊ตบุ๊ค.com/รับซื้อโน๊ตบุ๊ค/พิษณุโลก/macbook-mdm/,Not found (404),,missing_from_fresh_examples,KEEP_404,KEEP_404,medium,limited,,"Not present in capped 1,000-row 404 export; cannot infer removal from GSC."
https://ร้านรับซื้อโน๊ตบุ๊ค.com/รับซื้อโน๊ตบุ๊ค/ลำปาง/asus-zephyrus-g16/,Not found (404),Not found (404),same_status,KEEP_404,KEEP_404,medium,high,2026-06-17,Fresh 2026-07-30 export: Not found (404)
https://ร้านรับซื้อโน๊ตบุ๊ค.com/รับซื้อโน๊ตบุ๊ค/สกลนคร/acer-nitro-v/,Not found (404),Not found (404),same_status,KEEP_404,KEEP_404,medium,high,2026-07-04,Fresh 2026-07-30 export: Not found (404)
https://ร้านรับซื้อโน๊ตบุ๊ค.com/รับซื้อโน๊ตบุ๊ค/บางนา/macbook-mdm/,Not found (404),Not found (404),same_status,KEEP_404,KEEP_404,medium,high,2026-06-17,Fresh 2026-07-30 export: Not found (404)
https://ร้านรับซื้อโน๊ตบุ๊ค.com/รับซื้อโน๊ตบุ๊ค/สระแก้ว/surface-pro/,Not found (404),Not found (404),same_status,KEEP_404,KEEP_404,medium,high,2026-06-17,Fresh 2026-07-30 export: Not found (404)
https://ร้านรับซื้อโน๊ตบุ๊ค.com/รับซื้อโน๊ตบุ๊ค/ฉะเชิงเทรา/dell-g15-g16/,Not found (404),,missing_from_fresh_examples,KEEP_404,KEEP_404,medium,limited,,"Not present in capped 1,000-row 404 export; cannot infer removal from GSC."
https://ร้านรับซื้อโน๊ตบุ๊ค.com/รับซื้อโน๊ตบุ๊ค/ภูเก็ต/acer-predator-neo/,Not found (404),Not found (404),same_status,KEEP_404,KEEP_404,medium,high,2026-07-04,Fresh 2026-07-30 export: Not found (404)
https://ร้านรับซื้อโน๊ตบุ๊ค.com/รับซื้อโน๊ตบุ๊ค/นครราชสีมา/hp-pavilion/,Not found (404),,missing_from_fresh_examples,KEEP_404,KEEP_404,medium,limited,,"Not present in capped 1,000-row 404 export; cannot infer removal from GSC."
https://ร้านรับซื้อโน๊ตบุ๊ค.com/รับซื้อโน๊ตบุ๊ค/แม่ฮ่องสอน/macbook-pro-m1/,Not found (404),Not found (404),same_status,KEEP_404,KEEP_404,medium,high,2026-06-16,Fresh 2026-07-30 export: Not found (404)
https://ร้านรับซื้อโน๊ตบุ๊ค.com/รับซื้อโน๊ตบุ๊ค/นครสวรรค์/hp-victus-15/,Not found (404),,missing_from_fresh_examples,KEEP_404,KEEP_404,medium,limited,,"Not present in capped 1,000-row 404 export; cannot infer removal from GSC."
https://ร้านรับซื้อโน๊ตบุ๊ค.com/รับซื้อโน๊ตบุ๊ค/มหาสารคาม/macbook-battery-health/,Not found (404),,missing_from_fresh_examples,KEEP_404,KEEP_404,medium,limited,,"Not present in capped 1,000-row 404 export; cannot infer removal from GSC."
https://ร้านรับซื้อโน๊ตบุ๊ค.com/รับซื้อโน๊ตบุ๊ค/นครปฐม/lenovo-legion-slim/,Not found (404),,missing_from_fresh_examples,KEEP_404,KEEP_404,medium,limited,,"Not present in capped 1,000-row 404 export; cannot infer removal from GSC."
https://ร้านรับซื้อโน๊ตบุ๊ค.com/รับซื้อโน๊ตบุ๊ค/ชลบุรี/hdmi-เสีย/,Not found (404),,missing_from_fresh_examples,KEEP_404,KEEP_404,medium,limited,,"Not present in capped 1,000-row 404 export; cannot infer removal from GSC."
https://ร้านรับซื้อโน๊ตบุ๊ค.com/รับซื้อโน๊ตบุ๊ค/ลำพูน/macbook-mdm/,Not found (404),,missing_from_fresh_examples,KEEP_404,KEEP_404,medium,limited,,"Not present in capped 1,000-row 404 export; cannot infer removal from GSC."
https://ร้านรับซื้อโน๊ตบุ๊ค.com/รับซื้อโน๊ตบุ๊ค/กาญจนบุรี/asus-zephyrus-g16/,Not found (404),,missing_from_fresh_examples,KEEP_404,KEEP_404,medium,limited,,"Not present in capped 1,000-row 404 export; cannot infer removal from GSC."
https://ร้านรับซื้อโน๊ตบุ๊ค.com/รับซื้อโน๊ตบุ๊ค/รังสิต/macbook-mdm/,Not found (404),Not found (404),same_status,KEEP_404,KEEP_404,medium,high,2026-06-16,Fresh 2026-07-30 export: Not found (404)
https://ร้านรับซื้อโน๊ตบุ๊ค.com/รับซื้อโน๊ตบุ๊ค/ลำพูน/hp-omen-16/,Not found (404),Not found (404),same_status,KEEP_404,KEEP_404,medium,high,2026-07-03,Fresh 2026-07-30 export: Not found (404)
https://ร้านรับซื้อโน๊ตบุ๊ค.com/รับซื้อโน๊ตบุ๊ค/มุกดาหาร/lenovo-legion-5/,Not found (404),,missing_from_fresh_examples,KEEP_404,KEEP_404,medium,limited,,"Not present in capped 1,000-row 404 export; cannot infer removal from GSC."
https://ร้านรับซื้อโน๊ตบุ๊ค.com/รับซื้อโน๊ตบุ๊ค/ศรีสะเกษ/acer-nitro-17/,Not found (404),,missing_from_fresh_examples,KEEP_404,KEEP_404,medium,limited,,"Not present in capped 1,000-row 404 export; cannot infer removal from GSC."
https://ร้านรับซื้อโน๊ตบุ๊ค.com/รับซื้อโน๊ตบุ๊ค/กรุงเทพ/lg/,Not found (404),Not found (404),same_status,KEEP_404,KEEP_404,medium,high,2026-06-17,Fresh 2026-07-30 export: Not found (404)
https://ร้านรับซื้อโน๊ตบุ๊ค.com/รับซื้อโน๊ตบุ๊ค/กรุงเทพ/alienware-m15-r7-r8/,Not found (404),,missing_from_fresh_examples,KEEP_404,KEEP_404,medium,limited,,"Not present in capped 1,000-row 404 export; cannot infer removal from GSC."
https://ร้านรับซื้อโน๊ตบุ๊ค.com/รับซื้อโน๊ตบุ๊ค/หนองคาย/hp-spectre-x360/,Not found (404),,missing_from_fresh_examples,KEEP_404,KEEP_404,medium,limited,,"Not present in capped 1,000-row 404 export; cannot infer removal from GSC."
https://ร้านรับซื้อโน๊ตบุ๊ค.com/รับซื้อโน๊ตบุ๊ค/น่าน/บอดี้แตก/,Not found (404),Not found (404),same_status,KEEP_404,KEEP_404,medium,high,2026-06-16,Fresh 2026-07-30 export: Not found (404)
https://ร้านรับซื้อโน๊ตบุ๊ค.com/รับซื้อโน๊ตบุ๊ค/ราชบุรี/macbook-mdm/,Not found (404),,missing_from_fresh_examples,KEEP_404,KEEP_404,medium,limited,,"Not present in capped 1,000-row 404 export; cannot infer removal from GSC."
https://ร้านรับซื้อโน๊ตบุ๊ค.com/รับซื้อโน๊ตบุ๊ค/นนทบุรี/macbook-air-m4/,Not found (404),,missing_from_fresh_examples,KEEP_404,KEEP_404,medium,limited,,"Not present in capped 1,000-row 404 export; cannot infer removal from GSC."
https://ร้านรับซื้อโน๊ตบุ๊ค.com/รับซื้อโน๊ตบุ๊ค/พังงา/honor-magicbook/,Not found (404),Not found (404),same_status,KEEP_404,KEEP_404,medium,high,2026-06-15,Fresh 2026-07-30 export: Not found (404)
https://ร้านรับซื้อโน๊ตบุ๊ค.com/รับซื้อโน๊ตบุ๊ค/หาดใหญ่/asus-vivobook/,Not found (404),,missing_from_fresh_examples,KEEP_404,KEEP_404,medium,limited,,"Not present in capped 1,000-row 404 export; cannot infer removal from GSC."
https://ร้านรับซื้อโน๊ตบุ๊ค.com/รับซื้อโน๊ตบุ๊ค/ชลบุรี/alienware-m16/,Not found (404),,missing_from_fresh_examples,KEEP_404,KEEP_404,medium,limited,,"Not present in capped 1,000-row 404 export; cannot infer removal from GSC."
https://ร้านรับซื้อโน๊ตบุ๊ค.com/รับซื้อโน๊ตบุ๊ค/น่าน/พอร์ตแลนเสีย/,Not found (404),,missing_from_fresh_examples,KEEP_404,KEEP_404,medium,limited,,"Not present in capped 1,000-row 404 export; cannot infer removal from GSC."
https://ร้านรับซื้อโน๊ตบุ๊ค.com/รับซื้อโน๊ตบุ๊ค/ปทุมธานี/acer-predator-helios/,Not found (404),Not found (404),same_status,KEEP_404,KEEP_404,medium,high,2026-06-15,Fresh 2026-07-30 export: Not found (404)
https://ร้านรับซื้อโน๊ตบุ๊ค.com/รับซื้อโน๊ตบุ๊ค/ปัตตานี/macbook-battery-health/,Not found (404),,missing_from_fresh_examples,KEEP_404,KEEP_404,medium,limited,,"Not present in capped 1,000-row 404 export; cannot infer removal from GSC."
https://ร้านรับซื้อโน๊ตบุ๊ค.com/รับซื้อโน๊ตบุ๊ค/ราชบุรี/macbook-air-m5/,Not found (404),,missing_from_fresh_examples,KEEP_404,KEEP_404,medium,limited,,"Not present in capped 1,000-row 404 export; cannot infer removal from GSC."
https://ร้านรับซื้อโน๊ตบุ๊ค.com/รับซื้อโน๊ตบุ๊ค/ลำพูน/asus-expertbook/,Not found (404),,missing_from_fresh_examples,KEEP_404,KEEP_404,medium,limited,,"Not present in capped 1,000-row 404 export; cannot infer removal from GSC."
https://ร้านรับซื้อโน๊ตบุ๊ค.com/รับซื้อโน๊ตบุ๊ค/ศรีสะเกษ/acer-travelmate/,Not found (404),,missing_from_fresh_examples,KEEP_404,KEEP_404,medium,limited,,"Not present in capped 1,000-row 404 export; cannot infer removal from GSC."
https://ร้านรับซื้อโน๊ตบุ๊ค.com/รับซื้อโน๊ตบุ๊ค/ชลบุรี/macbook-battery-health/,Not found (404),,missing_from_fresh_examples,KEEP_404,KEEP_404,medium,limited,,"Not present in capped 1,000-row 404 export; cannot infer removal from GSC."
https://ร้านรับซื้อโน๊ตบุ๊ค.com/รับซื้อโน๊ตบุ๊ค/เลย/lenovo-ideapad-3-5/,Not found (404),,missing_from_fresh_examples,KEEP_404,KEEP_404,medium,limited,,"Not present in capped 1,000-row 404 export; cannot infer removal from GSC."
https://ร้านรับซื้อโน๊ตบุ๊ค.com/รับซื้อโน๊ตบุ๊ค/ภูเก็ต/msi-stealth-14/,Not found (404),,missing_from_fresh_examples,KEEP_404,KEEP_404,medium,limited,,"Not present in capped 1,000-row 404 export; cannot infer removal from GSC."
https://ร้านรับซื้อโน๊ตบุ๊ค.com/รับซื้อโน๊ตบุ๊ค/หาดใหญ่/macbook-pro-m2/,Not found (404),,missing_from_fresh_examples,KEEP_404,KEEP_404,medium,limited,,"Not present in capped 1,000-row 404 export; cannot infer removal from GSC."
https://ร้านรับซื้อโน๊ตบุ๊ค.com/รับซื้อโน๊ตบุ๊ค/แพร่/acer-predator-helios/,Not found (404),,missing_from_fresh_examples,KEEP_404,KEEP_404,medium,limited,,"Not present in capped 1,000-row 404 export; cannot infer removal from GSC."
https://ร้านรับซื้อโน๊ตบุ๊ค.com/รับซื้อโน๊ตบุ๊ค/แพร่/lenovo-legion-pro-7/,Not found (404),,missing_from_fresh_examples,KEEP_404,KEEP_404,medium,limited,,"Not present in capped 1,000-row 404 export; cannot infer removal from GSC."
https://ร้านรับซื้อโน๊ตบุ๊ค.com/รับซื้อโน๊ตบุ๊ค/สตูล/lenovo-loq-15-16/,Not found (404),,missing_from_fresh_examples,KEEP_404,KEEP_404,medium,limited,,"Not present in capped 1,000-row 404 export; cannot infer removal from GSC."
https://ร้านรับซื้อโน๊ตบุ๊ค.com/รับซื้อโน๊ตบุ๊ค/กำแพงเพชร/hp-elitebook/,Not found (404),,missing_from_fresh_examples,KEEP_404,KEEP_404,medium,limited,,"Not present in capped 1,000-row 404 export; cannot infer removal from GSC."
https://ร้านรับซื้อโน๊ตบุ๊ค.com/รับซื้อโน๊ตบุ๊ค/ตาก/thinkpad-x1-carbon/,Not found (404),,missing_from_fresh_examples,KEEP_404,KEEP_404,medium,limited,,"Not present in capped 1,000-row 404 export; cannot infer removal from GSC."
https://ร้านรับซื้อโน๊ตบุ๊ค.com/รับซื้อโน๊ตบุ๊ค/สมุทรสาคร/macbook-battery-swollen/,Not found (404),Not found (404),same_status,KEEP_404,KEEP_404,medium,high,2026-07-04,Fresh 2026-07-30 export: Not found (404)
https://ร้านรับซื้อโน๊ตบุ๊ค.com/รับซื้อโน๊ตบุ๊ค/พิษณุโลก/acer-aspire-5/,Not found (404),Not found (404),same_status,KEEP_404,KEEP_404,medium,high,2026-06-15,Fresh 2026-07-30 export: Not found (404)
https://ร้านรับซื้อโน๊ตบุ๊ค.com/รับซื้อโน๊ตบุ๊ค/หนองคาย/gigabyte/,Not found (404),Not found (404),same_status,KEEP_404,KEEP_404,medium,high,2026-06-22,Fresh 2026-07-30 export: Not found (404)
https://ร้านรับซื้อโน๊ตบุ๊ค.com/รับซื้อโน๊ตบุ๊ค/ลำปาง/acer-aspire-5/,Not found (404),,missing_from_fresh_examples,KEEP_404,KEEP_404,medium,limited,,"Not present in capped 1,000-row 404 export; cannot infer removal from GSC."
https://ร้านรับซื้อโน๊ตบุ๊ค.com/รับซื้อโน๊ตบุ๊ค/นครราชสีมา/macbook-battery-swollen/,Not found (404),,missing_from_fresh_examples,KEEP_404,KEEP_404,medium,limited,,"Not present in capped 1,000-row 404 export; cannot infer removal from GSC."
https://ร้านรับซื้อโน๊ตบุ๊ค.com/รับซื้อโน๊ตบุ๊ค/ภูเก็ต/จอมีเส้น/,Not found (404),Not found (404),same_status,KEEP_404,KEEP_404,medium,high,2026-07-03,Fresh 2026-07-30 export: Not found (404)
https://ร้านรับซื้อโน๊ตบุ๊ค.com/รับซื้อโน๊ตบุ๊ค/ขอนแก่น/macbook-pro-16/,Not found (404),Not found (404),same_status,KEEP_404,KEEP_404,medium,high,2026-06-15,Fresh 2026-07-30 export: Not found (404)
https://ร้านรับซื้อโน๊ตบุ๊ค.com/รับซื้อโน๊ตบุ๊ค/สุราษฎร์ธานี/surface-laptop/,Not found (404),Not found (404),same_status,KEEP_404,KEEP_404,medium,high,2026-07-03,Fresh 2026-07-30 export: Not found (404)
https://ร้านรับซื้อโน๊ตบุ๊ค.com/รับซื้อโน๊ตบุ๊ค/ชุมพร/ช่องหูฟังเสีย/,Not found (404),Not found (404),same_status,KEEP_404,KEEP_404,medium,high,2026-07-04,Fresh 2026-07-30 export: Not found (404)
https://ร้านรับซื้อโน๊ตบุ๊ค.com/รับซื้อโน๊ตบุ๊ค/ปราจีนบุรี/dell-latitude/,Not found (404),,missing_from_fresh_examples,KEEP_404,KEEP_404,medium,limited,,"Not present in capped 1,000-row 404 export; cannot infer removal from GSC."
https://ร้านรับซื้อโน๊ตบุ๊ค.com/รับซื้อโน๊ตบุ๊ค/สุรินทร์/alienware-m15-r7-r8/,Not found (404),Not found (404),same_status,KEEP_404,KEEP_404,medium,high,2026-07-03,Fresh 2026-07-30 export: Not found (404)
https://ร้านรับซื้อโน๊ตบุ๊ค.com/รับซื้อโน๊ตบุ๊ค/สมุทรปราการ/macbook-pro-m1/,Not found (404),,missing_from_fresh_examples,KEEP_404,KEEP_404,medium,limited,,"Not present in capped 1,000-row 404 export; cannot infer removal from GSC."
https://ร้านรับซื้อโน๊ตบุ๊ค.com/รับซื้อโน๊ตบุ๊ค/นครศรีธรรมราช/asus-rog-strix/,Not found (404),Not found (404),same_status,KEEP_404,KEEP_404,medium,high,2026-06-15,Fresh 2026-07-30 export: Not found (404)
https://ร้านรับซื้อโน๊ตบุ๊ค.com/รับซื้อโน๊ตบุ๊ค/ตาก/hp-spectre-x360/,Not found (404),Not found (404),same_status,KEEP_404,KEEP_404,medium,high,2026-06-15,Fresh 2026-07-30 export: Not found (404)
https://ร้านรับซื้อโน๊ตบุ๊ค.com/รับซื้อโน๊ตบุ๊ค/ระยอง/acer-travelmate/,Not found (404),Not found (404),same_status,KEEP_404,KEEP_404,medium,high,2026-06-17,Fresh 2026-07-30 export: Not found (404)
https://ร้านรับซื้อโน๊ตบุ๊ค.com/รับซื้อโน๊ตบุ๊ค/เพชรบุรี/acer-predator-helios/,Not found (404),,missing_from_fresh_examples,KEEP_404,KEEP_404,medium,limited,,"Not present in capped 1,000-row 404 export; cannot infer removal from GSC."
https://ร้านรับซื้อโน๊ตบุ๊ค.com/รับซื้อโน๊ตบุ๊ค/แม่ฮ่องสอน/honor-magicbook/,Not found (404),Not found (404),same_status,KEEP_404,KEEP_404,medium,high,2026-06-17,Fresh 2026-07-30 export: Not found (404)
https://ร้านรับซื้อโน๊ตบุ๊ค.com/รับซื้อโน๊ตบุ๊ค/ระยอง/asus-zephyrus/,Not found (404),Not found (404),same_status,KEEP_404,KEEP_404,medium,high,2026-07-03,Fresh 2026-07-30 export: Not found (404)
https://ร้านรับซื้อโน๊ตบุ๊ค.com/รับซื้อโน๊ตบุ๊ค/สระบุรี/honor-magicbook/,Not found (404),,missing_from_fresh_examples,KEEP_404,KEEP_404,medium,limited,,"Not present in capped 1,000-row 404 export; cannot infer removal from GSC."
https://ร้านรับซื้อโน๊ตบุ๊ค.com/รับซื้อโน๊ตบุ๊ค/แม่ฮ่องสอน/macbook-air-m5/,Not found (404),,missing_from_fresh_examples,KEEP_404,KEEP_404,medium,limited,,"Not present in capped 1,000-row 404 export; cannot infer removal from GSC."
https://ร้านรับซื้อโน๊ตบุ๊ค.com/รับซื้อโน๊ตบุ๊ค/ตรัง/samsung/,Not found (404),Not found (404),same_status,KEEP_404,KEEP_404,medium,high,2026-06-17,Fresh 2026-07-30 export: Not found (404)
https://ร้านรับซื้อโน๊ตบุ๊ค.com/รับซื้อโน๊ตบุ๊ค/สุโขทัย/acer-travelmate/,Not found (404),,missing_from_fresh_examples,KEEP_404,KEEP_404,medium,limited,,"Not present in capped 1,000-row 404 export; cannot infer removal from GSC."
https://ร้านรับซื้อโน๊ตบุ๊ค.com/รับซื้อโน๊ตบุ๊ค/เชียงใหม่/จอฟ้า/,Not found (404),,missing_from_fresh_examples,KEEP_404,KEEP_404,medium,limited,,"Not present in capped 1,000-row 404 export; cannot infer removal from GSC."
https://ร้านรับซื้อโน๊ตบุ๊ค.com/รับซื้อโน๊ตบุ๊ค/นนทบุรี/ค้างบ่อย/,Not found (404),Not found (404),same_status,KEEP_404,KEEP_404,medium,high,2026-06-15,Fresh 2026-07-30 export: Not found (404)
https://ร้านรับซื้อโน๊ตบุ๊ค.com/รับซื้อโน๊ตบุ๊ค/พะเยา/msi-modern/,Not found (404),Not found (404),same_status,KEEP_404,KEEP_404,medium,high,2026-07-04,Fresh 2026-07-30 export: Not found (404)
https://ร้านรับซื้อโน๊ตบุ๊ค.com/รับซื้อโน๊ตบุ๊ค/พัทยา/บลูทูธใช้ไม่ได้/,Not found (404),Not found (404),same_status,KEEP_404,KEEP_404,medium,high,2026-06-16,Fresh 2026-07-30 export: Not found (404)
https://ร้านรับซื้อโน๊ตบุ๊ค.com/รับซื้อโน๊ตบุ๊ค/เชียงใหม่/macbook-air-m4/,Not found (404),Not found (404),same_status,KEEP_404,KEEP_404,medium,high,2026-07-03,Fresh 2026-07-30 export: Not found (404)
https://ร้านรับซื้อโน๊ตบุ๊ค.com/รับซื้อโน๊ตบุ๊ค/ใกล้ฉัน/พอร์ตแลนเสีย/,Not found (404),,missing_from_fresh_examples,KEEP_404,KEEP_404,medium,limited,,"Not present in capped 1,000-row 404 export; cannot infer removal from GSC."
https://ร้านรับซื้อโน๊ตบุ๊ค.com/รับซื้อโน๊ตบุ๊ค/สตูล/macbook-pro-m4/,Not found (404),,missing_from_fresh_examples,KEEP_404,KEEP_404,medium,limited,,"Not present in capped 1,000-row 404 export; cannot infer removal from GSC."
https://ร้านรับซื้อโน๊ตบุ๊ค.com/รับซื้อโน๊ตบุ๊ค/นครปฐม/macbook-pro-m5/,Not found (404),,missing_from_fresh_examples,KEEP_404,KEEP_404,medium,limited,,"Not present in capped 1,000-row 404 export; cannot infer removal from GSC."
https://ร้านรับซื้อโน๊ตบุ๊ค.com/รับซื้อโน๊ตบุ๊ค/ลำพูน/ลำโพงเสีย/,Not found (404),,missing_from_fresh_examples,KEEP_404,KEEP_404,medium,limited,,"Not present in capped 1,000-row 404 export; cannot infer removal from GSC."
https://ร้านรับซื้อโน๊ตบุ๊ค.com/รับซื้อโน๊ตบุ๊ค/กระบี่/msi-stealth-14/,Not found (404),,missing_from_fresh_examples,KEEP_404,KEEP_404,medium,limited,,"Not present in capped 1,000-row 404 export; cannot infer removal from GSC."
https://ร้านรับซื้อโน๊ตบุ๊ค.com/รับซื้อโน๊ตบุ๊ค/นครราชสีมา/macbook-cycle-count/,Not found (404),,missing_from_fresh_examples,KEEP_404,KEEP_404,medium,limited,,"Not present in capped 1,000-row 404 export; cannot infer removal from GSC."
https://ร้านรับซื้อโน๊ตบุ๊ค.com/รับซื้อโน๊ตบุ๊ค/พระราม2/msi-katana-15/,Not found (404),,missing_from_fresh_examples,KEEP_404,KEEP_404,medium,limited,,"Not present in capped 1,000-row 404 export; cannot infer removal from GSC."
https://ร้านรับซื้อโน๊ตบุ๊ค.com/รับซื้อโน๊ตบุ๊ค/ยโสธร/asus-zephyrus-g14/,Not found (404),,missing_from_fresh_examples,KEEP_404,KEEP_404,medium,limited,,"Not present in capped 1,000-row 404 export; cannot infer removal from GSC."
https://ร้านรับซื้อโน๊ตบุ๊ค.com/รับซื้อโน๊ตบุ๊ค/นครนายก/hdmi-เสีย/,Not found (404),,missing_from_fresh_examples,KEEP_404,KEEP_404,medium,limited,,"Not present in capped 1,000-row 404 export; cannot infer removal from GSC."
https://ร้านรับซื้อโน๊ตบุ๊ค.com/รับซื้อโน๊ตบุ๊ค/ประจวบคีรีขันธ์/samsung/,Not found (404),,missing_from_fresh_examples,KEEP_404,KEEP_404,medium,limited,,"Not present in capped 1,000-row 404 export; cannot infer removal from GSC."
https://ร้านรับซื้อโน๊ตบุ๊ค.com/รับซื้อโน๊ตบุ๊ค/อุดรธานี/asus-zephyrus/,Not found (404),,missing_from_fresh_examples,KEEP_404,KEEP_404,medium,limited,,"Not present in capped 1,000-row 404 export; cannot infer removal from GSC."
https://ร้านรับซื้อโน๊ตบุ๊ค.com/รับซื้อโน๊ตบุ๊ค/บุรีรัมย์/acer-predator-helios/,Not found (404),,missing_from_fresh_examples,KEEP_404,KEEP_404,medium,limited,,"Not present in capped 1,000-row 404 export; cannot infer removal from GSC."
https://ร้านรับซื้อโน๊ตบุ๊ค.com/รับซื้อโน๊ตบุ๊ค/เลย/dell-g15-g16/,Not found (404),,missing_from_fresh_examples,KEEP_404,KEEP_404,medium,limited,,"Not present in capped 1,000-row 404 export; cannot infer removal from GSC."
https://ร้านรับซื้อโน๊ตบุ๊ค.com/รับซื้อโน๊ตบุ๊ค/สุโขทัย/msi-katana-15/,Not found (404),Not found (404),same_status,KEEP_404,KEEP_404,medium,high,2026-06-15,Fresh 2026-07-30 export: Not found (404)
https://ร้านรับซื้อโน๊ตบุ๊ค.com/รับซื้อโน๊ตบุ๊ค/อยุธยา/msi-katana-15/,Not found (404),Not found (404),same_status,KEEP_404,KEEP_404,medium,high,2026-06-15,Fresh 2026-07-30 export: Not found (404)
https://ร้านรับซื้อโน๊ตบุ๊ค.com/รับซื้อโน๊ตบุ๊ค/ใกล้ฉัน/honor/,Not found (404),Not found (404),same_status,KEEP_404,KEEP_404,medium,high,2026-06-15,Fresh 2026-07-30 export: Not found (404)
https://ร้านรับซื้อโน๊ตบุ๊ค.com/รับซื้อโน๊ตบุ๊ค/นครพนม/asus-vivobook/,Not found (404),,missing_from_fresh_examples,KEEP_404,KEEP_404,medium,limited,,"Not present in capped 1,000-row 404 export; cannot infer removal from GSC."
https://ร้านรับซื้อโน๊ตบุ๊ค.com/รับซื้อโน๊ตบุ๊ค/หนองคาย/บูตวน/,Not found (404),,missing_from_fresh_examples,KEEP_404,KEEP_404,medium,limited,,"Not present in capped 1,000-row 404 export; cannot infer removal from GSC."
https://ร้านรับซื้อโน๊ตบุ๊ค.com/รับซื้อโน๊ตบุ๊ค/พัทลุง/macbook-air-m5/,Not found (404),,missing_from_fresh_examples,KEEP_404,KEEP_404,medium,limited,,"Not present in capped 1,000-row 404 export; cannot infer removal from GSC."
https://ร้านรับซื้อโน๊ตบุ๊ค.com/รับซื้อโน๊ตบุ๊ค/ร้อยเอ็ด/alienware-x16/,Not found (404),,missing_from_fresh_examples,KEEP_404,KEEP_404,medium,limited,,"Not present in capped 1,000-row 404 export; cannot infer removal from GSC."
https://ร้านรับซื้อโน๊ตบุ๊ค.com/รับซื้อโน๊ตบุ๊ค/เลย/ช่องหูฟังเสีย/,Not found (404),,missing_from_fresh_examples,KEEP_404,KEEP_404,medium,limited,,"Not present in capped 1,000-row 404 export; cannot infer removal from GSC."
https://ร้านรับซื้อโน๊ตบุ๊ค.com/รับซื้อโน๊ตบุ๊ค/ชลบุรี/กล้องเสีย/,Not found (404),,missing_from_fresh_examples,KEEP_404,KEEP_404,medium,limited,,"Not present in capped 1,000-row 404 export; cannot infer removal from GSC."
https://ร้านรับซื้อโน๊ตบุ๊ค.com/รับซื้อโน๊ตบุ๊ค/นนทบุรี/thinkpad-e14-e15/,Not found (404),Not found (404),same_status,KEEP_404,KEEP_404,medium,high,2026-06-17,Fresh 2026-07-30 export: Not found (404)
https://ร้านรับซื้อโน๊ตบุ๊ค.com/รับซื้อโน๊ตบุ๊ค/พระราม2/alienware-m15-r7-r8/,Not found (404),,missing_from_fresh_examples,KEEP_404,KEEP_404,medium,limited,,"Not present in capped 1,000-row 404 export; cannot infer removal from GSC."
https://ร้านรับซื้อโน๊ตบุ๊ค.com/รับซื้อโน๊ตบุ๊ค/หนองบัวลำภู/macbook-air-m3/,Not found (404),Not found (404),same_status,KEEP_404,KEEP_404,medium,high,2026-06-15,Fresh 2026-07-30 export: Not found (404)
https://ร้านรับซื้อโน๊ตบุ๊ค.com/รับซื้อโน๊ตบุ๊ค/หนองบัวลำภู/msi-vector-16-hx/,Not found (404),Not found (404),same_status,KEEP_404,KEEP_404,medium,high,2026-06-15,Fresh 2026-07-30 export: Not found (404)
https://ร้านรับซื้อโน๊ตบุ๊ค.com/รับซื้อโน๊ตบุ๊ค/อ่างทอง/dell-inspiron-15/,Not found (404),,missing_from_fresh_examples,KEEP_404,KEEP_404,medium,limited,,"Not present in capped 1,000-row 404 export; cannot infer removal from GSC."
https://ร้านรับซื้อโน๊ตบุ๊ค.com/รับซื้อโน๊ตบุ๊ค/สมุทรปราการ/macbook-air-m1/,Not found (404),,missing_from_fresh_examples,KEEP_404,KEEP_404,medium,limited,,"Not present in capped 1,000-row 404 export; cannot infer removal from GSC."
https://ร้านรับซื้อโน๊ตบุ๊ค.com/รับซื้อโน๊ตบุ๊ค/ศรีสะเกษ/msi-vector-16-hx/,Not found (404),,missing_from_fresh_examples,KEEP_404,KEEP_404,medium,limited,,"Not present in capped 1,000-row 404 export; cannot infer removal from GSC."
https://ร้านรับซื้อโน๊ตบุ๊ค.com/รับซื้อโน๊ตบุ๊ค/ปัตตานี/acer-predator-neo/,Not found (404),,missing_from_fresh_examples,KEEP_404,KEEP_404,medium,limited,,"Not present in capped 1,000-row 404 export; cannot infer removal from GSC."
https://ร้านรับซื้อโน๊ตบุ๊ค.com/รับซื้อโน๊ตบุ๊ค/กรุงเทพ/gigabyte-aorus/,Not found (404),Not found (404),same_status,KEEP_404,KEEP_404,medium,high,2026-06-16,Fresh 2026-07-30 export: Not found (404)
https://ร้านรับซื้อโน๊ตบุ๊ค.com/รับซื้อโน๊ตบุ๊ค/พระราม2/razer-blade/,Not found (404),,missing_from_fresh_examples,KEEP_404,KEEP_404,medium,limited,,"Not present in capped 1,000-row 404 export; cannot infer removal from GSC."
https://ร้านรับซื้อโน๊ตบุ๊ค.com/รับซื้อโน๊ตบุ๊ค/พะเยา/samsung/,Not found (404),,missing_from_fresh_examples,KEEP_404,KEEP_404,medium,limited,,"Not present in capped 1,000-row 404 export; cannot infer removal from GSC."
https://ร้านรับซื้อโน๊ตบุ๊ค.com/รับซื้อโน๊ตบุ๊ค/สงขลา/msi-stealth-14/,Not found (404),Not found (404),same_status,KEEP_404,KEEP_404,medium,high,2026-06-17,Fresh 2026-07-30 export: Not found (404)
https://ร้านรับซื้อโน๊ตบุ๊ค.com/รับซื้อโน๊ตบุ๊ค/ราชบุรี/thinkpad-x1-carbon/,Not found (404),,missing_from_fresh_examples,KEEP_404,KEEP_404,medium,limited,,"Not present in capped 1,000-row 404 export; cannot infer removal from GSC."
https://ร้านรับซื้อโน๊ตบุ๊ค.com/รับซื้อโน๊ตบุ๊ค/นครสวรรค์/huawei/,Not found (404),Not found (404),same_status,KEEP_404,KEEP_404,medium,high,2026-06-15,Fresh 2026-07-30 export: Not found (404)
https://ร้านรับซื้อโน๊ตบุ๊ค.com/รับซื้อโน๊ตบุ๊ค/สงขลา/ค้างบ่อย/,Not found (404),,missing_from_fresh_examples,KEEP_404,KEEP_404,medium,limited,,"Not present in capped 1,000-row 404 export; cannot infer removal from GSC."
https://ร้านรับซื้อโน๊ตบุ๊ค.com/รับซื้อโน๊ตบุ๊ค/สระแก้ว/dell-xps-13-15/,Not found (404),,missing_from_fresh_examples,KEEP_404,KEEP_404,medium,limited,,"Not present in capped 1,000-row 404 export; cannot infer removal from GSC."
https://ร้านรับซื้อโน๊ตบุ๊ค.com/รับซื้อโน๊ตบุ๊ค/รังสิต/hp-victus-17/,Not found (404),,missing_from_fresh_examples,KEEP_404,KEEP_404,medium,limited,,"Not present in capped 1,000-row 404 export; cannot infer removal from GSC."
https://ร้านรับซื้อโน๊ตบุ๊ค.com/รับซื้อโน๊ตบุ๊ค/ลำปาง/macbook-air-m2/,Not found (404),,missing_from_fresh_examples,KEEP_404,KEEP_404,medium,limited,,"Not present in capped 1,000-row 404 export; cannot infer removal from GSC."
https://ร้านรับซื้อโน๊ตบุ๊ค.com/รับซื้อโน๊ตบุ๊ค/อุตรดิตถ์/macbook-air-13/,Not found (404),Not found (404),same_status,KEEP_404,KEEP_404,medium,high,2026-06-15,Fresh 2026-07-30 export: Not found (404)
https://ร้านรับซื้อโน๊ตบุ๊ค.com/รับซื้อโน๊ตบุ๊ค/อ่างทอง/surface-book/,Not found (404),Not found (404),same_status,KEEP_404,KEEP_404,medium,high,2026-06-15,Fresh 2026-07-30 export: Not found (404)
https://ร้านรับซื้อโน๊ตบุ๊ค.com/รับซื้อโน๊ตบุ๊ค/เพชรบูรณ์/lenovo-legion-5/,Not found (404),,missing_from_fresh_examples,KEEP_404,KEEP_404,medium,limited,,"Not present in capped 1,000-row 404 export; cannot infer removal from GSC."
https://ร้านรับซื้อโน๊ตบุ๊ค.com/รับซื้อโน๊ตบุ๊ค/ชัยนาท/asus-tuf-a15-f15/,Not found (404),,missing_from_fresh_examples,KEEP_404,KEEP_404,medium,limited,,"Not present in capped 1,000-row 404 export; cannot infer removal from GSC."
https://ร้านรับซื้อโน๊ตบุ๊ค.com/รับซื้อโน๊ตบุ๊ค/บางนา/wifi-ไม่ติด/,Not found (404),,missing_from_fresh_examples,KEEP_404,KEEP_404,medium,limited,,"Not present in capped 1,000-row 404 export; cannot infer removal from GSC."
https://ร้านรับซื้อโน๊ตบุ๊ค.com/รับซื้อโน๊ตบุ๊ค/ห้วยขวาง/asus-zephyrus/,Not found (404),Not found (404),same_status,KEEP_404,KEEP_404,medium,high,2026-06-15,Fresh 2026-07-30 export: Not found (404)
https://ร้านรับซื้อโน๊ตบุ๊ค.com/รับซื้อโน๊ตบุ๊ค/หนองบัวลำภู/asus-vivobook/,Not found (404),,missing_from_fresh_examples,KEEP_404,KEEP_404,medium,limited,,"Not present in capped 1,000-row 404 export; cannot infer removal from GSC."
https://ร้านรับซื้อโน๊ตบุ๊ค.com/รับซื้อโน๊ตบุ๊ค/เพชรบุรี/macbook-battery-health/,Not found (404),Not found (404),same_status,KEEP_404,KEEP_404,medium,high,2026-06-17,Fresh 2026-07-30 export: Not found (404)
https://ร้านรับซื้อโน๊ตบุ๊ค.com/รับซื้อโน๊ตบุ๊ค/กำแพงเพชร/msi-katana-15/,Not found (404),,missing_from_fresh_examples,KEEP_404,KEEP_404,medium,limited,,"Not present in capped 1,000-row 404 export; cannot infer removal from GSC."
https://ร้านรับซื้อโน๊ตบุ๊ค.com/รับซื้อโน๊ตบุ๊ค/ภาคอีสาน/msi-vector-16-hx/,Not found (404),Not found (404),same_status,KEEP_404,KEEP_404,medium,high,2026-06-17,Fresh 2026-07-30 export: Not found (404)
https://ร้านรับซื้อโน๊ตบุ๊ค.com/รับซื้อโน๊ตบุ๊ค/พะเยา/hp-elitebook/,Not found (404),,missing_from_fresh_examples,KEEP_404,KEEP_404,medium,limited,,"Not present in capped 1,000-row 404 export; cannot infer removal from GSC."
https://ร้านรับซื้อโน๊ตบุ๊ค.com/รับซื้อโน๊ตบุ๊ค/กระบี่/dell-inspiron-15/,Not found (404),Not found (404),same_status,KEEP_404,KEEP_404,medium,high,2026-06-17,Fresh 2026-07-30 export: Not found (404)
https://ร้านรับซื้อโน๊ตบุ๊ค.com/รับซื้อโน๊ตบุ๊ค/ชุมพร/macbook-no-box-no-receipt/,Not found (404),Not found (404),same_status,KEEP_404,KEEP_404,medium,high,2026-06-16,Fresh 2026-07-30 export: Not found (404)
https://ร้านรับซื้อโน๊ตบุ๊ค.com/รับซื้อโน๊ตบุ๊ค/รามคำแหง/พอร์ต-type-c-เสีย/,Not found (404),,missing_from_fresh_examples,KEEP_404,KEEP_404,medium,limited,,"Not present in capped 1,000-row 404 export; cannot infer removal from GSC."
https://ร้านรับซื้อโน๊ตบุ๊ค.com/รับซื้อโน๊ตบุ๊ค/พระราม2/macbook-keyboard-issue/,Not found (404),Not found (404),same_status,KEEP_404,KEEP_404,medium,high,2026-06-17,Fresh 2026-07-30 export: Not found (404)
https://ร้านรับซื้อโน๊ตบุ๊ค.com/รับซื้อโน๊ตบุ๊ค/สุราษฎร์ธานี/msi-stealth-14/,Not found (404),Not found (404),same_status,KEEP_404,KEEP_404,medium,high,2026-06-17,Fresh 2026-07-30 export: Not found (404)
https://ร้านรับซื้อโน๊ตบุ๊ค.com/รับซื้อโน๊ตบุ๊ค/นนทบุรี/asus-zenbook/,Not found (404),,missing_from_fresh_examples,KEEP_404,KEEP_404,medium,limited,,"Not present in capped 1,000-row 404 export; cannot infer removal from GSC."
https://ร้านรับซื้อโน๊ตบุ๊ค.com/รับซื้อโน๊ตบุ๊ค/นนทบุรี/hdmi-เสีย/,Not found (404),,missing_from_fresh_examples,KEEP_404,KEEP_404,medium,limited,,"Not present in capped 1,000-row 404 export; cannot infer removal from GSC."
https://ร้านรับซื้อโน๊ตบุ๊ค.com/รับซื้อโน๊ตบุ๊ค/มหาสารคาม/acer-nitro-16/,Not found (404),Not found (404),same_status,KEEP_404,KEEP_404,medium,high,2026-06-17,Fresh 2026-07-30 export: Not found (404)
https://ร้านรับซื้อโน๊ตบุ๊ค.com/รับซื้อโน๊ตบุ๊ค/นราธิวาส/surface-laptop/,Not found (404),Not found (404),same_status,KEEP_404,KEEP_404,medium,high,2026-06-15,Fresh 2026-07-30 export: Not found (404)
https://ร้านรับซื้อโน๊ตบุ๊ค.com/รับซื้อโน๊ตบุ๊ค/เชียงใหม่/dell-g15-g16/,Not found (404),Not found (404),same_status,KEEP_404,KEEP_404,medium,high,2026-06-15,Fresh 2026-07-30 export: Not found (404)
https://ร้านรับซื้อโน๊ตบุ๊ค.com/รับซื้อโน๊ตบุ๊ค/ภูเก็ต/บูตวน/,Not found (404),Not found (404),same_status,KEEP_404,KEEP_404,medium,high,2026-06-17,Fresh 2026-07-30 export: Not found (404)
https://ร้านรับซื้อโน๊ตบุ๊ค.com/รับซื้อโน๊ตบุ๊ค/พัทยา/dell-xps-13-15/,Not found (404),,missing_from_fresh_examples,KEEP_404,KEEP_404,medium,limited,,"Not present in capped 1,000-row 404 export; cannot infer removal from GSC."
https://ร้านรับซื้อโน๊ตบุ๊ค.com/รับซื้อโน๊ตบุ๊ค/มุกดาหาร/macbook-battery-swollen/,Not found (404),,missing_from_fresh_examples,KEEP_404,KEEP_404,medium,limited,,"Not present in capped 1,000-row 404 export; cannot infer removal from GSC."
https://ร้านรับซื้อโน๊ตบุ๊ค.com/รับซื้อโน๊ตบุ๊ค/ประจวบคีรีขันธ์/samsung-galaxy-book/,Not found (404),Not found (404),same_status,KEEP_404,KEEP_404,medium,high,2026-06-17,Fresh 2026-07-30 export: Not found (404)
https://ร้านรับซื้อโน๊ตบุ๊ค.com/รับซื้อโน๊ตบุ๊ค/ขอนแก่น/surface-laptop-go/,Not found (404),,missing_from_fresh_examples,KEEP_404,KEEP_404,medium,limited,,"Not present in capped 1,000-row 404 export; cannot infer removal from GSC."
https://ร้านรับซื้อโน๊ตบุ๊ค.com/รับซื้อโน๊ตบุ๊ค/มหาสารคาม/samsung/,Not found (404),Not found (404),same_status,KEEP_404,KEEP_404,medium,high,2026-06-15,Fresh 2026-07-30 export: Not found (404)
https://ร้านรับซื้อโน๊ตบุ๊ค.com/รับซื้อโน๊ตบุ๊ค/ปัตตานี/surface-book/,Not found (404),Not found (404),same_status,KEEP_404,KEEP_404,medium,high,2026-06-17,Fresh 2026-07-30 export: Not found (404)
https://ร้านรับซื้อโน๊ตบุ๊ค.com/รับซื้อโน๊ตบุ๊ค/ภูเก็ต/razer-blade/,Not found (404),Not found (404),same_status,KEEP_404,KEEP_404,medium,high,2026-06-22,Fresh 2026-07-30 export: Not found (404)
https://ร้านรับซื้อโน๊ตบุ๊ค.com/รับซื้อโน๊ตบุ๊ค/เพชรบุรี/dell-latitude/,Not found (404),,missing_from_fresh_examples,KEEP_404,KEEP_404,medium,limited,,"Not present in capped 1,000-row 404 export; cannot infer removal from GSC."
https://ร้านรับซื้อโน๊ตบุ๊ค.com/รับซื้อโน๊ตบุ๊ค/ภูเก็ต/acer-predator-helios/,Not found (404),,missing_from_fresh_examples,KEEP_404,KEEP_404,medium,limited,,"Not present in capped 1,000-row 404 export; cannot infer removal from GSC."
https://ร้านรับซื้อโน๊ตบุ๊ค.com/รับซื้อโน๊ตบุ๊ค/สุรินทร์/gigabyte/,Not found (404),Not found (404),same_status,KEEP_404,KEEP_404,medium,high,2026-06-15,Fresh 2026-07-30 export: Not found (404)
https://ร้านรับซื้อโน๊ตบุ๊ค.com/รับซื้อโน๊ตบุ๊ค/หาดใหญ่/acer-predator-triton/,Not found (404),,missing_from_fresh_examples,KEEP_404,KEEP_404,medium,limited,,"Not present in capped 1,000-row 404 export; cannot infer removal from GSC."
https://ร้านรับซื้อโน๊ตบุ๊ค.com/รับซื้อโน๊ตบุ๊ค/ปทุมธานี/lg/,Not found (404),Not found (404),same_status,KEEP_404,KEEP_404,medium,high,2026-06-15,Fresh 2026-07-30 export: Not found (404)
https://ร้านรับซื้อโน๊ตบุ๊ค.com/รับซื้อโน๊ตบุ๊ค/พิจิตร/พอร์ตแลนเสีย/,Not found (404),,missing_from_fresh_examples,KEEP_404,KEEP_404,medium,limited,,"Not present in capped 1,000-row 404 export; cannot infer removal from GSC."
https://ร้านรับซื้อโน๊ตบุ๊ค.com/รับซื้อโน๊ตบุ๊ค/ภูเก็ต/dell-latitude/,Not found (404),Not found (404),same_status,KEEP_404,KEEP_404,medium,high,2026-06-15,Fresh 2026-07-30 export: Not found (404)
https://ร้านรับซื้อโน๊ตบุ๊ค.com/รับซื้อโน๊ตบุ๊ค/นครศรีธรรมราช/acer-predator-helios/,Not found (404),,missing_from_fresh_examples,KEEP_404,KEEP_404,medium,limited,,"Not present in capped 1,000-row 404 export; cannot infer removal from GSC."
https://ร้านรับซื้อโน๊ตบุ๊ค.com/รับซื้อโน๊ตบุ๊ค/นครนายก/hp-victus-15/,Not found (404),Not found (404),same_status,KEEP_404,KEEP_404,medium,high,2026-06-15,Fresh 2026-07-30 export: Not found (404)
https://ร้านรับซื้อโน๊ตบุ๊ค.com/รับซื้อโน๊ตบุ๊ค/ประจวบคีรีขันธ์/asus-rog-flow/,Not found (404),,missing_from_fresh_examples,KEEP_404,KEEP_404,medium,limited,,"Not present in capped 1,000-row 404 export; cannot infer removal from GSC."
https://ร้านรับซื้อโน๊ตบุ๊ค.com/รับซื้อโน๊ตบุ๊ค/สตูล/macbook-pro-m2/,Not found (404),,missing_from_fresh_examples,KEEP_404,KEEP_404,medium,limited,,"Not present in capped 1,000-row 404 export; cannot infer removal from GSC."
https://ร้านรับซื้อโน๊ตบุ๊ค.com/รับซื้อโน๊ตบุ๊ค/กระบี่/huawei-matebook/,Not found (404),Not found (404),same_status,KEEP_404,KEEP_404,medium,high,2026-07-04,Fresh 2026-07-30 export: Not found (404)
https://ร้านรับซื้อโน๊ตบุ๊ค.com/รับซื้อโน๊ตบุ๊ค/มหาสารคาม/dell-vostro/,Not found (404),Not found (404),same_status,KEEP_404,KEEP_404,medium,high,2026-06-17,Fresh 2026-07-30 export: Not found (404)
https://ร้านรับซื้อโน๊ตบุ๊ค.com/รับซื้อโน๊ตบุ๊ค/มหาสารคาม/macbook-cycle-count/,Not found (404),,missing_from_fresh_examples,KEEP_404,KEEP_404,medium,limited,,"Not present in capped 1,000-row 404 export; cannot infer removal from GSC."
https://ร้านรับซื้อโน๊ตบุ๊ค.com/รับซื้อโน๊ตบุ๊ค/อำนาจเจริญ/thinkpad-e14-e15/,Not found (404),,missing_from_fresh_examples,KEEP_404,KEEP_404,medium,limited,,"Not present in capped 1,000-row 404 export; cannot infer removal from GSC."
https://ร้านรับซื้อโน๊ตบุ๊ค.com/รับซื้อโน๊ตบุ๊ค/เพชรบูรณ์/acer-predator-triton/,Not found (404),Not found (404),same_status,KEEP_404,KEEP_404,medium,high,2026-06-15,Fresh 2026-07-30 export: Not found (404)
https://ร้านรับซื้อโน๊ตบุ๊ค.com/รับซื้อโน๊ตบุ๊ค/ตรัง/lenovo-thinkbook/,Not found (404),,missing_from_fresh_examples,KEEP_404,KEEP_404,medium,limited,,"Not present in capped 1,000-row 404 export; cannot infer removal from GSC."
https://ร้านรับซื้อโน๊ตบุ๊ค.com/รับซื้อโน๊ตบุ๊ค/บุรีรัมย์/asus-rog-flow/,Not found (404),,missing_from_fresh_examples,KEEP_404,KEEP_404,medium,limited,,"Not present in capped 1,000-row 404 export; cannot infer removal from GSC."
https://ร้านรับซื้อโน๊ตบุ๊ค.com/รับซื้อโน๊ตบุ๊ค/สมุทรสาคร/asus-tuf-a15-f15/,Not found (404),Not found (404),same_status,KEEP_404,KEEP_404,medium,high,2026-06-15,Fresh 2026-07-30 export: Not found (404)
https://ร้านรับซื้อโน๊ตบุ๊ค.com/รับซื้อโน๊ตบุ๊ค/อุทัยธานี/asus-vivobook/,Not found (404),,missing_from_fresh_examples,KEEP_404,KEEP_404,medium,limited,,"Not present in capped 1,000-row 404 export; cannot infer removal from GSC."
https://ร้านรับซื้อโน๊ตบุ๊ค.com/รับซื้อโน๊ตบุ๊ค/อุบลราชธานี/macbook-air-m1/,Not found (404),,missing_from_fresh_examples,KEEP_404,KEEP_404,medium,limited,,"Not present in capped 1,000-row 404 export; cannot infer removal from GSC."
https://ร้านรับซื้อโน๊ตบุ๊ค.com/รับซื้อโน๊ตบุ๊ค/นครนายก/macbook-pro-m5/,Not found (404),Not found (404),same_status,KEEP_404,KEEP_404,medium,high,2026-07-03,Fresh 2026-07-30 export: Not found (404)
https://ร้านรับซื้อโน๊ตบุ๊ค.com/รับซื้อโน๊ตบุ๊ค/ประจวบคีรีขันธ์/ลำโพงเสีย/,Not found (404),,missing_from_fresh_examples,KEEP_404,KEEP_404,medium,limited,,"Not present in capped 1,000-row 404 export; cannot infer removal from GSC."
https://ร้านรับซื้อโน๊ตบุ๊ค.com/รับซื้อโน๊ตบุ๊ค/ปราจีนบุรี/macbook-air-13/,Not found (404),Not found (404),same_status,KEEP_404,KEEP_404,medium,high,2026-06-15,Fresh 2026-07-30 export: Not found (404)
https://ร้านรับซื้อโน๊ตบุ๊ค.com/รับซื้อโน๊ตบุ๊ค/รามคำแหง/lenovo-legion-slim/,Not found (404),,missing_from_fresh_examples,KEEP_404,KEEP_404,medium,limited,,"Not present in capped 1,000-row 404 export; cannot infer removal from GSC."
https://ร้านรับซื้อโน๊ตบุ๊ค.com/รับซื้อโน๊ตบุ๊ค/อยุธยา/lenovo-yoga/,Not found (404),,missing_from_fresh_examples,KEEP_404,KEEP_404,medium,limited,,"Not present in capped 1,000-row 404 export; cannot infer removal from GSC."
https://ร้านรับซื้อโน๊ตบุ๊ค.com/รับซื้อโน๊ตบุ๊ค/สุรินทร์/surface-laptop/,Not found (404),,missing_from_fresh_examples,KEEP_404,KEEP_404,medium,limited,,"Not present in capped 1,000-row 404 export; cannot infer removal from GSC."
https://ร้านรับซื้อโน๊ตบุ๊ค.com/รับซื้อโน๊ตบุ๊ค/อำนาจเจริญ/thinkpad-x1-carbon/,Not found (404),,missing_from_fresh_examples,KEEP_404,KEEP_404,medium,limited,,"Not present in capped 1,000-row 404 export; cannot infer removal from GSC."
https://ร้านรับซื้อโน๊ตบุ๊ค.com/รับซื้อโน๊ตบุ๊ค/เพชรบุรี/บูตวน/,Not found (404),,missing_from_fresh_examples,KEEP_404,KEEP_404,medium,limited,,"Not present in capped 1,000-row 404 export; cannot infer removal from GSC."
https://ร้านรับซื้อโน๊ตบุ๊ค.com/รับซื้อโน๊ตบุ๊ค/เชียงราย/hp-omen-transcend/,Not found (404),Not found (404),same_status,KEEP_404,KEEP_404,medium,high,2026-06-15,Fresh 2026-07-30 export: Not found (404)
https://ร้านรับซื้อโน๊ตบุ๊ค.com/รับซื้อโน๊ตบุ๊ค/ชุมพร/acer-nitro-17/,Not found (404),,missing_from_fresh_examples,KEEP_404,KEEP_404,medium,limited,,"Not present in capped 1,000-row 404 export; cannot infer removal from GSC."
https://ร้านรับซื้อโน๊ตบุ๊ค.com/รับซื้อโน๊ตบุ๊ค/เชียงราย/lenovo-ideapad-3-5/,Not found (404),,missing_from_fresh_examples,KEEP_404,KEEP_404,medium,limited,,"Not present in capped 1,000-row 404 export; cannot infer removal from GSC."
https://ร้านรับซื้อโน๊ตบุ๊ค.com/รับซื้อโน๊ตบุ๊ค/ระนอง/macbook-pro-16/,Not found (404),Not found (404),same_status,KEEP_404,KEEP_404,medium,high,2026-07-03,Fresh 2026-07-30 export: Not found (404)
https://ร้านรับซื้อโน๊ตบุ๊ค.com/รับซื้อโน๊ตบุ๊ค/ภาคอีสาน/asus-zenbook/,Not found (404),,missing_from_fresh_examples,KEEP_404,KEEP_404,medium,limited,,"Not present in capped 1,000-row 404 export; cannot infer removal from GSC."
https://ร้านรับซื้อโน๊ตบุ๊ค.com/รับซื้อโน๊ตบุ๊ค/ตราด/dell-vostro/,Not found (404),,missing_from_fresh_examples,KEEP_404,KEEP_404,medium,limited,,"Not present in capped 1,000-row 404 export; cannot infer removal from GSC."
https://ร้านรับซื้อโน๊ตบุ๊ค.com/รับซื้อโน๊ตบุ๊ค/นครนายก/macbook-pro-14/,Not found (404),Not found (404),same_status,KEEP_404,KEEP_404,medium,high,2026-07-03,Fresh 2026-07-30 export: Not found (404)
https://ร้านรับซื้อโน๊ตบุ๊ค.com/รับซื้อโน๊ตบุ๊ค/นครราชสีมา/ssd-เสีย/,Not found (404),,missing_from_fresh_examples,KEEP_404,KEEP_404,medium,limited,,"Not present in capped 1,000-row 404 export; cannot infer removal from GSC."
https://ร้านรับซื้อโน๊ตบุ๊ค.com/รับซื้อโน๊ตบุ๊ค/พัทลุง/lenovo-legion-pro-7/,Not found (404),Not found (404),same_status,KEEP_404,KEEP_404,medium,high,2026-06-15,Fresh 2026-07-30 export: Not found (404)
https://ร้านรับซื้อโน๊ตบุ๊ค.com/รับซื้อโน๊ตบุ๊ค/สกลนคร/macbook-pro-m2/,Not found (404),Not found (404),same_status,KEEP_404,KEEP_404,medium,high,2026-06-17,Fresh 2026-07-30 export: Not found (404)
https://ร้านรับซื้อโน๊ตบุ๊ค.com/รับซื้อโน๊ตบุ๊ค/บึงกาฬ/พอร์ต-usb-เสีย/,Not found (404),,missing_from_fresh_examples,KEEP_404,KEEP_404,medium,limited,,"Not present in capped 1,000-row 404 export; cannot infer removal from GSC."
https://ร้านรับซื้อโน๊ตบุ๊ค.com/รับซื้อโน๊ตบุ๊ค/หาดใหญ่/lg-gram/,Not found (404),Not found (404),same_status,KEEP_404,KEEP_404,medium,high,2026-06-17,Fresh 2026-07-30 export: Not found (404)
https://ร้านรับซื้อโน๊ตบุ๊ค.com/รับซื้อโน๊ตบุ๊ค/อุดรธานี/acer-aspire-5/,Not found (404),,missing_from_fresh_examples,KEEP_404,KEEP_404,medium,limited,,"Not present in capped 1,000-row 404 export; cannot infer removal from GSC."
https://ร้านรับซื้อโน๊ตบุ๊ค.com/รับซื้อโน๊ตบุ๊ค/ภูเก็ต/asus-zephyrus-g16/,Not found (404),Not found (404),same_status,KEEP_404,KEEP_404,medium,high,2026-06-17,Fresh 2026-07-30 export: Not found (404)
https://ร้านรับซื้อโน๊ตบุ๊ค.com/รับซื้อโน๊ตบุ๊ค/ร้อยเอ็ด/lenovo-legion-5/,Not found (404),,missing_from_fresh_examples,KEEP_404,KEEP_404,medium,limited,,"Not present in capped 1,000-row 404 export; cannot infer removal from GSC."
https://ร้านรับซื้อโน๊ตบุ๊ค.com/รับซื้อโน๊ตบุ๊ค/ลำปาง/รีสตาร์ทเอง/,Not found (404),,missing_from_fresh_examples,KEEP_404,KEEP_404,medium,limited,,"Not present in capped 1,000-row 404 export; cannot infer removal from GSC."
https://ร้านรับซื้อโน๊ตบุ๊ค.com/รับซื้อโน๊ตบุ๊ค/น่าน/macbook-pro-m2/,Not found (404),,missing_from_fresh_examples,KEEP_404,KEEP_404,medium,limited,,"Not present in capped 1,000-row 404 export; cannot infer removal from GSC."
https://ร้านรับซื้อโน๊ตบุ๊ค.com/รับซื้อโน๊ตบุ๊ค/เพชรบูรณ์/surface-pro/,Not found (404),,missing_from_fresh_examples,KEEP_404,KEEP_404,medium,limited,,"Not present in capped 1,000-row 404 export; cannot infer removal from GSC."
https://ร้านรับซื้อโน๊ตบุ๊ค.com/รับซื้อโน๊ตบุ๊ค/พะเยา/พัดลมดัง/,Not found (404),Not found (404),same_status,KEEP_404,KEEP_404,medium,high,2026-06-17,Fresh 2026-07-30 export: Not found (404)
https://ร้านรับซื้อโน๊ตบุ๊ค.com/รับซื้อโน๊ตบุ๊ค/ประจวบคีรีขันธ์/msi-stealth-14/,Not found (404),,missing_from_fresh_examples,KEEP_404,KEEP_404,medium,limited,,"Not present in capped 1,000-row 404 export; cannot infer removal from GSC."
https://ร้านรับซื้อโน๊ตบุ๊ค.com/รับซื้อโน๊ตบุ๊ค/พัทลุง/honor-magicbook/,Not found (404),,missing_from_fresh_examples,KEEP_404,KEEP_404,medium,limited,,"Not present in capped 1,000-row 404 export; cannot infer removal from GSC."
https://ร้านรับซื้อโน๊ตบุ๊ค.com/รับซื้อโน๊ตบุ๊ค/บึงกาฬ/acer-predator-helios/,Not found (404),,missing_from_fresh_examples,KEEP_404,KEEP_404,medium,limited,,"Not present in capped 1,000-row 404 export; cannot infer removal from GSC."
https://ร้านรับซื้อโน๊ตบุ๊ค.com/รับซื้อโน๊ตบุ๊ค/ชุมพร/macbook-air-m5/,Not found (404),,missing_from_fresh_examples,KEEP_404,KEEP_404,medium,limited,,"Not present in capped 1,000-row 404 export; cannot infer removal from GSC."
https://ร้านรับซื้อโน๊ตบุ๊ค.com/รับซื้อโน๊ตบุ๊ค/บางนา/asus-rog-ally-x/,Not found (404),,missing_from_fresh_examples,KEEP_404,KEEP_404,medium,limited,,"Not present in capped 1,000-row 404 export; cannot infer removal from GSC."
https://ร้านรับซื้อโน๊ตบุ๊ค.com/รับซื้อโน๊ตบุ๊ค/ระนอง/hp-omen-transcend/,Not found (404),Not found (404),same_status,KEEP_404,KEEP_404,medium,high,2026-06-23,Fresh 2026-07-30 export: Not found (404)
https://ร้านรับซื้อโน๊ตบุ๊ค.com/รับซื้อโน๊ตบุ๊ค/อำนาจเจริญ/alienware-m15-r7-r8/,Not found (404),,missing_from_fresh_examples,KEEP_404,KEEP_404,medium,limited,,"Not present in capped 1,000-row 404 export; cannot infer removal from GSC."
https://ร้านรับซื้อโน๊ตบุ๊ค.com/รับซื้อโน๊ตบุ๊ค/แม่ฮ่องสอน/lenovo-legion-5/,Not found (404),,missing_from_fresh_examples,KEEP_404,KEEP_404,medium,limited,,"Not present in capped 1,000-row 404 export; cannot infer removal from GSC."
https://ร้านรับซื้อโน๊ตบุ๊ค.com/รับซื้อโน๊ตบุ๊ค/นครศรีธรรมราช/macbook-pro-14/,Not found (404),,missing_from_fresh_examples,KEEP_404,KEEP_404,medium,limited,,"Not present in capped 1,000-row 404 export; cannot infer removal from GSC."
https://ร้านรับซื้อโน๊ตบุ๊ค.com/รับซื้อโน๊ตบุ๊ค/หาดใหญ่/hp-envy-x360/,Not found (404),,missing_from_fresh_examples,KEEP_404,KEEP_404,medium,limited,,"Not present in capped 1,000-row 404 export; cannot infer removal from GSC."
https://ร้านรับซื้อโน๊ตบุ๊ค.com/รับซื้อโน๊ตบุ๊ค/บุรีรัมย์/macbook-pro-m1/,Not found (404),,missing_from_fresh_examples,KEEP_404,KEEP_404,medium,limited,,"Not present in capped 1,000-row 404 export; cannot infer removal from GSC."
https://ร้านรับซื้อโน๊ตบุ๊ค.com/รับซื้อโน๊ตบุ๊ค/พิจิตร/macbook-pro-m4/,Not found (404),,missing_from_fresh_examples,KEEP_404,KEEP_404,medium,limited,,"Not present in capped 1,000-row 404 export; cannot infer removal from GSC."
https://ร้านรับซื้อโน๊ตบุ๊ค.com/รับซื้อโน๊ตบุ๊ค/บุรีรัมย์/macbook-no-box-no-receipt/,Not found (404),,missing_from_fresh_examples,KEEP_404,KEEP_404,medium,limited,,"Not present in capped 1,000-row 404 export; cannot infer removal from GSC."
https://ร้านรับซื้อโน๊ตบุ๊ค.com/รับซื้อโน๊ตบุ๊ค/เพชรบูรณ์/macbook-no-box-no-receipt/,Not found (404),,missing_from_fresh_examples,KEEP_404,KEEP_404,medium,limited,,"Not present in capped 1,000-row 404 export; cannot infer removal from GSC."
https://ร้านรับซื้อโน๊ตบุ๊ค.com/รับซื้อโน๊ตบุ๊ค/สงขลา/macbook-pro-14/,Not found (404),,missing_from_fresh_examples,KEEP_404,KEEP_404,medium,limited,,"Not present in capped 1,000-row 404 export; cannot infer removal from GSC."
https://ร้านรับซื้อโน๊ตบุ๊ค.com/รับซื้อโน๊ตบุ๊ค/รามคำแหง/asus-rog-strix/,Not found (404),,missing_from_fresh_examples,KEEP_404,KEEP_404,medium,limited,,"Not present in capped 1,000-row 404 export; cannot infer removal from GSC."
https://ร้านรับซื้อโน๊ตบุ๊ค.com/รับซื้อโน๊ตบุ๊ค/เชียงราย/macbook-pro-m2/,Not found (404),Not found (404),same_status,KEEP_404,KEEP_404,medium,high,2026-06-15,Fresh 2026-07-30 export: Not found (404)
https://ร้านรับซื้อโน๊ตบุ๊ค.com/รับซื้อโน๊ตบุ๊ค/สมุทรปราการ/msi-modern/,Not found (404),Not found (404),same_status,KEEP_404,KEEP_404,medium,high,2026-06-15,Fresh 2026-07-30 export: Not found (404)
https://ร้านรับซื้อโน๊ตบุ๊ค.com/รับซื้อโน๊ตบุ๊ค/บุรีรัมย์/macbook-pro-m2/,Not found (404),Not found (404),same_status,KEEP_404,KEEP_404,medium,high,2026-06-15,Fresh 2026-07-30 export: Not found (404)
https://ร้านรับซื้อโน๊ตบุ๊ค.com/รับซื้อโน๊ตบุ๊ค/สตูล/alienware-m16/,Not found (404),,missing_from_fresh_examples,KEEP_404,KEEP_404,medium,limited,,"Not present in capped 1,000-row 404 export; cannot infer removal from GSC."
https://ร้านรับซื้อโน๊ตบุ๊ค.com/รับซื้อโน๊ตบุ๊ค/กาฬสินธุ์/dell-g15-g16/,Not found (404),Not found (404),same_status,KEEP_404,KEEP_404,medium,high,2026-06-15,Fresh 2026-07-30 export: Not found (404)
https://ร้านรับซื้อโน๊ตบุ๊ค.com/รับซื้อโน๊ตบุ๊ค/นครปฐม/macbook-air-13/,Not found (404),Not found (404),same_status,KEEP_404,KEEP_404,medium,high,2026-06-15,Fresh 2026-07-30 export: Not found (404)
https://ร้านรับซื้อโน๊ตบุ๊ค.com/รับซื้อโน๊ตบุ๊ค/พระราม2/ร้อนจัดดับเอง/,Not found (404),Not found (404),same_status,KEEP_404,KEEP_404,medium,high,2026-06-15,Fresh 2026-07-30 export: Not found (404)
https://ร้านรับซื้อโน๊ตบุ๊ค.com/รับซื้อโน๊ตบุ๊ค/พิษณุโลก/gigabyte-aorus/,Not found (404),,missing_from_fresh_examples,KEEP_404,KEEP_404,medium,limited,,"Not present in capped 1,000-row 404 export; cannot infer removal from GSC."
https://ร้านรับซื้อโน๊ตบุ๊ค.com/รับซื้อโน๊ตบุ๊ค/ห้วยขวาง/macbook-air-m4/,Not found (404),,missing_from_fresh_examples,KEEP_404,KEEP_404,medium,limited,,"Not present in capped 1,000-row 404 export; cannot infer removal from GSC."
https://ร้านรับซื้อโน๊ตบุ๊ค.com/รับซื้อโน๊ตบุ๊ค/ราชบุรี/samsung-galaxy-book/,Not found (404),Not found (404),same_status,KEEP_404,KEEP_404,medium,high,2026-06-15,Fresh 2026-07-30 export: Not found (404)
https://ร้านรับซื้อโน๊ตบุ๊ค.com/รับซื้อโน๊ตบุ๊ค/ลำปาง/macbook-pro-m1/,Not found (404),,missing_from_fresh_examples,KEEP_404,KEEP_404,medium,limited,,"Not present in capped 1,000-row 404 export; cannot infer removal from GSC."
https://ร้านรับซื้อโน๊ตบุ๊ค.com/รับซื้อโน๊ตบุ๊ค/ตาก/dell-xps-13-15/,Not found (404),,missing_from_fresh_examples,KEEP_404,KEEP_404,medium,limited,,"Not present in capped 1,000-row 404 export; cannot infer removal from GSC."
https://ร้านรับซื้อโน๊ตบุ๊ค.com/รับซื้อโน๊ตบุ๊ค/เพชรบูรณ์/asus-zenbook/,Not found (404),,missing_from_fresh_examples,KEEP_404,KEEP_404,medium,limited,,"Not present in capped 1,000-row 404 export; cannot infer removal from GSC."
https://ร้านรับซื้อโน๊ตบุ๊ค.com/รับซื้อโน๊ตบุ๊ค/น่าน/alienware-m15-r7-r8/,Not found (404),,missing_from_fresh_examples,KEEP_404,KEEP_404,medium,limited,,"Not present in capped 1,000-row 404 export; cannot infer removal from GSC."
https://ร้านรับซื้อโน๊ตบุ๊ค.com/รับซื้อโน๊ตบุ๊ค/ยะลา/msi-katana-15/,Not found (404),Not found (404),same_status,KEEP_404,KEEP_404,medium,high,2026-06-15,Fresh 2026-07-30 export: Not found (404)
https://ร้านรับซื้อโน๊ตบุ๊ค.com/รับซื้อโน๊ตบุ๊ค/ร้อยเอ็ด/asus-zenbook/,Not found (404),,missing_from_fresh_examples,KEEP_404,KEEP_404,medium,limited,,"Not present in capped 1,000-row 404 export; cannot infer removal from GSC."
https://ร้านรับซื้อโน๊ตบุ๊ค.com/รับซื้อโน๊ตบุ๊ค/นราธิวาส/lenovo-loq-15-16/,Not found (404),,missing_from_fresh_examples,KEEP_404,KEEP_404,medium,limited,,"Not present in capped 1,000-row 404 export; cannot infer removal from GSC."
https://ร้านรับซื้อโน๊ตบุ๊ค.com/รับซื้อโน๊ตบุ๊ค/ศรีสะเกษ/lenovo-yoga/,Not found (404),Not found (404),same_status,KEEP_404,KEEP_404,medium,high,2026-06-15,Fresh 2026-07-30 export: Not found (404)
https://ร้านรับซื้อโน๊ตบุ๊ค.com/รับซื้อโน๊ตบุ๊ค/สมุทรสาคร/alienware-m18/,Not found (404),,missing_from_fresh_examples,KEEP_404,KEEP_404,medium,limited,,"Not present in capped 1,000-row 404 export; cannot infer removal from GSC."
https://ร้านรับซื้อโน๊ตบุ๊ค.com/รับซื้อโน๊ตบุ๊ค/สุโขทัย/ฝาหลังบวม/,Not found (404),Not found (404),same_status,KEEP_404,KEEP_404,medium,high,2026-06-15,Fresh 2026-07-30 export: Not found (404)
https://ร้านรับซื้อโน๊ตบุ๊ค.com/รับซื้อโน๊ตบุ๊ค/กาญจนบุรี/acer-predator-triton/,Not found (404),,missing_from_fresh_examples,KEEP_404,KEEP_404,medium,limited,,"Not present in capped 1,000-row 404 export; cannot infer removal from GSC."
https://ร้านรับซื้อโน๊ตบุ๊ค.com/รับซื้อโน๊ตบุ๊ค/รามคำแหง/macbook-no-box-no-receipt/,Not found (404),,missing_from_fresh_examples,KEEP_404,KEEP_404,medium,limited,,"Not present in capped 1,000-row 404 export; cannot infer removal from GSC."
https://ร้านรับซื้อโน๊ตบุ๊ค.com/รับซื้อโน๊ตบุ๊ค/นครศรีธรรมราช/thinkpad-e14-e15/,Not found (404),,missing_from_fresh_examples,KEEP_404,KEEP_404,medium,limited,,"Not present in capped 1,000-row 404 export; cannot infer removal from GSC."
https://ร้านรับซื้อโน๊ตบุ๊ค.com/รับซื้อโน๊ตบุ๊ค/เพชรบูรณ์/acer-predator-neo/,Not found (404),,missing_from_fresh_examples,KEEP_404,KEEP_404,medium,limited,,"Not present in capped 1,000-row 404 export; cannot infer removal from GSC."
https://ร้านรับซื้อโน๊ตบุ๊ค.com/รับซื้อโน๊ตบุ๊ค/ปราจีนบุรี/acer-aspire-5/,Not found (404),,missing_from_fresh_examples,KEEP_404,KEEP_404,medium,limited,,"Not present in capped 1,000-row 404 export; cannot infer removal from GSC."
https://ร้านรับซื้อโน๊ตบุ๊ค.com/รับซื้อโน๊ตบุ๊ค/รังสิต/asus-vivobook/,Not found (404),Not found (404),same_status,KEEP_404,KEEP_404,medium,high,2026-06-15,Fresh 2026-07-30 export: Not found (404)
https://ร้านรับซื้อโน๊ตบุ๊ค.com/รับซื้อโน๊ตบุ๊ค/สุพรรณบุรี/lenovo-loq-15-16/,Not found (404),,missing_from_fresh_examples,KEEP_404,KEEP_404,medium,limited,,"Not present in capped 1,000-row 404 export; cannot infer removal from GSC."
https://ร้านรับซื้อโน๊ตบุ๊ค.com/รับซื้อโน๊ตบุ๊ค/อุบลราชธานี/macbook-battery-health/,Not found (404),,missing_from_fresh_examples,KEEP_404,KEEP_404,medium,limited,,"Not present in capped 1,000-row 404 export; cannot infer removal from GSC."
https://ร้านรับซื้อโน๊ตบุ๊ค.com/รับซื้อโน๊ตบุ๊ค/สุราษฎร์ธานี/macbook-air-m4/,Not found (404),,missing_from_fresh_examples,KEEP_404,KEEP_404,medium,limited,,"Not present in capped 1,000-row 404 export; cannot infer removal from GSC."
https://ร้านรับซื้อโน๊ตบุ๊ค.com/รับซื้อโน๊ตบุ๊ค/ภูเก็ต/asus-rog-ally-x/,Not found (404),,missing_from_fresh_examples,KEEP_404,KEEP_404,medium,limited,,"Not present in capped 1,000-row 404 export; cannot infer removal from GSC."
https://ร้านรับซื้อโน๊ตบุ๊ค.com/รับซื้อโน๊ตบุ๊ค/มุกดาหาร/msi-raider-18/,Not found (404),,missing_from_fresh_examples,KEEP_404,KEEP_404,medium,limited,,"Not present in capped 1,000-row 404 export; cannot infer removal from GSC."
https://ร้านรับซื้อโน๊ตบุ๊ค.com/รับซื้อโน๊ตบุ๊ค/ราชบุรี/msi-raider-18/,Not found (404),,missing_from_fresh_examples,KEEP_404,KEEP_404,medium,limited,,"Not present in capped 1,000-row 404 export; cannot infer removal from GSC."
https://ร้านรับซื้อโน๊ตบุ๊ค.com/รับซื้อโน๊ตบุ๊ค/นครราชสีมา/msi-stealth-14/,Not found (404),Not found (404),same_status,KEEP_404,KEEP_404,medium,high,2026-06-15,Fresh 2026-07-30 export: Not found (404)
https://ร้านรับซื้อโน๊ตบุ๊ค.com/รับซื้อโน๊ตบุ๊ค/ห้วยขวาง/alienware-m15-r7-r8/,Not found (404),Not found (404),same_status,KEEP_404,KEEP_404,medium,high,2026-06-15,Fresh 2026-07-30 export: Not found (404)
https://ร้านรับซื้อโน๊ตบุ๊ค.com/รับซื้อโน๊ตบุ๊ค/ปทุมธานี/macbook-pro-m1/,Not found (404),,missing_from_fresh_examples,KEEP_404,KEEP_404,medium,limited,,"Not present in capped 1,000-row 404 export; cannot infer removal from GSC."
https://ร้านรับซื้อโน๊ตบุ๊ค.com/รับซื้อโน๊ตบุ๊ค/ชลบุรี/lenovo-loq-15-16/,Not found (404),,missing_from_fresh_examples,KEEP_404,KEEP_404,medium,limited,,"Not present in capped 1,000-row 404 export; cannot infer removal from GSC."
https://ร้านรับซื้อโน๊ตบุ๊ค.com/รับซื้อโน๊ตบุ๊ค/ชุมพร/acer-predator-triton/,Not found (404),,missing_from_fresh_examples,KEEP_404,KEEP_404,medium,limited,,"Not present in capped 1,000-row 404 export; cannot infer removal from GSC."
https://ร้านรับซื้อโน๊ตบุ๊ค.com/รับซื้อโน๊ตบุ๊ค/สตูล/asus-zephyrus-g16/,Not found (404),Not found (404),same_status,KEEP_404,KEEP_404,medium,high,2026-06-15,Fresh 2026-07-30 export: Not found (404)
https://ร้านรับซื้อโน๊ตบุ๊ค.com/รับซื้อโน๊ตบุ๊ค/สมุทรสาคร/ร้อนจัดดับเอง/,Not found (404),,missing_from_fresh_examples,KEEP_404,KEEP_404,medium,limited,,"Not present in capped 1,000-row 404 export; cannot infer removal from GSC."
https://ร้านรับซื้อโน๊ตบุ๊ค.com/รับซื้อโน๊ตบุ๊ค/จันทบุรี/lenovo-loq-15-16/,Not found (404),,missing_from_fresh_examples,KEEP_404,KEEP_404,medium,limited,,"Not present in capped 1,000-row 404 export; cannot infer removal from GSC."
https://ร้านรับซื้อโน๊ตบุ๊ค.com/รับซื้อโน๊ตบุ๊ค/นนทบุรี/asus-zephyrus/,Not found (404),,missing_from_fresh_examples,KEEP_404,KEEP_404,medium,limited,,"Not present in capped 1,000-row 404 export; cannot infer removal from GSC."
https://ร้านรับซื้อโน๊ตบุ๊ค.com/รับซื้อโน๊ตบุ๊ค/รังสิต/acer-predator-triton/,Not found (404),Not found (404),same_status,KEEP_404,KEEP_404,medium,high,2026-06-15,Fresh 2026-07-30 export: Not found (404)
https://ร้านรับซื้อโน๊ตบุ๊ค.com/รับซื้อโน๊ตบุ๊ค/สุรินทร์/hp-spectre-x360/,Not found (404),,missing_from_fresh_examples,KEEP_404,KEEP_404,medium,limited,,"Not present in capped 1,000-row 404 export; cannot infer removal from GSC."
https://ร้านรับซื้อโน๊ตบุ๊ค.com/รับซื้อโน๊ตบุ๊ค/นครสวรรค์/macbook-air-m2/,Not found (404),,missing_from_fresh_examples,KEEP_404,KEEP_404,medium,limited,,"Not present in capped 1,000-row 404 export; cannot infer removal from GSC."
https://ร้านรับซื้อโน๊ตบุ๊ค.com/รับซื้อโน๊ตบุ๊ค/สระแก้ว/acer-nitro-v/,Not found (404),,missing_from_fresh_examples,KEEP_404,KEEP_404,medium,limited,,"Not present in capped 1,000-row 404 export; cannot infer removal from GSC."
https://ร้านรับซื้อโน๊ตบุ๊ค.com/รับซื้อโน๊ตบุ๊ค/บุรีรัมย์/พัดลมดัง/,Not found (404),,missing_from_fresh_examples,KEEP_404,KEEP_404,medium,limited,,"Not present in capped 1,000-row 404 export; cannot infer removal from GSC."
https://ร้านรับซื้อโน๊ตบุ๊ค.com/รับซื้อโน๊ตบุ๊ค/สกลนคร/asus-rog-strix/,Not found (404),,missing_from_fresh_examples,KEEP_404,KEEP_404,medium,limited,,"Not present in capped 1,000-row 404 export; cannot infer removal from GSC."
https://ร้านรับซื้อโน๊ตบุ๊ค.com/รับซื้อโน๊ตบุ๊ค/เลย/acer-nitro-17/,Not found (404),,missing_from_fresh_examples,KEEP_404,KEEP_404,medium,limited,,"Not present in capped 1,000-row 404 export; cannot infer removal from GSC."
https://ร้านรับซื้อโน๊ตบุ๊ค.com/รับซื้อโน๊ตบุ๊ค/เพชรบุรี/surface-pro/,Not found (404),,missing_from_fresh_examples,KEEP_404,KEEP_404,medium,limited,,"Not present in capped 1,000-row 404 export; cannot infer removal from GSC."
https://ร้านรับซื้อโน๊ตบุ๊ค.com/รับซื้อโน๊ตบุ๊ค/นครสวรรค์/macbook-pro-16/,Not found (404),,missing_from_fresh_examples,KEEP_404,KEEP_404,medium,limited,,"Not present in capped 1,000-row 404 export; cannot infer removal from GSC."
https://ร้านรับซื้อโน๊ตบุ๊ค.com/รับซื้อโน๊ตบุ๊ค/พัทลุง/samsung-galaxy-book/,Not found (404),,missing_from_fresh_examples,KEEP_404,KEEP_404,medium,limited,,"Not present in capped 1,000-row 404 export; cannot infer removal from GSC."
https://ร้านรับซื้อโน๊ตบุ๊ค.com/รับซื้อโน๊ตบุ๊ค/อ่างทอง/asus-zephyrus-g14/,Not found (404),,missing_from_fresh_examples,KEEP_404,KEEP_404,medium,limited,,"Not present in capped 1,000-row 404 export; cannot infer removal from GSC."
https://ร้านรับซื้อโน๊ตบุ๊ค.com/รับซื้อโน๊ตบุ๊ค/มหาสารคาม/ทัชแพดเสีย/,Not found (404),,missing_from_fresh_examples,KEEP_404,KEEP_404,medium,limited,,"Not present in capped 1,000-row 404 export; cannot infer removal from GSC."
https://ร้านรับซื้อโน๊ตบุ๊ค.com/รับซื้อโน๊ตบุ๊ค/ระยอง/asus-rog-ally-x/,Not found (404),,missing_from_fresh_examples,KEEP_404,KEEP_404,medium,limited,,"Not present in capped 1,000-row 404 export; cannot infer removal from GSC."
https://ร้านรับซื้อโน๊ตบุ๊ค.com/รับซื้อโน๊ตบุ๊ค/สมุทรสงคราม/ช่องหูฟังเสีย/,Not found (404),,missing_from_fresh_examples,KEEP_404,KEEP_404,medium,limited,,"Not present in capped 1,000-row 404 export; cannot infer removal from GSC."
https://ร้านรับซื้อโน๊ตบุ๊ค.com/รับซื้อโน๊ตบุ๊ค/นครพนม/macbook-pro-m2/,Not found (404),,missing_from_fresh_examples,KEEP_404,KEEP_404,medium,limited,,"Not present in capped 1,000-row 404 export; cannot infer removal from GSC."
https://ร้านรับซื้อโน๊ตบุ๊ค.com/รับซื้อโน๊ตบุ๊ค/เชียงใหม่/asus-zephyrus/,Not found (404),Not found (404),same_status,KEEP_404,KEEP_404,medium,high,2026-06-15,Fresh 2026-07-30 export: Not found (404)
https://ร้านรับซื้อโน๊ตบุ๊ค.com/รับซื้อโน๊ตบุ๊ค/อำนาจเจริญ/msi-cyborg-15/,Not found (404),,missing_from_fresh_examples,KEEP_404,KEEP_404,medium,limited,,"Not present in capped 1,000-row 404 export; cannot infer removal from GSC."
https://ร้านรับซื้อโน๊ตบุ๊ค.com/รับซื้อโน๊ตบุ๊ค/นครพนม/lenovo-ideapad-3-5/,Not found (404),,missing_from_fresh_examples,KEEP_404,KEEP_404,medium,limited,,"Not present in capped 1,000-row 404 export; cannot infer removal from GSC."
https://ร้านรับซื้อโน๊ตบุ๊ค.com/รับซื้อโน๊ตบุ๊ค/กาฬสินธุ์/ssd-เสีย/,Not found (404),,missing_from_fresh_examples,KEEP_404,KEEP_404,medium,limited,,"Not present in capped 1,000-row 404 export; cannot infer removal from GSC."
https://ร้านรับซื้อโน๊ตบุ๊ค.com/รับซื้อโน๊ตบุ๊ค/มหาสารคาม/ลำโพงเสีย/,Not found (404),,missing_from_fresh_examples,KEEP_404,KEEP_404,medium,limited,,"Not present in capped 1,000-row 404 export; cannot infer removal from GSC."
https://ร้านรับซื้อโน๊ตบุ๊ค.com/รับซื้อโน๊ตบุ๊ค/นนทบุรี/พอร์ต-usb-เสีย/,Not found (404),Not found (404),same_status,KEEP_404,KEEP_404,medium,high,2026-06-15,Fresh 2026-07-30 export: Not found (404)
https://ร้านรับซื้อโน๊ตบุ๊ค.com/รับซื้อโน๊ตบุ๊ค/อุบลราชธานี/acer-nitro-17/,Not found (404),,missing_from_fresh_examples,KEEP_404,KEEP_404,medium,limited,,"Not present in capped 1,000-row 404 export; cannot infer removal from GSC."
https://ร้านรับซื้อโน๊ตบุ๊ค.com/รับซื้อโน๊ตบุ๊ค/ราชบุรี/thinkpad-e14-e15/,Not found (404),,missing_from_fresh_examples,KEEP_404,KEEP_404,medium,limited,,"Not present in capped 1,000-row 404 export; cannot infer removal from GSC."
https://ร้านรับซื้อโน๊ตบุ๊ค.com/รับซื้อโน๊ตบุ๊ค/ลำพูน/macbook-air-m4/,Not found (404),,missing_from_fresh_examples,KEEP_404,KEEP_404,medium,limited,,"Not present in capped 1,000-row 404 export; cannot infer removal from GSC."
https://ร้านรับซื้อโน๊ตบุ๊ค.com/รับซื้อโน๊ตบุ๊ค/นครพนม/ค้างบ่อย/,Not found (404),Not found (404),same_status,KEEP_404,KEEP_404,medium,high,2026-06-16,Fresh 2026-07-30 export: Not found (404)
https://ร้านรับซื้อโน๊ตบุ๊ค.com/รับซื้อโน๊ตบุ๊ค/หาดใหญ่/gigabyte-aorus/,Not found (404),,missing_from_fresh_examples,KEEP_404,KEEP_404,medium,limited,,"Not present in capped 1,000-row 404 export; cannot infer removal from GSC."
https://ร้านรับซื้อโน๊ตบุ๊ค.com/รับซื้อโน๊ตบุ๊ค/กระบี่/macbook-keyboard-issue/,Not found (404),,missing_from_fresh_examples,KEEP_404,KEEP_404,medium,limited,,"Not present in capped 1,000-row 404 export; cannot infer removal from GSC."
https://ร้านรับซื้อโน๊ตบุ๊ค.com/รับซื้อโน๊ตบุ๊ค/สมุทรสงคราม/acer-aspire-5/,Not found (404),,missing_from_fresh_examples,KEEP_404,KEEP_404,medium,limited,,"Not present in capped 1,000-row 404 export; cannot infer removal from GSC."
https://ร้านรับซื้อโน๊ตบุ๊ค.com/รับซื้อโน๊ตบุ๊ค/พระราม2/ช่องหูฟังเสีย/,Not found (404),,missing_from_fresh_examples,KEEP_404,KEEP_404,medium,limited,,"Not present in capped 1,000-row 404 export; cannot infer removal from GSC."
https://ร้านรับซื้อโน๊ตบุ๊ค.com/รับซื้อโน๊ตบุ๊ค/ปราจีนบุรี/thinkpad-e14-e15/,Not found (404),,missing_from_fresh_examples,KEEP_404,KEEP_404,medium,limited,,"Not present in capped 1,000-row 404 export; cannot infer removal from GSC."
https://ร้านรับซื้อโน๊ตบุ๊ค.com/รับซื้อโน๊ตบุ๊ค/นครปฐม/hdmi-เสีย/,Not found (404),,missing_from_fresh_examples,KEEP_404,KEEP_404,medium,limited,,"Not present in capped 1,000-row 404 export; cannot infer removal from GSC."
https://ร้านรับซื้อโน๊ตบุ๊ค.com/รับซื้อโน๊ตบุ๊ค/สุรินทร์/asus-zephyrus-g16/,Not found (404),,missing_from_fresh_examples,KEEP_404,KEEP_404,medium,limited,,"Not present in capped 1,000-row 404 export; cannot infer removal from GSC."
https://ร้านรับซื้อโน๊ตบุ๊ค.com/รับซื้อโน๊ตบุ๊ค/ปัตตานี/macbook-air-m2/,Not found (404),,missing_from_fresh_examples,KEEP_404,KEEP_404,medium,limited,,"Not present in capped 1,000-row 404 export; cannot infer removal from GSC."
https://ร้านรับซื้อโน๊ตบุ๊ค.com/รับซื้อโน๊ตบุ๊ค/สุรินทร์/ssd-เสีย/,Not found (404),,missing_from_fresh_examples,KEEP_404,KEEP_404,medium,limited,,"Not present in capped 1,000-row 404 export; cannot infer removal from GSC."
https://ร้านรับซื้อโน๊ตบุ๊ค.com/รับซื้อโน๊ตบุ๊ค/นครปฐม/dell-inspiron-15/,Not found (404),,missing_from_fresh_examples,KEEP_404,KEEP_404,medium,limited,,"Not present in capped 1,000-row 404 export; cannot infer removal from GSC."
https://ร้านรับซื้อโน๊ตบุ๊ค.com/รับซื้อโน๊ตบุ๊ค/เพชรบุรี/บอดี้แตก/,Not found (404),,missing_from_fresh_examples,KEEP_404,KEEP_404,medium,limited,,"Not present in capped 1,000-row 404 export; cannot infer removal from GSC."
https://ร้านรับซื้อโน๊ตบุ๊ค.com/รับซื้อโน๊ตบุ๊ค/สมุทรปราการ/msi-stealth-14/,Not found (404),,missing_from_fresh_examples,KEEP_404,KEEP_404,medium,limited,,"Not present in capped 1,000-row 404 export; cannot infer removal from GSC."
https://ร้านรับซื้อโน๊ตบุ๊ค.com/รับซื้อโน๊ตบุ๊ค/กาญจนบุรี/macbook-air-m5/,Not found (404),Not found (404),same_status,KEEP_404,KEEP_404,medium,high,2026-06-15,Fresh 2026-07-30 export: Not found (404)
https://ร้านรับซื้อโน๊ตบุ๊ค.com/รับซื้อโน๊ตบุ๊ค/ชุมพร/lenovo-thinkbook/,Not found (404),,missing_from_fresh_examples,KEEP_404,KEEP_404,medium,limited,,"Not present in capped 1,000-row 404 export; cannot infer removal from GSC."
https://ร้านรับซื้อโน๊ตบุ๊ค.com/รับซื้อโน๊ตบุ๊ค/นครปฐม/บูตวน/,Not found (404),,missing_from_fresh_examples,KEEP_404,KEEP_404,medium,limited,,"Not present in capped 1,000-row 404 export; cannot infer removal from GSC."
https://ร้านรับซื้อโน๊ตบุ๊ค.com/รับซื้อโน๊ตบุ๊ค/อยุธยา/บอดี้แตก/,Not found (404),Not found (404),same_status,KEEP_404,KEEP_404,medium,high,2026-06-15,Fresh 2026-07-30 export: Not found (404)
https://ร้านรับซื้อโน๊ตบุ๊ค.com/รับซื้อโน๊ตบุ๊ค/สระบุรี/razer/,Not found (404),Not found (404),same_status,KEEP_404,KEEP_404,medium,high,2026-06-15,Fresh 2026-07-30 export: Not found (404)
https://ร้านรับซื้อโน๊ตบุ๊ค.com/รับซื้อโน๊ตบุ๊ค/แพร่/ทัชแพดเสีย/,Not found (404),Not found (404),same_status,KEEP_404,KEEP_404,medium,high,2026-06-15,Fresh 2026-07-30 export: Not found (404)
https://ร้านรับซื้อโน๊ตบุ๊ค.com/รับซื้อโน๊ตบุ๊ค/มุกดาหาร/hp-probook/,Not found (404),,missing_from_fresh_examples,KEEP_404,KEEP_404,medium,limited,,"Not present in capped 1,000-row 404 export; cannot infer removal from GSC."
https://ร้านรับซื้อโน๊ตบุ๊ค.com/รับซื้อโน๊ตบุ๊ค/จันทบุรี/พอร์ต-type-c-เสีย/,Not found (404),Not found (404),same_status,KEEP_404,KEEP_404,medium,high,2026-06-15,Fresh 2026-07-30 export: Not found (404)
https://ร้านรับซื้อโน๊ตบุ๊ค.com/รับซื้อโน๊ตบุ๊ค/ระยอง/ฝาหลังบวม/,Not found (404),Not found (404),same_status,KEEP_404,KEEP_404,medium,high,2026-06-15,Fresh 2026-07-30 export: Not found (404)
https://ร้านรับซื้อโน๊ตบุ๊ค.com/รับซื้อโน๊ตบุ๊ค/ปัตตานี/huawei/,Not found (404),Not found (404),same_status,KEEP_404,KEEP_404,medium,high,2026-06-15,Fresh 2026-07-30 export: Not found (404)
https://ร้านรับซื้อโน๊ตบุ๊ค.com/รับซื้อโน๊ตบุ๊ค/ราชบุรี/dell-g15-g16/,Not found (404),,missing_from_fresh_examples,KEEP_404,KEEP_404,medium,limited,,"Not present in capped 1,000-row 404 export; cannot infer removal from GSC."
https://ร้านรับซื้อโน๊ตบุ๊ค.com/รับซื้อโน๊ตบุ๊ค/พระราม2/macbook-air-13/,Not found (404),Not found (404),same_status,KEEP_404,KEEP_404,medium,high,2026-06-15,Fresh 2026-07-30 export: Not found (404)
https://ร้านรับซื้อโน๊ตบุ๊ค.com/รับซื้อโน๊ตบุ๊ค/น่าน/gigabyte-aorus/,Not found (404),Not found (404),same_status,KEEP_404,KEEP_404,medium,high,2026-06-15,Fresh 2026-07-30 export: Not found (404)
https://ร้านรับซื้อโน๊ตบุ๊ค.com/รับซื้อโน๊ตบุ๊ค/กาฬสินธุ์/surface-laptop-go/,Not found (404),Not found (404),same_status,KEEP_404,KEEP_404,medium,high,2026-06-15,Fresh 2026-07-30 export: Not found (404)
https://ร้านรับซื้อโน๊ตบุ๊ค.com/รับซื้อโน๊ตบุ๊ค/นครนายก/macbook-air-13/,Not found (404),Not found (404),same_status,KEEP_404,KEEP_404,medium,high,2026-06-15,Fresh 2026-07-30 export: Not found (404)
https://ร้านรับซื้อโน๊ตบุ๊ค.com/รับซื้อโน๊ตบุ๊ค/มหาสารคาม/lenovo-legion-5/,Not found (404),,missing_from_fresh_examples,KEEP_404,KEEP_404,medium,limited,,"Not present in capped 1,000-row 404 export; cannot infer removal from GSC."
https://ร้านรับซื้อโน๊ตบุ๊ค.com/รับซื้อโน๊ตบุ๊ค/หนองบัวลำภู/alienware-m18/,Not found (404),,missing_from_fresh_examples,KEEP_404,KEEP_404,medium,limited,,"Not present in capped 1,000-row 404 export; cannot infer removal from GSC."
https://ร้านรับซื้อโน๊ตบุ๊ค.com/รับซื้อโน๊ตบุ๊ค/กาญจนบุรี/lenovo-loq-15-16/,Not found (404),Not found (404),same_status,KEEP_404,KEEP_404,medium,high,2026-06-15,Fresh 2026-07-30 export: Not found (404)
https://ร้านรับซื้อโน๊ตบุ๊ค.com/รับซื้อโน๊ตบุ๊ค/ลำพูน/macbook-air-m3/,Not found (404),Not found (404),same_status,KEEP_404,KEEP_404,medium,high,2026-06-15,Fresh 2026-07-30 export: Not found (404)
https://ร้านรับซื้อโน๊ตบุ๊ค.com/รับซื้อโน๊ตบุ๊ค/กรุงเทพ/macbook-pro-m1/,Not found (404),Not found (404),same_status,KEEP_404,KEEP_404,medium,high,2026-06-15,Fresh 2026-07-30 export: Not found (404)
https://ร้านรับซื้อโน๊ตบุ๊ค.com/รับซื้อโน๊ตบุ๊ค/ชัยภูมิ/กล้องเสีย/,Not found (404),Not found (404),same_status,KEEP_404,KEEP_404,medium,high,2026-06-15,Fresh 2026-07-30 export: Not found (404)
https://ร้านรับซื้อโน๊ตบุ๊ค.com/รับซื้อโน๊ตบุ๊ค/นครปฐม/razer/,Not found (404),Not found (404),same_status,KEEP_404,KEEP_404,medium,high,2026-06-15,Fresh 2026-07-30 export: Not found (404)
https://ร้านรับซื้อโน๊ตบุ๊ค.com/รับซื้อโน๊ตบุ๊ค/ภาคอีสาน/dell-latitude/,Not found (404),Not found (404),same_status,KEEP_404,KEEP_404,medium,high,2026-06-15,Fresh 2026-07-30 export: Not found (404)
https://ร้านรับซื้อโน๊ตบุ๊ค.com/รับซื้อโน๊ตบุ๊ค/พระราม2/huawei/,Not found (404),Not found (404),same_status,KEEP_404,KEEP_404,medium,high,2026-06-15,Fresh 2026-07-30 export: Not found (404)
https://ร้านรับซื้อโน๊ตบุ๊ค.com/รับซื้อโน๊ตบุ๊ค/เลย/acer-nitro-v/,Not found (404),,missing_from_fresh_examples,KEEP_404,KEEP_404,medium,limited,,"Not present in capped 1,000-row 404 export; cannot infer removal from GSC."
https://ร้านรับซื้อโน๊ตบุ๊ค.com/รับซื้อโน๊ตบุ๊ค/พังงา/msi-katana-15/,Not found (404),Not found (404),same_status,KEEP_404,KEEP_404,medium,high,2026-06-15,Fresh 2026-07-30 export: Not found (404)
https://ร้านรับซื้อโน๊ตบุ๊ค.com/รับซื้อโน๊ตบุ๊ค/ปัตตานี/macbook-pro-m1/,Not found (404),Not found (404),same_status,KEEP_404,KEEP_404,medium,high,2026-06-15,Fresh 2026-07-30 export: Not found (404)
https://ร้านรับซื้อโน๊ตบุ๊ค.com/รับซื้อโน๊ตบุ๊ค/ระยอง/พัดลมดัง/,Not found (404),Not found (404),same_status,KEEP_404,KEEP_404,medium,high,2026-06-15,Fresh 2026-07-30 export: Not found (404)
https://ร้านรับซื้อโน๊ตบุ๊ค.com/รับซื้อโน๊ตบุ๊ค/ลำปาง/dell-vostro/,Not found (404),,missing_from_fresh_examples,KEEP_404,KEEP_404,medium,limited,,"Not present in capped 1,000-row 404 export; cannot infer removal from GSC."
https://ร้านรับซื้อโน๊ตบุ๊ค.com/รับซื้อโน๊ตบุ๊ค/สตูล/บอดี้แตก/,Not found (404),Not found (404),same_status,KEEP_404,KEEP_404,medium,high,2026-06-15,Fresh 2026-07-30 export: Not found (404)
https://ร้านรับซื้อโน๊ตบุ๊ค.com/รับซื้อโน๊ตบุ๊ค/อุทัยธานี/asus-rog-flow/,Not found (404),Not found (404),same_status,KEEP_404,KEEP_404,medium,high,2026-06-15,Fresh 2026-07-30 export: Not found (404)
https://ร้านรับซื้อโน๊ตบุ๊ค.com/รับซื้อโน๊ตบุ๊ค/นนทบุรี/macbook-pro-m1/,Not found (404),Not found (404),same_status,KEEP_404,KEEP_404,medium,high,2026-06-15,Fresh 2026-07-30 export: Not found (404)
https://ร้านรับซื้อโน๊ตบุ๊ค.com/รับซื้อโน๊ตบุ๊ค/ร้อยเอ็ด/hp-probook/,Not found (404),Not found (404),same_status,KEEP_404,KEEP_404,medium,high,2026-06-15,Fresh 2026-07-30 export: Not found (404)
https://ร้านรับซื้อโน๊ตบุ๊ค.com/รับซื้อโน๊ตบุ๊ค/อุทัยธานี/hp-omen-17/,Not found (404),,missing_from_fresh_examples,KEEP_404,KEEP_404,medium,limited,,"Not present in capped 1,000-row 404 export; cannot infer removal from GSC."
https://ร้านรับซื้อโน๊ตบุ๊ค.com/รับซื้อโน๊ตบุ๊ค/เชียงใหม่/huawei-matebook/,Not found (404),Not found (404),same_status,KEEP_404,KEEP_404,medium,high,2026-06-15,Fresh 2026-07-30 export: Not found (404)
https://ร้านรับซื้อโน๊ตบุ๊ค.com/รับซื้อโน๊ตบุ๊ค/ลำพูน/hdmi-เสีย/,Not found (404),,missing_from_fresh_examples,KEEP_404,KEEP_404,medium,limited,,"Not present in capped 1,000-row 404 export; cannot infer removal from GSC."
https://ร้านรับซื้อโน๊ตบุ๊ค.com/รับซื้อโน๊ตบุ๊ค/นครศรีธรรมราช/gigabyte-aorus/,Not found (404),Not found (404),same_status,KEEP_404,KEEP_404,medium,high,2026-06-15,Fresh 2026-07-30 export: Not found (404)
https://ร้านรับซื้อโน๊ตบุ๊ค.com/รับซื้อโน๊ตบุ๊ค/สุราษฎร์ธานี/msi-cyborg-15/,Not found (404),,missing_from_fresh_examples,KEEP_404,KEEP_404,medium,limited,,"Not present in capped 1,000-row 404 export; cannot infer removal from GSC."
https://ร้านรับซื้อโน๊ตบุ๊ค.com/รับซื้อโน๊ตบุ๊ค/หนองบัวลำภู/macbook-keyboard-issue/,Not found (404),,missing_from_fresh_examples,KEEP_404,KEEP_404,medium,limited,,"Not present in capped 1,000-row 404 export; cannot infer removal from GSC."
https://ร้านรับซื้อโน๊ตบุ๊ค.com/รับซื้อโน๊ตบุ๊ค/เพชรบูรณ์/thinkpad-e14-e15/,Not found (404),Not found (404),same_status,KEEP_404,KEEP_404,medium,high,2026-06-15,Fresh 2026-07-30 export: Not found (404)
https://ร้านรับซื้อโน๊ตบุ๊ค.com/รับซื้อโน๊ตบุ๊ค/ปัตตานี/asus-tuf-a15-f15/,Not found (404),,missing_from_fresh_examples,KEEP_404,KEEP_404,medium,limited,,"Not present in capped 1,000-row 404 export; cannot infer removal from GSC."
https://ร้านรับซื้อโน๊ตบุ๊ค.com/รับซื้อโน๊ตบุ๊ค/อำนาจเจริญ/huawei-matebook/,Not found (404),Not found (404),same_status,KEEP_404,KEEP_404,medium,high,2026-06-15,Fresh 2026-07-30 export: Not found (404)
https://ร้านรับซื้อโน๊ตบุ๊ค.com/รับซื้อโน๊ตบุ๊ค/กรุงเทพ/razer/,Not found (404),Not found (404),same_status,KEEP_404,KEEP_404,medium,high,2026-06-15,Fresh 2026-07-30 export: Not found (404)
https://ร้านรับซื้อโน๊ตบุ๊ค.com/รับซื้อโน๊ตบุ๊ค/พัทยา/thinkpad-t14/,Not found (404),Not found (404),same_status,KEEP_404,KEEP_404,medium,high,2026-06-15,Fresh 2026-07-30 export: Not found (404)
https://ร้านรับซื้อโน๊ตบุ๊ค.com/รับซื้อโน๊ตบุ๊ค/เชียงราย/asus-vivobook/,Not found (404),Not found (404),same_status,KEEP_404,KEEP_404,medium,high,2026-06-15,Fresh 2026-07-30 export: Not found (404)
https://ร้านรับซื้อโน๊ตบุ๊ค.com/รับซื้อโน๊ตบุ๊ค/สกลนคร/lenovo-yoga/,Not found (404),Not found (404),same_status,KEEP_404,KEEP_404,medium,high,2026-06-15,Fresh 2026-07-30 export: Not found (404)
https://ร้านรับซื้อโน๊ตบุ๊ค.com/รับซื้อโน๊ตบุ๊ค/แม่ฮ่องสอน/alienware-m18/,Not found (404),Not found (404),same_status,KEEP_404,KEEP_404,medium,high,2026-06-15,Fresh 2026-07-30 export: Not found (404)
https://ร้านรับซื้อโน๊ตบุ๊ค.com/รับซื้อโน๊ตบุ๊ค/สระบุรี/จอมีเส้น/,Not found (404),,missing_from_fresh_examples,KEEP_404,KEEP_404,medium,limited,,"Not present in capped 1,000-row 404 export; cannot infer removal from GSC."
https://ร้านรับซื้อโน๊ตบุ๊ค.com/รับซื้อโน๊ตบุ๊ค/สุรินทร์/dell-latitude/,Not found (404),Not found (404),same_status,KEEP_404,KEEP_404,medium,high,2026-06-15,Fresh 2026-07-30 export: Not found (404)
https://ร้านรับซื้อโน๊ตบุ๊ค.com/รับซื้อโน๊ตบุ๊ค/กรุงเทพ/macbook-no-box-no-receipt/,Not found (404),,missing_from_fresh_examples,KEEP_404,KEEP_404,medium,limited,,"Not present in capped 1,000-row 404 export; cannot infer removal from GSC."
https://ร้านรับซื้อโน๊ตบุ๊ค.com/รับซื้อโน๊ตบุ๊ค/ตราด/dell-xps-13-15/,Not found (404),Not found (404),same_status,KEEP_404,KEEP_404,medium,high,2026-06-14,Fresh 2026-07-30 export: Not found (404)
https://ร้านรับซื้อโน๊ตบุ๊ค.com/รับซื้อโน๊ตบุ๊ค/สุรินทร์/asus-vivobook/,Not found (404),Not found (404),same_status,KEEP_404,KEEP_404,medium,high,2026-06-15,Fresh 2026-07-30 export: Not found (404)
https://ร้านรับซื้อโน๊ตบุ๊ค.com/รับซื้อโน๊ตบุ๊ค/พัทยา/lenovo-thinkbook/,Not found (404),Not found (404),same_status,KEEP_404,KEEP_404,medium,high,2026-06-15,Fresh 2026-07-30 export: Not found (404)
https://ร้านรับซื้อโน๊ตบุ๊ค.com/รับซื้อโน๊ตบุ๊ค/ระนอง/honor-magicbook/,Not found (404),Not found (404),same_status,KEEP_404,KEEP_404,medium,high,2026-06-15,Fresh 2026-07-30 export: Not found (404)
https://ร้านรับซื้อโน๊ตบุ๊ค.com/รับซื้อโน๊ตบุ๊ค/ตราด/asus-zephyrus-g16/,Not found (404),Not found (404),same_status,KEEP_404,KEEP_404,medium,high,2026-06-15,Fresh 2026-07-30 export: Not found (404)
https://ร้านรับซื้อโน๊ตบุ๊ค.com/รับซื้อโน๊ตบุ๊ค/พิจิตร/honor-magicbook/,Not found (404),Not found (404),same_status,KEEP_404,KEEP_404,medium,high,2026-06-15,Fresh 2026-07-30 export: Not found (404)
https://ร้านรับซื้อโน๊ตบุ๊ค.com/รับซื้อโน๊ตบุ๊ค/บางนา/lenovo-legion-slim/,Not found (404),,missing_from_fresh_examples,KEEP_404,KEEP_404,medium,limited,,"Not present in capped 1,000-row 404 export; cannot infer removal from GSC."
https://ร้านรับซื้อโน๊ตบุ๊ค.com/รับซื้อโน๊ตบุ๊ค/กรุงเทพ/macbook-air-m2/,Not found (404),Not found (404),same_status,KEEP_404,KEEP_404,medium,high,2026-06-15,Fresh 2026-07-30 export: Not found (404)
https://ร้านรับซื้อโน๊ตบุ๊ค.com/รับซื้อโน๊ตบุ๊ค/ลำปาง/lenovo-legion-pro-7/,Not found (404),Not found (404),same_status,KEEP_404,KEEP_404,medium,high,2026-06-15,Fresh 2026-07-30 export: Not found (404)
https://ร้านรับซื้อโน๊ตบุ๊ค.com/รับซื้อโน๊ตบุ๊ค/หนองคาย/macbook-battery-swollen/,Not found (404),Not found (404),same_status,KEEP_404,KEEP_404,medium,high,2026-06-15,Fresh 2026-07-30 export: Not found (404)
https://ร้านรับซื้อโน๊ตบุ๊ค.com/รับซื้อโน๊ตบุ๊ค/ตาก/huawei/,Not found (404),,missing_from_fresh_examples,KEEP_404,KEEP_404,medium,limited,,"Not present in capped 1,000-row 404 export; cannot infer removal from GSC."
https://ร้านรับซื้อโน๊ตบุ๊ค.com/รับซื้อโน๊ตบุ๊ค/เชียงใหม่/lenovo-legion-pro-7/,Not found (404),Not found (404),same_status,KEEP_404,KEEP_404,medium,high,2026-06-14,Fresh 2026-07-30 export: Not found (404)
https://ร้านรับซื้อโน๊ตบุ๊ค.com/รับซื้อโน๊ตบุ๊ค/ระนอง/alienware-m16/,Not found (404),Not found (404),same_status,KEEP_404,KEEP_404,medium,high,2026-06-15,Fresh 2026-07-30 export: Not found (404)
https://ร้านรับซื้อโน๊ตบุ๊ค.com/รับซื้อโน๊ตบุ๊ค/ลาดพร้าว/dell-inspiron-15/,Not found (404),Not found (404),same_status,KEEP_404,KEEP_404,medium,high,2026-06-15,Fresh 2026-07-30 export: Not found (404)
https://ร้านรับซื้อโน๊ตบุ๊ค.com/รับซื้อโน๊ตบุ๊ค/ยะลา/ค้างบ่อย/,Not found (404),Not found (404),same_status,KEEP_404,KEEP_404,medium,high,2026-06-15,Fresh 2026-07-30 export: Not found (404)
https://ร้านรับซื้อโน๊ตบุ๊ค.com/รับซื้อโน๊ตบุ๊ค/ห้วยขวาง/surface-book/,Not found (404),,missing_from_fresh_examples,KEEP_404,KEEP_404,medium,limited,,"Not present in capped 1,000-row 404 export; cannot infer removal from GSC."
https://ร้านรับซื้อโน๊ตบุ๊ค.com/รับซื้อโน๊ตบุ๊ค/ลาดพร้าว/macbook-air-13/,Not found (404),Not found (404),same_status,KEEP_404,KEEP_404,medium,high,2026-06-15,Fresh 2026-07-30 export: Not found (404)
https://ร้านรับซื้อโน๊ตบุ๊ค.com/รับซื้อโน๊ตบุ๊ค/ตราด/hp-omen-transcend/,Not found (404),,missing_from_fresh_examples,KEEP_404,KEEP_404,medium,limited,,"Not present in capped 1,000-row 404 export; cannot infer removal from GSC."
https://ร้านรับซื้อโน๊ตบุ๊ค.com/รับซื้อโน๊ตบุ๊ค/ปัตตานี/พอร์ต-usb-เสีย/,Not found (404),,missing_from_fresh_examples,KEEP_404,KEEP_404,medium,limited,,"Not present in capped 1,000-row 404 export; cannot infer removal from GSC."
https://ร้านรับซื้อโน๊ตบุ๊ค.com/รับซื้อโน๊ตบุ๊ค/พัทลุง/dell-g15-g16/,Not found (404),,missing_from_fresh_examples,KEEP_404,KEEP_404,medium,limited,,"Not present in capped 1,000-row 404 export; cannot infer removal from GSC."
https://ร้านรับซื้อโน๊ตบุ๊ค.com/รับซื้อโน๊ตบุ๊ค/อ่างทอง/hp-omen-17/,Not found (404),,missing_from_fresh_examples,KEEP_404,KEEP_404,medium,limited,,"Not present in capped 1,000-row 404 export; cannot infer removal from GSC."
https://ร้านรับซื้อโน๊ตบุ๊ค.com/รับซื้อโน๊ตบุ๊ค/มุกดาหาร/macbook-pro-14/,Not found (404),Not found (404),same_status,KEEP_404,KEEP_404,medium,high,2026-06-15,Fresh 2026-07-30 export: Not found (404)
https://ร้านรับซื้อโน๊ตบุ๊ค.com/รับซื้อโน๊ตบุ๊ค/บึงกาฬ/asus-expertbook/,Not found (404),Not found (404),same_status,KEEP_404,KEEP_404,medium,high,2026-06-15,Fresh 2026-07-30 export: Not found (404)
https://ร้านรับซื้อโน๊ตบุ๊ค.com/รับซื้อโน๊ตบุ๊ค/สกลนคร/ลำโพงเสีย/,Not found (404),Not found (404),same_status,KEEP_404,KEEP_404,medium,high,2026-06-16,Fresh 2026-07-30 export: Not found (404)
https://ร้านรับซื้อโน๊ตบุ๊ค.com/รับซื้อโน๊ตบุ๊ค/นครสวรรค์/acer-predator-triton/,Not found (404),Not found (404),same_status,KEEP_404,KEEP_404,medium,high,2026-06-14,Fresh 2026-07-30 export: Not found (404)
https://ร้านรับซื้อโน๊ตบุ๊ค.com/รับซื้อโน๊ตบุ๊ค/พระราม2/hp-victus-16/,Not found (404),Not found (404),same_status,KEEP_404,KEEP_404,medium,high,2026-06-15,Fresh 2026-07-30 export: Not found (404)
https://ร้านรับซื้อโน๊ตบุ๊ค.com/รับซื้อโน๊ตบุ๊ค/ระยอง/macbook-air-m2/,Not found (404),Not found (404),same_status,KEEP_404,KEEP_404,medium,high,2026-06-15,Fresh 2026-07-30 export: Not found (404)
https://ร้านรับซื้อโน๊ตบุ๊ค.com/รับซื้อโน๊ตบุ๊ค/ลาดพร้าว/thinkpad-x1-carbon/,Not found (404),Not found (404),same_status,KEEP_404,KEEP_404,medium,high,2026-06-15,Fresh 2026-07-30 export: Not found (404)
https://ร้านรับซื้อโน๊ตบุ๊ค.com/รับซื้อโน๊ตบุ๊ค/สกลนคร/macbook-keyboard-issue/,Not found (404),Not found (404),same_status,KEEP_404,KEEP_404,medium,high,2026-06-15,Fresh 2026-07-30 export: Not found (404)
https://ร้านรับซื้อโน๊ตบุ๊ค.com/รับซื้อโน๊ตบุ๊ค/ศรีสะเกษ/dell-xps-13-15/,Not found (404),Not found (404),same_status,KEEP_404,KEEP_404,medium,high,2026-06-15,Fresh 2026-07-30 export: Not found (404)
https://ร้านรับซื้อโน๊ตบุ๊ค.com/รับซื้อโน๊ตบุ๊ค/กรุงเทพ/macbook-air-m1/,Not found (404),Not found (404),same_status,KEEP_404,KEEP_404,medium,high,2026-06-15,Fresh 2026-07-30 export: Not found (404)
https://ร้านรับซื้อโน๊ตบุ๊ค.com/รับซื้อโน๊ตบุ๊ค/นนทบุรี/asus-zephyrus-g14/,Not found (404),,missing_from_fresh_examples,KEEP_404,KEEP_404,medium,limited,,"Not present in capped 1,000-row 404 export; cannot infer removal from GSC."
https://ร้านรับซื้อโน๊ตบุ๊ค.com/รับซื้อโน๊ตบุ๊ค/สมุทรปราการ/macbook-charge-port/,Not found (404),Not found (404),same_status,KEEP_404,KEEP_404,medium,high,2026-06-15,Fresh 2026-07-30 export: Not found (404)
https://ร้านรับซื้อโน๊ตบุ๊ค.com/รับซื้อโน๊ตบุ๊ค/กาฬสินธุ์/macbook-battery-health/,Not found (404),Not found (404),same_status,KEEP_404,KEEP_404,medium,high,2026-06-14,Fresh 2026-07-30 export: Not found (404)
https://ร้านรับซื้อโน๊ตบุ๊ค.com/รับซื้อโน๊ตบุ๊ค/ตรัง/รีสตาร์ทเอง/,Not found (404),Not found (404),same_status,KEEP_404,KEEP_404,medium,high,2026-06-15,Fresh 2026-07-30 export: Not found (404)
https://ร้านรับซื้อโน๊ตบุ๊ค.com/รับซื้อโน๊ตบุ๊ค/หาดใหญ่/hdmi-เสีย/,Not found (404),Not found (404),same_status,KEEP_404,KEEP_404,medium,high,2026-06-15,Fresh 2026-07-30 export: Not found (404)
https://ร้านรับซื้อโน๊ตบุ๊ค.com/รับซื้อโน๊ตบุ๊ค/พิจิตร/acer-predator-triton/,Not found (404),Not found (404),same_status,KEEP_404,KEEP_404,medium,high,2026-06-14,Fresh 2026-07-30 export: Not found (404)
https://ร้านรับซื้อโน๊ตบุ๊ค.com/รับซื้อโน๊ตบุ๊ค/ลำพูน/macbook-cycle-count/,Not found (404),Not found (404),same_status,KEEP_404,KEEP_404,medium,high,2026-06-15,Fresh 2026-07-30 export: Not found (404)
https://ร้านรับซื้อโน๊ตบุ๊ค.com/รับซื้อโน๊ตบุ๊ค/จันทบุรี/จอมีเส้น/,Not found (404),Not found (404),same_status,KEEP_404,KEEP_404,medium,high,2026-06-14,Fresh 2026-07-30 export: Not found (404)
https://ร้านรับซื้อโน๊ตบุ๊ค.com/รับซื้อโน๊ตบุ๊ค/ฉะเชิงเทรา/lenovo-yoga/,Not found (404),Not found (404),same_status,KEEP_404,KEEP_404,medium,high,2026-06-15,Fresh 2026-07-30 export: Not found (404)
https://ร้านรับซื้อโน๊ตบุ๊ค.com/รับซื้อโน๊ตบุ๊ค/เชียงราย/hp-omen-16/,Not found (404),,missing_from_fresh_examples,KEEP_404,KEEP_404,medium,limited,,"Not present in capped 1,000-row 404 export; cannot infer removal from GSC."
https://ร้านรับซื้อโน๊ตบุ๊ค.com/รับซื้อโน๊ตบุ๊ค/หนองบัวลำภู/hp-omen-transcend/,Not found (404),Not found (404),same_status,KEEP_404,KEEP_404,medium,high,2026-06-14,Fresh 2026-07-30 export: Not found (404)
https://ร้านรับซื้อโน๊ตบุ๊ค.com/รับซื้อโน๊ตบุ๊ค/สระบุรี/alienware-m16/,Not found (404),Not found (404),same_status,KEEP_404,KEEP_404,medium,high,2026-06-14,Fresh 2026-07-30 export: Not found (404)
https://ร้านรับซื้อโน๊ตบุ๊ค.com/รับซื้อโน๊ตบุ๊ค/หนองบัวลำภู/lenovo-ideapad-3-5/,Not found (404),Not found (404),same_status,KEEP_404,KEEP_404,medium,high,2026-06-15,Fresh 2026-07-30 export: Not found (404)
https://ร้านรับซื้อโน๊ตบุ๊ค.com/รับซื้อโน๊ตบุ๊ค/หนองคาย/wifi-ไม่ติด/,Not found (404),,missing_from_fresh_examples,KEEP_404,KEEP_404,medium,limited,,"Not present in capped 1,000-row 404 export; cannot infer removal from GSC."
https://ร้านรับซื้อโน๊ตบุ๊ค.com/รับซื้อโน๊ตบุ๊ค/น่าน/asus-rog-strix/,Not found (404),Not found (404),same_status,KEEP_404,KEEP_404,medium,high,2026-06-15,Fresh 2026-07-30 export: Not found (404)
https://ร้านรับซื้อโน๊ตบุ๊ค.com/รับซื้อโน๊ตบุ๊ค/หาดใหญ่/acer-predator-neo/,Not found (404),Not found (404),same_status,KEEP_404,KEEP_404,medium,high,2026-06-15,Fresh 2026-07-30 export: Not found (404)
https://ร้านรับซื้อโน๊ตบุ๊ค.com/รับซื้อโน๊ตบุ๊ค/ระยอง/macbook-battery-swollen/,Not found (404),,missing_from_fresh_examples,KEEP_404,KEEP_404,medium,limited,,"Not present in capped 1,000-row 404 export; cannot infer removal from GSC."
https://ร้านรับซื้อโน๊ตบุ๊ค.com/รับซื้อโน๊ตบุ๊ค/อ่างทอง/macbook-pro-m4/,Not found (404),,missing_from_fresh_examples,KEEP_404,KEEP_404,medium,limited,,"Not present in capped 1,000-row 404 export; cannot infer removal from GSC."
https://ร้านรับซื้อโน๊ตบุ๊ค.com/รับซื้อโน๊ตบุ๊ค/พัทลุง/hp-victus-15/,Not found (404),,missing_from_fresh_examples,KEEP_404,KEEP_404,medium,limited,,"Not present in capped 1,000-row 404 export; cannot infer removal from GSC."
https://ร้านรับซื้อโน๊ตบุ๊ค.com/รับซื้อโน๊ตบุ๊ค/มุกดาหาร/asus-zephyrus/,Not found (404),Not found (404),same_status,KEEP_404,KEEP_404,medium,high,2026-06-15,Fresh 2026-07-30 export: Not found (404)
https://ร้านรับซื้อโน๊ตบุ๊ค.com/รับซื้อโน๊ตบุ๊ค/อุดรธานี/macbook-battery-health/,Not found (404),,missing_from_fresh_examples,KEEP_404,KEEP_404,medium,limited,,"Not present in capped 1,000-row 404 export; cannot infer removal from GSC."
https://ร้านรับซื้อโน๊ตบุ๊ค.com/รับซื้อโน๊ตบุ๊ค/พระราม2/wifi-ไม่ติด/,Not found (404),Not found (404),same_status,KEEP_404,KEEP_404,medium,high,2026-06-15,Fresh 2026-07-30 export: Not found (404)
https://ร้านรับซื้อโน๊ตบุ๊ค.com/รับซื้อโน๊ตบุ๊ค/รังสิต/asus-zephyrus-g16/,Not found (404),Not found (404),same_status,KEEP_404,KEEP_404,medium,high,2026-06-14,Fresh 2026-07-30 export: Not found (404)
https://ร้านรับซื้อโน๊ตบุ๊ค.com/รับซื้อโน๊ตบุ๊ค/เลย/macbook-air-m1/,Not found (404),Not found (404),same_status,KEEP_404,KEEP_404,medium,high,2026-06-14,Fresh 2026-07-30 export: Not found (404)
https://ร้านรับซื้อโน๊ตบุ๊ค.com/รับซื้อโน๊ตบุ๊ค/ตราด/samsung-galaxy-book/,Not found (404),Not found (404),same_status,KEEP_404,KEEP_404,medium,high,2026-06-15,Fresh 2026-07-30 export: Not found (404)
https://ร้านรับซื้อโน๊ตบุ๊ค.com/รับซื้อโน๊ตบุ๊ค/ลำพูน/lenovo-legion-pro/,Not found (404),Not found (404),same_status,KEEP_404,KEEP_404,medium,high,2026-06-14,Fresh 2026-07-30 export: Not found (404)
https://ร้านรับซื้อโน๊ตบุ๊ค.com/รับซื้อโน๊ตบุ๊ค/ลาดพร้าว/lenovo-legion-pro-7/,Not found (404),Not found (404),same_status,KEEP_404,KEEP_404,medium,high,2026-06-16,Fresh 2026-07-30 export: Not found (404)
https://ร้านรับซื้อโน๊ตบุ๊ค.com/รับซื้อโน๊ตบุ๊ค/สระแก้ว/lenovo-ideapad-3-5/,Not found (404),Not found (404),same_status,KEEP_404,KEEP_404,medium,high,2026-06-14,Fresh 2026-07-30 export: Not found (404)
https://ร้านรับซื้อโน๊ตบุ๊ค.com/รับซื้อโน๊ตบุ๊ค/ปราจีนบุรี/acer-nitro-v/,Not found (404),,missing_from_fresh_examples,KEEP_404,KEEP_404,medium,limited,,"Not present in capped 1,000-row 404 export; cannot infer removal from GSC."
https://ร้านรับซื้อโน๊ตบุ๊ค.com/รับซื้อโน๊ตบุ๊ค/สมุทรสงคราม/lenovo-legion-slim/,Not found (404),Not found (404),same_status,KEEP_404,KEEP_404,medium,high,2026-06-15,Fresh 2026-07-30 export: Not found (404)
https://ร้านรับซื้อโน๊ตบุ๊ค.com/รับซื้อโน๊ตบุ๊ค/พระราม2/macbook-air-m2/,Not found (404),,missing_from_fresh_examples,KEEP_404,KEEP_404,medium,limited,,"Not present in capped 1,000-row 404 export; cannot infer removal from GSC."
https://ร้านรับซื้อโน๊ตบุ๊ค.com/รับซื้อโน๊ตบุ๊ค/ยะลา/asus-zephyrus-g14/,Not found (404),Not found (404),same_status,KEEP_404,KEEP_404,medium,high,2026-06-14,Fresh 2026-07-30 export: Not found (404)
https://ร้านรับซื้อโน๊ตบุ๊ค.com/รับซื้อโน๊ตบุ๊ค/นครสวรรค์/macbook-pro-14/,Not found (404),,missing_from_fresh_examples,KEEP_404,KEEP_404,medium,limited,,"Not present in capped 1,000-row 404 export; cannot infer removal from GSC."
https://ร้านรับซื้อโน๊ตบุ๊ค.com/รับซื้อโน๊ตบุ๊ค/นครพนม/macbook-pro-m5/,Not found (404),Not found (404),same_status,KEEP_404,KEEP_404,medium,high,2026-06-15,Fresh 2026-07-30 export: Not found (404)
https://ร้านรับซื้อโน๊ตบุ๊ค.com/รับซื้อโน๊ตบุ๊ค/ปราจีนบุรี/lenovo-legion-slim/,Not found (404),Not found (404),same_status,KEEP_404,KEEP_404,medium,high,2026-06-15,Fresh 2026-07-30 export: Not found (404)
https://ร้านรับซื้อโน๊ตบุ๊ค.com/รับซื้อโน๊ตบุ๊ค/ตรัง/พอร์ตแลนเสีย/,Not found (404),Not found (404),same_status,KEEP_404,KEEP_404,medium,high,2026-06-15,Fresh 2026-07-30 export: Not found (404)
https://ร้านรับซื้อโน๊ตบุ๊ค.com/รับซื้อโน๊ตบุ๊ค/ปัตตานี/acer-nitro-v/,Not found (404),Not found (404),same_status,KEEP_404,KEEP_404,medium,high,2026-06-15,Fresh 2026-07-30 export: Not found (404)
https://ร้านรับซื้อโน๊ตบุ๊ค.com/รับซื้อโน๊ตบุ๊ค/ศรีสะเกษ/msi-stealth-14/,Not found (404),Not found (404),same_status,KEEP_404,KEEP_404,medium,high,2026-06-14,Fresh 2026-07-30 export: Not found (404)
https://ร้านรับซื้อโน๊ตบุ๊ค.com/รับซื้อโน๊ตบุ๊ค/ฉะเชิงเทรา/surface-pro/,Not found (404),Not found (404),same_status,KEEP_404,KEEP_404,medium,high,2026-06-15,Fresh 2026-07-30 export: Not found (404)
https://ร้านรับซื้อโน๊ตบุ๊ค.com/รับซื้อโน๊ตบุ๊ค/หนองคาย/lenovo-legion-5/,Not found (404),Not found (404),same_status,KEEP_404,KEEP_404,medium,high,2026-06-14,Fresh 2026-07-30 export: Not found (404)
https://ร้านรับซื้อโน๊ตบุ๊ค.com/รับซื้อโน๊ตบุ๊ค/มหาสารคาม/hp-victus-16/,Not found (404),,missing_from_fresh_examples,KEEP_404,KEEP_404,medium,limited,,"Not present in capped 1,000-row 404 export; cannot infer removal from GSC."
https://ร้านรับซื้อโน๊ตบุ๊ค.com/รับซื้อโน๊ตบุ๊ค/ร้อยเอ็ด/macbook-air-m2/,Not found (404),Not found (404),same_status,KEEP_404,KEEP_404,medium,high,2026-06-14,Fresh 2026-07-30 export: Not found (404)
https://ร้านรับซื้อโน๊ตบุ๊ค.com/รับซื้อโน๊ตบุ๊ค/บางนา/hp-elitebook/,Not found (404),Not found (404),same_status,KEEP_404,KEEP_404,medium,high,2026-06-14,Fresh 2026-07-30 export: Not found (404)
https://ร้านรับซื้อโน๊ตบุ๊ค.com/รับซื้อโน๊ตบุ๊ค/นนทบุรี/asus-vivobook/,Not found (404),Not found (404),same_status,KEEP_404,KEEP_404,medium,high,2026-06-14,Fresh 2026-07-30 export: Not found (404)
https://ร้านรับซื้อโน๊ตบุ๊ค.com/รับซื้อโน๊ตบุ๊ค/อุตรดิตถ์/hp-victus-16/,Not found (404),Not found (404),same_status,KEEP_404,KEEP_404,medium,high,2026-06-14,Fresh 2026-07-30 export: Not found (404)
https://ร้านรับซื้อโน๊ตบุ๊ค.com/รับซื้อโน๊ตบุ๊ค/อำนาจเจริญ/รีสตาร์ทเอง/,Not found (404),Not found (404),same_status,KEEP_404,KEEP_404,medium,high,2026-06-14,Fresh 2026-07-30 export: Not found (404)
https://ร้านรับซื้อโน๊ตบุ๊ค.com/รับซื้อโน๊ตบุ๊ค/นราธิวาส/msi-cyborg-15/,Not found (404),Not found (404),same_status,KEEP_404,KEEP_404,medium,high,2026-06-14,Fresh 2026-07-30 export: Not found (404)
https://ร้านรับซื้อโน๊ตบุ๊ค.com/รับซื้อโน๊ตบุ๊ค/น่าน/acer-predator-helios/,Not found (404),Not found (404),same_status,KEEP_404,KEEP_404,medium,high,2026-06-14,Fresh 2026-07-30 export: Not found (404)
https://ร้านรับซื้อโน๊ตบุ๊ค.com/รับซื้อโน๊ตบุ๊ค/สิงห์บุรี/กล้องเสีย/,Not found (404),Not found (404),same_status,KEEP_404,KEEP_404,medium,high,2026-06-14,Fresh 2026-07-30 export: Not found (404)
https://ร้านรับซื้อโน๊ตบุ๊ค.com/รับซื้อโน๊ตบุ๊ค/ยโสธร/macbook-air-15/,Not found (404),Not found (404),same_status,KEEP_404,KEEP_404,medium,high,2026-06-14,Fresh 2026-07-30 export: Not found (404)
https://ร้านรับซื้อโน๊ตบุ๊ค.com/รับซื้อโน๊ตบุ๊ค/สระบุรี/msi-vector-16-hx/,Not found (404),Not found (404),same_status,KEEP_404,KEEP_404,medium,high,2026-06-14,Fresh 2026-07-30 export: Not found (404)
https://ร้านรับซื้อโน๊ตบุ๊ค.com/รับซื้อโน๊ตบุ๊ค/ชัยภูมิ/asus-zephyrus-g16/,Not found (404),Not found (404),same_status,KEEP_404,KEEP_404,medium,high,2026-06-14,Fresh 2026-07-30 export: Not found (404)
https://ร้านรับซื้อโน๊ตบุ๊ค.com/รับซื้อโน๊ตบุ๊ค/บึงกาฬ/asus-rog-strix/,Not found (404),Not found (404),same_status,KEEP_404,KEEP_404,medium,high,2026-06-14,Fresh 2026-07-30 export: Not found (404)
https://ร้านรับซื้อโน๊ตบุ๊ค.com/รับซื้อโน๊ตบุ๊ค/สงขลา/asus-zephyrus-g14/,Not found (404),Not found (404),same_status,KEEP_404,KEEP_404,medium,high,2026-06-14,Fresh 2026-07-30 export: Not found (404)
https://ร้านรับซื้อโน๊ตบุ๊ค.com/รับซื้อโน๊ตบุ๊ค/ร้อยเอ็ด/พอร์ต-usb-เสีย/,Not found (404),Not found (404),same_status,KEEP_404,KEEP_404,medium,high,2026-06-14,Fresh 2026-07-30 export: Not found (404)
https://ร้านรับซื้อโน๊ตบุ๊ค.com/รับซื้อโน๊ตบุ๊ค/รามคำแหง/ช่องหูฟังเสีย/,Not found (404),Not found (404),same_status,KEEP_404,KEEP_404,medium,high,2026-06-14,Fresh 2026-07-30 export: Not found (404)
https://ร้านรับซื้อโน๊ตบุ๊ค.com/รับซื้อโน๊ตบุ๊ค/ปทุมธานี/hp-victus-17/,Not found (404),Not found (404),same_status,KEEP_404,KEEP_404,medium,high,2026-06-14,Fresh 2026-07-30 export: Not found (404)
https://ร้านรับซื้อโน๊ตบุ๊ค.com/รับซื้อโน๊ตบุ๊ค/ปทุมธานี/macbook-air-m4/,Not found (404),Not found (404),same_status,KEEP_404,KEEP_404,medium,high,2026-06-14,Fresh 2026-07-30 export: Not found (404)
https://ร้านรับซื้อโน๊ตบุ๊ค.com/รับซื้อโน๊ตบุ๊ค/เพชรบุรี/macbook-keyboard-issue/,Not found (404),Not found (404),same_status,KEEP_404,KEEP_404,medium,high,2026-06-14,Fresh 2026-07-30 export: Not found (404)
https://ร้านรับซื้อโน๊ตบุ๊ค.com/รับซื้อโน๊ตบุ๊ค/อุบลราชธานี/กล้องเสีย/,Not found (404),Not found (404),same_status,KEEP_404,KEEP_404,medium,high,2026-06-14,Fresh 2026-07-30 export: Not found (404)
https://ร้านรับซื้อโน๊ตบุ๊ค.com/รับซื้อโน๊ตบุ๊ค/พัทลุง/acer-travelmate/,Not found (404),Not found (404),same_status,KEEP_404,KEEP_404,medium,high,2026-06-14,Fresh 2026-07-30 export: Not found (404)
https://ร้านรับซื้อโน๊ตบุ๊ค.com/รับซื้อโน๊ตบุ๊ค/ขอนแก่น/acer-nitro-16/,Not found (404),Not found (404),same_status,KEEP_404,KEEP_404,medium,high,2026-06-14,Fresh 2026-07-30 export: Not found (404)
https://ร้านรับซื้อโน๊ตบุ๊ค.com/รับซื้อโน๊ตบุ๊ค/ตราด/asus-zephyrus/,Not found (404),Not found (404),same_status,KEEP_404,KEEP_404,medium,high,2026-06-14,Fresh 2026-07-30 export: Not found (404)
https://ร้านรับซื้อโน๊ตบุ๊ค.com/รับซื้อโน๊ตบุ๊ค/พระราม2/surface-book/,Not found (404),Not found (404),same_status,KEEP_404,KEEP_404,medium,high,2026-06-14,Fresh 2026-07-30 export: Not found (404)
https://ร้านรับซื้อโน๊ตบุ๊ค.com/รับซื้อโน๊ตบุ๊ค/ชลบุรี/บอดี้แตก/,Not found (404),Not found (404),same_status,KEEP_404,KEEP_404,medium,high,2026-06-14,Fresh 2026-07-30 export: Not found (404)
https://ร้านรับซื้อโน๊ตบุ๊ค.com/รับซื้อโน๊ตบุ๊ค/กำแพงเพชร/macbook-no-box-no-receipt/,Not found (404),Not found (404),same_status,KEEP_404,KEEP_404,medium,high,2026-06-14,Fresh 2026-07-30 export: Not found (404)
https://ร้านรับซื้อโน๊ตบุ๊ค.com/รับซื้อโน๊ตบุ๊ค/ระนอง/acer-nitro-16/,Not found (404),Not found (404),same_status,KEEP_404,KEEP_404,medium,high,2026-06-14,Fresh 2026-07-30 export: Not found (404)
https://ร้านรับซื้อโน๊ตบุ๊ค.com/รับซื้อโน๊ตบุ๊ค/น่าน/hp-probook/,Not found (404),Not found (404),same_status,KEEP_404,KEEP_404,medium,high,2026-06-14,Fresh 2026-07-30 export: Not found (404)
https://ร้านรับซื้อโน๊ตบุ๊ค.com/รับซื้อโน๊ตบุ๊ค/กาฬสินธุ์/msi-vector-16-hx/,Not found (404),Not found (404),same_status,KEEP_404,KEEP_404,medium,high,2026-06-14,Fresh 2026-07-30 export: Not found (404)
https://ร้านรับซื้อโน๊ตบุ๊ค.com/รับซื้อโน๊ตบุ๊ค/ศรีสะเกษ/macbook-pro-m5/,Not found (404),Not found (404),same_status,KEEP_404,KEEP_404,medium,high,2026-06-14,Fresh 2026-07-30 export: Not found (404)
https://ร้านรับซื้อโน๊ตบุ๊ค.com/รับซื้อโน๊ตบุ๊ค/นครปฐม/บอดี้แตก/,Not found (404),Not found (404),same_status,KEEP_404,KEEP_404,medium,high,2026-06-14,Fresh 2026-07-30 export: Not found (404)
https://ร้านรับซื้อโน๊ตบุ๊ค.com/รับซื้อโน๊ตบุ๊ค/พิจิตร/msi-katana-15/,Not found (404),Not found (404),same_status,KEEP_404,KEEP_404,medium,high,2026-06-14,Fresh 2026-07-30 export: Not found (404)
https://ร้านรับซื้อโน๊ตบุ๊ค.com/รับซื้อโน๊ตบุ๊ค/ศรีสะเกษ/macbook-battery-health/,Not found (404),Not found (404),same_status,KEEP_404,KEEP_404,medium,high,2026-06-14,Fresh 2026-07-30 export: Not found (404)
https://ร้านรับซื้อโน๊ตบุ๊ค.com/รับซื้อโน๊ตบุ๊ค/กาญจนบุรี/msi-stealth-14/,Not found (404),Not found (404),same_status,KEEP_404,KEEP_404,medium,high,2026-06-14,Fresh 2026-07-30 export: Not found (404)
https://ร้านรับซื้อโน๊ตบุ๊ค.com/รับซื้อโน๊ตบุ๊ค/ขอนแก่น/macbook-air-15/,Not found (404),Not found (404),same_status,KEEP_404,KEEP_404,medium,high,2026-06-14,Fresh 2026-07-30 export: Not found (404)
https://ร้านรับซื้อโน๊ตบุ๊ค.com/รับซื้อโน๊ตบุ๊ค/พระราม2/macbook-pro-14/,Not found (404),Not found (404),same_status,KEEP_404,KEEP_404,medium,high,2026-06-14,Fresh 2026-07-30 export: Not found (404)
https://ร้านรับซื้อโน๊ตบุ๊ค.com/รับซื้อโน๊ตบุ๊ค/สุรินทร์/thinkpad-e14-e15/,Not found (404),Not found (404),same_status,KEEP_404,KEEP_404,medium,high,2026-06-14,Fresh 2026-07-30 export: Not found (404)
https://ร้านรับซื้อโน๊ตบุ๊ค.com/รับซื้อโน๊ตบุ๊ค/นครสวรรค์/msi-vector-16-hx/,Not found (404),Not found (404),same_status,KEEP_404,KEEP_404,medium,high,2026-06-14,Fresh 2026-07-30 export: Not found (404)
https://ร้านรับซื้อโน๊ตบุ๊ค.com/รับซื้อโน๊ตบุ๊ค/นครนายก/dell-xps-13-15/,Not found (404),Not found (404),same_status,KEEP_404,KEEP_404,medium,high,2026-06-14,Fresh 2026-07-30 export: Not found (404)
https://ร้านรับซื้อโน๊ตบุ๊ค.com/รับซื้อโน๊ตบุ๊ค/ระยอง/macbook-air-m5/,Not found (404),Not found (404),same_status,KEEP_404,KEEP_404,medium,high,2026-06-14,Fresh 2026-07-30 export: Not found (404)
https://ร้านรับซื้อโน๊ตบุ๊ค.com/รับซื้อโน๊ตบุ๊ค/ภูเก็ต/lenovo-thinkbook/,Not found (404),Not found (404),same_status,KEEP_404,KEEP_404,medium,high,2026-06-14,Fresh 2026-07-30 export: Not found (404)
https://ร้านรับซื้อโน๊ตบุ๊ค.com/รับซื้อโน๊ตบุ๊ค/ราชบุรี/ฝาหลังบวม/,Not found (404),Not found (404),same_status,KEEP_404,KEEP_404,medium,high,2026-06-14,Fresh 2026-07-30 export: Not found (404)
https://ร้านรับซื้อโน๊ตบุ๊ค.com/รับซื้อโน๊ตบุ๊ค/แพร่/hp-spectre-x360/,Not found (404),,missing_from_fresh_examples,KEEP_404,KEEP_404,medium,limited,,"Not present in capped 1,000-row 404 export; cannot infer removal from GSC."
https://ร้านรับซื้อโน๊ตบุ๊ค.com/รับซื้อโน๊ตบุ๊ค/น่าน/macbook-air-m2/,Not found (404),Not found (404),same_status,KEEP_404,KEEP_404,medium,high,2026-06-14,Fresh 2026-07-30 export: Not found (404)
https://ร้านรับซื้อโน๊ตบุ๊ค.com/รับซื้อโน๊ตบุ๊ค/สระแก้ว/จอไม่ติดแต่เครื่องติด/,Not found (404),Not found (404),same_status,KEEP_404,KEEP_404,medium,high,2026-06-14,Fresh 2026-07-30 export: Not found (404)
https://ร้านรับซื้อโน๊ตบุ๊ค.com/รับซื้อโน๊ตบุ๊ค/แพร่/macbook-cycle-count/,Not found (404),Not found (404),same_status,KEEP_404,KEEP_404,medium,high,2026-06-14,Fresh 2026-07-30 export: Not found (404)
https://ร้านรับซื้อโน๊ตบุ๊ค.com/รับซื้อโน๊ตบุ๊ค/ชัยนาท/thinkpad-x1-carbon/,Not found (404),Not found (404),same_status,KEEP_404,KEEP_404,medium,high,2026-06-14,Fresh 2026-07-30 export: Not found (404)
https://ร้านรับซื้อโน๊ตบุ๊ค.com/รับซื้อโน๊ตบุ๊ค/สตูล/macbook-cycle-count/,Not found (404),,missing_from_fresh_examples,KEEP_404,KEEP_404,medium,limited,,"Not present in capped 1,000-row 404 export; cannot infer removal from GSC."
https://ร้านรับซื้อโน๊ตบุ๊ค.com/รับซื้อโน๊ตบุ๊ค/ราชบุรี/ช่องหูฟังเสีย/,Not found (404),,missing_from_fresh_examples,KEEP_404,KEEP_404,medium,limited,,"Not present in capped 1,000-row 404 export; cannot infer removal from GSC."
https://ร้านรับซื้อโน๊ตบุ๊ค.com/รับซื้อโน๊ตบุ๊ค/กำแพงเพชร/hp-omen-transcend/,Not found (404),Not found (404),same_status,KEEP_404,KEEP_404,medium,high,2026-06-14,Fresh 2026-07-30 export: Not found (404)
https://ร้านรับซื้อโน๊ตบุ๊ค.com/รับซื้อโน๊ตบุ๊ค/ราชบุรี/alienware-m15-r7-r8/,Not found (404),Not found (404),same_status,KEEP_404,KEEP_404,medium,high,2026-06-14,Fresh 2026-07-30 export: Not found (404)
https://ร้านรับซื้อโน๊ตบุ๊ค.com/รับซื้อโน๊ตบุ๊ค/รามคำแหง/macbook-pro-14/,Not found (404),,missing_from_fresh_examples,KEEP_404,KEEP_404,medium,limited,,"Not present in capped 1,000-row 404 export; cannot infer removal from GSC."
https://ร้านรับซื้อโน๊ตบุ๊ค.com/รับซื้อโน๊ตบุ๊ค/เชียงใหม่/macbook-pro-16/,Not found (404),Not found (404),same_status,KEEP_404,KEEP_404,medium,high,2026-06-14,Fresh 2026-07-30 export: Not found (404)
https://ร้านรับซื้อโน๊ตบุ๊ค.com/รับซื้อโน๊ตบุ๊ค/อยุธยา/macbook-screen-crack/,Not found (404),Not found (404),same_status,KEEP_404,KEEP_404,medium,high,2026-06-14,Fresh 2026-07-30 export: Not found (404)
https://ร้านรับซื้อโน๊ตบุ๊ค.com/รับซื้อโน๊ตบุ๊ค/นครปฐม/lenovo-legion-5/,Not found (404),,missing_from_fresh_examples,KEEP_404,KEEP_404,medium,limited,,"Not present in capped 1,000-row 404 export; cannot infer removal from GSC."
https://ร้านรับซื้อโน๊ตบุ๊ค.com/รับซื้อโน๊ตบุ๊ค/ชัยนาท/macbook-cycle-count/,Not found (404),,missing_from_fresh_examples,KEEP_404,KEEP_404,medium,limited,,"Not present in capped 1,000-row 404 export; cannot infer removal from GSC."
https://ร้านรับซื้อโน๊ตบุ๊ค.com/รับซื้อโน๊ตบุ๊ค/ระนอง/asus-zephyrus-g16/,Not found (404),Not found (404),same_status,KEEP_404,KEEP_404,medium,high,2026-06-14,Fresh 2026-07-30 export: Not found (404)
https://ร้านรับซื้อโน๊ตบุ๊ค.com/รับซื้อโน๊ตบุ๊ค/แม่ฮ่องสอน/hp-elitebook/,Not found (404),,missing_from_fresh_examples,KEEP_404,KEEP_404,medium,limited,,"Not present in capped 1,000-row 404 export; cannot infer removal from GSC."
https://ร้านรับซื้อโน๊ตบุ๊ค.com/รับซื้อโน๊ตบุ๊ค/น่าน/surface-pro/,Not found (404),Not found (404),same_status,KEEP_404,KEEP_404,medium,high,2026-06-14,Fresh 2026-07-30 export: Not found (404)
https://ร้านรับซื้อโน๊ตบุ๊ค.com/รับซื้อโน๊ตบุ๊ค/นครราชสีมา/hp-victus-16/,Not found (404),,missing_from_fresh_examples,KEEP_404,KEEP_404,medium,limited,,"Not present in capped 1,000-row 404 export; cannot infer removal from GSC."
https://ร้านรับซื้อโน๊ตบุ๊ค.com/รับซื้อโน๊ตบุ๊ค/ระยอง/hp-victus-17/,Not found (404),Not found (404),same_status,KEEP_404,KEEP_404,medium,high,2026-06-14,Fresh 2026-07-30 export: Not found (404)
https://ร้านรับซื้อโน๊ตบุ๊ค.com/รับซื้อโน๊ตบุ๊ค/รังสิต/macbook-air-15/,Not found (404),,missing_from_fresh_examples,KEEP_404,KEEP_404,medium,limited,,"Not present in capped 1,000-row 404 export; cannot infer removal from GSC."
https://ร้านรับซื้อโน๊ตบุ๊ค.com/รับซื้อโน๊ตบุ๊ค/แพร่/asus-rog-strix/,Not found (404),,missing_from_fresh_examples,KEEP_404,KEEP_404,medium,limited,,"Not present in capped 1,000-row 404 export; cannot infer removal from GSC."
https://ร้านรับซื้อโน๊ตบุ๊ค.com/รับซื้อโน๊ตบุ๊ค/ร้อยเอ็ด/msi-vector-16-hx/,Not found (404),,missing_from_fresh_examples,KEEP_404,KEEP_404,medium,limited,,"Not present in capped 1,000-row 404 export; cannot infer removal from GSC."
https://ร้านรับซื้อโน๊ตบุ๊ค.com/รับซื้อโน๊ตบุ๊ค/แพร่/รีสตาร์ทเอง/,Not found (404),Not found (404),same_status,KEEP_404,KEEP_404,medium,high,2026-06-14,Fresh 2026-07-30 export: Not found (404)
https://ร้านรับซื้อโน๊ตบุ๊ค.com/รับซื้อโน๊ตบุ๊ค/แม่ฮ่องสอน/acer-travelmate/,Not found (404),Not found (404),same_status,KEEP_404,KEEP_404,medium,high,2026-06-14,Fresh 2026-07-30 export: Not found (404)
https://ร้านรับซื้อโน๊ตบุ๊ค.com/รับซื้อโน๊ตบุ๊ค/ภาคอีสาน/macbook-air-13/,Not found (404),,missing_from_fresh_examples,KEEP_404,KEEP_404,medium,limited,,"Not present in capped 1,000-row 404 export; cannot infer removal from GSC."
https://ร้านรับซื้อโน๊ตบุ๊ค.com/รับซื้อโน๊ตบุ๊ค/ใกล้ฉัน/macbook-air-m4/,Not found (404),,missing_from_fresh_examples,KEEP_404,KEEP_404,medium,limited,,"Not present in capped 1,000-row 404 export; cannot infer removal from GSC."
https://ร้านรับซื้อโน๊ตบุ๊ค.com/รับซื้อโน๊ตบุ๊ค/อุทัยธานี/ร้อนจัดดับเอง/,Not found (404),,missing_from_fresh_examples,KEEP_404,KEEP_404,medium,limited,,"Not present in capped 1,000-row 404 export; cannot infer removal from GSC."
https://ร้านรับซื้อโน๊ตบุ๊ค.com/รับซื้อโน๊ตบุ๊ค/ลาดพร้าว/macbook-no-box-no-receipt/,Not found (404),,missing_from_fresh_examples,KEEP_404,KEEP_404,medium,limited,,"Not present in capped 1,000-row 404 export; cannot infer removal from GSC."
https://ร้านรับซื้อโน๊ตบุ๊ค.com/รับซื้อโน๊ตบุ๊ค/กำแพงเพชร/ช่องหูฟังเสีย/,Not found (404),,missing_from_fresh_examples,KEEP_404,KEEP_404,medium,limited,,"Not present in capped 1,000-row 404 export; cannot infer removal from GSC."
https://ร้านรับซื้อโน๊ตบุ๊ค.com/รับซื้อโน๊ตบุ๊ค/เลย/razer-blade/,Not found (404),,missing_from_fresh_examples,KEEP_404,KEEP_404,medium,limited,,"Not present in capped 1,000-row 404 export; cannot infer removal from GSC."
https://ร้านรับซื้อโน๊ตบุ๊ค.com/รับซื้อโน๊ตบุ๊ค/อุตรดิตถ์/macbook-battery-swollen/,Not found (404),,missing_from_fresh_examples,KEEP_404,KEEP_404,medium,limited,,"Not present in capped 1,000-row 404 export; cannot infer removal from GSC."
https://ร้านรับซื้อโน๊ตบุ๊ค.com/รับซื้อโน๊ตบุ๊ค/นครปฐม/lenovo-thinkbook/,Not found (404),,missing_from_fresh_examples,KEEP_404,KEEP_404,medium,limited,,"Not present in capped 1,000-row 404 export; cannot infer removal from GSC."
https://ร้านรับซื้อโน๊ตบุ๊ค.com/รับซื้อโน๊ตบุ๊ค/ร้อยเอ็ด/macbook-pro-m2/,Not found (404),,missing_from_fresh_examples,KEEP_404,KEEP_404,medium,limited,,"Not present in capped 1,000-row 404 export; cannot infer removal from GSC."
https://ร้านรับซื้อโน๊ตบุ๊ค.com/รับซื้อโน๊ตบุ๊ค/สตูล/dell-vostro/,Not found (404),,missing_from_fresh_examples,KEEP_404,KEEP_404,medium,limited,,"Not present in capped 1,000-row 404 export; cannot infer removal from GSC."
https://ร้านรับซื้อโน๊ตบุ๊ค.com/รับซื้อโน๊ตบุ๊ค/ฉะเชิงเทรา/macbook-cycle-count/,Not found (404),,missing_from_fresh_examples,KEEP_404,KEEP_404,medium,limited,,"Not present in capped 1,000-row 404 export; cannot infer removal from GSC."
https://ร้านรับซื้อโน๊ตบุ๊ค.com/รับซื้อโน๊ตบุ๊ค/อุทัยธานี/พอร์ต-type-c-เสีย/,Not found (404),,missing_from_fresh_examples,KEEP_404,KEEP_404,medium,limited,,"Not present in capped 1,000-row 404 export; cannot infer removal from GSC."
https://ร้านรับซื้อโน๊ตบุ๊ค.com/รับซื้อโน๊ตบุ๊ค/บางนา/acer-predator-triton/,Not found (404),,missing_from_fresh_examples,KEEP_404,KEEP_404,medium,limited,,"Not present in capped 1,000-row 404 export; cannot infer removal from GSC."
https://ร้านรับซื้อโน๊ตบุ๊ค.com/รับซื้อโน๊ตบุ๊ค/น่าน/macbook-air-m5/,Not found (404),,missing_from_fresh_examples,KEEP_404,KEEP_404,medium,limited,,"Not present in capped 1,000-row 404 export; cannot infer removal from GSC."
https://ร้านรับซื้อโน๊ตบุ๊ค.com/รับซื้อโน๊ตบุ๊ค/ภาคอีสาน/msi-stealth-14/,Not found (404),,missing_from_fresh_examples,KEEP_404,KEEP_404,medium,limited,,"Not present in capped 1,000-row 404 export; cannot infer removal from GSC."
https://ร้านรับซื้อโน๊ตบุ๊ค.com/รับซื้อโน๊ตบุ๊ค/อุทัยธานี/asus-zephyrus-g14/,Not found (404),,missing_from_fresh_examples,KEEP_404,KEEP_404,medium,limited,,"Not present in capped 1,000-row 404 export; cannot infer removal from GSC."
https://ร้านรับซื้อโน๊ตบุ๊ค.com/รับซื้อโน๊ตบุ๊ค/บางนา/hp-probook/,Not found (404),,missing_from_fresh_examples,KEEP_404,KEEP_404,medium,limited,,"Not present in capped 1,000-row 404 export; cannot infer removal from GSC."
https://ร้านรับซื้อโน๊ตบุ๊ค.com/รับซื้อโน๊ตบุ๊ค/สิงห์บุรี/huawei/,Not found (404),,missing_from_fresh_examples,KEEP_404,KEEP_404,medium,limited,,"Not present in capped 1,000-row 404 export; cannot infer removal from GSC."
https://ร้านรับซื้อโน๊ตบุ๊ค.com/รับซื้อโน๊ตบุ๊ค/กำแพงเพชร/acer-nitro-v/,Not found (404),,missing_from_fresh_examples,KEEP_404,KEEP_404,medium,limited,,"Not present in capped 1,000-row 404 export; cannot infer removal from GSC."
https://ร้านรับซื้อโน๊ตบุ๊ค.com/รับซื้อโน๊ตบุ๊ค/กรุงเทพ/hp-omen-16/,Not found (404),,missing_from_fresh_examples,KEEP_404,KEEP_404,medium,limited,,"Not present in capped 1,000-row 404 export; cannot infer removal from GSC."
https://ร้านรับซื้อโน๊ตบุ๊ค.com/รับซื้อโน๊ตบุ๊ค/ประจวบคีรีขันธ์/msi-katana-15/,Not found (404),,missing_from_fresh_examples,KEEP_404,KEEP_404,medium,limited,,"Not present in capped 1,000-row 404 export; cannot infer removal from GSC."
https://ร้านรับซื้อโน๊ตบุ๊ค.com/รับซื้อโน๊ตบุ๊ค/จันทบุรี/razer-blade/,Not found (404),,missing_from_fresh_examples,KEEP_404,KEEP_404,medium,limited,,"Not present in capped 1,000-row 404 export; cannot infer removal from GSC."
https://ร้านรับซื้อโน๊ตบุ๊ค.com/รับซื้อโน๊ตบุ๊ค/กาญจนบุรี/macbook-battery-health/,Not found (404),,missing_from_fresh_examples,KEEP_404,KEEP_404,medium,limited,,"Not present in capped 1,000-row 404 export; cannot infer removal from GSC."
https://ร้านรับซื้อโน๊ตบุ๊ค.com/รับซื้อโน๊ตบุ๊ค/ชัยนาท/honor-magicbook/,Not found (404),,missing_from_fresh_examples,KEEP_404,KEEP_404,medium,limited,,"Not present in capped 1,000-row 404 export; cannot infer removal from GSC."
https://ร้านรับซื้อโน๊ตบุ๊ค.com/รับซื้อโน๊ตบุ๊ค/เลย/macbook-air-15/,Not found (404),,missing_from_fresh_examples,KEEP_404,KEEP_404,medium,limited,,"Not present in capped 1,000-row 404 export; cannot infer removal from GSC."
https://ร้านรับซื้อโน๊ตบุ๊ค.com/รับซื้อโน๊ตบุ๊ค/กาฬสินธุ์/thinkpad-x1-carbon/,Not found (404),,missing_from_fresh_examples,KEEP_404,KEEP_404,medium,limited,,"Not present in capped 1,000-row 404 export; cannot infer removal from GSC."
https://ร้านรับซื้อโน๊ตบุ๊ค.com/รับซื้อโน๊ตบุ๊ค/เชียงราย/msi-vector-16-hx/,Not found (404),,missing_from_fresh_examples,KEEP_404,KEEP_404,medium,limited,,"Not present in capped 1,000-row 404 export; cannot infer removal from GSC."
https://ร้านรับซื้อโน๊ตบุ๊ค.com/รับซื้อโน๊ตบุ๊ค/กาฬสินธุ์/asus-zephyrus-g16/,Not found (404),,missing_from_fresh_examples,KEEP_404,KEEP_404,medium,limited,,"Not present in capped 1,000-row 404 export; cannot infer removal from GSC."
https://ร้านรับซื้อโน๊ตบุ๊ค.com/รับซื้อโน๊ตบุ๊ค/กาญจนบุรี/บูตวน/,Not found (404),,missing_from_fresh_examples,KEEP_404,KEEP_404,medium,limited,,"Not present in capped 1,000-row 404 export; cannot infer removal from GSC."
https://ร้านรับซื้อโน๊ตบุ๊ค.com/รับซื้อโน๊ตบุ๊ค/พัทลุง/macbook-battery-swollen/,Not found (404),,missing_from_fresh_examples,KEEP_404,KEEP_404,medium,limited,,"Not present in capped 1,000-row 404 export; cannot infer removal from GSC."
https://ร้านรับซื้อโน๊ตบุ๊ค.com/รับซื้อโน๊ตบุ๊ค/อุทัยธานี/thinkpad-e14-e15/,Not found (404),,missing_from_fresh_examples,KEEP_404,KEEP_404,medium,limited,,"Not present in capped 1,000-row 404 export; cannot infer removal from GSC."
https://ร้านรับซื้อโน๊ตบุ๊ค.com/รับซื้อโน๊ตบุ๊ค/สมุทรสงคราม/lenovo-legion-pro-7/,Not found (404),,missing_from_fresh_examples,KEEP_404,KEEP_404,medium,limited,,"Not present in capped 1,000-row 404 export; cannot infer removal from GSC."
https://ร้านรับซื้อโน๊ตบุ๊ค.com/รับซื้อโน๊ตบุ๊ค/ขอนแก่น/hdmi-เสีย/,Not found (404),,missing_from_fresh_examples,KEEP_404,KEEP_404,medium,limited,,"Not present in capped 1,000-row 404 export; cannot infer removal from GSC."
https://ร้านรับซื้อโน๊ตบุ๊ค.com/รับซื้อโน๊ตบุ๊ค/ฉะเชิงเทรา/lenovo-legion-slim/,Not found (404),,missing_from_fresh_examples,KEEP_404,KEEP_404,medium,limited,,"Not present in capped 1,000-row 404 export; cannot infer removal from GSC."
https://ร้านรับซื้อโน๊ตบุ๊ค.com/รับซื้อโน๊ตบุ๊ค/พระราม2/macbook-screen-crack/,Not found (404),,missing_from_fresh_examples,KEEP_404,KEEP_404,medium,limited,,"Not present in capped 1,000-row 404 export; cannot infer removal from GSC."
https://ร้านรับซื้อโน๊ตบุ๊ค.com/รับซื้อโน๊ตบุ๊ค/ใกล้ฉัน/พอร์ต-type-c-เสีย/,Not found (404),,missing_from_fresh_examples,KEEP_404,KEEP_404,medium,limited,,"Not present in capped 1,000-row 404 export; cannot infer removal from GSC."
https://ร้านรับซื้อโน๊ตบุ๊ค.com/รับซื้อโน๊ตบุ๊ค/สุโขทัย/บอดี้แตก/,Not found (404),,missing_from_fresh_examples,KEEP_404,KEEP_404,medium,limited,,"Not present in capped 1,000-row 404 export; cannot infer removal from GSC."
https://ร้านรับซื้อโน๊ตบุ๊ค.com/รับซื้อโน๊ตบุ๊ค/ร้อยเอ็ด/lenovo-legion-pro/,Not found (404),,missing_from_fresh_examples,KEEP_404,KEEP_404,medium,limited,,"Not present in capped 1,000-row 404 export; cannot infer removal from GSC."
https://ร้านรับซื้อโน๊ตบุ๊ค.com/รับซื้อโน๊ตบุ๊ค/ปราจีนบุรี/acer-predator-triton/,Not found (404),,missing_from_fresh_examples,KEEP_404,KEEP_404,medium,limited,,"Not present in capped 1,000-row 404 export; cannot infer removal from GSC."
https://ร้านรับซื้อโน๊ตบุ๊ค.com/รับซื้อโน๊ตบุ๊ค/พัทยา/msi-modern/,Not found (404),,missing_from_fresh_examples,KEEP_404,KEEP_404,medium,limited,,"Not present in capped 1,000-row 404 export; cannot infer removal from GSC."
https://ร้านรับซื้อโน๊ตบุ๊ค.com/รับซื้อโน๊ตบุ๊ค/กำแพงเพชร/surface-laptop-go/,Not found (404),,missing_from_fresh_examples,KEEP_404,KEEP_404,medium,limited,,"Not present in capped 1,000-row 404 export; cannot infer removal from GSC."
https://ร้านรับซื้อโน๊ตบุ๊ค.com/รับซื้อโน๊ตบุ๊ค/อ่างทอง/acer-aspire-5/,Not found (404),,missing_from_fresh_examples,KEEP_404,KEEP_404,medium,limited,,"Not present in capped 1,000-row 404 export; cannot infer removal from GSC."
https://ร้านรับซื้อโน๊ตบุ๊ค.com/รับซื้อโน๊ตบุ๊ค/ขอนแก่น/macbook-pro-m5/,Not found (404),,missing_from_fresh_examples,KEEP_404,KEEP_404,medium,limited,,"Not present in capped 1,000-row 404 export; cannot infer removal from GSC."
https://ร้านรับซื้อโน๊ตบุ๊ค.com/รับซื้อโน๊ตบุ๊ค/สมุทรสาคร/ค้างบ่อย/,Not found (404),,missing_from_fresh_examples,KEEP_404,KEEP_404,medium,limited,,"Not present in capped 1,000-row 404 export; cannot infer removal from GSC."
https://ร้านรับซื้อโน๊ตบุ๊ค.com/รับซื้อโน๊ตบุ๊ค/อุบลราชธานี/alienware-m18/,Not found (404),,missing_from_fresh_examples,KEEP_404,KEEP_404,medium,limited,,"Not present in capped 1,000-row 404 export; cannot infer removal from GSC."
https://ร้านรับซื้อโน๊ตบุ๊ค.com/รับซื้อโน๊ตบุ๊ค/สุโขทัย/msi-modern/,Not found (404),,missing_from_fresh_examples,KEEP_404,KEEP_404,medium,limited,,"Not present in capped 1,000-row 404 export; cannot infer removal from GSC."
https://ร้านรับซื้อโน๊ตบุ๊ค.com/รับซื้อโน๊ตบุ๊ค/สกลนคร/hp-omen-17/,Not found (404),,missing_from_fresh_examples,KEEP_404,KEEP_404,medium,limited,,"Not present in capped 1,000-row 404 export; cannot infer removal from GSC."
https://ร้านรับซื้อโน๊ตบุ๊ค.com/รับซื้อโน๊ตบุ๊ค/ยะลา/msi-vector-16-hx/,Not found (404),,missing_from_fresh_examples,KEEP_404,KEEP_404,medium,limited,,"Not present in capped 1,000-row 404 export; cannot infer removal from GSC."
https://ร้านรับซื้อโน๊ตบุ๊ค.com/รับซื้อโน๊ตบุ๊ค/ปราจีนบุรี/wifi-ไม่ติด/,Not found (404),,missing_from_fresh_examples,KEEP_404,KEEP_404,medium,limited,,"Not present in capped 1,000-row 404 export; cannot infer removal from GSC."
https://ร้านรับซื้อโน๊ตบุ๊ค.com/รับซื้อโน๊ตบุ๊ค/เลย/macbook-no-box-no-receipt/,Not found (404),,missing_from_fresh_examples,KEEP_404,KEEP_404,medium,limited,,"Not present in capped 1,000-row 404 export; cannot infer removal from GSC."
https://ร้านรับซื้อโน๊ตบุ๊ค.com/รับซื้อโน๊ตบุ๊ค/กาฬสินธุ์/hdmi-เสีย/,Not found (404),,missing_from_fresh_examples,KEEP_404,KEEP_404,medium,limited,,"Not present in capped 1,000-row 404 export; cannot infer removal from GSC."
https://ร้านรับซื้อโน๊ตบุ๊ค.com/รับซื้อโน๊ตบุ๊ค/สมุทรสาคร/alienware-m15-r7-r8/,Not found (404),,missing_from_fresh_examples,KEEP_404,KEEP_404,medium,limited,,"Not present in capped 1,000-row 404 export; cannot infer removal from GSC."
https://ร้านรับซื้อโน๊ตบุ๊ค.com/รับซื้อโน๊ตบุ๊ค/พิษณุโลก/lenovo-ideapad-3-5/,Not found (404),,missing_from_fresh_examples,KEEP_404,KEEP_404,medium,limited,,"Not present in capped 1,000-row 404 export; cannot infer removal from GSC."
https://ร้านรับซื้อโน๊ตบุ๊ค.com/รับซื้อโน๊ตบุ๊ค/ราชบุรี/hp-omen-transcend/,Not found (404),,missing_from_fresh_examples,KEEP_404,KEEP_404,medium,limited,,"Not present in capped 1,000-row 404 export; cannot infer removal from GSC."
https://ร้านรับซื้อโน๊ตบุ๊ค.com/รับซื้อโน๊ตบุ๊ค/สตูล/dell-latitude/,Not found (404),,missing_from_fresh_examples,KEEP_404,KEEP_404,medium,limited,,"Not present in capped 1,000-row 404 export; cannot infer removal from GSC."
https://ร้านรับซื้อโน๊ตบุ๊ค.com/รับซื้อโน๊ตบุ๊ค/สุโขทัย/hp-probook/,Not found (404),,missing_from_fresh_examples,KEEP_404,KEEP_404,medium,limited,,"Not present in capped 1,000-row 404 export; cannot infer removal from GSC."
https://ร้านรับซื้อโน๊ตบุ๊ค.com/รับซื้อโน๊ตบุ๊ค/พิษณุโลก/lenovo-yoga/,Not found (404),,missing_from_fresh_examples,KEEP_404,KEEP_404,medium,limited,,"Not present in capped 1,000-row 404 export; cannot infer removal from GSC."
https://ร้านรับซื้อโน๊ตบุ๊ค.com/รับซื้อโน๊ตบุ๊ค/ปราจีนบุรี/macbook-air-m2/,Not found (404),,missing_from_fresh_examples,KEEP_404,KEEP_404,medium,limited,,"Not present in capped 1,000-row 404 export; cannot infer removal from GSC."
https://ร้านรับซื้อโน๊ตบุ๊ค.com/รับซื้อโน๊ตบุ๊ค/ลำพูน/razer-blade/,Not found (404),,missing_from_fresh_examples,KEEP_404,KEEP_404,medium,limited,,"Not present in capped 1,000-row 404 export; cannot infer removal from GSC."
https://ร้านรับซื้อโน๊ตบุ๊ค.com/รับซื้อโน๊ตบุ๊ค/หนองคาย/lenovo-loq-15-16/,Not found (404),,missing_from_fresh_examples,KEEP_404,KEEP_404,medium,limited,,"Not present in capped 1,000-row 404 export; cannot infer removal from GSC."
https://ร้านรับซื้อโน๊ตบุ๊ค.com/รับซื้อโน๊ตบุ๊ค/เชียงใหม่/honor/,Not found (404),,missing_from_fresh_examples,KEEP_404,KEEP_404,medium,limited,,"Not present in capped 1,000-row 404 export; cannot infer removal from GSC."
https://ร้านรับซื้อโน๊ตบุ๊ค.com/รับซื้อโน๊ตบุ๊ค/เชียงใหม่/razer/,Not found (404),,missing_from_fresh_examples,KEEP_404,KEEP_404,medium,limited,,"Not present in capped 1,000-row 404 export; cannot infer removal from GSC."
https://ร้านรับซื้อโน๊ตบุ๊ค.com/รับซื้อโน๊ตบุ๊ค/สุราษฎร์ธานี/asus-rog-flow/,Not found (404),,missing_from_fresh_examples,KEEP_404,KEEP_404,medium,limited,,"Not present in capped 1,000-row 404 export; cannot infer removal from GSC."
https://ร้านรับซื้อโน๊ตบุ๊ค.com/รับซื้อโน๊ตบุ๊ค/ศรีสะเกษ/hp-spectre-x360/,Not found (404),,missing_from_fresh_examples,KEEP_404,KEEP_404,medium,limited,,"Not present in capped 1,000-row 404 export; cannot infer removal from GSC."
https://ร้านรับซื้อโน๊ตบุ๊ค.com/รับซื้อโน๊ตบุ๊ค/ชุมพร/lenovo-loq-15-16/,Not found (404),,missing_from_fresh_examples,KEEP_404,KEEP_404,medium,limited,,"Not present in capped 1,000-row 404 export; cannot infer removal from GSC."
https://ร้านรับซื้อโน๊ตบุ๊ค.com/รับซื้อโน๊ตบุ๊ค/บางนา/lenovo-legion-5/,Not found (404),,missing_from_fresh_examples,KEEP_404,KEEP_404,medium,limited,,"Not present in capped 1,000-row 404 export; cannot infer removal from GSC."
https://ร้านรับซื้อโน๊ตบุ๊ค.com/รับซื้อโน๊ตบุ๊ค/พระราม2/macbook-air-m1/,Not found (404),,missing_from_fresh_examples,KEEP_404,KEEP_404,medium,limited,,"Not present in capped 1,000-row 404 export; cannot infer removal from GSC."
https://ร้านรับซื้อโน๊ตบุ๊ค.com/รับซื้อโน๊ตบุ๊ค/จันทบุรี/macbook-pro-m2/,Not found (404),,missing_from_fresh_examples,KEEP_404,KEEP_404,medium,limited,,"Not present in capped 1,000-row 404 export; cannot infer removal from GSC."
https://ร้านรับซื้อโน๊ตบุ๊ค.com/รับซื้อโน๊ตบุ๊ค/ปัตตานี/macbook-pro-m2/,Not found (404),,missing_from_fresh_examples,KEEP_404,KEEP_404,medium,limited,,"Not present in capped 1,000-row 404 export; cannot infer removal from GSC."
https://ร้านรับซื้อโน๊ตบุ๊ค.com/รับซื้อโน๊ตบุ๊ค/เชียงราย/macbook-pro-14/,Not found (404),,missing_from_fresh_examples,KEEP_404,KEEP_404,medium,limited,,"Not present in capped 1,000-row 404 export; cannot infer removal from GSC."
https://ร้านรับซื้อโน๊ตบุ๊ค.com/รับซื้อโน๊ตบุ๊ค/พิษณุโลก/razer-blade/,Not found (404),,missing_from_fresh_examples,KEEP_404,KEEP_404,medium,limited,,"Not present in capped 1,000-row 404 export; cannot infer removal from GSC."
https://ร้านรับซื้อโน๊ตบุ๊ค.com/รับซื้อโน๊ตบุ๊ค/อุบลราชธานี/macbook-pro-m4/,Not found (404),,missing_from_fresh_examples,KEEP_404,KEEP_404,medium,limited,,"Not present in capped 1,000-row 404 export; cannot infer removal from GSC."
https://ร้านรับซื้อโน๊ตบุ๊ค.com/รับซื้อโน๊ตบุ๊ค/สกลนคร/macbook-battery-health/,Not found (404),,missing_from_fresh_examples,KEEP_404,KEEP_404,medium,limited,,"Not present in capped 1,000-row 404 export; cannot infer removal from GSC."
https://ร้านรับซื้อโน๊ตบุ๊ค.com/รับซื้อโน๊ตบุ๊ค/สุโขทัย/ลำโพงเสีย/,Not found (404),,missing_from_fresh_examples,KEEP_404,KEEP_404,medium,limited,,"Not present in capped 1,000-row 404 export; cannot infer removal from GSC."
https://ร้านรับซื้อโน๊ตบุ๊ค.com/รับซื้อโน๊ตบุ๊ค/ปัตตานี/msi-modern/,Not found (404),,missing_from_fresh_examples,KEEP_404,KEEP_404,medium,limited,,"Not present in capped 1,000-row 404 export; cannot infer removal from GSC."
https://ร้านรับซื้อโน๊ตบุ๊ค.com/รับซื้อโน๊ตบุ๊ค/มหาสารคาม/macbook-pro-m2/,Not found (404),,missing_from_fresh_examples,KEEP_404,KEEP_404,medium,limited,,"Not present in capped 1,000-row 404 export; cannot infer removal from GSC."
https://ร้านรับซื้อโน๊ตบุ๊ค.com/รับซื้อโน๊ตบุ๊ค/ชลบุรี/acer-nitro-16/,Not found (404),,missing_from_fresh_examples,KEEP_404,KEEP_404,medium,limited,,"Not present in capped 1,000-row 404 export; cannot infer removal from GSC."
https://ร้านรับซื้อโน๊ตบุ๊ค.com/รับซื้อโน๊ตบุ๊ค/สมุทรปราการ/ทัชแพดเสีย/,Not found (404),,missing_from_fresh_examples,KEEP_404,KEEP_404,medium,limited,,"Not present in capped 1,000-row 404 export; cannot infer removal from GSC."
https://ร้านรับซื้อโน๊ตบุ๊ค.com/รับซื้อโน๊ตบุ๊ค/ห้วยขวาง/macbook-screen-crack/,Not found (404),,missing_from_fresh_examples,KEEP_404,KEEP_404,medium,limited,,"Not present in capped 1,000-row 404 export; cannot infer removal from GSC."
https://ร้านรับซื้อโน๊ตบุ๊ค.com/รับซื้อโน๊ตบุ๊ค/รังสิต/macbook-pro-16/,Not found (404),,missing_from_fresh_examples,KEEP_404,KEEP_404,medium,limited,,"Not present in capped 1,000-row 404 export; cannot infer removal from GSC."
https://ร้านรับซื้อโน๊ตบุ๊ค.com/รับซื้อโน๊ตบุ๊ค/พัทยา/hp-victus-16/,Not found (404),,missing_from_fresh_examples,KEEP_404,KEEP_404,medium,limited,,"Not present in capped 1,000-row 404 export; cannot infer removal from GSC."
https://ร้านรับซื้อโน๊ตบุ๊ค.com/รับซื้อโน๊ตบุ๊ค/มุกดาหาร/alienware-m18/,Not found (404),,missing_from_fresh_examples,KEEP_404,KEEP_404,medium,limited,,"Not present in capped 1,000-row 404 export; cannot infer removal from GSC."
https://ร้านรับซื้อโน๊ตบุ๊ค.com/รับซื้อโน๊ตบุ๊ค/ยโสธร/บลูทูธใช้ไม่ได้/,Not found (404),,missing_from_fresh_examples,KEEP_404,KEEP_404,medium,limited,,"Not present in capped 1,000-row 404 export; cannot infer removal from GSC."
https://ร้านรับซื้อโน๊ตบุ๊ค.com/รับซื้อโน๊ตบุ๊ค/ปทุมธานี/alienware-x16/,Not found (404),,missing_from_fresh_examples,KEEP_404,KEEP_404,medium,limited,,"Not present in capped 1,000-row 404 export; cannot infer removal from GSC."
https://ร้านรับซื้อโน๊ตบุ๊ค.com/รับซื้อโน๊ตบุ๊ค/ภาคอีสาน/macbook-pro-m2/,Not found (404),,missing_from_fresh_examples,KEEP_404,KEEP_404,medium,limited,,"Not present in capped 1,000-row 404 export; cannot infer removal from GSC."
https://ร้านรับซื้อโน๊ตบุ๊ค.com/รับซื้อโน๊ตบุ๊ค/นครพนม/macbook-air-15/,Not found (404),,missing_from_fresh_examples,KEEP_404,KEEP_404,medium,limited,,"Not present in capped 1,000-row 404 export; cannot infer removal from GSC."
https://ร้านรับซื้อโน๊ตบุ๊ค.com/รับซื้อโน๊ตบุ๊ค/ระนอง/พอร์ตแลนเสีย/,Not found (404),,missing_from_fresh_examples,KEEP_404,KEEP_404,medium,limited,,"Not present in capped 1,000-row 404 export; cannot infer removal from GSC."
https://ร้านรับซื้อโน๊ตบุ๊ค.com/รับซื้อโน๊ตบุ๊ค/หนองคาย/hp-elitebook/,Not found (404),,missing_from_fresh_examples,KEEP_404,KEEP_404,medium,limited,,"Not present in capped 1,000-row 404 export; cannot infer removal from GSC."
https://ร้านรับซื้อโน๊ตบุ๊ค.com/รับซื้อโน๊ตบุ๊ค/พัทยา/acer-nitro-16/,Not found (404),,missing_from_fresh_examples,KEEP_404,KEEP_404,medium,limited,,"Not present in capped 1,000-row 404 export; cannot infer removal from GSC."
https://ร้านรับซื้อโน๊ตบุ๊ค.com/รับซื้อโน๊ตบุ๊ค/หนองบัวลำภู/hp-elitebook/,Not found (404),,missing_from_fresh_examples,KEEP_404,KEEP_404,medium,limited,,"Not present in capped 1,000-row 404 export; cannot infer removal from GSC."
https://ร้านรับซื้อโน๊ตบุ๊ค.com/รับซื้อโน๊ตบุ๊ค/ปราจีนบุรี/hp-probook/,Not found (404),,missing_from_fresh_examples,KEEP_404,KEEP_404,medium,limited,,"Not present in capped 1,000-row 404 export; cannot infer removal from GSC."
https://ร้านรับซื้อโน๊ตบุ๊ค.com/รับซื้อโน๊ตบุ๊ค/นครราชสีมา/hp-probook/,Not found (404),,missing_from_fresh_examples,KEEP_404,KEEP_404,medium,limited,,"Not present in capped 1,000-row 404 export; cannot infer removal from GSC."
https://ร้านรับซื้อโน๊ตบุ๊ค.com/รับซื้อโน๊ตบุ๊ค/สงขลา/macbook-pro-m4/,Not found (404),,missing_from_fresh_examples,KEEP_404,KEEP_404,medium,limited,,"Not present in capped 1,000-row 404 export; cannot infer removal from GSC."
https://ร้านรับซื้อโน๊ตบุ๊ค.com/รับซื้อโน๊ตบุ๊ค/สระบุรี/acer-nitro-v/,Not found (404),,missing_from_fresh_examples,KEEP_404,KEEP_404,medium,limited,,"Not present in capped 1,000-row 404 export; cannot infer removal from GSC."
https://ร้านรับซื้อโน๊ตบุ๊ค.com/รับซื้อโน๊ตบุ๊ค/เพชรบุรี/dell-inspiron-15/,Not found (404),,missing_from_fresh_examples,KEEP_404,KEEP_404,medium,limited,,"Not present in capped 1,000-row 404 export; cannot infer removal from GSC."
https://ร้านรับซื้อโน๊ตบุ๊ค.com/รับซื้อโน๊ตบุ๊ค/เชียงราย/asus-zephyrus/,Not found (404),,missing_from_fresh_examples,KEEP_404,KEEP_404,medium,limited,,"Not present in capped 1,000-row 404 export; cannot infer removal from GSC."
https://ร้านรับซื้อโน๊ตบุ๊ค.com/รับซื้อโน๊ตบุ๊ค/พัทยา/ร้อนจัดดับเอง/,Not found (404),,missing_from_fresh_examples,KEEP_404,KEEP_404,medium,limited,,"Not present in capped 1,000-row 404 export; cannot infer removal from GSC."
https://ร้านรับซื้อโน๊ตบุ๊ค.com/รับซื้อโน๊ตบุ๊ค/อุตรดิตถ์/macbook-air-m1/,Not found (404),,missing_from_fresh_examples,KEEP_404,KEEP_404,medium,limited,,"Not present in capped 1,000-row 404 export; cannot infer removal from GSC."
https://ร้านรับซื้อโน๊ตบุ๊ค.com/รับซื้อโน๊ตบุ๊ค/ตราด/acer-predator-helios/,Not found (404),,missing_from_fresh_examples,KEEP_404,KEEP_404,medium,limited,,"Not present in capped 1,000-row 404 export; cannot infer removal from GSC."
https://ร้านรับซื้อโน๊ตบุ๊ค.com/รับซื้อโน๊ตบุ๊ค/ปราจีนบุรี/acer-nitro-17/,Not found (404),,missing_from_fresh_examples,KEEP_404,KEEP_404,medium,limited,,"Not present in capped 1,000-row 404 export; cannot infer removal from GSC."
https://ร้านรับซื้อโน๊ตบุ๊ค.com/รับซื้อโน๊ตบุ๊ค/ลาดพร้าว/msi-stealth-14/,Not found (404),,missing_from_fresh_examples,KEEP_404,KEEP_404,medium,limited,,"Not present in capped 1,000-row 404 export; cannot infer removal from GSC."
https://ร้านรับซื้อโน๊ตบุ๊ค.com/รับซื้อโน๊ตบุ๊ค/สมุทรสาคร/macbook-pro-m2/,Not found (404),,missing_from_fresh_examples,KEEP_404,KEEP_404,medium,limited,,"Not present in capped 1,000-row 404 export; cannot infer removal from GSC."
https://ร้านรับซื้อโน๊ตบุ๊ค.com/รับซื้อโน๊ตบุ๊ค/บุรีรัมย์/hp-omen-transcend/,Not found (404),,missing_from_fresh_examples,KEEP_404,KEEP_404,medium,limited,,"Not present in capped 1,000-row 404 export; cannot infer removal from GSC."
https://ร้านรับซื้อโน๊ตบุ๊ค.com/รับซื้อโน๊ตบุ๊ค/ลำปาง/alienware-m16/,Not found (404),,missing_from_fresh_examples,KEEP_404,KEEP_404,medium,limited,,"Not present in capped 1,000-row 404 export; cannot infer removal from GSC."
https://ร้านรับซื้อโน๊ตบุ๊ค.com/รับซื้อโน๊ตบุ๊ค/กระบี่/ssd-เสีย/,Not found (404),,missing_from_fresh_examples,KEEP_404,KEEP_404,medium,limited,,"Not present in capped 1,000-row 404 export; cannot infer removal from GSC."
https://ร้านรับซื้อโน๊ตบุ๊ค.com/รับซื้อโน๊ตบุ๊ค/เลย/hp-probook/,Not found (404),,missing_from_fresh_examples,KEEP_404,KEEP_404,medium,limited,,"Not present in capped 1,000-row 404 export; cannot infer removal from GSC."
https://ร้านรับซื้อโน๊ตบุ๊ค.com/รับซื้อโน๊ตบุ๊ค/นครศรีธรรมราช/บูตวน/,Not found (404),,missing_from_fresh_examples,KEEP_404,KEEP_404,medium,limited,,"Not present in capped 1,000-row 404 export; cannot infer removal from GSC."
https://ร้านรับซื้อโน๊ตบุ๊ค.com/รับซื้อโน๊ตบุ๊ค/ชัยภูมิ/lenovo-legion-slim/,Not found (404),,missing_from_fresh_examples,KEEP_404,KEEP_404,medium,limited,,"Not present in capped 1,000-row 404 export; cannot infer removal from GSC."
https://ร้านรับซื้อโน๊ตบุ๊ค.com/รับซื้อโน๊ตบุ๊ค/บุรีรัมย์/samsung/,Not found (404),,missing_from_fresh_examples,KEEP_404,KEEP_404,medium,limited,,"Not present in capped 1,000-row 404 export; cannot infer removal from GSC."
https://ร้านรับซื้อโน๊ตบุ๊ค.com/รับซื้อโน๊ตบุ๊ค/กำแพงเพชร/alienware-m15-r7-r8/,Not found (404),,missing_from_fresh_examples,KEEP_404,KEEP_404,medium,limited,,"Not present in capped 1,000-row 404 export; cannot infer removal from GSC."
https://ร้านรับซื้อโน๊ตบุ๊ค.com/รับซื้อโน๊ตบุ๊ค/ระนอง/macbook-pro-14/,Not found (404),,missing_from_fresh_examples,KEEP_404,KEEP_404,medium,limited,,"Not present in capped 1,000-row 404 export; cannot infer removal from GSC."
https://ร้านรับซื้อโน๊ตบุ๊ค.com/รับซื้อโน๊ตบุ๊ค/นครศรีธรรมราช/huawei-matebook/,Not found (404),,missing_from_fresh_examples,KEEP_404,KEEP_404,medium,limited,,"Not present in capped 1,000-row 404 export; cannot infer removal from GSC."
https://ร้านรับซื้อโน๊ตบุ๊ค.com/รับซื้อโน๊ตบุ๊ค/นครนายก/hp-envy-x360/,Not found (404),,missing_from_fresh_examples,KEEP_404,KEEP_404,medium,limited,,"Not present in capped 1,000-row 404 export; cannot infer removal from GSC."
https://ร้านรับซื้อโน๊ตบุ๊ค.com/รับซื้อโน๊ตบุ๊ค/พระราม2/honor-magicbook/,Not found (404),,missing_from_fresh_examples,KEEP_404,KEEP_404,medium,limited,,"Not present in capped 1,000-row 404 export; cannot infer removal from GSC."
https://ร้านรับซื้อโน๊ตบุ๊ค.com/รับซื้อโน๊ตบุ๊ค/ชัยภูมิ/hp-omen-transcend/,Not found (404),,missing_from_fresh_examples,KEEP_404,KEEP_404,medium,limited,,"Not present in capped 1,000-row 404 export; cannot infer removal from GSC."
https://ร้านรับซื้อโน๊ตบุ๊ค.com/รับซื้อโน๊ตบุ๊ค/นครราชสีมา/macbook-charge-port/,Not found (404),,missing_from_fresh_examples,KEEP_404,KEEP_404,medium,limited,,"Not present in capped 1,000-row 404 export; cannot infer removal from GSC."
https://ร้านรับซื้อโน๊ตบุ๊ค.com/รับซื้อโน๊ตบุ๊ค/ปัตตานี/honor/,Not found (404),,missing_from_fresh_examples,KEEP_404,KEEP_404,medium,limited,,"Not present in capped 1,000-row 404 export; cannot infer removal from GSC."
https://ร้านรับซื้อโน๊ตบุ๊ค.com/รับซื้อโน๊ตบุ๊ค/ลำพูน/ค้างบ่อย/,Not found (404),,missing_from_fresh_examples,KEEP_404,KEEP_404,medium,limited,,"Not present in capped 1,000-row 404 export; cannot infer removal from GSC."
https://ร้านรับซื้อโน๊ตบุ๊ค.com/รับซื้อโน๊ตบุ๊ค/พิจิตร/msi-vector-16-hx/,Not found (404),,missing_from_fresh_examples,KEEP_404,KEEP_404,medium,limited,,"Not present in capped 1,000-row 404 export; cannot infer removal from GSC."
https://ร้านรับซื้อโน๊ตบุ๊ค.com/รับซื้อโน๊ตบุ๊ค/ภาคอีสาน/macbook-pro-16/,Not found (404),,missing_from_fresh_examples,KEEP_404,KEEP_404,medium,limited,,"Not present in capped 1,000-row 404 export; cannot infer removal from GSC."
https://ร้านรับซื้อโน๊ตบุ๊ค.com/รับซื้อโน๊ตบุ๊ค/อุบลราชธานี/asus-vivobook/,Not found (404),,missing_from_fresh_examples,KEEP_404,KEEP_404,medium,limited,,"Not present in capped 1,000-row 404 export; cannot infer removal from GSC."
https://ร้านรับซื้อโน๊ตบุ๊ค.com/รับซื้อโน๊ตบุ๊ค/ปัตตานี/ช่องหูฟังเสีย/,Not found (404),,missing_from_fresh_examples,KEEP_404,KEEP_404,medium,limited,,"Not present in capped 1,000-row 404 export; cannot infer removal from GSC."
https://ร้านรับซื้อโน๊ตบุ๊ค.com/รับซื้อโน๊ตบุ๊ค/นครสวรรค์/surface-book/,Not found (404),,missing_from_fresh_examples,KEEP_404,KEEP_404,medium,limited,,"Not present in capped 1,000-row 404 export; cannot infer removal from GSC."
https://ร้านรับซื้อโน๊ตบุ๊ค.com/รับซื้อโน๊ตบุ๊ค/อุบลราชธานี/dell-g15-g16/,Not found (404),,missing_from_fresh_examples,KEEP_404,KEEP_404,medium,limited,,"Not present in capped 1,000-row 404 export; cannot infer removal from GSC."
https://ร้านรับซื้อโน๊ตบุ๊ค.com/รับซื้อโน๊ตบุ๊ค/มุกดาหาร/surface-pro/,Not found (404),,missing_from_fresh_examples,KEEP_404,KEEP_404,medium,limited,,"Not present in capped 1,000-row 404 export; cannot infer removal from GSC."
https://ร้านรับซื้อโน๊ตบุ๊ค.com/รับซื้อโน๊ตบุ๊ค/สงขลา/acer-nitro-v/,Not found (404),,missing_from_fresh_examples,KEEP_404,KEEP_404,medium,limited,,"Not present in capped 1,000-row 404 export; cannot infer removal from GSC."
https://ร้านรับซื้อโน๊ตบุ๊ค.com/รับซื้อโน๊ตบุ๊ค/สตูล/macbook-air-13/,Not found (404),,missing_from_fresh_examples,KEEP_404,KEEP_404,medium,limited,,"Not present in capped 1,000-row 404 export; cannot infer removal from GSC."
https://ร้านรับซื้อโน๊ตบุ๊ค.com/รับซื้อโน๊ตบุ๊ค/สงขลา/lenovo-ideapad-3-5/,Not found (404),,missing_from_fresh_examples,KEEP_404,KEEP_404,medium,limited,,"Not present in capped 1,000-row 404 export; cannot infer removal from GSC."
https://ร้านรับซื้อโน๊ตบุ๊ค.com/รับซื้อโน๊ตบุ๊ค/สุรินทร์/samsung-galaxy-book/,Not found (404),,missing_from_fresh_examples,KEEP_404,KEEP_404,medium,limited,,"Not present in capped 1,000-row 404 export; cannot infer removal from GSC."
https://ร้านรับซื้อโน๊ตบุ๊ค.com/รับซื้อโน๊ตบุ๊ค/สมุทรสงคราม/hdmi-เสีย/,Not found (404),,missing_from_fresh_examples,KEEP_404,KEEP_404,medium,limited,,"Not present in capped 1,000-row 404 export; cannot infer removal from GSC."
https://ร้านรับซื้อโน๊ตบุ๊ค.com/รับซื้อโน๊ตบุ๊ค/ห้วยขวาง/asus-rog-strix/,Not found (404),,missing_from_fresh_examples,KEEP_404,KEEP_404,medium,limited,,"Not present in capped 1,000-row 404 export; cannot infer removal from GSC."
https://ร้านรับซื้อโน๊ตบุ๊ค.com/รับซื้อโน๊ตบุ๊ค/สุราษฎร์ธานี/lenovo-legion-pro/,Not found (404),,missing_from_fresh_examples,KEEP_404,KEEP_404,medium,limited,,"Not present in capped 1,000-row 404 export; cannot infer removal from GSC."
https://ร้านรับซื้อโน๊ตบุ๊ค.com/รับซื้อโน๊ตบุ๊ค/สุราษฎร์ธานี/msi-vector-16-hx/,Not found (404),,missing_from_fresh_examples,KEEP_404,KEEP_404,medium,limited,,"Not present in capped 1,000-row 404 export; cannot infer removal from GSC."
https://ร้านรับซื้อโน๊ตบุ๊ค.com/รับซื้อโน๊ตบุ๊ค/ใกล้ฉัน/asus-rog-strix/,Not found (404),,missing_from_fresh_examples,KEEP_404,KEEP_404,medium,limited,,"Not present in capped 1,000-row 404 export; cannot infer removal from GSC."
https://ร้านรับซื้อโน๊ตบุ๊ค.com/รับซื้อโน๊ตบุ๊ค/พระราม2/asus-zephyrus-g16/,Not found (404),,missing_from_fresh_examples,KEEP_404,KEEP_404,medium,limited,,"Not present in capped 1,000-row 404 export; cannot infer removal from GSC."
https://ร้านรับซื้อโน๊ตบุ๊ค.com/รับซื้อโน๊ตบุ๊ค/พิจิตร/dell-vostro/,Not found (404),,missing_from_fresh_examples,KEEP_404,KEEP_404,medium,limited,,"Not present in capped 1,000-row 404 export; cannot infer removal from GSC."
https://ร้านรับซื้อโน๊ตบุ๊ค.com/รับซื้อโน๊ตบุ๊ค/ปทุมธานี/hp-pavilion/,Not found (404),,missing_from_fresh_examples,KEEP_404,KEEP_404,medium,limited,,"Not present in capped 1,000-row 404 export; cannot infer removal from GSC."
https://ร้านรับซื้อโน๊ตบุ๊ค.com/รับซื้อโน๊ตบุ๊ค/ลาดพร้าว/macbook-pro-m5/,Not found (404),,missing_from_fresh_examples,KEEP_404,KEEP_404,medium,limited,,"Not present in capped 1,000-row 404 export; cannot infer removal from GSC."
https://ร้านรับซื้อโน๊ตบุ๊ค.com/รับซื้อโน๊ตบุ๊ค/มหาสารคาม/macbook-pro-m4/,Not found (404),,missing_from_fresh_examples,KEEP_404,KEEP_404,medium,limited,,"Not present in capped 1,000-row 404 export; cannot infer removal from GSC."
https://ร้านรับซื้อโน๊ตบุ๊ค.com/รับซื้อโน๊ตบุ๊ค/ลพบุรี/gigabyte/,Not found (404),,missing_from_fresh_examples,KEEP_404,KEEP_404,medium,limited,,"Not present in capped 1,000-row 404 export; cannot infer removal from GSC."
https://ร้านรับซื้อโน๊ตบุ๊ค.com/รับซื้อโน๊ตบุ๊ค/ชัยนาท/razer-blade/,Not found (404),Not found (404),same_status,KEEP_404,KEEP_404,medium,high,2026-07-03,Fresh 2026-07-30 export: Not found (404)
https://ร้านรับซื้อโน๊ตบุ๊ค.com/รับซื้อโน๊ตบุ๊ค/น่าน/dell-xps-13-15/,Not found (404),,missing_from_fresh_examples,KEEP_404,KEEP_404,medium,limited,,"Not present in capped 1,000-row 404 export; cannot infer removal from GSC."
https://ร้านรับซื้อโน๊ตบุ๊ค.com/รับซื้อโน๊ตบุ๊ค/อยุธยา/alienware-m15-r7-r8/,Not found (404),,missing_from_fresh_examples,KEEP_404,KEEP_404,medium,limited,,"Not present in capped 1,000-row 404 export; cannot infer removal from GSC."
https://ร้านรับซื้อโน๊ตบุ๊ค.com/รับซื้อโน๊ตบุ๊ค/สุโขทัย/asus-rog-strix/,Not found (404),,missing_from_fresh_examples,KEEP_404,KEEP_404,medium,limited,,"Not present in capped 1,000-row 404 export; cannot infer removal from GSC."
https://ร้านรับซื้อโน๊ตบุ๊ค.com/รับซื้อโน๊ตบุ๊ค/เชียงราย/asus-expertbook/,Not found (404),,missing_from_fresh_examples,KEEP_404,KEEP_404,medium,limited,,"Not present in capped 1,000-row 404 export; cannot infer removal from GSC."
https://ร้านรับซื้อโน๊ตบุ๊ค.com/รับซื้อโน๊ตบุ๊ค/สุราษฎร์ธานี/macbook-air-m3/,Not found (404),,missing_from_fresh_examples,KEEP_404,KEEP_404,medium,limited,,"Not present in capped 1,000-row 404 export; cannot infer removal from GSC."
https://ร้านรับซื้อโน๊ตบุ๊ค.com/รับซื้อโน๊ตบุ๊ค/กำแพงเพชร/thinkpad-e14-e15/,Not found (404),,missing_from_fresh_examples,KEEP_404,KEEP_404,medium,limited,,"Not present in capped 1,000-row 404 export; cannot infer removal from GSC."
https://ร้านรับซื้อโน๊ตบุ๊ค.com/รับซื้อโน๊ตบุ๊ค/บุรีรัมย์/hp-envy-x360/,Not found (404),,missing_from_fresh_examples,KEEP_404,KEEP_404,medium,limited,,"Not present in capped 1,000-row 404 export; cannot infer removal from GSC."
https://ร้านรับซื้อโน๊ตบุ๊ค.com/รับซื้อโน๊ตบุ๊ค/ยะลา/msi-stealth-14/,Not found (404),,missing_from_fresh_examples,KEEP_404,KEEP_404,medium,limited,,"Not present in capped 1,000-row 404 export; cannot infer removal from GSC."
https://ร้านรับซื้อโน๊ตบุ๊ค.com/รับซื้อโน๊ตบุ๊ค/กระบี่/lenovo-thinkbook/,Not found (404),,missing_from_fresh_examples,KEEP_404,KEEP_404,medium,limited,,"Not present in capped 1,000-row 404 export; cannot infer removal from GSC."
https://ร้านรับซื้อโน๊ตบุ๊ค.com/รับซื้อโน๊ตบุ๊ค/สตูล/hp-omen-transcend/,Not found (404),,missing_from_fresh_examples,KEEP_404,KEEP_404,medium,limited,,"Not present in capped 1,000-row 404 export; cannot infer removal from GSC."
https://ร้านรับซื้อโน๊ตบุ๊ค.com/รับซื้อโน๊ตบุ๊ค/แม่ฮ่องสอน/hp-omen-17/,Not found (404),,missing_from_fresh_examples,KEEP_404,KEEP_404,medium,limited,,"Not present in capped 1,000-row 404 export; cannot infer removal from GSC."
https://ร้านรับซื้อโน๊ตบุ๊ค.com/รับซื้อโน๊ตบุ๊ค/ปทุมธานี/macbook-pro-14/,Not found (404),,missing_from_fresh_examples,KEEP_404,KEEP_404,medium,limited,,"Not present in capped 1,000-row 404 export; cannot infer removal from GSC."
https://ร้านรับซื้อโน๊ตบุ๊ค.com/รับซื้อโน๊ตบุ๊ค/พะเยา/บอดี้แตก/,Not found (404),,missing_from_fresh_examples,KEEP_404,KEEP_404,medium,limited,,"Not present in capped 1,000-row 404 export; cannot infer removal from GSC."
https://ร้านรับซื้อโน๊ตบุ๊ค.com/รับซื้อโน๊ตบุ๊ค/ปัตตานี/macbook-air-m4/,Not found (404),,missing_from_fresh_examples,KEEP_404,KEEP_404,medium,limited,,"Not present in capped 1,000-row 404 export; cannot infer removal from GSC."
https://ร้านรับซื้อโน๊ตบุ๊ค.com/รับซื้อโน๊ตบุ๊ค/ลาดพร้าว/asus-zephyrus-g14/,Not found (404),Not found (404),same_status,KEEP_404,KEEP_404,medium,high,2026-06-14,Fresh 2026-07-30 export: Not found (404)
https://ร้านรับซื้อโน๊ตบุ๊ค.com/รับซื้อโน๊ตบุ๊ค/รามคำแหง/ทัชแพดเสีย/,Not found (404),,missing_from_fresh_examples,KEEP_404,KEEP_404,medium,limited,,"Not present in capped 1,000-row 404 export; cannot infer removal from GSC."
https://ร้านรับซื้อโน๊ตบุ๊ค.com/รับซื้อโน๊ตบุ๊ค/พัทยา/dell-g15-g16/,Not found (404),,missing_from_fresh_examples,KEEP_404,KEEP_404,medium,limited,,"Not present in capped 1,000-row 404 export; cannot infer removal from GSC."
https://ร้านรับซื้อโน๊ตบุ๊ค.com/รับซื้อโน๊ตบุ๊ค/อุดรธานี/acer-nitro-16/,Not found (404),,missing_from_fresh_examples,KEEP_404,KEEP_404,medium,limited,,"Not present in capped 1,000-row 404 export; cannot infer removal from GSC."
https://ร้านรับซื้อโน๊ตบุ๊ค.com/รับซื้อโน๊ตบุ๊ค/นราธิวาส/msi-stealth-16/,Not found (404),,missing_from_fresh_examples,KEEP_404,KEEP_404,medium,limited,,"Not present in capped 1,000-row 404 export; cannot infer removal from GSC."
https://ร้านรับซื้อโน๊ตบุ๊ค.com/รับซื้อโน๊ตบุ๊ค/ชุมพร/macbook-air-m4/,Not found (404),,missing_from_fresh_examples,KEEP_404,KEEP_404,medium,limited,,"Not present in capped 1,000-row 404 export; cannot infer removal from GSC."
https://ร้านรับซื้อโน๊ตบุ๊ค.com/รับซื้อโน๊ตบุ๊ค/สมุทรสงคราม/macbook-air-15/,Not found (404),,missing_from_fresh_examples,KEEP_404,KEEP_404,medium,limited,,"Not present in capped 1,000-row 404 export; cannot infer removal from GSC."
https://ร้านรับซื้อโน๊ตบุ๊ค.com/รับซื้อโน๊ตบุ๊ค/ขอนแก่น/samsung-galaxy-book/,Not found (404),,missing_from_fresh_examples,KEEP_404,KEEP_404,medium,limited,,"Not present in capped 1,000-row 404 export; cannot infer removal from GSC."
https://ร้านรับซื้อโน๊ตบุ๊ค.com/รับซื้อโน๊ตบุ๊ค/สระบุรี/macbook-pro-16/,Not found (404),,missing_from_fresh_examples,KEEP_404,KEEP_404,medium,limited,,"Not present in capped 1,000-row 404 export; cannot infer removal from GSC."
https://ร้านรับซื้อโน๊ตบุ๊ค.com/รับซื้อโน๊ตบุ๊ค/บางนา/lenovo-yoga/,Not found (404),,missing_from_fresh_examples,KEEP_404,KEEP_404,medium,limited,,"Not present in capped 1,000-row 404 export; cannot infer removal from GSC."
https://ร้านรับซื้อโน๊ตบุ๊ค.com/รับซื้อโน๊ตบุ๊ค/เชียงราย/hp-victus-15/,Not found (404),,missing_from_fresh_examples,KEEP_404,KEEP_404,medium,limited,,"Not present in capped 1,000-row 404 export; cannot infer removal from GSC."
https://ร้านรับซื้อโน๊ตบุ๊ค.com/รับซื้อโน๊ตบุ๊ค/อำนาจเจริญ/dell-g15-g16/,Not found (404),,missing_from_fresh_examples,KEEP_404,KEEP_404,medium,limited,,"Not present in capped 1,000-row 404 export; cannot infer removal from GSC."
https://ร้านรับซื้อโน๊ตบุ๊ค.com/รับซื้อโน๊ตบุ๊ค/ระยอง/บลูทูธใช้ไม่ได้/,Not found (404),,missing_from_fresh_examples,KEEP_404,KEEP_404,medium,limited,,"Not present in capped 1,000-row 404 export; cannot infer removal from GSC."
https://ร้านรับซื้อโน๊ตบุ๊ค.com/รับซื้อโน๊ตบุ๊ค/กาญจนบุรี/alienware-m16/,Not found (404),,missing_from_fresh_examples,KEEP_404,KEEP_404,medium,limited,,"Not present in capped 1,000-row 404 export; cannot infer removal from GSC."
https://ร้านรับซื้อโน๊ตบุ๊ค.com/รับซื้อโน๊ตบุ๊ค/รามคำแหง/พัดลมดัง/,Not found (404),,missing_from_fresh_examples,KEEP_404,KEEP_404,medium,limited,,"Not present in capped 1,000-row 404 export; cannot infer removal from GSC."
https://ร้านรับซื้อโน๊ตบุ๊ค.com/รับซื้อโน๊ตบุ๊ค/เชียงราย/alienware-m16/,Not found (404),,missing_from_fresh_examples,KEEP_404,KEEP_404,medium,limited,,"Not present in capped 1,000-row 404 export; cannot infer removal from GSC."
https://ร้านรับซื้อโน๊ตบุ๊ค.com/รับซื้อโน๊ตบุ๊ค/พัทลุง/lenovo-loq-15-16/,Not found (404),,missing_from_fresh_examples,KEEP_404,KEEP_404,medium,limited,,"Not present in capped 1,000-row 404 export; cannot infer removal from GSC."
https://ร้านรับซื้อโน๊ตบุ๊ค.com/รับซื้อโน๊ตบุ๊ค/ภูเก็ต/lenovo-ideapad-3-5/,Not found (404),,missing_from_fresh_examples,KEEP_404,KEEP_404,medium,limited,,"Not present in capped 1,000-row 404 export; cannot infer removal from GSC."
https://ร้านรับซื้อโน๊ตบุ๊ค.com/รับซื้อโน๊ตบุ๊ค/มหาสารคาม/asus-tuf-a15-f15/,Not found (404),,missing_from_fresh_examples,KEEP_404,KEEP_404,medium,limited,,"Not present in capped 1,000-row 404 export; cannot infer removal from GSC."
https://ร้านรับซื้อโน๊ตบุ๊ค.com/รับซื้อโน๊ตบุ๊ค/ชลบุรี/hp-probook/,Not found (404),,missing_from_fresh_examples,KEEP_404,KEEP_404,medium,limited,,"Not present in capped 1,000-row 404 export; cannot infer removal from GSC."
https://ร้านรับซื้อโน๊ตบุ๊ค.com/รับซื้อโน๊ตบุ๊ค/กระบี่/msi-raider-18/,Not found (404),,missing_from_fresh_examples,KEEP_404,KEEP_404,medium,limited,,"Not present in capped 1,000-row 404 export; cannot infer removal from GSC."
https://ร้านรับซื้อโน๊ตบุ๊ค.com/รับซื้อโน๊ตบุ๊ค/บางนา/macbook-battery-health/,Not found (404),,missing_from_fresh_examples,KEEP_404,KEEP_404,medium,limited,,"Not present in capped 1,000-row 404 export; cannot infer removal from GSC."
https://ร้านรับซื้อโน๊ตบุ๊ค.com/รับซื้อโน๊ตบุ๊ค/เพชรบุรี/lenovo-yoga/,Not found (404),,missing_from_fresh_examples,KEEP_404,KEEP_404,medium,limited,,"Not present in capped 1,000-row 404 export; cannot infer removal from GSC."
https://ร้านรับซื้อโน๊ตบุ๊ค.com/รับซื้อโน๊ตบุ๊ค/บางนา/asus-rog-strix/,Not found (404),,missing_from_fresh_examples,KEEP_404,KEEP_404,medium,limited,,"Not present in capped 1,000-row 404 export; cannot infer removal from GSC."
https://ร้านรับซื้อโน๊ตบุ๊ค.com/รับซื้อโน๊ตบุ๊ค/พังงา/ค้างบ่อย/,Not found (404),,missing_from_fresh_examples,KEEP_404,KEEP_404,medium,limited,,"Not present in capped 1,000-row 404 export; cannot infer removal from GSC."
https://ร้านรับซื้อโน๊ตบุ๊ค.com/รับซื้อโน๊ตบุ๊ค/เลย/พอร์ต-usb-เสีย/,Not found (404),,missing_from_fresh_examples,KEEP_404,KEEP_404,medium,limited,,"Not present in capped 1,000-row 404 export; cannot infer removal from GSC."
https://ร้านรับซื้อโน๊ตบุ๊ค.com/รับซื้อโน๊ตบุ๊ค/ชุมพร/macbook-air-15/,Not found (404),,missing_from_fresh_examples,KEEP_404,KEEP_404,medium,limited,,"Not present in capped 1,000-row 404 export; cannot infer removal from GSC."
https://ร้านรับซื้อโน๊ตบุ๊ค.com/รับซื้อโน๊ตบุ๊ค/ยโสธร/hp-victus-16/,Not found (404),,missing_from_fresh_examples,KEEP_404,KEEP_404,medium,limited,,"Not present in capped 1,000-row 404 export; cannot infer removal from GSC."
https://ร้านรับซื้อโน๊ตบุ๊ค.com/รับซื้อโน๊ตบุ๊ค/ชัยนาท/บลูทูธใช้ไม่ได้/,Not found (404),,missing_from_fresh_examples,KEEP_404,KEEP_404,medium,limited,,"Not present in capped 1,000-row 404 export; cannot infer removal from GSC."
https://ร้านรับซื้อโน๊ตบุ๊ค.com/รับซื้อโน๊ตบุ๊ค/ลาดพร้าว/hp-omen-17/,Not found (404),,missing_from_fresh_examples,KEEP_404,KEEP_404,medium,limited,,"Not present in capped 1,000-row 404 export; cannot infer removal from GSC."
https://ร้านรับซื้อโน๊ตบุ๊ค.com/รับซื้อโน๊ตบุ๊ค/ภูเก็ต/acer-travelmate/,Not found (404),,missing_from_fresh_examples,KEEP_404,KEEP_404,medium,limited,,"Not present in capped 1,000-row 404 export; cannot infer removal from GSC."
https://ร้านรับซื้อโน๊ตบุ๊ค.com/รับซื้อโน๊ตบุ๊ค/ประจวบคีรีขันธ์/macbook-pro-m1/,Not found (404),,missing_from_fresh_examples,KEEP_404,KEEP_404,medium,limited,,"Not present in capped 1,000-row 404 export; cannot infer removal from GSC."
https://ร้านรับซื้อโน๊ตบุ๊ค.com/รับซื้อโน๊ตบุ๊ค/บุรีรัมย์/lenovo-legion-pro-7/,Not found (404),,missing_from_fresh_examples,KEEP_404,KEEP_404,medium,limited,,"Not present in capped 1,000-row 404 export; cannot infer removal from GSC."
https://ร้านรับซื้อโน๊ตบุ๊ค.com/รับซื้อโน๊ตบุ๊ค/จันทบุรี/hp-elitebook/,Not found (404),,missing_from_fresh_examples,KEEP_404,KEEP_404,medium,limited,,"Not present in capped 1,000-row 404 export; cannot infer removal from GSC."
https://ร้านรับซื้อโน๊ตบุ๊ค.com/รับซื้อโน๊ตบุ๊ค/นครราชสีมา/บอดี้แตก/,Not found (404),,missing_from_fresh_examples,KEEP_404,KEEP_404,medium,limited,,"Not present in capped 1,000-row 404 export; cannot infer removal from GSC."
https://ร้านรับซื้อโน๊ตบุ๊ค.com/รับซื้อโน๊ตบุ๊ค/ลพบุรี/surface-laptop-go/,Not found (404),,missing_from_fresh_examples,KEEP_404,KEEP_404,medium,limited,,"Not present in capped 1,000-row 404 export; cannot infer removal from GSC."
https://ร้านรับซื้อโน๊ตบุ๊ค.com/รับซื้อโน๊ตบุ๊ค/พัทลุง/macbook-battery-health/,Not found (404),,missing_from_fresh_examples,KEEP_404,KEEP_404,medium,limited,,"Not present in capped 1,000-row 404 export; cannot infer removal from GSC."
https://ร้านรับซื้อโน๊ตบุ๊ค.com/รับซื้อโน๊ตบุ๊ค/ลำพูน/thinkpad-e14-e15/,Not found (404),,missing_from_fresh_examples,KEEP_404,KEEP_404,medium,limited,,"Not present in capped 1,000-row 404 export; cannot infer removal from GSC."
https://ร้านรับซื้อโน๊ตบุ๊ค.com/รับซื้อโน๊ตบุ๊ค/หนองบัวลำภู/acer-predator-neo/,Not found (404),,missing_from_fresh_examples,KEEP_404,KEEP_404,medium,limited,,"Not present in capped 1,000-row 404 export; cannot infer removal from GSC."
https://ร้านรับซื้อโน๊ตบุ๊ค.com/รับซื้อโน๊ตบุ๊ค/อุบลราชธานี/macbook-air-m5/,Not found (404),,missing_from_fresh_examples,KEEP_404,KEEP_404,medium,limited,,"Not present in capped 1,000-row 404 export; cannot infer removal from GSC."
https://ร้านรับซื้อโน๊ตบุ๊ค.com/รับซื้อโน๊ตบุ๊ค/กระบี่/macbook-cycle-count/,Not found (404),,missing_from_fresh_examples,KEEP_404,KEEP_404,medium,limited,,"Not present in capped 1,000-row 404 export; cannot infer removal from GSC."
https://ร้านรับซื้อโน๊ตบุ๊ค.com/รับซื้อโน๊ตบุ๊ค/น่าน/dell-vostro/,Not found (404),,missing_from_fresh_examples,KEEP_404,KEEP_404,medium,limited,,"Not present in capped 1,000-row 404 export; cannot infer removal from GSC."
https://ร้านรับซื้อโน๊ตบุ๊ค.com/รับซื้อโน๊ตบุ๊ค/ระนอง/acer-travelmate/,Not found (404),,missing_from_fresh_examples,KEEP_404,KEEP_404,medium,limited,,"Not present in capped 1,000-row 404 export; cannot infer removal from GSC."
https://ร้านรับซื้อโน๊ตบุ๊ค.com/รับซื้อโน๊ตบุ๊ค/อำนาจเจริญ/macbook-air-m2/,Not found (404),,missing_from_fresh_examples,KEEP_404,KEEP_404,medium,limited,,"Not present in capped 1,000-row 404 export; cannot infer removal from GSC."
https://ร้านรับซื้อโน๊ตบุ๊ค.com/รับซื้อโน๊ตบุ๊ค/อยุธยา/alienware-x16/,Not found (404),,missing_from_fresh_examples,KEEP_404,KEEP_404,medium,limited,,"Not present in capped 1,000-row 404 export; cannot infer removal from GSC."
https://ร้านรับซื้อโน๊ตบุ๊ค.com/รับซื้อโน๊ตบุ๊ค/ลพบุรี/macbook-pro-m4/,Not found (404),,missing_from_fresh_examples,KEEP_404,KEEP_404,medium,limited,,"Not present in capped 1,000-row 404 export; cannot infer removal from GSC."
https://ร้านรับซื้อโน๊ตบุ๊ค.com/รับซื้อโน๊ตบุ๊ค/สุราษฎร์ธานี/acer-predator-triton/,Not found (404),,missing_from_fresh_examples,KEEP_404,KEEP_404,medium,limited,,"Not present in capped 1,000-row 404 export; cannot infer removal from GSC."
https://ร้านรับซื้อโน๊ตบุ๊ค.com/รับซื้อโน๊ตบุ๊ค/ปราจีนบุรี/macbook-charge-port/,Not found (404),,missing_from_fresh_examples,KEEP_404,KEEP_404,medium,limited,,"Not present in capped 1,000-row 404 export; cannot infer removal from GSC."
https://ร้านรับซื้อโน๊ตบุ๊ค.com/รับซื้อโน๊ตบุ๊ค/สระแก้ว/asus-rog-strix/,Not found (404),,missing_from_fresh_examples,KEEP_404,KEEP_404,medium,limited,,"Not present in capped 1,000-row 404 export; cannot infer removal from GSC."
https://ร้านรับซื้อโน๊ตบุ๊ค.com/รับซื้อโน๊ตบุ๊ค/นราธิวาส/wifi-ไม่ติด/,Not found (404),,missing_from_fresh_examples,KEEP_404,KEEP_404,medium,limited,,"Not present in capped 1,000-row 404 export; cannot infer removal from GSC."
https://ร้านรับซื้อโน๊ตบุ๊ค.com/รับซื้อโน๊ตบุ๊ค/บุรีรัมย์/ร้อนจัดดับเอง/,Not found (404),,missing_from_fresh_examples,KEEP_404,KEEP_404,medium,limited,,"Not present in capped 1,000-row 404 export; cannot infer removal from GSC."
https://ร้านรับซื้อโน๊ตบุ๊ค.com/รับซื้อโน๊ตบุ๊ค/นครราชสีมา/dell-vostro/,Not found (404),,missing_from_fresh_examples,KEEP_404,KEEP_404,medium,limited,,"Not present in capped 1,000-row 404 export; cannot infer removal from GSC."
https://ร้านรับซื้อโน๊ตบุ๊ค.com/รับซื้อโน๊ตบุ๊ค/สุรินทร์/ร้อนจัดดับเอง/,Not found (404),,missing_from_fresh_examples,KEEP_404,KEEP_404,medium,limited,,"Not present in capped 1,000-row 404 export; cannot infer removal from GSC."
https://ร้านรับซื้อโน๊ตบุ๊ค.com/รับซื้อโน๊ตบุ๊ค/สุพรรณบุรี/macbook-pro-m3/,Not found (404),,missing_from_fresh_examples,KEEP_404,KEEP_404,medium,limited,,"Not present in capped 1,000-row 404 export; cannot infer removal from GSC."
https://ร้านรับซื้อโน๊ตบุ๊ค.com/รับซื้อโน๊ตบุ๊ค/น่าน/ค้างบ่อย/,Not found (404),,missing_from_fresh_examples,KEEP_404,KEEP_404,medium,limited,,"Not present in capped 1,000-row 404 export; cannot infer removal from GSC."
https://ร้านรับซื้อโน๊ตบุ๊ค.com/รับซื้อโน๊ตบุ๊ค/นครนายก/hp-victus-16/,Not found (404),,missing_from_fresh_examples,KEEP_404,KEEP_404,medium,limited,,"Not present in capped 1,000-row 404 export; cannot infer removal from GSC."
https://ร้านรับซื้อโน๊ตบุ๊ค.com/รับซื้อโน๊ตบุ๊ค/ชุมพร/พอร์ตแลนเสีย/,Not found (404),,missing_from_fresh_examples,KEEP_404,KEEP_404,medium,limited,,"Not present in capped 1,000-row 404 export; cannot infer removal from GSC."
https://ร้านรับซื้อโน๊ตบุ๊ค.com/รับซื้อโน๊ตบุ๊ค/อยุธยา/lenovo-legion-slim/,Not found (404),,missing_from_fresh_examples,KEEP_404,KEEP_404,medium,limited,,"Not present in capped 1,000-row 404 export; cannot infer removal from GSC."
https://ร้านรับซื้อโน๊ตบุ๊ค.com/รับซื้อโน๊ตบุ๊ค/อุทัยธานี/razer/,Not found (404),,missing_from_fresh_examples,KEEP_404,KEEP_404,medium,limited,,"Not present in capped 1,000-row 404 export; cannot infer removal from GSC."
https://ร้านรับซื้อโน๊ตบุ๊ค.com/รับซื้อโน๊ตบุ๊ค/สุพรรณบุรี/ช่องหูฟังเสีย/,Not found (404),,missing_from_fresh_examples,KEEP_404,KEEP_404,medium,limited,,"Not present in capped 1,000-row 404 export; cannot infer removal from GSC."
https://ร้านรับซื้อโน๊ตบุ๊ค.com/รับซื้อโน๊ตบุ๊ค/สมุทรสาคร/gigabyte-aorus/,Not found (404),,missing_from_fresh_examples,KEEP_404,KEEP_404,medium,limited,,"Not present in capped 1,000-row 404 export; cannot infer removal from GSC."
https://ร้านรับซื้อโน๊ตบุ๊ค.com/รับซื้อโน๊ตบุ๊ค/มุกดาหาร/macbook-keyboard-issue/,Not found (404),,missing_from_fresh_examples,KEEP_404,KEEP_404,medium,limited,,"Not present in capped 1,000-row 404 export; cannot infer removal from GSC."
https://ร้านรับซื้อโน๊ตบุ๊ค.com/รับซื้อโน๊ตบุ๊ค/ภูเก็ต/พัดลมดัง/,Not found (404),,missing_from_fresh_examples,KEEP_404,KEEP_404,medium,limited,,"Not present in capped 1,000-row 404 export; cannot infer removal from GSC."
https://ร้านรับซื้อโน๊ตบุ๊ค.com/รับซื้อโน๊ตบุ๊ค/ลำปาง/lenovo-ideapad-3-5/,Not found (404),,missing_from_fresh_examples,KEEP_404,KEEP_404,medium,limited,,"Not present in capped 1,000-row 404 export; cannot infer removal from GSC."
https://ร้านรับซื้อโน๊ตบุ๊ค.com/รับซื้อโน๊ตบุ๊ค/พัทยา/alienware-m18/,Not found (404),,missing_from_fresh_examples,KEEP_404,KEEP_404,medium,limited,,"Not present in capped 1,000-row 404 export; cannot infer removal from GSC."
https://ร้านรับซื้อโน๊ตบุ๊ค.com/รับซื้อโน๊ตบุ๊ค/สกลนคร/lenovo-loq-15-16/,Not found (404),,missing_from_fresh_examples,KEEP_404,KEEP_404,medium,limited,,"Not present in capped 1,000-row 404 export; cannot infer removal from GSC."
https://ร้านรับซื้อโน๊ตบุ๊ค.com/รับซื้อโน๊ตบุ๊ค/ขอนแก่น/asus-zephyrus-g16/,Not found (404),,missing_from_fresh_examples,KEEP_404,KEEP_404,medium,limited,,"Not present in capped 1,000-row 404 export; cannot infer removal from GSC."
https://ร้านรับซื้อโน๊ตบุ๊ค.com/รับซื้อโน๊ตบุ๊ค/นครราชสีมา/samsung-galaxy-book/,Not found (404),,missing_from_fresh_examples,KEEP_404,KEEP_404,medium,limited,,"Not present in capped 1,000-row 404 export; cannot infer removal from GSC."
https://ร้านรับซื้อโน๊ตบุ๊ค.com/รับซื้อโน๊ตบุ๊ค/อยุธยา/acer-travelmate/,Not found (404),,missing_from_fresh_examples,KEEP_404,KEEP_404,medium,limited,,"Not present in capped 1,000-row 404 export; cannot infer removal from GSC."
https://ร้านรับซื้อโน๊ตบุ๊ค.com/รับซื้อโน๊ตบุ๊ค/พระราม2/lg-gram/,Not found (404),,missing_from_fresh_examples,KEEP_404,KEEP_404,medium,limited,,"Not present in capped 1,000-row 404 export; cannot infer removal from GSC."
https://ร้านรับซื้อโน๊ตบุ๊ค.com/รับซื้อโน๊ตบุ๊ค/บางนา/macbook-pro-16/,Not found (404),,missing_from_fresh_examples,KEEP_404,KEEP_404,medium,limited,,"Not present in capped 1,000-row 404 export; cannot infer removal from GSC."
https://ร้านรับซื้อโน๊ตบุ๊ค.com/รับซื้อโน๊ตบุ๊ค/นราธิวาส/macbook-battery-swollen/,Not found (404),,missing_from_fresh_examples,KEEP_404,KEEP_404,medium,limited,,"Not present in capped 1,000-row 404 export; cannot infer removal from GSC."
https://ร้านรับซื้อโน๊ตบุ๊ค.com/รับซื้อโน๊ตบุ๊ค/อุดรธานี/thinkpad-x1-carbon/,Not found (404),,missing_from_fresh_examples,KEEP_404,KEEP_404,medium,limited,,"Not present in capped 1,000-row 404 export; cannot infer removal from GSC."
https://ร้านรับซื้อโน๊ตบุ๊ค.com/รับซื้อโน๊ตบุ๊ค/ใกล้ฉัน/alienware-m18/,Not found (404),,missing_from_fresh_examples,KEEP_404,KEEP_404,medium,limited,,"Not present in capped 1,000-row 404 export; cannot infer removal from GSC."
https://ร้านรับซื้อโน๊ตบุ๊ค.com/รับซื้อโน๊ตบุ๊ค/สระบุรี/dell-g15-g16/,Not found (404),,missing_from_fresh_examples,KEEP_404,KEEP_404,medium,limited,,"Not present in capped 1,000-row 404 export; cannot infer removal from GSC."
https://ร้านรับซื้อโน๊ตบุ๊ค.com/รับซื้อโน๊ตบุ๊ค/พัทลุง/dell-vostro/,Not found (404),,missing_from_fresh_examples,KEEP_404,KEEP_404,medium,limited,,"Not present in capped 1,000-row 404 export; cannot infer removal from GSC."
https://ร้านรับซื้อโน๊ตบุ๊ค.com/รับซื้อโน๊ตบุ๊ค/กาฬสินธุ์/hp-omen-transcend/,Not found (404),,missing_from_fresh_examples,KEEP_404,KEEP_404,medium,limited,,"Not present in capped 1,000-row 404 export; cannot infer removal from GSC."
https://ร้านรับซื้อโน๊ตบุ๊ค.com/รับซื้อโน๊ตบุ๊ค/ใกล้ฉัน/dell-vostro/,Not found (404),,missing_from_fresh_examples,KEEP_404,KEEP_404,medium,limited,,"Not present in capped 1,000-row 404 export; cannot infer removal from GSC."
https://ร้านรับซื้อโน๊ตบุ๊ค.com/รับซื้อโน๊ตบุ๊ค/ชุมพร/ลำโพงเสีย/,Not found (404),,missing_from_fresh_examples,KEEP_404,KEEP_404,medium,limited,,"Not present in capped 1,000-row 404 export; cannot infer removal from GSC."
https://ร้านรับซื้อโน๊ตบุ๊ค.com/รับซื้อโน๊ตบุ๊ค/ร้อยเอ็ด/macbook-no-box-no-receipt/,Not found (404),,missing_from_fresh_examples,KEEP_404,KEEP_404,medium,limited,,"Not present in capped 1,000-row 404 export; cannot infer removal from GSC."
https://ร้านรับซื้อโน๊ตบุ๊ค.com/รับซื้อโน๊ตบุ๊ค/ปัตตานี/macbook-cycle-count/,Not found (404),,missing_from_fresh_examples,KEEP_404,KEEP_404,medium,limited,,"Not present in capped 1,000-row 404 export; cannot infer removal from GSC."
https://ร้านรับซื้อโน๊ตบุ๊ค.com/รับซื้อโน๊ตบุ๊ค/ตรัง/honor-magicbook/,Not found (404),,missing_from_fresh_examples,KEEP_404,KEEP_404,medium,limited,,"Not present in capped 1,000-row 404 export; cannot infer removal from GSC."
https://ร้านรับซื้อโน๊ตบุ๊ค.com/รับซื้อโน๊ตบุ๊ค/สมุทรสงคราม/จอมีเส้น/,Not found (404),,missing_from_fresh_examples,KEEP_404,KEEP_404,medium,limited,,"Not present in capped 1,000-row 404 export; cannot infer removal from GSC."
https://ร้านรับซื้อโน๊ตบุ๊ค.com/รับซื้อโน๊ตบุ๊ค/ตรัง/hp-elitebook/,Not found (404),,missing_from_fresh_examples,KEEP_404,KEEP_404,medium,limited,,"Not present in capped 1,000-row 404 export; cannot infer removal from GSC."
https://ร้านรับซื้อโน๊ตบุ๊ค.com/รับซื้อโน๊ตบุ๊ค/ใกล้ฉัน/hp-victus-17/,Not found (404),,missing_from_fresh_examples,KEEP_404,KEEP_404,medium,limited,,"Not present in capped 1,000-row 404 export; cannot infer removal from GSC."
https://ร้านรับซื้อโน๊ตบุ๊ค.com/รับซื้อโน๊ตบุ๊ค/ลาดพร้าว/thinkpad-e14-e15/,Not found (404),,missing_from_fresh_examples,KEEP_404,KEEP_404,medium,limited,,"Not present in capped 1,000-row 404 export; cannot infer removal from GSC."
https://ร้านรับซื้อโน๊ตบุ๊ค.com/รับซื้อโน๊ตบุ๊ค/เพชรบูรณ์/lenovo-legion-slim/,Not found (404),,missing_from_fresh_examples,KEEP_404,KEEP_404,medium,limited,,"Not present in capped 1,000-row 404 export; cannot infer removal from GSC."
https://ร้านรับซื้อโน๊ตบุ๊ค.com/รับซื้อโน๊ตบุ๊ค/อุดรธานี/บลูทูธใช้ไม่ได้/,Not found (404),,missing_from_fresh_examples,KEEP_404,KEEP_404,medium,limited,,"Not present in capped 1,000-row 404 export; cannot infer removal from GSC."
https://ร้านรับซื้อโน๊ตบุ๊ค.com/รับซื้อโน๊ตบุ๊ค/สุโขทัย/acer-swift/,Not found (404),,missing_from_fresh_examples,KEEP_404,KEEP_404,medium,limited,,"Not present in capped 1,000-row 404 export; cannot infer removal from GSC."
https://ร้านรับซื้อโน๊ตบุ๊ค.com/รับซื้อโน๊ตบุ๊ค/อุบลราชธานี/msi-raider-18/,Not found (404),,missing_from_fresh_examples,KEEP_404,KEEP_404,medium,limited,,"Not present in capped 1,000-row 404 export; cannot infer removal from GSC."
https://ร้านรับซื้อโน๊ตบุ๊ค.com/รับซื้อโน๊ตบุ๊ค/ร้อยเอ็ด/gigabyte-aorus/,Not found (404),,missing_from_fresh_examples,KEEP_404,KEEP_404,medium,limited,,"Not present in capped 1,000-row 404 export; cannot infer removal from GSC."
https://ร้านรับซื้อโน๊ตบุ๊ค.com/รับซื้อโน๊ตบุ๊ค/ปัตตานี/alienware-m16/,Not found (404),,missing_from_fresh_examples,KEEP_404,KEEP_404,medium,limited,,"Not present in capped 1,000-row 404 export; cannot infer removal from GSC."
https://ร้านรับซื้อโน๊ตบุ๊ค.com/รับซื้อโน๊ตบุ๊ค/แม่ฮ่องสอน/huawei-matebook/,Not found (404),,missing_from_fresh_examples,KEEP_404,KEEP_404,medium,limited,,"Not present in capped 1,000-row 404 export; cannot infer removal from GSC."
https://ร้านรับซื้อโน๊ตบุ๊ค.com/รับซื้อโน๊ตบุ๊ค/ตรัง/msi-stealth-16/,Not found (404),,missing_from_fresh_examples,KEEP_404,KEEP_404,medium,limited,,"Not present in capped 1,000-row 404 export; cannot infer removal from GSC."
https://ร้านรับซื้อโน๊ตบุ๊ค.com/รับซื้อโน๊ตบุ๊ค/ห้วยขวาง/hp-victus-17/,Not found (404),,missing_from_fresh_examples,KEEP_404,KEEP_404,medium,limited,,"Not present in capped 1,000-row 404 export; cannot infer removal from GSC."
https://ร้านรับซื้อโน๊ตบุ๊ค.com/รับซื้อโน๊ตบุ๊ค/สระแก้ว/asus-tuf-a15-f15/,Not found (404),,missing_from_fresh_examples,KEEP_404,KEEP_404,medium,limited,,"Not present in capped 1,000-row 404 export; cannot infer removal from GSC."
https://ร้านรับซื้อโน๊ตบุ๊ค.com/รับซื้อโน๊ตบุ๊ค/ระยอง/surface-book/,Not found (404),,missing_from_fresh_examples,KEEP_404,KEEP_404,medium,limited,,"Not present in capped 1,000-row 404 export; cannot infer removal from GSC."
https://ร้านรับซื้อโน๊ตบุ๊ค.com/รับซื้อโน๊ตบุ๊ค/สุรินทร์/macbook-no-box-no-receipt/,Not found (404),,missing_from_fresh_examples,KEEP_404,KEEP_404,medium,limited,,"Not present in capped 1,000-row 404 export; cannot infer removal from GSC."
https://ร้านรับซื้อโน๊ตบุ๊ค.com/รับซื้อโน๊ตบุ๊ค/กาญจนบุรี/gigabyte/,Not found (404),,missing_from_fresh_examples,KEEP_404,KEEP_404,medium,limited,,"Not present in capped 1,000-row 404 export; cannot infer removal from GSC."
https://ร้านรับซื้อโน๊ตบุ๊ค.com/รับซื้อโน๊ตบุ๊ค/บุรีรัมย์/macbook-charge-port/,Not found (404),,missing_from_fresh_examples,KEEP_404,KEEP_404,medium,limited,,"Not present in capped 1,000-row 404 export; cannot infer removal from GSC."
https://ร้านรับซื้อโน๊ตบุ๊ค.com/รับซื้อโน๊ตบุ๊ค/พิจิตร/surface-book/,Not found (404),,missing_from_fresh_examples,KEEP_404,KEEP_404,medium,limited,,"Not present in capped 1,000-row 404 export; cannot infer removal from GSC."
https://ร้านรับซื้อโน๊ตบุ๊ค.com/รับซื้อโน๊ตบุ๊ค/รามคำแหง/hp-omen-transcend/,Not found (404),,missing_from_fresh_examples,KEEP_404,KEEP_404,medium,limited,,"Not present in capped 1,000-row 404 export; cannot infer removal from GSC."
https://ร้านรับซื้อโน๊ตบุ๊ค.com/รับซื้อโน๊ตบุ๊ค/สกลนคร/gigabyte-aorus/,Not found (404),,missing_from_fresh_examples,KEEP_404,KEEP_404,medium,limited,,"Not present in capped 1,000-row 404 export; cannot infer removal from GSC."
https://ร้านรับซื้อโน๊ตบุ๊ค.com/รับซื้อโน๊ตบุ๊ค/พังงา/surface-pro/,Not found (404),,missing_from_fresh_examples,KEEP_404,KEEP_404,medium,limited,,"Not present in capped 1,000-row 404 export; cannot infer removal from GSC."
https://ร้านรับซื้อโน๊ตบุ๊ค.com/รับซื้อโน๊ตบุ๊ค/สมุทรสาคร/acer-travelmate/,Not found (404),,missing_from_fresh_examples,KEEP_404,KEEP_404,medium,limited,,"Not present in capped 1,000-row 404 export; cannot infer removal from GSC."
https://ร้านรับซื้อโน๊ตบุ๊ค.com/รับซื้อโน๊ตบุ๊ค/ตาก/hp-victus-16/,Not found (404),,missing_from_fresh_examples,KEEP_404,KEEP_404,medium,limited,,"Not present in capped 1,000-row 404 export; cannot infer removal from GSC."
https://ร้านรับซื้อโน๊ตบุ๊ค.com/รับซื้อโน๊ตบุ๊ค/นครปฐม/macbook-no-box-no-receipt/,Not found (404),,missing_from_fresh_examples,KEEP_404,KEEP_404,medium,limited,,"Not present in capped 1,000-row 404 export; cannot infer removal from GSC."
https://ร้านรับซื้อโน๊ตบุ๊ค.com/รับซื้อโน๊ตบุ๊ค/แม่ฮ่องสอน/samsung-galaxy-book/,Not found (404),,missing_from_fresh_examples,KEEP_404,KEEP_404,medium,limited,,"Not present in capped 1,000-row 404 export; cannot infer removal from GSC."
https://ร้านรับซื้อโน๊ตบุ๊ค.com/รับซื้อโน๊ตบุ๊ค/จันทบุรี/msi-stealth-14/,Not found (404),,missing_from_fresh_examples,KEEP_404,KEEP_404,medium,limited,,"Not present in capped 1,000-row 404 export; cannot infer removal from GSC."
https://ร้านรับซื้อโน๊ตบุ๊ค.com/รับซื้อโน๊ตบุ๊ค/พระราม2/thinkpad-e14-e15/,Not found (404),,missing_from_fresh_examples,KEEP_404,KEEP_404,medium,limited,,"Not present in capped 1,000-row 404 export; cannot infer removal from GSC."
https://ร้านรับซื้อโน๊ตบุ๊ค.com/รับซื้อโน๊ตบุ๊ค/พัทลุง/ฝาหลังบวม/,Not found (404),,missing_from_fresh_examples,KEEP_404,KEEP_404,medium,limited,,"Not present in capped 1,000-row 404 export; cannot infer removal from GSC."
https://ร้านรับซื้อโน๊ตบุ๊ค.com/รับซื้อโน๊ตบุ๊ค/ลพบุรี/hp-victus-16/,Not found (404),,missing_from_fresh_examples,KEEP_404,KEEP_404,medium,limited,,"Not present in capped 1,000-row 404 export; cannot infer removal from GSC."
https://ร้านรับซื้อโน๊ตบุ๊ค.com/รับซื้อโน๊ตบุ๊ค/นครศรีธรรมราช/บลูทูธใช้ไม่ได้/,Not found (404),,missing_from_fresh_examples,KEEP_404,KEEP_404,medium,limited,,"Not present in capped 1,000-row 404 export; cannot infer removal from GSC."
https://ร้านรับซื้อโน๊ตบุ๊ค.com/รับซื้อโน๊ตบุ๊ค/น่าน/รีสตาร์ทเอง/,Not found (404),,missing_from_fresh_examples,KEEP_404,KEEP_404,medium,limited,,"Not present in capped 1,000-row 404 export; cannot infer removal from GSC."
https://ร้านรับซื้อโน๊ตบุ๊ค.com/รับซื้อโน๊ตบุ๊ค/สิงห์บุรี/lenovo-thinkbook/,Not found (404),,missing_from_fresh_examples,KEEP_404,KEEP_404,medium,limited,,"Not present in capped 1,000-row 404 export; cannot infer removal from GSC."
https://ร้านรับซื้อโน๊ตบุ๊ค.com/รับซื้อโน๊ตบุ๊ค/กรุงเทพ/acer-nitro-17/,Not found (404),,missing_from_fresh_examples,KEEP_404,KEEP_404,medium,limited,,"Not present in capped 1,000-row 404 export; cannot infer removal from GSC."
https://ร้านรับซื้อโน๊ตบุ๊ค.com/รับซื้อโน๊ตบุ๊ค/มหาสารคาม/alienware-m15-r7-r8/,Not found (404),,missing_from_fresh_examples,KEEP_404,KEEP_404,medium,limited,,"Not present in capped 1,000-row 404 export; cannot infer removal from GSC."
https://ร้านรับซื้อโน๊ตบุ๊ค.com/รับซื้อโน๊ตบุ๊ค/มุกดาหาร/macbook-pro-m5/,Not found (404),,missing_from_fresh_examples,KEEP_404,KEEP_404,medium,limited,,"Not present in capped 1,000-row 404 export; cannot infer removal from GSC."
https://ร้านรับซื้อโน๊ตบุ๊ค.com/รับซื้อโน๊ตบุ๊ค/มหาสารคาม/จอฟ้า/,Not found (404),,missing_from_fresh_examples,KEEP_404,KEEP_404,medium,limited,,"Not present in capped 1,000-row 404 export; cannot infer removal from GSC."
https://ร้านรับซื้อโน๊ตบุ๊ค.com/รับซื้อโน๊ตบุ๊ค/สุราษฎร์ธานี/macbook-battery-health/,Not found (404),,missing_from_fresh_examples,KEEP_404,KEEP_404,medium,limited,,"Not present in capped 1,000-row 404 export; cannot infer removal from GSC."
https://ร้านรับซื้อโน๊ตบุ๊ค.com/รับซื้อโน๊ตบุ๊ค/ปทุมธานี/huawei/,Not found (404),,missing_from_fresh_examples,KEEP_404,KEEP_404,medium,limited,,"Not present in capped 1,000-row 404 export; cannot infer removal from GSC."
https://ร้านรับซื้อโน๊ตบุ๊ค.com/รับซื้อโน๊ตบุ๊ค/ตราด/macbook-mdm/,Not found (404),,missing_from_fresh_examples,KEEP_404,KEEP_404,medium,limited,,"Not present in capped 1,000-row 404 export; cannot infer removal from GSC."
https://ร้านรับซื้อโน๊ตบุ๊ค.com/รับซื้อโน๊ตบุ๊ค/ภูเก็ต/hp-victus-16/,Not found (404),,missing_from_fresh_examples,KEEP_404,KEEP_404,medium,limited,,"Not present in capped 1,000-row 404 export; cannot infer removal from GSC."
https://ร้านรับซื้อโน๊ตบุ๊ค.com/รับซื้อโน๊ตบุ๊ค/นครสวรรค์/macbook-pro-m4/,Not found (404),,missing_from_fresh_examples,KEEP_404,KEEP_404,medium,limited,,"Not present in capped 1,000-row 404 export; cannot infer removal from GSC."
https://ร้านรับซื้อโน๊ตบุ๊ค.com/รับซื้อโน๊ตบุ๊ค/พระราม2/acer-predator-triton/,Not found (404),,missing_from_fresh_examples,KEEP_404,KEEP_404,medium,limited,,"Not present in capped 1,000-row 404 export; cannot infer removal from GSC."
https://ร้านรับซื้อโน๊ตบุ๊ค.com/รับซื้อโน๊ตบุ๊ค/อุทัยธานี/macbook-pro-m2/,Not found (404),,missing_from_fresh_examples,KEEP_404,KEEP_404,medium,limited,,"Not present in capped 1,000-row 404 export; cannot infer removal from GSC."
https://ร้านรับซื้อโน๊ตบุ๊ค.com/รับซื้อโน๊ตบุ๊ค/สิงห์บุรี/acer-travelmate/,Not found (404),,missing_from_fresh_examples,KEEP_404,KEEP_404,medium,limited,,"Not present in capped 1,000-row 404 export; cannot infer removal from GSC."
https://ร้านรับซื้อโน๊ตบุ๊ค.com/รับซื้อโน๊ตบุ๊ค/นครพนม/asus-rog-ally-x/,Not found (404),,missing_from_fresh_examples,KEEP_404,KEEP_404,medium,limited,,"Not present in capped 1,000-row 404 export; cannot infer removal from GSC."
https://ร้านรับซื้อโน๊ตบุ๊ค.com/รับซื้อโน๊ตบุ๊ค/ขอนแก่น/บอดี้แตก/,Not found (404),,missing_from_fresh_examples,KEEP_404,KEEP_404,medium,limited,,"Not present in capped 1,000-row 404 export; cannot infer removal from GSC."
https://ร้านรับซื้อโน๊ตบุ๊ค.com/รับซื้อโน๊ตบุ๊ค/เพชรบูรณ์/msi-cyborg-15/,Not found (404),,missing_from_fresh_examples,KEEP_404,KEEP_404,medium,limited,,"Not present in capped 1,000-row 404 export; cannot infer removal from GSC."
https://ร้านรับซื้อโน๊ตบุ๊ค.com/รับซื้อโน๊ตบุ๊ค/พัทยา/asus-tuf-a15-f15/,Not found (404),,missing_from_fresh_examples,KEEP_404,KEEP_404,medium,limited,,"Not present in capped 1,000-row 404 export; cannot infer removal from GSC."
https://ร้านรับซื้อโน๊ตบุ๊ค.com/รับซื้อโน๊ตบุ๊ค/พิษณุโลก/บลูทูธใช้ไม่ได้/,Not found (404),,missing_from_fresh_examples,KEEP_404,KEEP_404,medium,limited,,"Not present in capped 1,000-row 404 export; cannot infer removal from GSC."
https://ร้านรับซื้อโน๊ตบุ๊ค.com/รับซื้อโน๊ตบุ๊ค/สิงห์บุรี/macbook-air-15/,Not found (404),,missing_from_fresh_examples,KEEP_404,KEEP_404,medium,limited,,"Not present in capped 1,000-row 404 export; cannot infer removal from GSC."
https://ร้านรับซื้อโน๊ตบุ๊ค.com/รับซื้อโน๊ตบุ๊ค/อุดรธานี/msi-vector-16-hx/,Not found (404),,missing_from_fresh_examples,KEEP_404,KEEP_404,medium,limited,,"Not present in capped 1,000-row 404 export; cannot infer removal from GSC."
https://ร้านรับซื้อโน๊ตบุ๊ค.com/รับซื้อโน๊ตบุ๊ค/เชียงราย/macbook-mdm/,Not found (404),,missing_from_fresh_examples,KEEP_404,KEEP_404,medium,limited,,"Not present in capped 1,000-row 404 export; cannot infer removal from GSC."
https://ร้านรับซื้อโน๊ตบุ๊ค.com/รับซื้อโน๊ตบุ๊ค/กรุงเทพ/ร้อนจัดดับเอง/,Not found (404),,missing_from_fresh_examples,KEEP_404,KEEP_404,medium,limited,,"Not present in capped 1,000-row 404 export; cannot infer removal from GSC."
https://ร้านรับซื้อโน๊ตบุ๊ค.com/รับซื้อโน๊ตบุ๊ค/ปทุมธานี/macbook-air-m1/,Not found (404),,missing_from_fresh_examples,KEEP_404,KEEP_404,medium,limited,,"Not present in capped 1,000-row 404 export; cannot infer removal from GSC."
https://ร้านรับซื้อโน๊ตบุ๊ค.com/รับซื้อโน๊ตบุ๊ค/สุพรรณบุรี/acer-predator-triton/,Not found (404),,missing_from_fresh_examples,KEEP_404,KEEP_404,medium,limited,,"Not present in capped 1,000-row 404 export; cannot infer removal from GSC."
https://ร้านรับซื้อโน๊ตบุ๊ค.com/รับซื้อโน๊ตบุ๊ค/ชัยภูมิ/acer-nitro-17/,Not found (404),,missing_from_fresh_examples,KEEP_404,KEEP_404,medium,limited,,"Not present in capped 1,000-row 404 export; cannot infer removal from GSC."
https://ร้านรับซื้อโน๊ตบุ๊ค.com/รับซื้อโน๊ตบุ๊ค/บึงกาฬ/alienware-m15-r7-r8/,Not found (404),,missing_from_fresh_examples,KEEP_404,KEEP_404,medium,limited,,"Not present in capped 1,000-row 404 export; cannot infer removal from GSC."
https://ร้านรับซื้อโน๊ตบุ๊ค.com/รับซื้อโน๊ตบุ๊ค/ภาคอีสาน/msi-modern/,Not found (404),,missing_from_fresh_examples,KEEP_404,KEEP_404,medium,limited,,"Not present in capped 1,000-row 404 export; cannot infer removal from GSC."
https://ร้านรับซื้อโน๊ตบุ๊ค.com/รับซื้อโน๊ตบุ๊ค/ปราจีนบุรี/honor-magicbook/,Not found (404),,missing_from_fresh_examples,KEEP_404,KEEP_404,medium,limited,,"Not present in capped 1,000-row 404 export; cannot infer removal from GSC."
https://ร้านรับซื้อโน๊ตบุ๊ค.com/รับซื้อโน๊ตบุ๊ค/บางนา/macbook-air-m1/,Not found (404),,missing_from_fresh_examples,KEEP_404,KEEP_404,medium,limited,,"Not present in capped 1,000-row 404 export; cannot infer removal from GSC."
https://ร้านรับซื้อโน๊ตบุ๊ค.com/รับซื้อโน๊ตบุ๊ค/สุราษฎร์ธานี/macbook-air-m2/,Not found (404),,missing_from_fresh_examples,KEEP_404,KEEP_404,medium,limited,,"Not present in capped 1,000-row 404 export; cannot infer removal from GSC."
https://ร้านรับซื้อโน๊ตบุ๊ค.com/รับซื้อโน๊ตบุ๊ค/ขอนแก่น/macbook-cycle-count/,Not found (404),,missing_from_fresh_examples,KEEP_404,KEEP_404,medium,limited,,"Not present in capped 1,000-row 404 export; cannot infer removal from GSC."
https://ร้านรับซื้อโน๊ตบุ๊ค.com/รับซื้อโน๊ตบุ๊ค/บุรีรัมย์/lg-gram/,Not found (404),,missing_from_fresh_examples,KEEP_404,KEEP_404,medium,limited,,"Not present in capped 1,000-row 404 export; cannot infer removal from GSC."
https://ร้านรับซื้อโน๊ตบุ๊ค.com/รับซื้อโน๊ตบุ๊ค/เชียงราย/lg-gram/,Not found (404),,missing_from_fresh_examples,KEEP_404,KEEP_404,medium,limited,,"Not present in capped 1,000-row 404 export; cannot infer removal from GSC."
https://ร้านรับซื้อโน๊ตบุ๊ค.com/รับซื้อโน๊ตบุ๊ค/ศรีสะเกษ/บลูทูธใช้ไม่ได้/,Not found (404),,missing_from_fresh_examples,KEEP_404,KEEP_404,medium,limited,,"Not present in capped 1,000-row 404 export; cannot infer removal from GSC."
https://ร้านรับซื้อโน๊ตบุ๊ค.com/รับซื้อโน๊ตบุ๊ค/นครราชสีมา/hp-omen-16/,Not found (404),,missing_from_fresh_examples,KEEP_404,KEEP_404,medium,limited,,"Not present in capped 1,000-row 404 export; cannot infer removal from GSC."
https://ร้านรับซื้อโน๊ตบุ๊ค.com/รับซื้อโน๊ตบุ๊ค/พัทลุง/hp-omen-16/,Not found (404),,missing_from_fresh_examples,KEEP_404,KEEP_404,medium,limited,,"Not present in capped 1,000-row 404 export; cannot infer removal from GSC."
https://ร้านรับซื้อโน๊ตบุ๊ค.com/รับซื้อโน๊ตบุ๊ค/สระบุรี/asus-tuf-a15-f15/,Not found (404),,missing_from_fresh_examples,KEEP_404,KEEP_404,medium,limited,,"Not present in capped 1,000-row 404 export; cannot infer removal from GSC."
https://ร้านรับซื้อโน๊ตบุ๊ค.com/รับซื้อโน๊ตบุ๊ค/อุดรธานี/asus-zephyrus-g14/,Not found (404),,missing_from_fresh_examples,KEEP_404,KEEP_404,medium,limited,,"Not present in capped 1,000-row 404 export; cannot infer removal from GSC."
https://ร้านรับซื้อโน๊ตบุ๊ค.com/รับซื้อโน๊ตบุ๊ค/ชุมพร/samsung-galaxy-book/,Not found (404),,missing_from_fresh_examples,KEEP_404,KEEP_404,medium,limited,,"Not present in capped 1,000-row 404 export; cannot infer removal from GSC."
https://ร้านรับซื้อโน๊ตบุ๊ค.com/รับซื้อโน๊ตบุ๊ค/ชุมพร/macbook-pro-m3/,Not found (404),,missing_from_fresh_examples,KEEP_404,KEEP_404,medium,limited,,"Not present in capped 1,000-row 404 export; cannot infer removal from GSC."
https://ร้านรับซื้อโน๊ตบุ๊ค.com/รับซื้อโน๊ตบุ๊ค/พัทยา/alienware-m15-r7-r8/,Not found (404),,missing_from_fresh_examples,KEEP_404,KEEP_404,medium,limited,,"Not present in capped 1,000-row 404 export; cannot infer removal from GSC."
https://ร้านรับซื้อโน๊ตบุ๊ค.com/รับซื้อโน๊ตบุ๊ค/เลย/dell-latitude/,Not found (404),,missing_from_fresh_examples,KEEP_404,KEEP_404,medium,limited,,"Not present in capped 1,000-row 404 export; cannot infer removal from GSC."
https://ร้านรับซื้อโน๊ตบุ๊ค.com/รับซื้อโน๊ตบุ๊ค/กรุงเทพ/hdmi-เสีย/,Not found (404),,missing_from_fresh_examples,KEEP_404,KEEP_404,medium,limited,,"Not present in capped 1,000-row 404 export; cannot infer removal from GSC."
https://ร้านรับซื้อโน๊ตบุ๊ค.com/รับซื้อโน๊ตบุ๊ค/อ่างทอง/macbook-pro-m1/,Not found (404),,missing_from_fresh_examples,KEEP_404,KEEP_404,medium,limited,,"Not present in capped 1,000-row 404 export; cannot infer removal from GSC."
https://ร้านรับซื้อโน๊ตบุ๊ค.com/รับซื้อโน๊ตบุ๊ค/อุดรธานี/lenovo-thinkbook/,Not found (404),,missing_from_fresh_examples,KEEP_404,KEEP_404,medium,limited,,"Not present in capped 1,000-row 404 export; cannot infer removal from GSC."
https://ร้านรับซื้อโน๊ตบุ๊ค.com/รับซื้อโน๊ตบุ๊ค/ภูเก็ต/alienware-x16/,Not found (404),,missing_from_fresh_examples,KEEP_404,KEEP_404,medium,limited,,"Not present in capped 1,000-row 404 export; cannot infer removal from GSC."
https://ร้านรับซื้อโน๊ตบุ๊ค.com/รับซื้อโน๊ตบุ๊ค/ปทุมธานี/hp-victus-16/,Not found (404),,missing_from_fresh_examples,KEEP_404,KEEP_404,medium,limited,,"Not present in capped 1,000-row 404 export; cannot infer removal from GSC."
https://ร้านรับซื้อโน๊ตบุ๊ค.com/รับซื้อโน๊ตบุ๊ค/สงขลา/macbook-air-13/,Not found (404),,missing_from_fresh_examples,KEEP_404,KEEP_404,medium,limited,,"Not present in capped 1,000-row 404 export; cannot infer removal from GSC."
https://ร้านรับซื้อโน๊ตบุ๊ค.com/รับซื้อโน๊ตบุ๊ค/เพชรบูรณ์/จอฟ้า/,Not found (404),,missing_from_fresh_examples,KEEP_404,KEEP_404,medium,limited,,"Not present in capped 1,000-row 404 export; cannot infer removal from GSC."
https://ร้านรับซื้อโน๊ตบุ๊ค.com/รับซื้อโน๊ตบุ๊ค/พิษณุโลก/thinkpad-t14/,Not found (404),,missing_from_fresh_examples,KEEP_404,KEEP_404,medium,limited,,"Not present in capped 1,000-row 404 export; cannot infer removal from GSC."
https://ร้านรับซื้อโน๊ตบุ๊ค.com/รับซื้อโน๊ตบุ๊ค/อยุธยา/asus-rog-ally-x/,Not found (404),,missing_from_fresh_examples,KEEP_404,KEEP_404,medium,limited,,"Not present in capped 1,000-row 404 export; cannot infer removal from GSC."
https://ร้านรับซื้อโน๊ตบุ๊ค.com/รับซื้อโน๊ตบุ๊ค/ประจวบคีรีขันธ์/wifi-ไม่ติด/,Not found (404),,missing_from_fresh_examples,KEEP_404,KEEP_404,medium,limited,,"Not present in capped 1,000-row 404 export; cannot infer removal from GSC."
https://ร้านรับซื้อโน๊ตบุ๊ค.com/รับซื้อโน๊ตบุ๊ค/ร้อยเอ็ด/hp-elitebook/,Not found (404),,missing_from_fresh_examples,KEEP_404,KEEP_404,medium,limited,,"Not present in capped 1,000-row 404 export; cannot infer removal from GSC."
https://ร้านรับซื้อโน๊ตบุ๊ค.com/รับซื้อโน๊ตบุ๊ค/หนองบัวลำภู/บลูทูธใช้ไม่ได้/,Not found (404),,missing_from_fresh_examples,KEEP_404,KEEP_404,medium,limited,,"Not present in capped 1,000-row 404 export; cannot infer removal from GSC."
https://ร้านรับซื้อโน๊ตบุ๊ค.com/รับซื้อโน๊ตบุ๊ค/สกลนคร/พัดลมดัง/,Not found (404),,missing_from_fresh_examples,KEEP_404,KEEP_404,medium,limited,,"Not present in capped 1,000-row 404 export; cannot infer removal from GSC."
https://ร้านรับซื้อโน๊ตบุ๊ค.com/รับซื้อโน๊ตบุ๊ค/ปราจีนบุรี/พอร์ต-usb-เสีย/,Not found (404),,missing_from_fresh_examples,KEEP_404,KEEP_404,medium,limited,,"Not present in capped 1,000-row 404 export; cannot infer removal from GSC."
https://ร้านรับซื้อโน๊ตบุ๊ค.com/รับซื้อโน๊ตบุ๊ค/สระบุรี/huawei/,Not found (404),,missing_from_fresh_examples,KEEP_404,KEEP_404,medium,limited,,"Not present in capped 1,000-row 404 export; cannot infer removal from GSC."
https://ร้านรับซื้อโน๊ตบุ๊ค.com/รับซื้อโน๊ตบุ๊ค/นครสวรรค์/ทัชแพดเสีย/,Not found (404),,missing_from_fresh_examples,KEEP_404,KEEP_404,medium,limited,,"Not present in capped 1,000-row 404 export; cannot infer removal from GSC."
https://ร้านรับซื้อโน๊ตบุ๊ค.com/รับซื้อโน๊ตบุ๊ค/เพชรบุรี/thinkpad-t14/,Not found (404),,missing_from_fresh_examples,KEEP_404,KEEP_404,medium,limited,,"Not present in capped 1,000-row 404 export; cannot infer removal from GSC."
https://ร้านรับซื้อโน๊ตบุ๊ค.com/รับซื้อโน๊ตบุ๊ค/ชลบุรี/razer/,Not found (404),,missing_from_fresh_examples,KEEP_404,KEEP_404,medium,limited,,"Not present in capped 1,000-row 404 export; cannot infer removal from GSC."
https://ร้านรับซื้อโน๊ตบุ๊ค.com/รับซื้อโน๊ตบุ๊ค/อยุธยา/surface-pro/,Not found (404),,missing_from_fresh_examples,KEEP_404,KEEP_404,medium,limited,,"Not present in capped 1,000-row 404 export; cannot infer removal from GSC."
https://ร้านรับซื้อโน๊ตบุ๊ค.com/รับซื้อโน๊ตบุ๊ค/อุทัยธานี/lenovo-yoga/,Not found (404),,missing_from_fresh_examples,KEEP_404,KEEP_404,medium,limited,,"Not present in capped 1,000-row 404 export; cannot infer removal from GSC."
https://ร้านรับซื้อโน๊ตบุ๊ค.com/รับซื้อโน๊ตบุ๊ค/รังสิต/dell-xps-13-15/,Not found (404),,missing_from_fresh_examples,KEEP_404,KEEP_404,medium,limited,,"Not present in capped 1,000-row 404 export; cannot infer removal from GSC."
https://ร้านรับซื้อโน๊ตบุ๊ค.com/รับซื้อโน๊ตบุ๊ค/ศรีสะเกษ/alienware-x16/,Not found (404),,missing_from_fresh_examples,KEEP_404,KEEP_404,medium,limited,,"Not present in capped 1,000-row 404 export; cannot infer removal from GSC."
https://ร้านรับซื้อโน๊ตบุ๊ค.com/รับซื้อโน๊ตบุ๊ค/อุดรธานี/acer-nitro-v/,Not found (404),,missing_from_fresh_examples,KEEP_404,KEEP_404,medium,limited,,"Not present in capped 1,000-row 404 export; cannot infer removal from GSC."
https://ร้านรับซื้อโน๊ตบุ๊ค.com/รับซื้อโน๊ตบุ๊ค/นครศรีธรรมราช/acer-nitro-17/,Not found (404),,missing_from_fresh_examples,KEEP_404,KEEP_404,medium,limited,,"Not present in capped 1,000-row 404 export; cannot infer removal from GSC."
https://ร้านรับซื้อโน๊ตบุ๊ค.com/รับซื้อโน๊ตบุ๊ค/เชียงใหม่/พอร์ต-usb-เสีย/,Not found (404),,missing_from_fresh_examples,KEEP_404,KEEP_404,medium,limited,,"Not present in capped 1,000-row 404 export; cannot infer removal from GSC."
https://ร้านรับซื้อโน๊ตบุ๊ค.com/รับซื้อโน๊ตบุ๊ค/ปัตตานี/macbook-pro-m3/,Not found (404),,missing_from_fresh_examples,KEEP_404,KEEP_404,medium,limited,,"Not present in capped 1,000-row 404 export; cannot infer removal from GSC."
https://ร้านรับซื้อโน๊ตบุ๊ค.com/รับซื้อโน๊ตบุ๊ค/สมุทรสาคร/hp-omen-transcend/,Not found (404),,missing_from_fresh_examples,KEEP_404,KEEP_404,medium,limited,,"Not present in capped 1,000-row 404 export; cannot infer removal from GSC."
https://ร้านรับซื้อโน๊ตบุ๊ค.com/รับซื้อโน๊ตบุ๊ค/เลย/msi-katana-15/,Not found (404),,missing_from_fresh_examples,KEEP_404,KEEP_404,medium,limited,,"Not present in capped 1,000-row 404 export; cannot infer removal from GSC."
https://ร้านรับซื้อโน๊ตบุ๊ค.com/รับซื้อโน๊ตบุ๊ค/ชัยนาท/razer/,Not found (404),,missing_from_fresh_examples,KEEP_404,KEEP_404,medium,limited,,"Not present in capped 1,000-row 404 export; cannot infer removal from GSC."
https://ร้านรับซื้อโน๊ตบุ๊ค.com/รับซื้อโน๊ตบุ๊ค/ปราจีนบุรี/บอดี้แตก/,Not found (404),,missing_from_fresh_examples,KEEP_404,KEEP_404,medium,limited,,"Not present in capped 1,000-row 404 export; cannot infer removal from GSC."
https://ร้านรับซื้อโน๊ตบุ๊ค.com/รับซื้อโน๊ตบุ๊ค/ร้อยเอ็ด/thinkpad-x1-carbon/,Not found (404),,missing_from_fresh_examples,KEEP_404,KEEP_404,medium,limited,,"Not present in capped 1,000-row 404 export; cannot infer removal from GSC."
https://ร้านรับซื้อโน๊ตบุ๊ค.com/รับซื้อโน๊ตบุ๊ค/หนองคาย/macbook-air-m5/,Not found (404),,missing_from_fresh_examples,KEEP_404,KEEP_404,medium,limited,,"Not present in capped 1,000-row 404 export; cannot infer removal from GSC."
https://ร้านรับซื้อโน๊ตบุ๊ค.com/รับซื้อโน๊ตบุ๊ค/ยโสธร/hp-omen-17/,Not found (404),,missing_from_fresh_examples,KEEP_404,KEEP_404,medium,limited,,"Not present in capped 1,000-row 404 export; cannot infer removal from GSC."
https://ร้านรับซื้อโน๊ตบุ๊ค.com/รับซื้อโน๊ตบุ๊ค/สตูล/acer-predator-helios/,Not found (404),,missing_from_fresh_examples,KEEP_404,KEEP_404,medium,limited,,"Not present in capped 1,000-row 404 export; cannot infer removal from GSC."
https://ร้านรับซื้อโน๊ตบุ๊ค.com/รับซื้อโน๊ตบุ๊ค/ภูเก็ต/hp-elitebook/,Not found (404),,missing_from_fresh_examples,KEEP_404,KEEP_404,medium,limited,,"Not present in capped 1,000-row 404 export; cannot infer removal from GSC."
https://ร้านรับซื้อโน๊ตบุ๊ค.com/รับซื้อโน๊ตบุ๊ค/สมุทรปราการ/macbook-air-m3/,Not found (404),,missing_from_fresh_examples,KEEP_404,KEEP_404,medium,limited,,"Not present in capped 1,000-row 404 export; cannot infer removal from GSC."
https://ร้านรับซื้อโน๊ตบุ๊ค.com/รับซื้อโน๊ตบุ๊ค/อุตรดิตถ์/huawei/,Not found (404),,missing_from_fresh_examples,KEEP_404,KEEP_404,medium,limited,,"Not present in capped 1,000-row 404 export; cannot infer removal from GSC."
https://ร้านรับซื้อโน๊ตบุ๊ค.com/รับซื้อโน๊ตบุ๊ค/เพชรบูรณ์/lg-gram/,Not found (404),,missing_from_fresh_examples,KEEP_404,KEEP_404,medium,limited,,"Not present in capped 1,000-row 404 export; cannot infer removal from GSC."
https://ร้านรับซื้อโน๊ตบุ๊ค.com/รับซื้อโน๊ตบุ๊ค/ปราจีนบุรี/asus-zephyrus-g14/,Not found (404),,missing_from_fresh_examples,KEEP_404,KEEP_404,medium,limited,,"Not present in capped 1,000-row 404 export; cannot infer removal from GSC."
https://ร้านรับซื้อโน๊ตบุ๊ค.com/รับซื้อโน๊ตบุ๊ค/พัทลุง/พอร์ต-type-c-เสีย/,Not found (404),,missing_from_fresh_examples,KEEP_404,KEEP_404,medium,limited,,"Not present in capped 1,000-row 404 export; cannot infer removal from GSC."
https://ร้านรับซื้อโน๊ตบุ๊ค.com/รับซื้อโน๊ตบุ๊ค/นครศรีธรรมราช/จอไม่ติดแต่เครื่องติด/,Not found (404),,missing_from_fresh_examples,KEEP_404,KEEP_404,medium,limited,,"Not present in capped 1,000-row 404 export; cannot infer removal from GSC."
https://ร้านรับซื้อโน๊ตบุ๊ค.com/รับซื้อโน๊ตบุ๊ค/สุราษฎร์ธานี/dell-inspiron-15/,Not found (404),,missing_from_fresh_examples,KEEP_404,KEEP_404,medium,limited,,"Not present in capped 1,000-row 404 export; cannot infer removal from GSC."
https://ร้านรับซื้อโน๊ตบุ๊ค.com/รับซื้อโน๊ตบุ๊ค/ภูเก็ต/acer-nitro-17/,Not found (404),,missing_from_fresh_examples,KEEP_404,KEEP_404,medium,limited,,"Not present in capped 1,000-row 404 export; cannot infer removal from GSC."
https://ร้านรับซื้อโน๊ตบุ๊ค.com/รับซื้อโน๊ตบุ๊ค/หนองบัวลำภู/lenovo-legion-slim/,Not found (404),,missing_from_fresh_examples,KEEP_404,KEEP_404,medium,limited,,"Not present in capped 1,000-row 404 export; cannot infer removal from GSC."
https://ร้านรับซื้อโน๊ตบุ๊ค.com/รับซื้อโน๊ตบุ๊ค/นครปฐม/macbook-battery-health/,Not found (404),,missing_from_fresh_examples,KEEP_404,KEEP_404,medium,limited,,"Not present in capped 1,000-row 404 export; cannot infer removal from GSC."
https://ร้านรับซื้อโน๊ตบุ๊ค.com/รับซื้อโน๊ตบุ๊ค/ระนอง/acer-nitro-v/,Not found (404),,missing_from_fresh_examples,KEEP_404,KEEP_404,medium,limited,,"Not present in capped 1,000-row 404 export; cannot infer removal from GSC."
https://ร้านรับซื้อโน๊ตบุ๊ค.com/รับซื้อโน๊ตบุ๊ค/กรุงเทพ/ssd-เสีย/,Not found (404),,missing_from_fresh_examples,KEEP_404,KEEP_404,medium,limited,,"Not present in capped 1,000-row 404 export; cannot infer removal from GSC."
https://ร้านรับซื้อโน๊ตบุ๊ค.com/รับซื้อโน๊ตบุ๊ค/มุกดาหาร/acer-swift/,Not found (404),,missing_from_fresh_examples,KEEP_404,KEEP_404,medium,limited,,"Not present in capped 1,000-row 404 export; cannot infer removal from GSC."
https://ร้านรับซื้อโน๊ตบุ๊ค.com/รับซื้อโน๊ตบุ๊ค/กำแพงเพชร/lenovo-legion-5/,Not found (404),,missing_from_fresh_examples,KEEP_404,KEEP_404,medium,limited,,"Not present in capped 1,000-row 404 export; cannot infer removal from GSC."
https://ร้านรับซื้อโน๊ตบุ๊ค.com/รับซื้อโน๊ตบุ๊ค/นครพนม/gigabyte/,Not found (404),,missing_from_fresh_examples,KEEP_404,KEEP_404,medium,limited,,"Not present in capped 1,000-row 404 export; cannot infer removal from GSC."
https://ร้านรับซื้อโน๊ตบุ๊ค.com/รับซื้อโน๊ตบุ๊ค/ร้อยเอ็ด/macbook-keyboard-issue/,Not found (404),,missing_from_fresh_examples,KEEP_404,KEEP_404,medium,limited,,"Not present in capped 1,000-row 404 export; cannot infer removal from GSC."
https://ร้านรับซื้อโน๊ตบุ๊ค.com/รับซื้อโน๊ตบุ๊ค/หนองคาย/macbook-charge-port/,Not found (404),,missing_from_fresh_examples,KEEP_404,KEEP_404,medium,limited,,"Not present in capped 1,000-row 404 export; cannot infer removal from GSC."
https://ร้านรับซื้อโน๊ตบุ๊ค.com/รับซื้อโน๊ตบุ๊ค/นครสวรรค์/alienware-m16/,Not found (404),,missing_from_fresh_examples,KEEP_404,KEEP_404,medium,limited,,"Not present in capped 1,000-row 404 export; cannot infer removal from GSC."
https://ร้านรับซื้อโน๊ตบุ๊ค.com/รับซื้อโน๊ตบุ๊ค/สมุทรสงคราม/acer-nitro-v/,Not found (404),,missing_from_fresh_examples,KEEP_404,KEEP_404,medium,limited,,"Not present in capped 1,000-row 404 export; cannot infer removal from GSC."
https://ร้านรับซื้อโน๊ตบุ๊ค.com/รับซื้อโน๊ตบุ๊ค/สมุทรปราการ/acer-swift/,Not found (404),,missing_from_fresh_examples,KEEP_404,KEEP_404,medium,limited,,"Not present in capped 1,000-row 404 export; cannot infer removal from GSC."
https://ร้านรับซื้อโน๊ตบุ๊ค.com/รับซื้อโน๊ตบุ๊ค/หาดใหญ่/thinkpad-e14-e15/,Not found (404),,missing_from_fresh_examples,KEEP_404,KEEP_404,medium,limited,,"Not present in capped 1,000-row 404 export; cannot infer removal from GSC."
https://ร้านรับซื้อโน๊ตบุ๊ค.com/รับซื้อโน๊ตบุ๊ค/ปทุมธานี/จอมีเส้น/,Not found (404),,missing_from_fresh_examples,KEEP_404,KEEP_404,medium,limited,,"Not present in capped 1,000-row 404 export; cannot infer removal from GSC."
https://ร้านรับซื้อโน๊ตบุ๊ค.com/รับซื้อโน๊ตบุ๊ค/ชลบุรี/ทัชแพดเสีย/,Not found (404),,missing_from_fresh_examples,KEEP_404,KEEP_404,medium,limited,,"Not present in capped 1,000-row 404 export; cannot infer removal from GSC."
https://ร้านรับซื้อโน๊ตบุ๊ค.com/blog,Page with redirect,Page with redirect,same_status,NO_ACTION,NO_ACTION,high,high,2026-07-20,Fresh 2026-07-30 export: Page with redirect
https://ร้านรับซื้อโน๊ตบุ๊ค.com/รับซื้อโน๊ตบุ๊ค/ห้วยขวาง,Page with redirect,Page with redirect,same_status,NO_ACTION,NO_ACTION,high,high,2026-07-09,Fresh 2026-07-30 export: Page with redirect
https://ร้านรับซื้อโน๊ตบุ๊ค.com/รับซื้อโน๊ตบุ๊คมือสอง,Page with redirect,Page with redirect,same_status,NO_ACTION,NO_ACTION,high,high,2026-07-24,Fresh 2026-07-30 export: Page with redirect
https://ร้านรับซื้อโน๊ตบุ๊ค.com/รับซื้อ-notebook,Page with redirect,Page with redirect,same_status,NO_ACTION,NO_ACTION,high,high,2026-07-22,Fresh 2026-07-30 export: Page with redirect
https://ร้านรับซื้อโน๊ตบุ๊ค.com/รับซื้อโน๊ตบุ๊ค/ตกรุ่น,Page with redirect,Page with redirect,same_status,NO_ACTION,NO_ACTION,high,high,2026-07-20,Fresh 2026-07-30 export: Page with redirect
https://ร้านรับซื้อโน๊ตบุ๊ค.com/ขายโน๊ตบุ๊ค,Page with redirect,Page with redirect,same_status,NO_ACTION,NO_ACTION,high,high,2026-07-19,Fresh 2026-07-30 export: Page with redirect
https://ร้านรับซื้อโน๊ตบุ๊ค.com/เช็คราคาโน๊ตบุ๊ค,Page with redirect,Page with redirect,same_status,NO_ACTION,NO_ACTION,high,high,2026-07-23,Fresh 2026-07-30 export: Page with redirect
https://ร้านรับซื้อโน๊ตบุ๊ค.com/รับซื้อโน๊ตบุ๊ค/ปทุมธานี,Page with redirect,Page with redirect,same_status,NO_ACTION,NO_ACTION,high,high,2026-07-21,Fresh 2026-07-30 export: Page with redirect
https://ร้านรับซื้อโน๊ตบุ๊ค.com/รับซื้อโน๊ตบุ๊ค/นนทบุรี,Page with redirect,Page with redirect,same_status,NO_ACTION,NO_ACTION,high,high,2026-07-18,Fresh 2026-07-30 export: Page with redirect
https://ร้านรับซื้อโน๊ตบุ๊ค.com/รับซื้อโน๊ตบุ๊ค/เปิดไม่ติด,Page with redirect,Page with redirect,same_status,NO_ACTION,NO_ACTION,high,high,2026-07-13,Fresh 2026-07-30 export: Page with redirect
https://ร้านรับซื้อโน๊ตบุ๊ค.com/รับซื้อโน๊ตบุ๊ค/บางนา,Page with redirect,Page with redirect,same_status,NO_ACTION,NO_ACTION,high,high,2026-07-19,Fresh 2026-07-30 export: Page with redirect
https://ร้านรับซื้อโน๊ตบุ๊ค.com/รับซื้อโน๊ตบุ๊ค/ไม่มีที่ชาร์จ,Page with redirect,Page with redirect,same_status,NO_ACTION,NO_ACTION,high,high,2026-07-20,Fresh 2026-07-30 export: Page with redirect
https://ร้านรับซื้อโน๊ตบุ๊ค.com/รับซื้อโน๊ตบุ๊ค/เครื่องเสีย,Page with redirect,Page with redirect,same_status,NO_ACTION,NO_ACTION,high,high,2026-07-23,Fresh 2026-07-30 export: Page with redirect
https://ร้านรับซื้อโน๊ตบุ๊ค.com/รับซื้อโน๊ตบุ๊ค/กรุงเทพ,Page with redirect,Page with redirect,same_status,NO_ACTION,NO_ACTION,high,high,2026-07-20,Fresh 2026-07-30 export: Page with redirect
http://www.ร้านรับซื้อโน๊ตบุ๊ค.com/,Page with redirect,Page with redirect,same_status,NO_ACTION,NO_ACTION,high,high,2026-06-21,Fresh 2026-07-30 export: Page with redirect
https://ร้านรับซื้อโน๊ตบุ๊ค.com/รับซื้อโน๊ตบุ๊ค/พระราม2,Page with redirect,Page with redirect,same_status,NO_ACTION,NO_ACTION,high,high,2026-07-23,Fresh 2026-07-30 export: Page with redirect
http://ร้านรับซื้อโน๊ตบุ๊ค.com/,Page with redirect,Page with redirect,same_status,NO_ACTION,NO_ACTION,high,high,2026-06-22,Fresh 2026-07-30 export: Page with redirect
https://ร้านรับซื้อโน๊ตบุ๊ค.com/รับซื้อโน๊ตบุ๊ค/รังสิต,Page with redirect,Page with redirect,same_status,NO_ACTION,NO_ACTION,high,high,2026-07-18,Fresh 2026-07-30 export: Page with redirect
https://www.ร้านรับซื้อโน๊ตบุ๊ค.com/รับซื้อโน๊ตบุ๊ค/บางนา,Page with redirect,Alternate page with proper canonical,status_changed,NO_ACTION,KEEP_CANONICAL,high,high,2026-05-31,Fresh 2026-07-30 export: Alternate page with proper canonical
https://ร้านรับซื้อโน๊ตบุ๊ค.com/รับซื้อโน๊ตบุ๊ค/เครื่องเก่า,Page with redirect,Page with redirect,same_status,NO_ACTION,NO_ACTION,high,high,2026-07-21,Fresh 2026-07-30 export: Page with redirect
https://ร้านรับซื้อโน๊ตบุ๊ค.com/รับซื้อโน๊ตบุ๊ค/คีย์บอร์ดเสีย,Page with redirect,Page with redirect,same_status,NO_ACTION,NO_ACTION,high,high,2026-07-19,Fresh 2026-07-30 export: Page with redirect
https://ร้านรับซื้อโน๊ตบุ๊ค.com/รับซื้อโน๊ตบุ๊ค/ใช้งานปกติ,Page with redirect,Page with redirect,same_status,NO_ACTION,NO_ACTION,high,high,2026-07-22,Fresh 2026-07-30 export: Page with redirect
https://ร้านรับซื้อโน๊ตบุ๊ค.com/รับซื้อโน๊ตบุ๊ค/แบตเสื่อม,Page with redirect,Page with redirect,same_status,NO_ACTION,NO_ACTION,high,high,2026-07-19,Fresh 2026-07-30 export: Page with redirect
https://ร้านรับซื้อโน๊ตบุ๊ค.com/รับซื้อโน๊ตบุ๊ค/จอแตก,Page with redirect,Page with redirect,same_status,NO_ACTION,NO_ACTION,high,high,2026-07-20,Fresh 2026-07-30 export: Page with redirect
https://ร้านรับซื้อโน๊ตบุ๊ค.com/รับซื้อโน๊ตบุ๊ค/ลาดพร้าว,Page with redirect,Page with redirect,same_status,NO_ACTION,NO_ACTION,high,high,2026-07-21,Fresh 2026-07-30 export: Page with redirect
https://www.ร้านรับซื้อโน๊ตบุ๊ค.com/รับซื้อโน๊ตบุ๊ค/แบตเสื่อม/,Alternate page with proper canonical,Alternate page with proper canonical,same_status,KEEP_CANONICAL,KEEP_CANONICAL,high,high,2026-07-16,Fresh 2026-07-30 export: Alternate page with proper canonical
https://www.ร้านรับซื้อโน๊ตบุ๊ค.com/,Alternate page with proper canonical,Alternate page with proper canonical,same_status,KEEP_CANONICAL,KEEP_CANONICAL,high,high,2026-07-01,Fresh 2026-07-30 export: Alternate page with proper canonical
https://www.ร้านรับซื้อโน๊ตบุ๊ค.com/blog/ก่อนขายโน๊ตบุ๊คต้องล้างข้อมูลอย่างไร/,Alternate page with proper canonical,Alternate page with proper canonical,same_status,KEEP_CANONICAL,KEEP_CANONICAL,high,high,2026-06-09,Fresh 2026-07-30 export: Alternate page with proper canonical
https://www.ร้านรับซื้อโน๊ตบุ๊ค.com/blog/โน๊ตบุ๊คบูตวนขายได้ไหม/,Alternate page with proper canonical,Alternate page with proper canonical,same_status,KEEP_CANONICAL,KEEP_CANONICAL,high,high,2026-07-16,Fresh 2026-07-30 export: Alternate page with proper canonical
https://www.ร้านรับซื้อโน๊ตบุ๊ค.com/รับซื้อโน๊ตบุ๊ค/บางนา/,Alternate page with proper canonical,Alternate page with proper canonical,same_status,KEEP_CANONICAL,KEEP_CANONICAL,high,high,2026-05-31,Fresh 2026-07-30 export: Alternate page with proper canonical
https://www.ร้านรับซื้อโน๊ตบุ๊ค.com/รับซื้อโน๊ตบุ๊ค/alienware-x16/,Alternate page with proper canonical,Alternate page with proper canonical,same_status,KEEP_CANONICAL,KEEP_CANONICAL,high,high,2026-06-03,Fresh 2026-07-30 export: Alternate page with proper canonical
https://ร้านรับซื้อโน๊ตบุ๊ค.com/รับซื้อโน๊ตบุ๊ค/สมุทรปราการ,Alternate page with proper canonical,Page with redirect,status_changed,KEEP_CANONICAL,NO_ACTION,high,high,2026-07-23,Fresh 2026-07-30 export: Page with redirect
https://www.ร้านรับซื้อโน๊ตบุ๊ค.com/รับซื้อโน๊ตบุ๊คมือสอง/,Alternate page with proper canonical,Alternate page with proper canonical,same_status,KEEP_CANONICAL,KEEP_CANONICAL,high,high,2026-05-08,Fresh 2026-07-30 export: Alternate page with proper canonical
https://www.ร้านรับซื้อโน๊ตบุ๊ค.com/นโยบายความเป็นส่วนตัว/,Alternate page with proper canonical,Alternate page with proper canonical,same_status,KEEP_CANONICAL,KEEP_CANONICAL,high,high,2026-05-03,Fresh 2026-07-30 export: Alternate page with proper canonical
https://www.ร้านรับซื้อโน๊ตบุ๊ค.com/เช็คราคาโน๊ตบุ๊ค/,Alternate page with proper canonical,Alternate page with proper canonical,same_status,KEEP_CANONICAL,KEEP_CANONICAL,high,high,2026-05-03,Fresh 2026-07-30 export: Alternate page with proper canonical
https://ร้านรับซื้อโน๊ตบุ๊ค.com/รับซื้อโน๊ตบุ๊ค/ศรีสะเกษ/เมนบอร์ดเสีย/,Crawled - currently not indexed,Excluded by noindex,status_changed,NO_ACTION,KEEP_NOINDEX,high,high,2026-07-05,Fresh 2026-07-30 export: Excluded by noindex
https://ร้านรับซื้อโน๊ตบุ๊ค.com/รับซื้อโน๊ตบุ๊ค/พังงา/ทัชสกรีนเสีย/,Crawled - currently not indexed,Valid,status_changed,NO_ACTION,NO_ACTION,high,high,2026-06-13,Fresh 2026-07-30 export: Valid
https://ร้านรับซื้อโน๊ตบุ๊ค.com/รับซื้อโน๊ตบุ๊ค/มหาสารคาม/จอแตก/,Crawled - currently not indexed,Valid,status_changed,NO_ACTION,NO_ACTION,high,high,2026-06-13,Fresh 2026-07-30 export: Valid
https://ร้านรับซื้อโน๊ตบุ๊ค.com/รับซื้อโน๊ตบุ๊ค/เพชรบุรี/ไฟไม่เข้า/,Crawled - currently not indexed,Valid,status_changed,NO_ACTION,NO_ACTION,high,high,2026-06-13,Fresh 2026-07-30 export: Valid
https://ร้านรับซื้อโน๊ตบุ๊ค.com/รับซื้อโน๊ตบุ๊ค/สกลนคร/ไฟไม่เข้า/,Crawled - currently not indexed,Excluded by noindex,status_changed,NO_ACTION,KEEP_NOINDEX,high,high,2026-07-04,Fresh 2026-07-30 export: Excluded by noindex
https://ร้านรับซื้อโน๊ตบุ๊ค.com/รับซื้อโน๊ตบุ๊ค/พัทยา/lenovo/,Crawled - currently not indexed,Valid,status_changed,NO_ACTION,NO_ACTION,high,high,2026-06-13,Fresh 2026-07-30 export: Valid
https://ร้านรับซื้อโน๊ตบุ๊ค.com/รับซื้อโน๊ตบุ๊ค/ศรีสะเกษ/asus/,Crawled - currently not indexed,Valid,status_changed,NO_ACTION,NO_ACTION,high,high,2026-06-13,Fresh 2026-07-30 export: Valid
https://ร้านรับซื้อโน๊ตบุ๊ค.com/รับซื้อโน๊ตบุ๊ค/ห้วยขวาง/เมนบอร์ดเสีย/,Crawled - currently not indexed,Valid,status_changed,NO_ACTION,NO_ACTION,high,high,2026-06-13,Fresh 2026-07-30 export: Valid
https://ร้านรับซื้อโน๊ตบุ๊ค.com/รับซื้อโน๊ตบุ๊ค/ตราด/ฮาร์ดดิสก์เสีย/,Crawled - currently not indexed,Valid,status_changed,NO_ACTION,NO_ACTION,high,high,2026-06-13,Fresh 2026-07-30 export: Valid
https://ร้านรับซื้อโน๊ตบุ๊ค.com/รับซื้อโน๊ตบุ๊ค/สุรินทร์/เปิดไม่ติด/,Crawled - currently not indexed,Excluded by noindex,status_changed,NO_ACTION,KEEP_NOINDEX,high,high,2026-07-05,Fresh 2026-07-30 export: Excluded by noindex
https://ร้านรับซื้อโน๊ตบุ๊ค.com/รับซื้อโน๊ตบุ๊ค/กาญจนบุรี/บานพับแตก/,Crawled - currently not indexed,Valid,status_changed,NO_ACTION,NO_ACTION,high,high,2026-06-13,Fresh 2026-07-30 export: Valid
https://ร้านรับซื้อโน๊ตบุ๊ค.com/รับซื้อโน๊ตบุ๊ค/ปทุมธานี/dell/,Crawled - currently not indexed,Valid,status_changed,NO_ACTION,NO_ACTION,high,high,2026-06-13,Fresh 2026-07-30 export: Valid
https://ร้านรับซื้อโน๊ตบุ๊ค.com/รับซื้อโน๊ตบุ๊ค/เพชรบุรี/บานพับแตก/,Crawled - currently not indexed,Valid,status_changed,NO_ACTION,NO_ACTION,high,high,2026-06-13,Fresh 2026-07-30 export: Valid
https://ร้านรับซื้อโน๊ตบุ๊ค.com/รับซื้อโน๊ตบุ๊ค/สงขลา/ทัชสกรีนเสีย/,Crawled - currently not indexed,Crawled - currently not indexed,same_status,NO_ACTION,HOLD_MONITOR,high,high,2026-06-13,Fresh 2026-07-30 export: Crawled - currently not indexed
https://ร้านรับซื้อโน๊ตบุ๊ค.com/รับซื้อโน๊ตบุ๊ค/ตาก/gaming/,Crawled - currently not indexed,Valid,status_changed,NO_ACTION,NO_ACTION,high,high,2026-06-22,Fresh 2026-07-30 export: Valid
https://ร้านรับซื้อโน๊ตบุ๊ค.com/รับซื้อโน๊ตบุ๊ค/น่าน/macbook/,Crawled - currently not indexed,Valid,status_changed,NO_ACTION,NO_ACTION,high,high,2026-06-13,Fresh 2026-07-30 export: Valid
https://ร้านรับซื้อโน๊ตบุ๊ค.com/รับซื้อโน๊ตบุ๊ค/ชุมพร/gaming/,Crawled - currently not indexed,Valid,status_changed,NO_ACTION,NO_ACTION,high,high,2026-06-13,Fresh 2026-07-30 export: Valid
https://ร้านรับซื้อโน๊ตบุ๊ค.com/รับซื้อโน๊ตบุ๊ค/นราธิวาส/ทัชสกรีนเสีย/,Crawled - currently not indexed,Excluded by noindex,status_changed,NO_ACTION,KEEP_NOINDEX,high,high,2026-07-24,Fresh 2026-07-30 export: Excluded by noindex
https://ร้านรับซื้อโน๊ตบุ๊ค.com/รับซื้อโน๊ตบุ๊ค/รามคำแหง/เครื่องเสีย/,Crawled - currently not indexed,Excluded by noindex,status_changed,NO_ACTION,KEEP_NOINDEX,high,high,2026-07-18,Fresh 2026-07-30 export: Excluded by noindex
https://ร้านรับซื้อโน๊ตบุ๊ค.com/รับซื้อโน๊ตบุ๊ค/สมุทรสงคราม/asus/,Crawled - currently not indexed,Valid,status_changed,NO_ACTION,NO_ACTION,high,high,2026-06-13,Fresh 2026-07-30 export: Valid
https://ร้านรับซื้อโน๊ตบุ๊ค.com/รับซื้อโน๊ตบุ๊ค/นครราชสีมา/ไม่มีที่ชาร์จ/,Crawled - currently not indexed,Valid,status_changed,NO_ACTION,NO_ACTION,high,high,2026-06-13,Fresh 2026-07-30 export: Valid
https://ร้านรับซื้อโน๊ตบุ๊ค.com/รับซื้อโน๊ตบุ๊ค/ใกล้ฉัน/ไม่มีที่ชาร์จ/,Crawled - currently not indexed,Valid,status_changed,NO_ACTION,NO_ACTION,high,high,2026-06-13,Fresh 2026-07-30 export: Valid
https://ร้านรับซื้อโน๊ตบุ๊ค.com/รับซื้อโน๊ตบุ๊ค/กำแพงเพชร/gaming/,Crawled - currently not indexed,Valid,status_changed,NO_ACTION,NO_ACTION,high,high,2026-06-13,Fresh 2026-07-30 export: Valid
https://ร้านรับซื้อโน๊ตบุ๊ค.com/รับซื้อโน๊ตบุ๊ค/จันทบุรี/โดนน้ำ/,Crawled - currently not indexed,Valid,status_changed,NO_ACTION,NO_ACTION,high,high,2026-06-13,Fresh 2026-07-30 export: Valid
https://ร้านรับซื้อโน๊ตบุ๊ค.com/รับซื้อโน๊ตบุ๊ค/ตาก/lenovo/,Crawled - currently not indexed,Valid,status_changed,NO_ACTION,NO_ACTION,high,high,2026-06-13,Fresh 2026-07-30 export: Valid
https://ร้านรับซื้อโน๊ตบุ๊ค.com/รับซื้อโน๊ตบุ๊ค/ชัยนาท/dell/,Crawled - currently not indexed,Valid,status_changed,NO_ACTION,NO_ACTION,high,high,2026-06-13,Fresh 2026-07-30 export: Valid
https://ร้านรับซื้อโน๊ตบุ๊ค.com/รับซื้อโน๊ตบุ๊ค/สุราษฎร์ธานี/macbook/,Crawled - currently not indexed,Valid,status_changed,NO_ACTION,NO_ACTION,high,high,2026-06-13,Fresh 2026-07-30 export: Valid
https://ร้านรับซื้อโน๊ตบุ๊ค.com/รับซื้อโน๊ตบุ๊ค/ร้อยเอ็ด/gaming/,Crawled - currently not indexed,Valid,status_changed,NO_ACTION,NO_ACTION,high,high,2026-06-13,Fresh 2026-07-30 export: Valid
https://ร้านรับซื้อโน๊ตบุ๊ค.com/รับซื้อโน๊ตบุ๊ค/ราชบุรี/แบตเสื่อม/,Crawled - currently not indexed,Excluded by noindex,status_changed,NO_ACTION,KEEP_NOINDEX,high,high,2026-07-25,Fresh 2026-07-30 export: Excluded by noindex
https://ร้านรับซื้อโน๊ตบุ๊ค.com/รับซื้อโน๊ตบุ๊ค/นครพนม/เปิดไม่ติด/,Crawled - currently not indexed,Valid,status_changed,NO_ACTION,NO_ACTION,high,high,2026-06-13,Fresh 2026-07-30 export: Valid
https://ร้านรับซื้อโน๊ตบุ๊ค.com/รับซื้อโน๊ตบุ๊ค/บุรีรัมย์/เมนบอร์ดเสีย/,Crawled - currently not indexed,Valid,status_changed,NO_ACTION,NO_ACTION,high,high,2026-06-13,Fresh 2026-07-30 export: Valid
https://ร้านรับซื้อโน๊ตบุ๊ค.com/รับซื้อโน๊ตบุ๊ค/ลำปาง/เปิดไม่ติด/,Crawled - currently not indexed,Valid,status_changed,NO_ACTION,NO_ACTION,high,high,2026-06-13,Fresh 2026-07-30 export: Valid
https://ร้านรับซื้อโน๊ตบุ๊ค.com/รับซื้อโน๊ตบุ๊ค/ชัยภูมิ/เครื่องเก่า/,Crawled - currently not indexed,Valid,status_changed,NO_ACTION,NO_ACTION,high,high,2026-06-13,Fresh 2026-07-30 export: Valid
https://ร้านรับซื้อโน๊ตบุ๊ค.com/รับซื้อโน๊ตบุ๊ค/ลาดพร้าว/surface/,Crawled - currently not indexed,Excluded by noindex,status_changed,NO_ACTION,KEEP_NOINDEX,high,high,2026-07-25,Fresh 2026-07-30 export: Excluded by noindex
https://ร้านรับซื้อโน๊ตบุ๊ค.com/รับซื้อโน๊ตบุ๊ค/บึงกาฬ/gaming/,Crawled - currently not indexed,Crawled - currently not indexed,same_status,NO_ACTION,HOLD_MONITOR,high,high,2026-06-15,Fresh 2026-07-30 export: Crawled - currently not indexed
https://ร้านรับซื้อโน๊ตบุ๊ค.com/รับซื้อโน๊ตบุ๊ค/thinkpad-t14/,Crawled - currently not indexed,Valid,status_changed,HOLD,NO_ACTION,medium,high,2026-07-20,Fresh 2026-07-30 export: Valid
https://ร้านรับซื้อโน๊ตบุ๊ค.com/รับซื้อโน๊ตบุ๊ค/ปราจีนบุรี/จอแตก/,Crawled - currently not indexed,Crawled - currently not indexed,same_status,NO_ACTION,HOLD_MONITOR,high,high,2026-06-15,Fresh 2026-07-30 export: Crawled - currently not indexed
https://ร้านรับซื้อโน๊ตบุ๊ค.com/รับซื้อโน๊ตบุ๊ค/จันทบุรี/dell/,Crawled - currently not indexed,Valid,status_changed,NO_ACTION,NO_ACTION,high,high,2026-06-22,Fresh 2026-07-30 export: Valid
https://ร้านรับซื้อโน๊ตบุ๊ค.com/รับซื้อโน๊ตบุ๊ค/ราชบุรี/hp/,Crawled - currently not indexed,Valid,status_changed,NO_ACTION,NO_ACTION,high,high,2026-06-12,Fresh 2026-07-30 export: Valid
https://ร้านรับซื้อโน๊ตบุ๊ค.com/รับซื้อโน๊ตบุ๊ค/ศรีสะเกษ/คีย์บอร์ดเสีย/,Crawled - currently not indexed,Valid,status_changed,NO_ACTION,NO_ACTION,high,high,2026-06-12,Fresh 2026-07-30 export: Valid
https://ร้านรับซื้อโน๊ตบุ๊ค.com/blog/รับซื้อ-macbook-air-m2-ราคาเท่าไหร่/,Crawled - currently not indexed,Valid,status_changed,HOLD,NO_ACTION,medium,high,2026-07-05,Fresh 2026-07-30 export: Valid
https://ร้านรับซื้อโน๊ตบุ๊ค.com/รับซื้อโน๊ตบุ๊ค/สุพรรณบุรี/ใช้งานปกติ/,Crawled - currently not indexed,Crawled - currently not indexed,same_status,NO_ACTION,HOLD_MONITOR,high,high,2026-06-14,Fresh 2026-07-30 export: Crawled - currently not indexed
https://ร้านรับซื้อโน๊ตบุ๊ค.com/รับซื้อโน๊ตบุ๊ค/อุตรดิตถ์/ไฟไม่เข้า/,Crawled - currently not indexed,Excluded by noindex,status_changed,NO_ACTION,KEEP_NOINDEX,high,high,2026-07-04,Fresh 2026-07-30 export: Excluded by noindex
https://ร้านรับซื้อโน๊ตบุ๊ค.com/รับซื้อโน๊ตบุ๊ค/รีสตาร์ทเอง/,Crawled - currently not indexed,Valid,status_changed,HOLD,NO_ACTION,medium,high,2026-06-20,Fresh 2026-07-30 export: Valid
https://ร้านรับซื้อโน๊ตบุ๊ค.com/รับซื้อโน๊ตบุ๊ค/ตาก/msi/,Crawled - currently not indexed,Valid,status_changed,NO_ACTION,NO_ACTION,high,high,2026-06-14,Fresh 2026-07-30 export: Valid
https://ร้านรับซื้อโน๊ตบุ๊ค.com/blog/รับซื้อโน๊ตบุ๊คมือสอง-คู่มือผู้ขายฉบับลึก/,Crawled - currently not indexed,Crawled - currently not indexed,same_status,HOLD,HOLD_MONITOR,medium,high,2026-06-10,Fresh 2026-07-30 export: Crawled - currently not indexed
https://ร้านรับซื้อโน๊ตบุ๊ค.com/รับซื้อโน๊ตบุ๊ค/acer-predator-neo/,,Valid,new_fresh_example,,NO_ACTION,,high,2026-07-25,New example in fresh Valid export.
https://ร้านรับซื้อโน๊ตบุ๊ค.com/รับซื้อโน๊ตบุ๊ค/hp-omen-17/,,Valid,new_fresh_example,,NO_ACTION,,high,2026-07-25,New example in fresh Valid export.
https://ร้านรับซื้อโน๊ตบุ๊ค.com/รับซื้อโน๊ตบุ๊ค/acer-nitro-17/,,Valid,new_fresh_example,,NO_ACTION,,high,2026-07-25,New example in fresh Valid export.
https://ร้านรับซื้อโน๊ตบุ๊ค.com/รับซื้อโน๊ตบุ๊ค/hp-envy-x360/,,Valid,new_fresh_example,,NO_ACTION,,high,2026-07-25,New example in fresh Valid export.
https://ร้านรับซื้อโน๊ตบุ๊ค.com/รับซื้อโน๊ตบุ๊ค/hp-elitebook/,,Valid,new_fresh_example,,NO_ACTION,,high,2026-07-24,New example in fresh Valid export.
https://ร้านรับซื้อโน๊ตบุ๊ค.com/รับซื้อโน๊ตบุ๊ค/hp-omen-transcend/,,Valid,new_fresh_example,,NO_ACTION,,high,2026-07-24,New example in fresh Valid export.
https://ร้านรับซื้อโน๊ตบุ๊ค.com/sitemap/,,Valid,new_fresh_example,,NO_ACTION,,high,2026-07-23,New example in fresh Valid export.
https://ร้านรับซื้อโน๊ตบุ๊ค.com/รับซื้อโน๊ตบุ๊ค/acer-predator-helios/,,Valid,new_fresh_example,,NO_ACTION,,high,2026-07-23,New example in fresh Valid export.
https://ร้านรับซื้อโน๊ตบุ๊ค.com/รับซื้อโน๊ตบุ๊ค/asus-zephyrus-g14/,,Valid,new_fresh_example,,NO_ACTION,,high,2026-07-23,New example in fresh Valid export.
https://ร้านรับซื้อโน๊ตบุ๊ค.com/รับซื้อโน๊ตบุ๊ค/alienware-m18/,,Valid,new_fresh_example,,NO_ACTION,,high,2026-07-23,New example in fresh Valid export.
https://ร้านรับซื้อโน๊ตบุ๊ค.com/รับซื้อโน๊ตบุ๊ค/acer-nitro-16/,,Valid,new_fresh_example,,NO_ACTION,,high,2026-07-23,New example in fresh Valid export.
https://ร้านรับซื้อโน๊ตบุ๊ค.com/รับซื้อโน๊ตบุ๊ค/hp-probook/,,Valid,new_fresh_example,,NO_ACTION,,high,2026-07-23,New example in fresh Valid export.
https://ร้านรับซื้อโน๊ตบุ๊ค.com/รับซื้อโน๊ตบุ๊ค/dell-latitude/,,Valid,new_fresh_example,,NO_ACTION,,high,2026-07-23,New example in fresh Valid export.
https://ร้านรับซื้อโน๊ตบุ๊ค.com/รับซื้อโน๊ตบุ๊ค/acer/,,Valid,new_fresh_example,,NO_ACTION,,high,2026-07-23,New example in fresh Valid export.
https://ร้านรับซื้อโน๊ตบุ๊ค.com/รับประมูลคอม/,,Valid,new_fresh_example,,NO_ACTION,,high,2026-07-23,New example in fresh Valid export.
https://ร้านรับซื้อโน๊ตบุ๊ค.com/รับซื้อโน๊ตบุ๊ค/asus/,,Valid,new_fresh_example,,NO_ACTION,,high,2026-07-23,New example in fresh Valid export.
https://ร้านรับซื้อโน๊ตบุ๊ค.com/ตีราคาโน๊ตบุ๊ค/,,Valid,new_fresh_example,,NO_ACTION,,high,2026-07-23,New example in fresh Valid export.
https://ร้านรับซื้อโน๊ตบุ๊ค.com/blog/รับซื้อ-dell-alienware-g-series-ราคาเท่าไหร่/,,Valid,new_fresh_example,,NO_ACTION,,high,2026-07-23,New example in fresh Valid export.
https://ร้านรับซื้อโน๊ตบุ๊ค.com/รับซื้อโน๊ตบุ๊ค/hp-victus-17/,,Valid,new_fresh_example,,NO_ACTION,,high,2026-07-23,New example in fresh Valid export.
https://ร้านรับซื้อโน๊ตบุ๊ค.com/รับซื้อโน๊ตบุ๊ค/lenovo-loq-15-16/,,Valid,new_fresh_example,,NO_ACTION,,high,2026-07-23,New example in fresh Valid export.
https://ร้านรับซื้อโน๊ตบุ๊ค.com/รับซื้อโน๊ตบุ๊ค/alienware-m15-r7-r8/,,Valid,new_fresh_example,,NO_ACTION,,high,2026-07-22,New example in fresh Valid export.
https://ร้านรับซื้อโน๊ตบุ๊ค.com/รับซื้อโน๊ตบุ๊ค/dell/,,Valid,new_fresh_example,,NO_ACTION,,high,2026-07-22,New example in fresh Valid export.
https://ร้านรับซื้อโน๊ตบุ๊ค.com/รับซื้อโน๊ตบุ๊ค/lenovo-legion-slim/,,Valid,new_fresh_example,,NO_ACTION,,high,2026-07-21,New example in fresh Valid export.
https://ร้านรับซื้อโน๊ตบุ๊ค.com/blog/รับซื้อ-asus-zenbook-vivobook-ราคาเท่าไหร่/,,Valid,new_fresh_example,,NO_ACTION,,high,2026-07-21,New example in fresh Valid export.
https://ร้านรับซื้อโน๊ตบุ๊ค.com/รับซื้อโน๊ตบุ๊ค/macbook/,,Valid,new_fresh_example,,NO_ACTION,,high,2026-07-21,New example in fresh Valid export.
https://ร้านรับซื้อโน๊ตบุ๊ค.com/รับซื้อโน๊ตบุ๊ค/macbook-battery-health/,,Valid,new_fresh_example,,NO_ACTION,,high,2026-07-21,New example in fresh Valid export.
https://ร้านรับซื้อโน๊ตบุ๊ค.com/รับซื้อโน๊ตบุ๊ค/lenovo/,,Valid,new_fresh_example,,NO_ACTION,,high,2026-07-21,New example in fresh Valid export.
https://ร้านรับซื้อโน๊ตบุ๊ค.com/รับซื้อโน๊ตบุ๊ค/asus-zephyrus-g16/,,Valid,new_fresh_example,,NO_ACTION,,high,2026-07-21,New example in fresh Valid export.
https://ร้านรับซื้อโน๊ตบุ๊ค.com/รับเหมาโน๊ตบุ๊ค/,,Valid,new_fresh_example,,NO_ACTION,,high,2026-07-21,New example in fresh Valid export.
https://ร้านรับซื้อโน๊ตบุ๊ค.com/รับซื้อโน๊ตบุ๊ค/lenovo-yoga/,,Valid,new_fresh_example,,NO_ACTION,,high,2026-07-21,New example in fresh Valid export.
https://ร้านรับซื้อโน๊ตบุ๊ค.com/รับซื้อโน๊ตบุ๊ค/macbook-pro-16/,,Valid,new_fresh_example,,NO_ACTION,,high,2026-07-21,New example in fresh Valid export.
https://ร้านรับซื้อโน๊ตบุ๊ค.com/รับซื้อโน๊ตบุ๊ค/gaming/,,Valid,new_fresh_example,,NO_ACTION,,high,2026-07-21,New example in fresh Valid export.
https://ร้านรับซื้อโน๊ตบุ๊ค.com/ขายโน๊ตบุ๊คด่วน/,,Valid,new_fresh_example,,NO_ACTION,,high,2026-07-21,New example in fresh Valid export.
https://ร้านรับซื้อโน๊ตบุ๊ค.com/รับซื้อโน๊ตบุ๊ค/acer-nitro-v/,,Valid,new_fresh_example,,NO_ACTION,,high,2026-07-21,New example in fresh Valid export.
https://ร้านรับซื้อโน๊ตบุ๊ค.com/รับซื้อโน๊ตบุ๊ค/asus-rog-strix/,,Valid,new_fresh_example,,NO_ACTION,,high,2026-07-21,New example in fresh Valid export.
https://ร้านรับซื้อโน๊ตบุ๊ค.com/รับซื้อโน๊ตบุ๊ค/macbook-pro-m1/,,Valid,new_fresh_example,,NO_ACTION,,high,2026-07-21,New example in fresh Valid export.
https://ร้านรับซื้อโน๊ตบุ๊ค.com/รับเหมาคอมพิวเตอร์/,,Valid,new_fresh_example,,NO_ACTION,,high,2026-07-20,New example in fresh Valid export.
https://ร้านรับซื้อโน๊ตบุ๊ค.com/รับซื้อโน๊ตบุ๊ค/surface-laptop-go/,,Valid,new_fresh_example,,NO_ACTION,,high,2026-07-20,New example in fresh Valid export.
https://ร้านรับซื้อโน๊ตบุ๊ค.com/รับซื้อโน๊ตบุ๊ค/msi/,,Valid,new_fresh_example,,NO_ACTION,,high,2026-07-20,New example in fresh Valid export.
https://ร้านรับซื้อโน๊ตบุ๊ค.com/รับซื้อโน๊ตบุ๊ค/hp-victus-16/,,Valid,new_fresh_example,,NO_ACTION,,high,2026-07-20,New example in fresh Valid export.
https://ร้านรับซื้อโน๊ตบุ๊ค.com/รับซื้อโน๊ตบุ๊ค/surface-laptop/,,Valid,new_fresh_example,,NO_ACTION,,high,2026-07-20,New example in fresh Valid export.
https://ร้านรับซื้อโน๊ตบุ๊ค.com/รับซื้อโน๊ตบุ๊ค/lenovo-legion-pro/,,Valid,new_fresh_example,,NO_ACTION,,high,2026-07-20,New example in fresh Valid export.
https://ร้านรับซื้อโน๊ตบุ๊ค.com/รับซื้อโน๊ตบุ๊ค/lenovo-legion-5/,,Valid,new_fresh_example,,NO_ACTION,,high,2026-07-19,New example in fresh Valid export.
https://ร้านรับซื้อโน๊ตบุ๊ค.com/รับซื้อโน๊ตบุ๊ค/รามคำแหง/,,Valid,new_fresh_example,,NO_ACTION,,high,2026-07-19,New example in fresh Valid export.
https://ร้านรับซื้อโน๊ตบุ๊ค.com/รับซื้อโน๊ตบุ๊ค/asus-rog-flow/,,Valid,new_fresh_example,,NO_ACTION,,high,2026-07-17,New example in fresh Valid export.
https://ร้านรับซื้อโน๊ตบุ๊ค.com/รับซื้อโน๊ตบุ๊ค/hp/,,Valid,new_fresh_example,,NO_ACTION,,high,2026-07-16,New example in fresh Valid export.
https://ร้านรับซื้อโน๊ตบุ๊ค.com/รับซื้อโน๊ตบุ๊ค/สุพรรณบุรี/,,Valid,new_fresh_example,,NO_ACTION,,high,2026-07-14,New example in fresh Valid export.
https://ร้านรับซื้อโน๊ตบุ๊ค.com/รับซื้อโน๊ตบุ๊ค/หนองบัวลำภู/,,Valid,new_fresh_example,,NO_ACTION,,high,2026-07-09,New example in fresh Valid export.
https://ร้านรับซื้อโน๊ตบุ๊ค.com/รับซื้อโน๊ตบุ๊ค/อุบลราชธานี/,,Valid,new_fresh_example,,NO_ACTION,,high,2026-07-06,New example in fresh Valid export.
https://ร้านรับซื้อโน๊ตบุ๊ค.com/รับซื้อโน๊ตบุ๊ค/ลำโพงเสีย/,,Valid,new_fresh_example,,NO_ACTION,,high,2026-07-05,New example in fresh Valid export.
https://ร้านรับซื้อโน๊ตบุ๊ค.com/รับซื้อโน๊ตบุ๊ค/macbook-pro-14/,,Valid,new_fresh_example,,NO_ACTION,,high,2026-07-05,New example in fresh Valid export.
https://ร้านรับซื้อโน๊ตบุ๊ค.com/blog/โน๊ตบุ๊คค้างบ่อยขายได้ไหม/,,Valid,new_fresh_example,,NO_ACTION,,high,2026-07-05,New example in fresh Valid export.
https://ร้านรับซื้อโน๊ตบุ๊ค.com/blog/รับซื้อ-gaming-notebook-rtx-3050-4050-4060-ราคาเท่าไหร่/,,Valid,new_fresh_example,,NO_ACTION,,high,2026-07-05,New example in fresh Valid export.
https://ร้านรับซื้อโน๊ตบุ๊ค.com/รับซื้อโน๊ตบุ๊ค/จอฟ้า/,,Valid,new_fresh_example,,NO_ACTION,,high,2026-07-05,New example in fresh Valid export.
https://ร้านรับซื้อโน๊ตบุ๊ค.com/blog/รับซื้อ-huawei-matebook-ราคาเท่าไหร่/,,Valid,new_fresh_example,,NO_ACTION,,high,2026-07-05,New example in fresh Valid export.
https://ร้านรับซื้อโน๊ตบุ๊ค.com/รับซื้อโน๊ตบุ๊ค/นครสวรรค์/,,Valid,new_fresh_example,,NO_ACTION,,high,2026-07-05,New example in fresh Valid export.
https://ร้านรับซื้อโน๊ตบุ๊ค.com/รับซื้อโน๊ตบุ๊ค/ยะลา/,,Valid,new_fresh_example,,NO_ACTION,,high,2026-07-05,New example in fresh Valid export.
https://ร้านรับซื้อโน๊ตบุ๊ค.com/รับซื้อโน๊ตบุ๊ค/thinkpad-x1-carbon/,,Valid,new_fresh_example,,NO_ACTION,,high,2026-07-04,New example in fresh Valid export.
https://ร้านรับซื้อโน๊ตบุ๊ค.com/รับซื้อโน๊ตบุ๊ค/dell-g15-g16/,,Valid,new_fresh_example,,NO_ACTION,,high,2026-07-04,New example in fresh Valid export.
https://ร้านรับซื้อโน๊ตบุ๊ค.com/blog/รับซื้อ-lenovo-legion-loq-ราคาเท่าไหร่/,,Valid,new_fresh_example,,NO_ACTION,,high,2026-07-04,New example in fresh Valid export.
https://ร้านรับซื้อโน๊ตบุ๊ค.com/รับซื้อโน๊ตบุ๊ค/macbook-air-m5/,,Valid,new_fresh_example,,NO_ACTION,,high,2026-07-04,New example in fresh Valid export.
https://ร้านรับซื้อโน๊ตบุ๊ค.com/blog/รับซื้อ-asus-tuf-rog-ราคาเท่าไหร่/,,Valid,new_fresh_example,,NO_ACTION,,high,2026-07-04,New example in fresh Valid export.
https://ร้านรับซื้อโน๊ตบุ๊ค.com/blog/รับซื้อ-macbook-pro-m5-ราคาเท่าไหร่/,,Valid,new_fresh_example,,NO_ACTION,,high,2026-07-04,New example in fresh Valid export.
https://ร้านรับซื้อโน๊ตบุ๊ค.com/รับซื้อโน๊ตบุ๊ค/lenovo-legion-pro-7/,,Valid,new_fresh_example,,NO_ACTION,,high,2026-07-04,New example in fresh Valid export.
https://ร้านรับซื้อโน๊ตบุ๊ค.com/รับซื้อโน๊ตบุ๊ค/msi-vector-16-hx/,,Valid,new_fresh_example,,NO_ACTION,,high,2026-07-04,New example in fresh Valid export.
https://ร้านรับซื้อโน๊ตบุ๊ค.com/blog/กรณีศึกษา-รับซื้อโน๊ตบุ๊คองค์กร-20-เครื่อง-ปลด-asset-tag/,,Valid,new_fresh_example,,NO_ACTION,,high,2026-07-04,New example in fresh Valid export.
https://ร้านรับซื้อโน๊ตบุ๊ค.com/รับซื้อโน๊ตบุ๊ค/razer/,,Valid,new_fresh_example,,NO_ACTION,,high,2026-07-04,New example in fresh Valid export.
https://ร้านรับซื้อโน๊ตบุ๊ค.com/blog/รับซื้อ-dell-inspiron-latitude-xps-ราคาเท่าไหร่/,,Valid,new_fresh_example,,NO_ACTION,,high,2026-07-04,New example in fresh Valid export.
https://ร้านรับซื้อโน๊ตบุ๊ค.com/รับซื้อโน๊ตบุ๊ค/msi-stealth-14/,,Valid,new_fresh_example,,NO_ACTION,,high,2026-07-04,New example in fresh Valid export.
https://ร้านรับซื้อโน๊ตบุ๊ค.com/blog/กรณีศึกษา-รับซื้อโน๊ตบุ๊คโดนน้ำหก-บอร์ดช็อตเปิดไม่ติด/,,Valid,new_fresh_example,,NO_ACTION,,high,2026-07-04,New example in fresh Valid export.
https://ร้านรับซื้อโน๊ตบุ๊ค.com/รับซื้อโน๊ตบุ๊ค/hp-omen-16/,,Valid,new_fresh_example,,NO_ACTION,,high,2026-07-04,New example in fresh Valid export.
https://ร้านรับซื้อโน๊ตบุ๊ค.com/blog/รับซื้อ-hp-victus-15-16-omen-16-ราคาเท่าไหร่/,,Valid,new_fresh_example,,NO_ACTION,,high,2026-07-04,New example in fresh Valid export.
https://ร้านรับซื้อโน๊ตบุ๊ค.com/blog/กรณีศึกษา-รับซื้อโน๊ตบุ๊คบอร์ดเสียช็อต-ค่าซ่อมไม่คุ้ม/,,Valid,new_fresh_example,,NO_ACTION,,high,2026-07-04,New example in fresh Valid export.
https://ร้านรับซื้อโน๊ตบุ๊ค.com/รับซื้อโน๊ตบุ๊ค/lenovo-ideapad-3-5/,,Valid,new_fresh_example,,NO_ACTION,,high,2026-07-04,New example in fresh Valid export.
https://ร้านรับซื้อโน๊ตบุ๊ค.com/blog/รับซื้อ-msi-katana-cyborg-stealth-raider-ราคาเท่าไหร่/,,Valid,new_fresh_example,,NO_ACTION,,high,2026-07-04,New example in fresh Valid export.
https://ร้านรับซื้อโน๊ตบุ๊ค.com/รับซื้อโน๊ตบุ๊ค/msi-stealth-16/,,Valid,new_fresh_example,,NO_ACTION,,high,2026-07-04,New example in fresh Valid export.
https://ร้านรับซื้อโน๊ตบุ๊ค.com/รับซื้อโน๊ตบุ๊ค/msi-raider-18/,,Valid,new_fresh_example,,NO_ACTION,,high,2026-07-04,New example in fresh Valid export.
https://ร้านรับซื้อโน๊ตบุ๊ค.com/รับซื้อโน๊ตบุ๊ค/msi-cyborg-15/,,Valid,new_fresh_example,,NO_ACTION,,high,2026-07-04,New example in fresh Valid export.
https://ร้านรับซื้อโน๊ตบุ๊ค.com/รับซื้อโน๊ตบุ๊ค/alienware-x16/,,Valid,new_fresh_example,,NO_ACTION,,high,2026-07-04,New example in fresh Valid export.
https://ร้านรับซื้อโน๊ตบุ๊ค.com/blog/รับซื้อ-macbook-pro-m1-ราคาเท่าไหร่/,,Valid,new_fresh_example,,NO_ACTION,,high,2026-07-04,New example in fresh Valid export.
https://ร้านรับซื้อโน๊ตบุ๊ค.com/blog/รับซื้อ-macbook-air-m1-ราคาเท่าไหร่/,,Valid,new_fresh_example,,NO_ACTION,,high,2026-07-04,New example in fresh Valid export.
https://ร้านรับซื้อโน๊ตบุ๊ค.com/รับซื้อโน๊ตบุ๊ค/macbook-air-m4/,,Valid,new_fresh_example,,NO_ACTION,,high,2026-07-04,New example in fresh Valid export.
https://ร้านรับซื้อโน๊ตบุ๊ค.com/รับซื้อโน๊ตบุ๊ค/hdmi-เสีย/,,Valid,new_fresh_example,,NO_ACTION,,high,2026-07-04,New example in fresh Valid export.
https://ร้านรับซื้อโน๊ตบุ๊ค.com/รับซื้อโน๊ตบุ๊ค/น่าน/,,Valid,new_fresh_example,,NO_ACTION,,high,2026-07-04,New example in fresh Valid export.
https://ร้านรับซื้อโน๊ตบุ๊ค.com/blog/โน๊ตบุ๊คบอดี้แตกขายได้ไหม/,,Valid,new_fresh_example,,NO_ACTION,,high,2026-07-04,New example in fresh Valid export.
https://ร้านรับซื้อโน๊ตบุ๊ค.com/blog/macbook-จอร้าว-ขายได้ไหม/,,Valid,new_fresh_example,,NO_ACTION,,high,2026-07-04,New example in fresh Valid export.
https://ร้านรับซื้อโน๊ตบุ๊ค.com/รับซื้อโน๊ตบุ๊ค/macbook-air-13/,,Valid,new_fresh_example,,NO_ACTION,,high,2026-07-04,New example in fresh Valid export.
https://ร้านรับซื้อโน๊ตบุ๊ค.com/blog/รับซื้อ-macbook-pro-14-16-ราคาเท่าไหร่/,,Valid,new_fresh_example,,NO_ACTION,,high,2026-07-04,New example in fresh Valid export.
https://ร้านรับซื้อโน๊ตบุ๊ค.com/blog/รับซื้อ-gaming-notebook-rtx-4070-4080-4090-ราคาเท่าไหร่/,,Valid,new_fresh_example,,NO_ACTION,,high,2026-07-04,New example in fresh Valid export.
https://ร้านรับซื้อโน๊ตบุ๊ค.com/blog/รับซื้อ-macbook-air-m4-ราคาเท่าไหร่/,,Valid,new_fresh_example,,NO_ACTION,,high,2026-07-04,New example in fresh Valid export.
https://ร้านรับซื้อโน๊ตบุ๊ค.com/blog/โน๊ตบุ๊คจอกระพริบขายได้ไหม/,,Valid,new_fresh_example,,NO_ACTION,,high,2026-07-04,New example in fresh Valid export.
https://ร้านรับซื้อโน๊ตบุ๊ค.com/blog/รับซื้อ-macbook-pro-m3-ราคาเท่าไหร่/,,Valid,new_fresh_example,,NO_ACTION,,high,2026-07-04,New example in fresh Valid export.
https://ร้านรับซื้อโน๊ตบุ๊ค.com/blog/รับซื้อ-macbook-air-m3-ราคาเท่าไหร่/,,Valid,new_fresh_example,,NO_ACTION,,high,2026-07-04,New example in fresh Valid export.
https://ร้านรับซื้อโน๊ตบุ๊ค.com/รับซื้อโน๊ตบุ๊ค/macbook-pro-m2/,,Valid,new_fresh_example,,NO_ACTION,,high,2026-07-04,New example in fresh Valid export.
https://ร้านรับซื้อโน๊ตบุ๊ค.com/รับซื้อโน๊ตบุ๊ค/ภาคอีสาน/,,Valid,new_fresh_example,,NO_ACTION,,high,2026-07-04,New example in fresh Valid export.
https://ร้านรับซื้อโน๊ตบุ๊ค.com/รับซื้อโน๊ตบุ๊ค/lg/,,Valid,new_fresh_example,,NO_ACTION,,high,2026-07-04,New example in fresh Valid export.
https://ร้านรับซื้อโน๊ตบุ๊ค.com/รับซื้อโน๊ตบุ๊ค/hp-victus-15/,,Valid,new_fresh_example,,NO_ACTION,,high,2026-07-04,New example in fresh Valid export.
https://ร้านรับซื้อโน๊ตบุ๊ค.com/รับซื้อโน๊ตบุ๊ค/asus-zephyrus/,,Valid,new_fresh_example,,NO_ACTION,,high,2026-07-04,New example in fresh Valid export.
https://ร้านรับซื้อโน๊ตบุ๊ค.com/คำถามที่พบบ่อย/,,Valid,new_fresh_example,,NO_ACTION,,high,2026-07-04,New example in fresh Valid export.
https://ร้านรับซื้อโน๊ตบุ๊ค.com/blog/ขายโน๊ตบุ๊คที่ไหนดี-ได้ราคาและปลอดภัย/,,Valid,new_fresh_example,,NO_ACTION,,high,2026-07-04,New example in fresh Valid export.
https://ร้านรับซื้อโน๊ตบุ๊ค.com/รับซื้อโน๊ตบุ๊ค/จอมีเส้น/,,Valid,new_fresh_example,,NO_ACTION,,high,2026-07-04,New example in fresh Valid export.
https://ร้านรับซื้อโน๊ตบุ๊ค.com/blog/ขายโน๊ตบุ๊คมี-asset-tag-ได้ไหม/,,Valid,new_fresh_example,,NO_ACTION,,high,2026-07-04,New example in fresh Valid export.
https://ร้านรับซื้อโน๊ตบุ๊ค.com/รับซื้อโน๊ตบุ๊ค/จันทบุรี/,,Valid,new_fresh_example,,NO_ACTION,,high,2026-07-04,New example in fresh Valid export.
https://ร้านรับซื้อโน๊ตบุ๊ค.com/รับซื้อโน๊ตบุ๊ค/asus-tuf-a15-f15/,,Valid,new_fresh_example,,NO_ACTION,,high,2026-07-04,New example in fresh Valid export.
https://ร้านรับซื้อโน๊ตบุ๊ค.com/blog/ร้านรับซื้อโน๊ตบุ๊ค-เช็คราคาโน๊ตบุ๊ค-ประเมินราคา-คีย์หลัก/,,Valid,new_fresh_example,,NO_ACTION,,high,2026-07-04,New example in fresh Valid export.
https://ร้านรับซื้อโน๊ตบุ๊ค.com/รับซื้อโน๊ตบุ๊ค/alienware-m16/,,Valid,new_fresh_example,,NO_ACTION,,high,2026-07-04,New example in fresh Valid export.
https://ร้านรับซื้อโน๊ตบุ๊ค.com/รับซื้อโน๊ตบุ๊คบริษัท/,,Valid,new_fresh_example,,NO_ACTION,,high,2026-07-04,New example in fresh Valid export.
https://ร้านรับซื้อโน๊ตบุ๊ค.com/รับซื้อโน๊ตบุ๊ค/macbook-air-15/,,Valid,new_fresh_example,,NO_ACTION,,high,2026-07-04,New example in fresh Valid export.
https://ร้านรับซื้อโน๊ตบุ๊ค.com/blog/รับซื้อโน๊ตบุ๊ค-ราคาเท่าไหร่/,,Valid,new_fresh_example,,NO_ACTION,,high,2026-07-04,New example in fresh Valid export.
https://ร้านรับซื้อโน๊ตบุ๊ค.com/blog/โน๊ตบุ๊คช่องหูฟังเสียขายได้ไหม/,,Valid,new_fresh_example,,NO_ACTION,,high,2026-07-04,New example in fresh Valid export.
https://ร้านรับซื้อโน๊ตบุ๊ค.com/รับซื้อโน๊ตบุ๊ค/บลูทูธใช้ไม่ได้/,,Valid,new_fresh_example,,NO_ACTION,,high,2026-07-04,New example in fresh Valid export.
https://ร้านรับซื้อโน๊ตบุ๊ค.com/blog/ขายโน๊ตบุ๊คนักศึกษา-ต้องล้างข้อมูลอะไรบ้าง/,,Valid,new_fresh_example,,NO_ACTION,,high,2026-07-04,New example in fresh Valid export.
https://ร้านรับซื้อโน๊ตบุ๊ค.com/blog/macbook-ไม่มีที่ชาร์จ-ขายได้ไหม/,,Valid,new_fresh_example,,NO_ACTION,,high,2026-07-04,New example in fresh Valid export.
https://ร้านรับซื้อโน๊ตบุ๊ค.com/blog/รับซื้อ-msi-katana-15-cyborg-15-stealth-ราคาเท่าไหร่/,,Valid,new_fresh_example,,NO_ACTION,,high,2026-07-04,New example in fresh Valid export.
https://ร้านรับซื้อโน๊ตบุ๊ค.com/รับซื้อโน๊ตบุ๊ค/macbook-screen-crack/,,Valid,new_fresh_example,,NO_ACTION,,high,2026-07-04,New example in fresh Valid export.
https://ร้านรับซื้อโน๊ตบุ๊ค.com/รับซื้อโน๊ตบุ๊ค/พัดลมดัง/,,Valid,new_fresh_example,,NO_ACTION,,high,2026-07-04,New example in fresh Valid export.
https://ร้านรับซื้อโน๊ตบุ๊ค.com/รับซื้อโน๊ตบุ๊ค/ศรีสะเกษ/,,Valid,new_fresh_example,,NO_ACTION,,high,2026-07-04,New example in fresh Valid export.
https://ร้านรับซื้อโน๊ตบุ๊ค.com/รับซื้อโน๊ตบุ๊ค/macbook-air-m1/,,Valid,new_fresh_example,,NO_ACTION,,high,2026-07-04,New example in fresh Valid export.
https://ร้านรับซื้อโน๊ตบุ๊ค.com/blog/โน๊ตบุ๊คจอฟ้าขายได้ไหม/,,Valid,new_fresh_example,,NO_ACTION,,high,2026-07-04,New example in fresh Valid export.
https://ร้านรับซื้อโน๊ตบุ๊ค.com/blog/โน๊ตบุ๊คพัดลมดังขายได้ไหม/,,Valid,new_fresh_example,,NO_ACTION,,high,2026-07-04,New example in fresh Valid export.
https://ร้านรับซื้อโน๊ตบุ๊ค.com/เว็บไซต์ในเครือ/,,Valid,new_fresh_example,,NO_ACTION,,high,2026-07-04,New example in fresh Valid export.
https://ร้านรับซื้อโน๊ตบุ๊ค.com/พื้นที่ให้บริการ/,,Valid,new_fresh_example,,NO_ACTION,,high,2026-07-04,New example in fresh Valid export.
https://ร้านรับซื้อโน๊ตบุ๊ค.com/รับซื้อโน๊ตบุ๊ค/ค้างบ่อย/,,Valid,new_fresh_example,,NO_ACTION,,high,2026-07-04,New example in fresh Valid export.
https://ร้านรับซื้อโน๊ตบุ๊ค.com/blog/โน๊ตบุ๊คบูตวนขายได้ไหม/,,Valid,new_fresh_example,,NO_ACTION,,high,2026-07-04,New example in fresh Valid export.
https://ร้านรับซื้อโน๊ตบุ๊ค.com/blog/macbook-ชาร์จไม่เข้า-ขายได้ไหม/,,Valid,new_fresh_example,,NO_ACTION,,high,2026-07-04,New example in fresh Valid export.
https://ร้านรับซื้อโน๊ตบุ๊ค.com/รับซื้อโน๊ตบุ๊ค/macbook-pro-m3/,,Valid,new_fresh_example,,NO_ACTION,,high,2026-07-04,New example in fresh Valid export.
https://ร้านรับซื้อโน๊ตบุ๊ค.com/รับซื้อโน๊ตบุ๊ค/macbook-battery-swollen/,,Valid,new_fresh_example,,NO_ACTION,,high,2026-07-04,New example in fresh Valid export.
https://ร้านรับซื้อโน๊ตบุ๊ค.com/รับซื้อโน๊ตบุ๊ค/asus-rog-ally-x/,,Valid,new_fresh_example,,NO_ACTION,,high,2026-07-04,New example in fresh Valid export.
https://ร้านรับซื้อโน๊ตบุ๊ค.com/blog/ram-8gb-กับ-16gb-มีผลต่อราคารับซื้อไหม/,,Valid,new_fresh_example,,NO_ACTION,,high,2026-07-04,New example in fresh Valid export.
https://ร้านรับซื้อโน๊ตบุ๊ค.com/blog/ขายโน๊ตบุ๊ค-ไม่มีกล่อง-ไม่มีใบเสร็จ/,,Valid,new_fresh_example,,NO_ACTION,,high,2026-07-04,New example in fresh Valid export.
https://ร้านรับซื้อโน๊ตบุ๊ค.com/รับซื้อโน๊ตบุ๊ค/ไฟไม่เข้า/,,Valid,new_fresh_example,,NO_ACTION,,high,2026-07-04,New example in fresh Valid export.
https://ร้านรับซื้อโน๊ตบุ๊ค.com/รับซื้อโน๊ตบุ๊ค/gigabyte/,,Valid,new_fresh_example,,NO_ACTION,,high,2026-07-04,New example in fresh Valid export.
https://ร้านรับซื้อโน๊ตบุ๊ค.com/รับซื้อโน๊ตบุ๊ค/msi-modern/,,Valid,new_fresh_example,,NO_ACTION,,high,2026-07-04,New example in fresh Valid export.
https://ร้านรับซื้อโน๊ตบุ๊ค.com/blog/โน๊ตบุ๊คโดนน้ำขายได้ไหม/,,Valid,new_fresh_example,,NO_ACTION,,high,2026-07-04,New example in fresh Valid export.
https://ร้านรับซื้อโน๊ตบุ๊ค.com/รับซื้อโน๊ตบุ๊ค/dell-vostro/,,Valid,new_fresh_example,,NO_ACTION,,high,2026-07-04,New example in fresh Valid export.
https://ร้านรับซื้อโน๊ตบุ๊ค.com/blog/เช็คลิสต์ถ่ายรูปโน๊ตบุ๊คก่อนส่งประเมินราคา/,,Valid,new_fresh_example,,NO_ACTION,,high,2026-07-04,New example in fresh Valid export.
https://ร้านรับซื้อโน๊ตบุ๊ค.com/blog/macbook-cycle-count-เท่าไหร่ถึงราคาตก/,,Valid,new_fresh_example,,NO_ACTION,,high,2026-07-04,New example in fresh Valid export.
https://ร้านรับซื้อโน๊ตบุ๊ค.com/blog/macbook-battery-health-มีผลต่อราคาไหม/,,Valid,new_fresh_example,,NO_ACTION,,high,2026-07-04,New example in fresh Valid export.
https://ร้านรับซื้อโน๊ตบุ๊ค.com/blog/รับซื้อ-razer-blade-ราคาเท่าไหร่/,,Valid,new_fresh_example,,NO_ACTION,,high,2026-07-04,New example in fresh Valid export.
https://ร้านรับซื้อโน๊ตบุ๊ค.com/blog/รับซื้อ-msi-modern-ราคาเท่าไหร่/,,Valid,new_fresh_example,,NO_ACTION,,high,2026-07-04,New example in fresh Valid export.
https://ร้านรับซื้อโน๊ตบุ๊ค.com/blog/รับซื้อ-hp-spectre-x360-ราคาเท่าไหร่/,,Valid,new_fresh_example,,NO_ACTION,,high,2026-07-04,New example in fresh Valid export.
https://ร้านรับซื้อโน๊ตบุ๊ค.com/blog/ขายโน๊ตบุ๊คไม่มีกล่อง-ไม่มีที่ชาร์จ-ไม่มีใบเสร็จ-พร้อมกันได้ไหม/,,Valid,new_fresh_example,,NO_ACTION,,high,2026-07-04,New example in fresh Valid export.
https://ร้านรับซื้อโน๊ตบุ๊ค.com/blog/โน๊ตบุ๊คร้อนจัดดับเองขายได้ไหม/,,Valid,new_fresh_example,,NO_ACTION,,high,2026-07-04,New example in fresh Valid export.
https://ร้านรับซื้อโน๊ตบุ๊ค.com/รับซื้อโน๊ตบุ๊ค/hp-spectre-x360/,,Valid,new_fresh_example,,NO_ACTION,,high,2026-07-04,New example in fresh Valid export.
https://ร้านรับซื้อโน๊ตบุ๊ค.com/รับซื้อโน๊ตบุ๊ค/lg-gram/,,Valid,new_fresh_example,,NO_ACTION,,high,2026-07-04,New example in fresh Valid export.
https://ร้านรับซื้อโน๊ตบุ๊ค.com/blog/รับซื้อ-lg-gram-ราคาเท่าไหร่/,,Valid,new_fresh_example,,NO_ACTION,,high,2026-07-04,New example in fresh Valid export.
https://ร้านรับซื้อโน๊ตบุ๊ค.com/blog/รับซื้อ-honor-magicbook-ราคาเท่าไหร่/,,Valid,new_fresh_example,,NO_ACTION,,high,2026-07-04,New example in fresh Valid export.
https://ร้านรับซื้อโน๊ตบุ๊ค.com/blog/ssd-256gb-512gb-1tb-มีผลต่อราคาอย่างไร/,,Valid,new_fresh_example,,NO_ACTION,,high,2026-07-04,New example in fresh Valid export.
https://ร้านรับซื้อโน๊ตบุ๊ค.com/รับซื้อโน๊ตบุ๊ค/พอร์ต-type-c-เสีย/,,Valid,new_fresh_example,,NO_ACTION,,high,2026-07-04,New example in fresh Valid export.
https://ร้านรับซื้อโน๊ตบุ๊ค.com/รับซื้อโน๊ตบุ๊ค/asus-vivobook/,,Valid,new_fresh_example,,NO_ACTION,,high,2026-07-04,New example in fresh Valid export.
https://ร้านรับซื้อโน๊ตบุ๊ค.com/blog/รับซื้อ-samsung-galaxy-book-ราคาเท่าไหร่/,,Valid,new_fresh_example,,NO_ACTION,,high,2026-07-04,New example in fresh Valid export.
https://ร้านรับซื้อโน๊ตบุ๊ค.com/blog/มีรอยบุบกับรอยขีดข่วน-ราคาต่างกันไหม/,,Valid,new_fresh_example,,NO_ACTION,,high,2026-07-04,New example in fresh Valid export.
https://ร้านรับซื้อโน๊ตบุ๊ค.com/blog/รับซื้อ-acer-swift-aspire-ราคาเท่าไหร่/,,Valid,new_fresh_example,,NO_ACTION,,high,2026-07-04,New example in fresh Valid export.
https://ร้านรับซื้อโน๊ตบุ๊ค.com/รับซื้อโน๊ตบุ๊ค/acer-aspire-5/,,Valid,new_fresh_example,,NO_ACTION,,high,2026-07-04,New example in fresh Valid export.
https://ร้านรับซื้อโน๊ตบุ๊ค.com/รับซื้อโน๊ตบุ๊ค/samsung/,,Valid,new_fresh_example,,NO_ACTION,,high,2026-07-04,New example in fresh Valid export.
https://ร้านรับซื้อโน๊ตบุ๊ค.com/รับซื้อโน๊ตบุ๊ค/hp-pavilion/,,Valid,new_fresh_example,,NO_ACTION,,high,2026-07-04,New example in fresh Valid export.
https://ร้านรับซื้อโน๊ตบุ๊ค.com/ขั้นตอนและเงื่อนไขการให้บริการ/,,Valid,new_fresh_example,,NO_ACTION,,high,2026-07-03,New example in fresh Valid export.
https://ร้านรับซื้อโน๊ตบุ๊ค.com/รับซื้อโน๊ตบุ๊ค/macbook-cycle-count/,,Valid,new_fresh_example,,NO_ACTION,,high,2026-07-03,New example in fresh Valid export.
https://ร้านรับซื้อโน๊ตบุ๊ค.com/รับซื้อโน๊ตบุ๊ค/wifi-ไม่ติด/,,Valid,new_fresh_example,,NO_ACTION,,high,2026-07-03,New example in fresh Valid export.
https://ร้านรับซื้อโน๊ตบุ๊ค.com/รับซื้อโน๊ตบุ๊ค/พอร์ตแลนเสีย/,,Valid,new_fresh_example,,NO_ACTION,,high,2026-07-03,New example in fresh Valid export.
https://ร้านรับซื้อโน๊ตบุ๊ค.com/รับซื้อโน๊ตบุ๊ค/บานพับแตก/,,Valid,new_fresh_example,,NO_ACTION,,high,2026-07-03,New example in fresh Valid export.
https://ร้านรับซื้อโน๊ตบุ๊ค.com/blog/รับซื้อโน๊ตบุ๊ค-คู่มือครบวงจรสำหรับผู้ขาย/,,Valid,new_fresh_example,,NO_ACTION,,high,2026-07-03,New example in fresh Valid export.
https://ร้านรับซื้อโน๊ตบุ๊ค.com/รับซื้อโน๊ตบุ๊ค/macbook-air-m2/,,Valid,new_fresh_example,,NO_ACTION,,high,2026-07-03,New example in fresh Valid export.
https://ร้านรับซื้อโน๊ตบุ๊ค.com/blog/รับซื้อ-macbook-pro-m4-ราคาเท่าไหร่/,,Valid,new_fresh_example,,NO_ACTION,,high,2026-07-03,New example in fresh Valid export.
https://ร้านรับซื้อโน๊ตบุ๊ค.com/blog/รับซื้อ-lenovo-ideapad-yoga-ราคาเท่าไหร่/,,Valid,new_fresh_example,,NO_ACTION,,high,2026-07-03,New example in fresh Valid export.
https://ร้านรับซื้อโน๊ตบุ๊ค.com/blog/รับซื้อ-hp-elitebook-probook-ราคาเท่าไหร่/,,Valid,new_fresh_example,,NO_ACTION,,high,2026-07-03,New example in fresh Valid export.
https://ร้านรับซื้อโน๊ตบุ๊ค.com/blog/รับซื้อ-surface-laptop-pro-ราคาเท่าไหร่/,,Valid,new_fresh_example,,NO_ACTION,,high,2026-07-03,New example in fresh Valid export.
https://ร้านรับซื้อโน๊ตบุ๊ค.com/รับซื้อโน๊ตบุ๊ค/พอร์ต-usb-เสีย/,,Valid,new_fresh_example,,NO_ACTION,,high,2026-07-03,New example in fresh Valid export.
https://ร้านรับซื้อโน๊ตบุ๊ค.com/blog/โน๊ตบุ๊คไฟไม่เข้าขายได้ไหม/,,Valid,new_fresh_example,,NO_ACTION,,high,2026-07-03,New example in fresh Valid export.
https://ร้านรับซื้อโน๊ตบุ๊ค.com/blog/โน๊ตบุ๊คพอร์ต-type-c-เสียขายได้ไหม/,,Valid,new_fresh_example,,NO_ACTION,,high,2026-07-03,New example in fresh Valid export.
https://ร้านรับซื้อโน๊ตบุ๊ค.com/blog/โน๊ตบุ๊คบลูทูธใช้ไม่ได้ขายได้ไหม/,,Valid,new_fresh_example,,NO_ACTION,,high,2026-07-03,New example in fresh Valid export.
https://ร้านรับซื้อโน๊ตบุ๊ค.com/blog/โน๊ตบุ๊คฝาหลังบวมขายได้ไหม/,,Valid,new_fresh_example,,NO_ACTION,,high,2026-07-03,New example in fresh Valid export.
https://ร้านรับซื้อโน๊ตบุ๊ค.com/blog/ssd-เสียขายได้ไหม/,,Valid,new_fresh_example,,NO_ACTION,,high,2026-07-03,New example in fresh Valid export.
https://ร้านรับซื้อโน๊ตบุ๊ค.com/รับซื้อโน๊ตบุ๊ค/ช่องหูฟังเสีย/,,Valid,new_fresh_example,,NO_ACTION,,high,2026-07-03,New example in fresh Valid export.
https://ร้านรับซื้อโน๊ตบุ๊ค.com/รับซื้อโน๊ตบุ๊ค/บอดี้แตก/,,Valid,new_fresh_example,,NO_ACTION,,high,2026-07-03,New example in fresh Valid export.
https://ร้านรับซื้อโน๊ตบุ๊ค.com/blog/รับซื้อ-macbook-air-13-15-ราคาเท่าไหร่/,,Valid,new_fresh_example,,NO_ACTION,,high,2026-07-03,New example in fresh Valid export.
https://ร้านรับซื้อโน๊ตบุ๊ค.com/blog/โน๊ตบุ๊คพอร์ตแลนเสียขายได้ไหม/,,Valid,new_fresh_example,,NO_ACTION,,high,2026-07-03,New example in fresh Valid export.
https://ร้านรับซื้อโน๊ตบุ๊ค.com/blog/ก่อนขายโน๊ตบุ๊คต้องล้างข้อมูลอย่างไร/,,Valid,new_fresh_example,,NO_ACTION,,high,2026-07-03,New example in fresh Valid export.
https://ร้านรับซื้อโน๊ตบุ๊ค.com/รับซื้อโน๊ตบุ๊ค/surface/,,Valid,new_fresh_example,,NO_ACTION,,high,2026-07-03,New example in fresh Valid export.
https://ร้านรับซื้อโน๊ตบุ๊ค.com/รับซื้อโน๊ตบุ๊ค/msi-katana-15/,,Valid,new_fresh_example,,NO_ACTION,,high,2026-07-03,New example in fresh Valid export.
https://ร้านรับซื้อโน๊ตบุ๊ค.com/เกี่ยวกับเรา/,,Valid,new_fresh_example,,NO_ACTION,,high,2026-07-03,New example in fresh Valid export.
https://ร้านรับซื้อโน๊ตบุ๊ค.com/blog/โน๊ตบุ๊ครีสตาร์ทเองขายได้ไหม/,,Valid,new_fresh_example,,NO_ACTION,,high,2026-07-03,New example in fresh Valid export.
https://ร้านรับซื้อโน๊ตบุ๊ค.com/blog/โน๊ตบุ๊คจอไม่ติดแต่เครื่องติดขายได้ไหม/,,Valid,new_fresh_example,,NO_ACTION,,high,2026-07-03,New example in fresh Valid export.
https://ร้านรับซื้อโน๊ตบุ๊ค.com/รับซื้อโน๊ตบุ๊ค/ร้อนจัดดับเอง/,,Valid,new_fresh_example,,NO_ACTION,,high,2026-07-03,New example in fresh Valid export.
https://ร้านรับซื้อโน๊ตบุ๊ค.com/blog/รับซื้อ-alienware-m16-x16-ราคาเท่าไหร่/,,Valid,new_fresh_example,,NO_ACTION,,high,2026-07-03,New example in fresh Valid export.
https://ร้านรับซื้อโน๊ตบุ๊ค.com/รับซื้อโน๊ตบุ๊ค/เมนบอร์ดเสีย/,,Valid,new_fresh_example,,NO_ACTION,,high,2026-07-03,New example in fresh Valid export.
https://ร้านรับซื้อโน๊ตบุ๊ค.com/รับซื้อโน๊ตบุ๊ค/ssd-เสีย/,,Valid,new_fresh_example,,NO_ACTION,,high,2026-07-03,New example in fresh Valid export.
https://ร้านรับซื้อโน๊ตบุ๊ค.com/blog/รับซื้อ-lenovo-legion-5-pro-ราคาเท่าไหร่/,,Valid,new_fresh_example,,NO_ACTION,,high,2026-07-03,New example in fresh Valid export.
https://ร้านรับซื้อโน๊ตบุ๊ค.com/นโยบายความเป็นส่วนตัว/,,Valid,new_fresh_example,,NO_ACTION,,high,2026-07-03,New example in fresh Valid export.
https://ร้านรับซื้อโน๊ตบุ๊ค.com/blog/ฮาร์ดดิสก์เสียขายได้ไหม/,,Valid,new_fresh_example,,NO_ACTION,,high,2026-07-01,New example in fresh Valid export.
https://ร้านรับซื้อโน๊ตบุ๊ค.com/รับซื้อโน๊ตบุ๊ค/acer-predator-triton/,,Valid,new_fresh_example,,NO_ACTION,,high,2026-07-01,New example in fresh Valid export.
https://ร้านรับซื้อโน๊ตบุ๊ค.com/รับซื้อโน๊ตบุ๊ค/หนองคาย/,,Valid,new_fresh_example,,NO_ACTION,,high,2026-06-26,New example in fresh Valid export.
https://ร้านรับซื้อโน๊ตบุ๊ค.com/รับซื้อโน๊ตบุ๊ค/พัทลุง/จอแตก/,,Valid,new_fresh_example,,NO_ACTION,,high,2026-06-26,New example in fresh Valid export.
https://ร้านรับซื้อโน๊ตบุ๊ค.com/รับซื้อโน๊ตบุ๊ค/หนองคาย/บานพับแตก/,,Valid,new_fresh_example,,NO_ACTION,,high,2026-06-26,New example in fresh Valid export.
https://ร้านรับซื้อโน๊ตบุ๊ค.com/รับซื้อโน๊ตบุ๊ค/นครนายก/เปิดไม่ติด/,,Valid,new_fresh_example,,NO_ACTION,,high,2026-06-26,New example in fresh Valid export.
https://ร้านรับซื้อโน๊ตบุ๊ค.com/รับซื้อโน๊ตบุ๊ค/นครสวรรค์/ตกรุ่น/,,Valid,new_fresh_example,,NO_ACTION,,high,2026-06-26,New example in fresh Valid export.
https://ร้านรับซื้อโน๊ตบุ๊ค.com/รับซื้อโน๊ตบุ๊ค/สระบุรี/โดนน้ำ/,,Valid,new_fresh_example,,NO_ACTION,,high,2026-06-25,New example in fresh Valid export.
https://ร้านรับซื้อโน๊ตบุ๊ค.com/blog/โน๊ตบุ๊คจอมีเส้นขายได้ไหม/,,Valid,new_fresh_example,,NO_ACTION,,high,2026-06-24,New example in fresh Valid export.
https://ร้านรับซื้อโน๊ตบุ๊ค.com/รับซื้อโน๊ตบุ๊ค/สกลนคร/,,Valid,new_fresh_example,,NO_ACTION,,high,2026-06-24,New example in fresh Valid export.
https://ร้านรับซื้อโน๊ตบุ๊ค.com/รับซื้อโน๊ตบุ๊ค/มุกดาหาร/,,Valid,new_fresh_example,,NO_ACTION,,high,2026-06-24,New example in fresh Valid export.
https://ร้านรับซื้อโน๊ตบุ๊ค.com/blog/ขายโน๊ตบุ๊ค-และขายโน๊ตบุ๊คมือสอง-คู่มือเตรียมเครื่องและปิดดีล/,,Valid,new_fresh_example,,NO_ACTION,,high,2026-06-23,New example in fresh Valid export.
https://ร้านรับซื้อโน๊ตบุ๊ค.com/blog/รับซื้อ-notebook-คู่มือผู้ขายจากสเปกถึงการนัดรับ/,,Valid,new_fresh_example,,NO_ACTION,,high,2026-06-23,New example in fresh Valid export.
https://ร้านรับซื้อโน๊ตบุ๊ค.com/รับซื้อโน๊ตบุ๊ค/สตูล/เมนบอร์ดเสีย/,,Valid,new_fresh_example,,NO_ACTION,,high,2026-06-23,New example in fresh Valid export.
https://ร้านรับซื้อโน๊ตบุ๊ค.com/รับซื้อโน๊ตบุ๊ค/สระแก้ว/surface/,,Valid,new_fresh_example,,NO_ACTION,,high,2026-06-23,New example in fresh Valid export.
https://ร้านรับซื้อโน๊ตบุ๊ค.com/รับซื้อโน๊ตบุ๊ค/macbook-pro-m4/,,Valid,new_fresh_example,,NO_ACTION,,high,2026-06-22,New example in fresh Valid export.
https://ร้านรับซื้อโน๊ตบุ๊ค.com/blog/โน๊ตบุ๊คจอแตกยังมีราคาไหม/,,Valid,new_fresh_example,,NO_ACTION,,high,2026-06-22,New example in fresh Valid export.
https://ร้านรับซื้อโน๊ตบุ๊ค.com/,,Valid,new_fresh_example,,NO_ACTION,,high,2026-06-22,New example in fresh Valid export.
https://ร้านรับซื้อโน๊ตบุ๊ค.com/รับซื้อโน๊ตบุ๊ค/นครสวรรค์/ไม่มีที่ชาร์จ/,,Valid,new_fresh_example,,NO_ACTION,,high,2026-06-22,New example in fresh Valid export.
https://ร้านรับซื้อโน๊ตบุ๊ค.com/รับซื้อโน๊ตบุ๊ค/กรุงเทพ/ตกรุ่น/,,Valid,new_fresh_example,,NO_ACTION,,high,2026-06-22,New example in fresh Valid export.
https://ร้านรับซื้อโน๊ตบุ๊ค.com/รับซื้อโน๊ตบุ๊ค/สุรินทร์/เครื่องเสีย/,,Valid,new_fresh_example,,NO_ACTION,,high,2026-06-22,New example in fresh Valid export.
https://ร้านรับซื้อโน๊ตบุ๊ค.com/รับซื้อโน๊ตบุ๊ค/นราธิวาส/gaming/,,Valid,new_fresh_example,,NO_ACTION,,high,2026-06-22,New example in fresh Valid export.
https://ร้านรับซื้อโน๊ตบุ๊ค.com/blog/ขายโน๊ตบุ๊คบริษัท-ต้องเตรียมอะไร/,,Valid,new_fresh_example,,NO_ACTION,,high,2026-06-21,New example in fresh Valid export.
https://ร้านรับซื้อโน๊ตบุ๊ค.com/รับซื้อโน๊ตบุ๊ค/มหาสารคาม/,,Valid,new_fresh_example,,NO_ACTION,,high,2026-06-20,New example in fresh Valid export.
https://ร้านรับซื้อโน๊ตบุ๊ค.com/รับซื้อโน๊ตบุ๊ค/ลำพูน/,,Valid,new_fresh_example,,NO_ACTION,,high,2026-06-20,New example in fresh Valid export.
https://ร้านรับซื้อโน๊ตบุ๊ค.com/blog/โน๊ตบุ๊คแบตเสื่อมขายได้ไหม/,,Valid,new_fresh_example,,NO_ACTION,,high,2026-06-20,New example in fresh Valid export.
https://ร้านรับซื้อโน๊ตบุ๊ค.com/รับซื้อโน๊ตบุ๊ค/พะเยา/,,Valid,new_fresh_example,,NO_ACTION,,high,2026-06-20,New example in fresh Valid export.
https://ร้านรับซื้อโน๊ตบุ๊ค.com/รับซื้อโน๊ตบุ๊ค/ตรัง/ไม่มีที่ชาร์จ/,,Valid,new_fresh_example,,NO_ACTION,,high,2026-06-20,New example in fresh Valid export.
https://ร้านรับซื้อโน๊ตบุ๊ค.com/รับซื้อโน๊ตบุ๊ค/ขอนแก่น/,,Valid,new_fresh_example,,NO_ACTION,,high,2026-06-20,New example in fresh Valid export.
https://ร้านรับซื้อโน๊ตบุ๊ค.com/blog/ฮาร์ดดิสก์กับ-ssd-ผลต่อราคารับซื้อโน๊ตบุ๊คมือสอง/,,Valid,new_fresh_example,,NO_ACTION,,high,2026-06-20,New example in fresh Valid export.
https://ร้านรับซื้อโน๊ตบุ๊ค.com/blog/ขาย-macbook-ต้องเตรียมอะไรบ้าง/,,Valid,new_fresh_example,,NO_ACTION,,high,2026-06-20,New example in fresh Valid export.
https://ร้านรับซื้อโน๊ตบุ๊ค.com/รับซื้อโน๊ตบุ๊ค/macbook-charge-port/,,Valid,new_fresh_example,,NO_ACTION,,high,2026-06-20,New example in fresh Valid export.
https://ร้านรับซื้อโน๊ตบุ๊ค.com/blog/รับซื้อ-lenovo-thinkbook-ราคาเท่าไหร่/,,Valid,new_fresh_example,,NO_ACTION,,high,2026-06-20,New example in fresh Valid export.
https://ร้านรับซื้อโน๊ตบุ๊ค.com/รับซื้อโน๊ตบุ๊ค/สิงห์บุรี/,,Valid,new_fresh_example,,NO_ACTION,,high,2026-06-20,New example in fresh Valid export.
https://ร้านรับซื้อโน๊ตบุ๊ค.com/รับซื้อโน๊ตบุ๊ค/สระแก้ว/,,Valid,new_fresh_example,,NO_ACTION,,high,2026-06-20,New example in fresh Valid export.
https://ร้านรับซื้อโน๊ตบุ๊ค.com/รับซื้อโน๊ตบุ๊ค/พิจิตร/,,Valid,new_fresh_example,,NO_ACTION,,high,2026-06-20,New example in fresh Valid export.
https://ร้านรับซื้อโน๊ตบุ๊ค.com/รับซื้อโน๊ตบุ๊ค/บึงกาฬ/,,Valid,new_fresh_example,,NO_ACTION,,high,2026-06-20,New example in fresh Valid export.
https://ร้านรับซื้อโน๊ตบุ๊ค.com/blog/รับซื้อโน๊ตบุ๊คออนไลน์-ส่งรูปประเมินราคาผ่านไลน์/,,Valid,new_fresh_example,,NO_ACTION,,high,2026-06-20,New example in fresh Valid export.
https://ร้านรับซื้อโน๊ตบุ๊ค.com/รับซื้อโน๊ตบุ๊ค/เลย/,,Valid,new_fresh_example,,NO_ACTION,,high,2026-06-20,New example in fresh Valid export.
https://ร้านรับซื้อโน๊ตบุ๊ค.com/รับซื้อโน๊ตบุ๊ค/สุราษฎร์ธานี/,,Valid,new_fresh_example,,NO_ACTION,,high,2026-06-20,New example in fresh Valid export.
https://ร้านรับซื้อโน๊ตบุ๊ค.com/blog/รับซื้อ-asus-rog-strix-zephyrus-ราคาเท่าไหร่/,,Valid,new_fresh_example,,NO_ACTION,,high,2026-06-20,New example in fresh Valid export.
https://ร้านรับซื้อโน๊ตบุ๊ค.com/รับซื้อโน๊ตบุ๊ค/,,Valid,new_fresh_example,,NO_ACTION,,high,2026-06-17,New example in fresh Valid export.
https://ร้านรับซื้อโน๊ตบุ๊ค.com/รับซื้อโน๊ตบุ๊ค/honor-magicbook/,,Valid,new_fresh_example,,NO_ACTION,,high,2026-06-16,New example in fresh Valid export.
https://ร้านรับซื้อโน๊ตบุ๊ค.com/blog/รับซื้อ-acer-nitro-v-helios-ราคาเท่าไหร่/,,Valid,new_fresh_example,,NO_ACTION,,high,2026-06-15,New example in fresh Valid export.
https://ร้านรับซื้อโน๊ตบุ๊ค.com/รับซื้อโน๊ตบุ๊ค/จอไม่ติดแต่เครื่องติด/,,Valid,new_fresh_example,,NO_ACTION,,high,2026-06-15,New example in fresh Valid export.
https://ร้านรับซื้อโน๊ตบุ๊ค.com/blog/โน๊ตบุ๊คฝาหลังร้าวขายได้ไหม/,,Valid,new_fresh_example,,NO_ACTION,,high,2026-06-15,New example in fresh Valid export.
https://ร้านรับซื้อโน๊ตบุ๊ค.com/รับซื้อโน๊ตบุ๊ค/ใกล้ฉัน/,,Valid,new_fresh_example,,NO_ACTION,,high,2026-06-15,New example in fresh Valid export.
https://ร้านรับซื้อโน๊ตบุ๊ค.com/blog/อะไรทำให้ราคาโน๊ตบุ๊คมือสองลดลง/,,Valid,new_fresh_example,,NO_ACTION,,high,2026-06-15,New example in fresh Valid export.
https://ร้านรับซื้อโน๊ตบุ๊ค.com/รับซื้อโน๊ตบุ๊ค/asus-zenbook/,,Valid,new_fresh_example,,NO_ACTION,,high,2026-06-15,New example in fresh Valid export.
https://ร้านรับซื้อโน๊ตบุ๊ค.com/รับซื้อโน๊ตบุ๊ค/นครราชสีมา/,,Valid,new_fresh_example,,NO_ACTION,,high,2026-06-15,New example in fresh Valid export.
https://ร้านรับซื้อโน๊ตบุ๊ค.com/รับซื้อโน๊ตบุ๊ค/gigabyte-aorus/,,Valid,new_fresh_example,,NO_ACTION,,high,2026-06-15,New example in fresh Valid export.
https://ร้านรับซื้อโน๊ตบุ๊ค.com/รับซื้อโน๊ตบุ๊ค/ปัตตานี/,,Valid,new_fresh_example,,NO_ACTION,,high,2026-06-15,New example in fresh Valid export.
https://ร้านรับซื้อโน๊ตบุ๊ค.com/รับซื้อโน๊ตบุ๊ค/ระนอง/,,Valid,new_fresh_example,,NO_ACTION,,high,2026-06-15,New example in fresh Valid export.
https://ร้านรับซื้อโน๊ตบุ๊ค.com/รับซื้อโน๊ตบุ๊ค/สมุทรสงคราม/,,Valid,new_fresh_example,,NO_ACTION,,high,2026-06-15,New example in fresh Valid export.
https://ร้านรับซื้อโน๊ตบุ๊ค.com/รับซื้อโน๊ตบุ๊ค/พัทลุง/คีย์บอร์ดเสีย/,,Valid,new_fresh_example,,NO_ACTION,,high,2026-06-15,New example in fresh Valid export.
https://ร้านรับซื้อโน๊ตบุ๊ค.com/รับซื้อโน๊ตบุ๊ค/กาญจนบุรี/dell/,,Valid,new_fresh_example,,NO_ACTION,,high,2026-06-14,New example in fresh Valid export.
https://ร้านรับซื้อโน๊ตบุ๊ค.com/รับซื้อโน๊ตบุ๊ค/นครราชสีมา/hp/,,Valid,new_fresh_example,,NO_ACTION,,high,2026-06-14,New example in fresh Valid export.
https://ร้านรับซื้อโน๊ตบุ๊ค.com/รับซื้อโน๊ตบุ๊ค/ระนอง/เครื่องเก่า/,,Valid,new_fresh_example,,NO_ACTION,,high,2026-06-14,New example in fresh Valid export.
https://ร้านรับซื้อโน๊ตบุ๊ค.com/รับซื้อโน๊ตบุ๊ค/ตาก/acer/,,Valid,new_fresh_example,,NO_ACTION,,high,2026-06-14,New example in fresh Valid export.
https://ร้านรับซื้อโน๊ตบุ๊ค.com/รับซื้อโน๊ตบุ๊ค/ยะลา/ฮาร์ดดิสก์เสีย/,,Valid,new_fresh_example,,NO_ACTION,,high,2026-06-14,New example in fresh Valid export.
https://ร้านรับซื้อโน๊ตบุ๊ค.com/รับซื้อโน๊ตบุ๊ค/เลย/โดนน้ำ/,,Valid,new_fresh_example,,NO_ACTION,,high,2026-06-14,New example in fresh Valid export.
https://ร้านรับซื้อโน๊ตบุ๊ค.com/รับซื้อโน๊ตบุ๊ค/ขอนแก่น/จอแตก/,,Valid,new_fresh_example,,NO_ACTION,,high,2026-06-14,New example in fresh Valid export.
https://ร้านรับซื้อโน๊ตบุ๊ค.com/รับซื้อโน๊ตบุ๊ค/สมุทรสงคราม/msi/,,Valid,new_fresh_example,,NO_ACTION,,high,2026-06-14,New example in fresh Valid export.
https://ร้านรับซื้อโน๊ตบุ๊ค.com/รับซื้อโน๊ตบุ๊ค/ตราด/lenovo/,,Valid,new_fresh_example,,NO_ACTION,,high,2026-06-14,New example in fresh Valid export.
https://ร้านรับซื้อโน๊ตบุ๊ค.com/รับซื้อโน๊ตบุ๊ค/เลย/msi/,,Valid,new_fresh_example,,NO_ACTION,,high,2026-06-14,New example in fresh Valid export.
https://ร้านรับซื้อโน๊ตบุ๊ค.com/รับซื้อโน๊ตบุ๊ค/สมุทรสงคราม/เครื่องเสีย/,,Valid,new_fresh_example,,NO_ACTION,,high,2026-06-14,New example in fresh Valid export.
https://ร้านรับซื้อโน๊ตบุ๊ค.com/รับซื้อโน๊ตบุ๊ค/อยุธยา/lenovo/,,Valid,new_fresh_example,,NO_ACTION,,high,2026-06-14,New example in fresh Valid export.
https://ร้านรับซื้อโน๊ตบุ๊ค.com/รับซื้อโน๊ตบุ๊ค/แพร่/โดนน้ำ/,,Valid,new_fresh_example,,NO_ACTION,,high,2026-06-14,New example in fresh Valid export.
https://ร้านรับซื้อโน๊ตบุ๊ค.com/รับซื้อโน๊ตบุ๊ค/หนองคาย/gaming/,,Valid,new_fresh_example,,NO_ACTION,,high,2026-06-14,New example in fresh Valid export.
https://ร้านรับซื้อโน๊ตบุ๊ค.com/รับซื้อโน๊ตบุ๊ค/พะเยา/msi/,,Valid,new_fresh_example,,NO_ACTION,,high,2026-06-14,New example in fresh Valid export.
https://ร้านรับซื้อโน๊ตบุ๊ค.com/รับซื้อโน๊ตบุ๊ค/อำนาจเจริญ/ไม่มีที่ชาร์จ/,,Valid,new_fresh_example,,NO_ACTION,,high,2026-06-14,New example in fresh Valid export.
https://ร้านรับซื้อโน๊ตบุ๊ค.com/รับซื้อโน๊ตบุ๊ค/ห้วยขวาง/คีย์บอร์ดเสีย/,,Valid,new_fresh_example,,NO_ACTION,,high,2026-06-14,New example in fresh Valid export.
https://ร้านรับซื้อโน๊ตบุ๊ค.com/รับซื้อโน๊ตบุ๊ค/พิจิตร/surface/,,Valid,new_fresh_example,,NO_ACTION,,high,2026-06-14,New example in fresh Valid export.
https://ร้านรับซื้อโน๊ตบุ๊ค.com/รับซื้อโน๊ตบุ๊ค/บึงกาฬ/asus/,,Valid,new_fresh_example,,NO_ACTION,,high,2026-06-14,New example in fresh Valid export.
https://ร้านรับซื้อโน๊ตบุ๊ค.com/รับซื้อโน๊ตบุ๊ค/เพชรบุรี/msi/,,Valid,new_fresh_example,,NO_ACTION,,high,2026-06-14,New example in fresh Valid export.
https://ร้านรับซื้อโน๊ตบุ๊ค.com/รับซื้อโน๊ตบุ๊ค/อ่างทอง/ฮาร์ดดิสก์เสีย/,,Valid,new_fresh_example,,NO_ACTION,,high,2026-06-14,New example in fresh Valid export.
https://ร้านรับซื้อโน๊ตบุ๊ค.com/รับซื้อโน๊ตบุ๊ค/สงขลา/จอแตก/,,Valid,new_fresh_example,,NO_ACTION,,high,2026-06-14,New example in fresh Valid export.
https://ร้านรับซื้อโน๊ตบุ๊ค.com/รับซื้อโน๊ตบุ๊ค/นครศรีธรรมราช/ฮาร์ดดิสก์เสีย/,,Valid,new_fresh_example,,NO_ACTION,,high,2026-06-14,New example in fresh Valid export.
https://ร้านรับซื้อโน๊ตบุ๊ค.com/รับซื้อโน๊ตบุ๊ค/พัทลุง/dell/,,Valid,new_fresh_example,,NO_ACTION,,high,2026-06-14,New example in fresh Valid export.
https://ร้านรับซื้อโน๊ตบุ๊ค.com/รับซื้อโน๊ตบุ๊ค/สระแก้ว/ไฟไม่เข้า/,,Valid,new_fresh_example,,NO_ACTION,,high,2026-06-14,New example in fresh Valid export.
https://ร้านรับซื้อโน๊ตบุ๊ค.com/รับซื้อโน๊ตบุ๊ค/พัทลุง/gaming/,,Valid,new_fresh_example,,NO_ACTION,,high,2026-06-14,New example in fresh Valid export.
https://ร้านรับซื้อโน๊ตบุ๊ค.com/รับซื้อโน๊ตบุ๊ค/หาดใหญ่/บานพับแตก/,,Valid,new_fresh_example,,NO_ACTION,,high,2026-06-14,New example in fresh Valid export.
https://ร้านรับซื้อโน๊ตบุ๊ค.com/รับซื้อโน๊ตบุ๊ค/ชุมพร/ฮาร์ดดิสก์เสีย/,,Valid,new_fresh_example,,NO_ACTION,,high,2026-06-14,New example in fresh Valid export.
https://ร้านรับซื้อโน๊ตบุ๊ค.com/รับซื้อโน๊ตบุ๊ค/แพร่/msi/,,Valid,new_fresh_example,,NO_ACTION,,high,2026-06-14,New example in fresh Valid export.
https://ร้านรับซื้อโน๊ตบุ๊ค.com/รับซื้อโน๊ตบุ๊ค/ราชบุรี/ตกรุ่น/,,Valid,new_fresh_example,,NO_ACTION,,high,2026-06-14,New example in fresh Valid export.
https://ร้านรับซื้อโน๊ตบุ๊ค.com/รับซื้อโน๊ตบุ๊ค/ห้วยขวาง/macbook/,,Valid,new_fresh_example,,NO_ACTION,,high,2026-06-14,New example in fresh Valid export.
https://ร้านรับซื้อโน๊ตบุ๊ค.com/รับซื้อโน๊ตบุ๊ค/ปราจีนบุรี/lenovo/,,Valid,new_fresh_example,,NO_ACTION,,high,2026-06-14,New example in fresh Valid export.
https://ร้านรับซื้อโน๊ตบุ๊ค.com/รับซื้อโน๊ตบุ๊ค/ลาดพร้าว/msi/,,Valid,new_fresh_example,,NO_ACTION,,high,2026-06-14,New example in fresh Valid export.
https://ร้านรับซื้อโน๊ตบุ๊ค.com/รับซื้อโน๊ตบุ๊ค/หนองบัวลำภู/hp/,,Valid,new_fresh_example,,NO_ACTION,,high,2026-06-14,New example in fresh Valid export.
https://ร้านรับซื้อโน๊ตบุ๊ค.com/รับซื้อโน๊ตบุ๊ค/ลาดพร้าว/แบตเสื่อม/,,Valid,new_fresh_example,,NO_ACTION,,high,2026-06-14,New example in fresh Valid export.
https://ร้านรับซื้อโน๊ตบุ๊ค.com/รับซื้อโน๊ตบุ๊ค/ศรีสะเกษ/เครื่องเก่า/,,Valid,new_fresh_example,,NO_ACTION,,high,2026-06-14,New example in fresh Valid export.
https://ร้านรับซื้อโน๊ตบุ๊ค.com/รับซื้อโน๊ตบุ๊ค/สุโขทัย/บานพับแตก/,,Valid,new_fresh_example,,NO_ACTION,,high,2026-06-14,New example in fresh Valid export.
https://ร้านรับซื้อโน๊ตบุ๊ค.com/รับซื้อโน๊ตบุ๊ค/สุราษฎร์ธานี/จอแตก/,,Valid,new_fresh_example,,NO_ACTION,,high,2026-06-14,New example in fresh Valid export.
https://ร้านรับซื้อโน๊ตบุ๊ค.com/รับซื้อโน๊ตบุ๊ค/สุโขทัย/acer/,,Valid,new_fresh_example,,NO_ACTION,,high,2026-06-14,New example in fresh Valid export.
https://ร้านรับซื้อโน๊ตบุ๊ค.com/รับซื้อโน๊ตบุ๊ค/ชลบุรี/,,Valid,new_fresh_example,,NO_ACTION,,high,2026-06-14,New example in fresh Valid export.
https://ร้านรับซื้อโน๊ตบุ๊ค.com/รับซื้อโน๊ตบุ๊ค/ทัชแพดเสีย/,,Valid,new_fresh_example,,NO_ACTION,,high,2026-06-14,New example in fresh Valid export.
https://ร้านรับซื้อโน๊ตบุ๊ค.com/รับซื้อโน๊ตบุ๊ค/สุรินทร์/ใช้งานปกติ/,,Valid,new_fresh_example,,NO_ACTION,,high,2026-06-14,New example in fresh Valid export.
https://ร้านรับซื้อโน๊ตบุ๊ค.com/รับซื้อโน๊ตบุ๊ค/สุโขทัย/,,Valid,new_fresh_example,,NO_ACTION,,high,2026-06-14,New example in fresh Valid export.
https://ร้านรับซื้อโน๊ตบุ๊ค.com/รับซื้อโน๊ตบุ๊ค/surface-pro/,,Valid,new_fresh_example,,NO_ACTION,,high,2026-06-14,New example in fresh Valid export.
https://ร้านรับซื้อโน๊ตบุ๊ค.com/รับซื้อโน๊ตบุ๊ค/นครนายก/,,Valid,new_fresh_example,,NO_ACTION,,high,2026-06-14,New example in fresh Valid export.
https://ร้านรับซื้อโน๊ตบุ๊ค.com/blog/รับซื้อ-dell-latitude-xps-ราคาเท่าไหร่/,,Valid,new_fresh_example,,NO_ACTION,,high,2026-06-14,New example in fresh Valid export.
https://ร้านรับซื้อโน๊ตบุ๊ค.com/รับซื้อโน๊ตบุ๊ค/acer-swift/,,Valid,new_fresh_example,,NO_ACTION,,high,2026-06-14,New example in fresh Valid export.
https://ร้านรับซื้อโน๊ตบุ๊ค.com/รับซื้อโน๊ตบุ๊ค/ฝาหลังบวม/,,Valid,new_fresh_example,,NO_ACTION,,high,2026-06-14,New example in fresh Valid export.
https://ร้านรับซื้อโน๊ตบุ๊ค.com/รับซื้อโน๊ตบุ๊ค/สิงห์บุรี/คีย์บอร์ดเสีย/,,Valid,new_fresh_example,,NO_ACTION,,high,2026-06-14,New example in fresh Valid export.
https://ร้านรับซื้อโน๊ตบุ๊ค.com/รับซื้อโน๊ตบุ๊ค/อุทัยธานี/เมนบอร์ดเสีย/,,Valid,new_fresh_example,,NO_ACTION,,high,2026-06-14,New example in fresh Valid export.
https://ร้านรับซื้อโน๊ตบุ๊ค.com/รับซื้อโน๊ตบุ๊ค/พะเยา/ฮาร์ดดิสก์เสีย/,,Valid,new_fresh_example,,NO_ACTION,,high,2026-06-14,New example in fresh Valid export.
https://ร้านรับซื้อโน๊ตบุ๊ค.com/รับซื้อโน๊ตบุ๊ค/บางนา/เปิดไม่ติด/,,Valid,new_fresh_example,,NO_ACTION,,high,2026-06-14,New example in fresh Valid export.
https://ร้านรับซื้อโน๊ตบุ๊ค.com/รับซื้อโน๊ตบุ๊ค/เพชรบูรณ์/ไม่มีที่ชาร์จ/,,Valid,new_fresh_example,,NO_ACTION,,high,2026-06-14,New example in fresh Valid export.
https://ร้านรับซื้อโน๊ตบุ๊ค.com/รับซื้อโน๊ตบุ๊ค/นครราชสีมา/แบตเสื่อม/,,Valid,new_fresh_example,,NO_ACTION,,high,2026-06-14,New example in fresh Valid export.
https://ร้านรับซื้อโน๊ตบุ๊ค.com/รับซื้อโน๊ตบุ๊ค/อุบลราชธานี/hp/,,Valid,new_fresh_example,,NO_ACTION,,high,2026-06-14,New example in fresh Valid export.
https://ร้านรับซื้อโน๊ตบุ๊ค.com/รับซื้อโน๊ตบุ๊ค/ตราด/msi/,,Valid,new_fresh_example,,NO_ACTION,,high,2026-06-14,New example in fresh Valid export.
https://ร้านรับซื้อโน๊ตบุ๊ค.com/รับซื้อโน๊ตบุ๊ค/ชุมพร/,,Valid,new_fresh_example,,NO_ACTION,,high,2026-06-14,New example in fresh Valid export.
https://ร้านรับซื้อโน๊ตบุ๊ค.com/รับซื้อโน๊ตบุ๊ค/ฮาร์ดดิสก์เสีย/,,Valid,new_fresh_example,,NO_ACTION,,high,2026-06-14,New example in fresh Valid export.
https://ร้านรับซื้อโน๊ตบุ๊ค.com/รับซื้อโน๊ตบุ๊ค/สมุทรสาคร/,,Valid,new_fresh_example,,NO_ACTION,,high,2026-06-14,New example in fresh Valid export.
https://ร้านรับซื้อโน๊ตบุ๊ค.com/รับซื้อโน๊ตบุ๊ค/บูตวน/,,Valid,new_fresh_example,,NO_ACTION,,high,2026-06-14,New example in fresh Valid export.
https://ร้านรับซื้อโน๊ตบุ๊ค.com/รับซื้อโน๊ตบุ๊ค/ราชบุรี/,,Valid,new_fresh_example,,NO_ACTION,,high,2026-06-14,New example in fresh Valid export.
https://ร้านรับซื้อโน๊ตบุ๊ค.com/blog/วิธีดูรุ่นโน๊ตบุ๊ค-windows-ก่อนส่งประเมินราคา/,,Valid,new_fresh_example,,NO_ACTION,,high,2026-06-14,New example in fresh Valid export.
https://ร้านรับซื้อโน๊ตบุ๊ค.com/รับซื้อโน๊ตบุ๊ค/อุดรธานี/เปิดไม่ติด/,,Valid,new_fresh_example,,NO_ACTION,,high,2026-06-14,New example in fresh Valid export.
https://ร้านรับซื้อโน๊ตบุ๊ค.com/รับซื้อโน๊ตบุ๊ค/ระยอง/ตกรุ่น/,,Valid,new_fresh_example,,NO_ACTION,,high,2026-06-14,New example in fresh Valid export.
https://ร้านรับซื้อโน๊ตบุ๊ค.com/รับซื้อโน๊ตบุ๊ค/หนองบัวลำภู/msi/,,Valid,new_fresh_example,,NO_ACTION,,high,2026-06-14,New example in fresh Valid export.
https://ร้านรับซื้อโน๊ตบุ๊ค.com/รับซื้อโน๊ตบุ๊ค/นครศรีธรรมราช/dell/,,Valid,new_fresh_example,,NO_ACTION,,high,2026-06-14,New example in fresh Valid export.
https://ร้านรับซื้อโน๊ตบุ๊ค.com/รับซื้อโน๊ตบุ๊ค/นครราชสีมา/เมนบอร์ดเสีย/,,Valid,new_fresh_example,,NO_ACTION,,high,2026-06-14,New example in fresh Valid export.
https://ร้านรับซื้อโน๊ตบุ๊ค.com/รับซื้อโน๊ตบุ๊ค/ชลบุรี/เปิดไม่ติด/,,Valid,new_fresh_example,,NO_ACTION,,high,2026-06-14,New example in fresh Valid export.
https://ร้านรับซื้อโน๊ตบุ๊ค.com/รับซื้อโน๊ตบุ๊ค/ระนอง/ไม่มีที่ชาร์จ/,,Valid,new_fresh_example,,NO_ACTION,,high,2026-06-14,New example in fresh Valid export.
https://ร้านรับซื้อโน๊ตบุ๊ค.com/รับซื้อโน๊ตบุ๊ค/ยะลา/acer/,,Valid,new_fresh_example,,NO_ACTION,,high,2026-06-14,New example in fresh Valid export.
https://ร้านรับซื้อโน๊ตบุ๊ค.com/รับซื้อโน๊ตบุ๊ค/ชุมพร/เมนบอร์ดเสีย/,,Valid,new_fresh_example,,NO_ACTION,,high,2026-06-14,New example in fresh Valid export.
https://ร้านรับซื้อโน๊ตบุ๊ค.com/รับซื้อโน๊ตบุ๊ค/นครปฐม/เครื่องเก่า/,,Valid,new_fresh_example,,NO_ACTION,,high,2026-06-14,New example in fresh Valid export.
https://ร้านรับซื้อโน๊ตบุ๊ค.com/รับซื้อโน๊ตบุ๊ค/อุตรดิตถ์/hp/,,Valid,new_fresh_example,,NO_ACTION,,high,2026-06-14,New example in fresh Valid export.
https://ร้านรับซื้อโน๊ตบุ๊ค.com/รับซื้อโน๊ตบุ๊ค/สุราษฎร์ธานี/surface/,,Valid,new_fresh_example,,NO_ACTION,,high,2026-06-13,New example in fresh Valid export.
https://ร้านรับซื้อโน๊ตบุ๊ค.com/รับซื้อโน๊ตบุ๊ค/ฉะเชิงเทรา/เปิดไม่ติด/,,Valid,new_fresh_example,,NO_ACTION,,high,2026-06-13,New example in fresh Valid export.
https://ร้านรับซื้อโน๊ตบุ๊ค.com/blog/gaming-notebook-มือสองขายได้ราคาดีกว่าไหม/,,Valid,new_fresh_example,,NO_ACTION,,high,2026-06-13,New example in fresh Valid export.
https://ร้านรับซื้อโน๊ตบุ๊ค.com/รับซื้อโน๊ตบุ๊ค/ลพบุรี/จอแตก/,,Valid,new_fresh_example,,NO_ACTION,,high,2026-06-13,New example in fresh Valid export.
https://ร้านรับซื้อโน๊ตบุ๊ค.com/รับซื้อโน๊ตบุ๊ค/macbook-keyboard-issue/,,Valid,new_fresh_example,,NO_ACTION,,high,2026-06-13,New example in fresh Valid export.
https://ร้านรับซื้อโน๊ตบุ๊ค.com/รับซื้อโน๊ตบุ๊ค/ชัยนาท/แบตเสื่อม/,,Valid,new_fresh_example,,NO_ACTION,,high,2026-06-13,New example in fresh Valid export.
https://ร้านรับซื้อโน๊ตบุ๊ค.com/รับซื้อโน๊ตบุ๊ค/ประจวบคีรีขันธ์/macbook/,,Valid,new_fresh_example,,NO_ACTION,,high,2026-06-13,New example in fresh Valid export.
https://ร้านรับซื้อโน๊ตบุ๊ค.com/รับซื้อโน๊ตบุ๊ค/สมุทรปราการ/บานพับแตก/,,Valid,new_fresh_example,,NO_ACTION,,high,2026-06-13,New example in fresh Valid export.
https://ร้านรับซื้อโน๊ตบุ๊ค.com/รับซื้อโน๊ตบุ๊ค/ชัยนาท/ทัชสกรีนเสีย/,,Valid,new_fresh_example,,NO_ACTION,,high,2026-06-13,New example in fresh Valid export.
https://ร้านรับซื้อโน๊ตบุ๊ค.com/รับซื้อโน๊ตบุ๊ค/บุรีรัมย์/แบตเสื่อม/,,Valid,new_fresh_example,,NO_ACTION,,high,2026-06-13,New example in fresh Valid export.
https://ร้านรับซื้อโน๊ตบุ๊ค.com/รับซื้อโน๊ตบุ๊ค/ชุมพร/macbook/,,Valid,new_fresh_example,,NO_ACTION,,high,2026-06-13,New example in fresh Valid export.
https://ร้านรับซื้อโน๊ตบุ๊ค.com/รับซื้อโน๊ตบุ๊ค/นครพนม/จอแตก/,,Valid,new_fresh_example,,NO_ACTION,,high,2026-06-13,New example in fresh Valid export.
https://ร้านรับซื้อโน๊ตบุ๊ค.com/รับซื้อโน๊ตบุ๊ค/razer-blade/,,Valid,new_fresh_example,,NO_ACTION,,high,2026-06-13,New example in fresh Valid export.
https://ร้านรับซื้อโน๊ตบุ๊ค.com/blog/วิธีเช็คสเปกโน๊ตบุ๊ค-windows-ก่อนขาย/,,Valid,new_fresh_example,,NO_ACTION,,high,2026-06-13,New example in fresh Valid export.
https://ร้านรับซื้อโน๊ตบุ๊ค.com/blog/โน๊ตบุ๊คคีย์บอร์ดเสียขายได้ไหม/,,Valid,new_fresh_example,,NO_ACTION,,high,2026-06-13,New example in fresh Valid export.
https://ร้านรับซื้อโน๊ตบุ๊ค.com/blog/โน๊ตบุ๊ค-hdmi-เสียขายได้ไหม/,,Valid,new_fresh_example,,NO_ACTION,,high,2026-06-13,New example in fresh Valid export.
https://ร้านรับซื้อโน๊ตบุ๊ค.com/รับซื้อโน๊ตบุ๊ค/ชัยภูมิ/,,Valid,new_fresh_example,,NO_ACTION,,high,2026-06-13,New example in fresh Valid export.
https://ร้านรับซื้อโน๊ตบุ๊ค.com/รับซื้อโน๊ตบุ๊ค/โดนน้ำ/,,Valid,new_fresh_example,,NO_ACTION,,high,2026-06-13,New example in fresh Valid export.
https://ร้านรับซื้อโน๊ตบุ๊ค.com/blog/รับซื้อ-gigabyte-aorus-ราคาเท่าไหร่/,,Valid,new_fresh_example,,NO_ACTION,,high,2026-06-13,New example in fresh Valid export.
https://ร้านรับซื้อโน๊ตบุ๊ค.com/รับซื้อโน๊ตบุ๊ค/กาญจนบุรี/acer/,,Valid,new_fresh_example,,NO_ACTION,,high,2026-06-13,New example in fresh Valid export.
https://ร้านรับซื้อโน๊ตบุ๊ค.com/รับซื้อโน๊ตบุ๊ค/ขอนแก่น/ไฟไม่เข้า/,,Valid,new_fresh_example,,NO_ACTION,,high,2026-06-13,New example in fresh Valid export.
https://ร้านรับซื้อโน๊ตบุ๊ค.com/รับซื้อโน๊ตบุ๊ค/บุรีรัมย์/dell/,,Valid,new_fresh_example,,NO_ACTION,,high,2026-06-12,New example in fresh Valid export.
https://ร้านรับซื้อโน๊ตบุ๊ค.com/รับซื้อโน๊ตบุ๊ค/แม่ฮ่องสอน/ฮาร์ดดิสก์เสีย/,,Valid,new_fresh_example,,NO_ACTION,,high,2026-06-12,New example in fresh Valid export.
https://ร้านรับซื้อโน๊ตบุ๊ค.com/รับซื้อโน๊ตบุ๊ค/สุรินทร์/msi/,,Valid,new_fresh_example,,NO_ACTION,,high,2026-06-12,New example in fresh Valid export.
https://ร้านรับซื้อโน๊ตบุ๊ค.com/รับซื้อโน๊ตบุ๊ค/ระยอง/เครื่องเสีย/,,Valid,new_fresh_example,,NO_ACTION,,high,2026-06-12,New example in fresh Valid export.
https://ร้านรับซื้อโน๊ตบุ๊ค.com/รับซื้อโน๊ตบุ๊ค/ระนอง/acer/,,Valid,new_fresh_example,,NO_ACTION,,high,2026-06-12,New example in fresh Valid export.
https://ร้านรับซื้อโน๊ตบุ๊ค.com/รับซื้อโน๊ตบุ๊ค/รามคำแหง/msi/,,Valid,new_fresh_example,,NO_ACTION,,high,2026-06-12,New example in fresh Valid export.
https://ร้านรับซื้อโน๊ตบุ๊ค.com/รับซื้อโน๊ตบุ๊ค/เชียงราย/msi/,,Valid,new_fresh_example,,NO_ACTION,,high,2026-06-12,New example in fresh Valid export.
https://ร้านรับซื้อโน๊ตบุ๊ค.com/รับซื้อโน๊ตบุ๊ค/สระบุรี/acer/,,Valid,new_fresh_example,,NO_ACTION,,high,2026-06-12,New example in fresh Valid export.
https://ร้านรับซื้อโน๊ตบุ๊ค.com/รับซื้อโน๊ตบุ๊ค/อำนาจเจริญ/msi/,,Valid,new_fresh_example,,NO_ACTION,,high,2026-06-12,New example in fresh Valid export.
https://ร้านรับซื้อโน๊ตบุ๊ค.com/รับซื้อโน๊ตบุ๊ค/กล้องเสีย/,,Valid,new_fresh_example,,NO_ACTION,,high,2026-06-12,New example in fresh Valid export.
https://ร้านรับซื้อโน๊ตบุ๊ค.com/รับซื้อโน๊ตบุ๊ค/อุตรดิตถ์/คีย์บอร์ดเสีย/,,Valid,new_fresh_example,,NO_ACTION,,high,2026-06-12,New example in fresh Valid export.
https://ร้านรับซื้อโน๊ตบุ๊ค.com/รับซื้อโน๊ตบุ๊ค/ปราจีนบุรี/เครื่องเก่า/,,Valid,new_fresh_example,,NO_ACTION,,high,2026-06-12,New example in fresh Valid export.
https://ร้านรับซื้อโน๊ตบุ๊ค.com/รับซื้อโน๊ตบุ๊ค/ขอนแก่น/ทัชสกรีนเสีย/,,Valid,new_fresh_example,,NO_ACTION,,high,2026-06-12,New example in fresh Valid export.
https://ร้านรับซื้อโน๊ตบุ๊ค.com/รับซื้อโน๊ตบุ๊ค/นครพนม/แบตเสื่อม/,,Valid,new_fresh_example,,NO_ACTION,,high,2026-06-12,New example in fresh Valid export.
https://ร้านรับซื้อโน๊ตบุ๊ค.com/รับซื้อโน๊ตบุ๊ค/ชุมพร/dell/,,Valid,new_fresh_example,,NO_ACTION,,high,2026-06-12,New example in fresh Valid export.
https://ร้านรับซื้อโน๊ตบุ๊ค.com/รับซื้อโน๊ตบุ๊ค/สระบุรี/บานพับแตก/,,Valid,new_fresh_example,,NO_ACTION,,high,2026-06-12,New example in fresh Valid export.
https://ร้านรับซื้อโน๊ตบุ๊ค.com/รับซื้อโน๊ตบุ๊ค/ร้อยเอ็ด/จอแตก/,,Valid,new_fresh_example,,NO_ACTION,,high,2026-06-12,New example in fresh Valid export.
https://ร้านรับซื้อโน๊ตบุ๊ค.com/รับซื้อโน๊ตบุ๊ค/ตราด/แบตเสื่อม/,,Valid,new_fresh_example,,NO_ACTION,,high,2026-06-12,New example in fresh Valid export.
https://ร้านรับซื้อโน๊ตบุ๊ค.com/รับซื้อโน๊ตบุ๊ค/นนทบุรี/ใช้งานปกติ/,,Valid,new_fresh_example,,NO_ACTION,,high,2026-06-12,New example in fresh Valid export.
https://ร้านรับซื้อโน๊ตบุ๊ค.com/รับซื้อโน๊ตบุ๊ค/กำแพงเพชร/เปิดไม่ติด/,,Valid,new_fresh_example,,NO_ACTION,,high,2026-06-12,New example in fresh Valid export.
https://ร้านรับซื้อโน๊ตบุ๊ค.com/รับซื้อโน๊ตบุ๊ค/สิงห์บุรี/dell/,,Valid,new_fresh_example,,NO_ACTION,,high,2026-06-12,New example in fresh Valid export.
https://ร้านรับซื้อโน๊ตบุ๊ค.com/รับซื้อโน๊ตบุ๊ค/เชียงใหม่/ใช้งานปกติ/,,Valid,new_fresh_example,,NO_ACTION,,high,2026-06-12,New example in fresh Valid export.
https://ร้านรับซื้อโน๊ตบุ๊ค.com/รับซื้อโน๊ตบุ๊ค/ภูเก็ต/ใช้งานปกติ/,,Valid,new_fresh_example,,NO_ACTION,,high,2026-06-12,New example in fresh Valid export.
https://ร้านรับซื้อโน๊ตบุ๊ค.com/รับซื้อโน๊ตบุ๊ค/ราชบุรี/asus/,,Valid,new_fresh_example,,NO_ACTION,,high,2026-06-12,New example in fresh Valid export.
https://ร้านรับซื้อโน๊ตบุ๊ค.com/รับซื้อโน๊ตบุ๊ค/กำแพงเพชร/เครื่องเสีย/,,Valid,new_fresh_example,,NO_ACTION,,high,2026-06-12,New example in fresh Valid export.
https://ร้านรับซื้อโน๊ตบุ๊ค.com/รับซื้อโน๊ตบุ๊ค/ขอนแก่น/hp/,,Valid,new_fresh_example,,NO_ACTION,,high,2026-06-12,New example in fresh Valid export.
https://ร้านรับซื้อโน๊ตบุ๊ค.com/รับซื้อโน๊ตบุ๊ค/เชียงราย/ทัชสกรีนเสีย/,,Valid,new_fresh_example,,NO_ACTION,,high,2026-06-12,New example in fresh Valid export.
https://ร้านรับซื้อโน๊ตบุ๊ค.com/รับซื้อโน๊ตบุ๊ค/ปัตตานี/โดนน้ำ/,,Valid,new_fresh_example,,NO_ACTION,,high,2026-06-12,New example in fresh Valid export.
https://ร้านรับซื้อโน๊ตบุ๊ค.com/รับซื้อโน๊ตบุ๊ค/ลำพูน/acer/,,Valid,new_fresh_example,,NO_ACTION,,high,2026-06-12,New example in fresh Valid export.
https://ร้านรับซื้อโน๊ตบุ๊ค.com/รับซื้อโน๊ตบุ๊ค/หนองบัวลำภู/gaming/,,Valid,new_fresh_example,,NO_ACTION,,high,2026-06-12,New example in fresh Valid export.
https://ร้านรับซื้อโน๊ตบุ๊ค.com/รับซื้อโน๊ตบุ๊ค/มุกดาหาร/gaming/,,Valid,new_fresh_example,,NO_ACTION,,high,2026-06-12,New example in fresh Valid export.
https://ร้านรับซื้อโน๊ตบุ๊ค.com/รับซื้อโน๊ตบุ๊ค/ตาก/โดนน้ำ/,,Valid,new_fresh_example,,NO_ACTION,,high,2026-06-12,New example in fresh Valid export.
https://ร้านรับซื้อโน๊ตบุ๊ค.com/รับซื้อโน๊ตบุ๊ค/ลำพูน/ไฟไม่เข้า/,,Valid,new_fresh_example,,NO_ACTION,,high,2026-06-12,New example in fresh Valid export.
https://ร้านรับซื้อโน๊ตบุ๊ค.com/รับซื้อโน๊ตบุ๊ค/ลำปาง/เมนบอร์ดเสีย/,,Valid,new_fresh_example,,NO_ACTION,,high,2026-06-12,New example in fresh Valid export.
https://ร้านรับซื้อโน๊ตบุ๊ค.com/รับซื้อโน๊ตบุ๊ค/หนองคาย/เปิดไม่ติด/,,Valid,new_fresh_example,,NO_ACTION,,high,2026-06-12,New example in fresh Valid export.
https://ร้านรับซื้อโน๊ตบุ๊ค.com/รับซื้อโน๊ตบุ๊ค/ฉะเชิงเทรา/เครื่องเก่า/,,Valid,new_fresh_example,,NO_ACTION,,high,2026-06-12,New example in fresh Valid export.
https://ร้านรับซื้อโน๊ตบุ๊ค.com/รับซื้อโน๊ตบุ๊ค/ชลบุรี/acer/,,Valid,new_fresh_example,,NO_ACTION,,high,2026-06-12,New example in fresh Valid export.
https://ร้านรับซื้อโน๊ตบุ๊ค.com/รับซื้อโน๊ตบุ๊ค/แม่ฮ่องสอน/เครื่องเก่า/,,Valid,new_fresh_example,,NO_ACTION,,high,2026-06-12,New example in fresh Valid export.
https://ร้านรับซื้อโน๊ตบุ๊ค.com/รับซื้อโน๊ตบุ๊ค/อ่างทอง/asus/,,Valid,new_fresh_example,,NO_ACTION,,high,2026-06-12,New example in fresh Valid export.
https://ร้านรับซื้อโน๊ตบุ๊ค.com/รับซื้อโน๊ตบุ๊ค/สงขลา/lenovo/,,Valid,new_fresh_example,,NO_ACTION,,high,2026-06-12,New example in fresh Valid export.
https://ร้านรับซื้อโน๊ตบุ๊ค.com/รับซื้อโน๊ตบุ๊ค/ภาคอีสาน/macbook/,,Valid,new_fresh_example,,NO_ACTION,,high,2026-06-12,New example in fresh Valid export.
https://ร้านรับซื้อโน๊ตบุ๊ค.com/รับซื้อโน๊ตบุ๊ค/ยะลา/ไฟไม่เข้า/,,Valid,new_fresh_example,,NO_ACTION,,high,2026-06-12,New example in fresh Valid export.
https://ร้านรับซื้อโน๊ตบุ๊ค.com/รับซื้อโน๊ตบุ๊ค/เชียงราย/จอแตก/,,Valid,new_fresh_example,,NO_ACTION,,high,2026-06-12,New example in fresh Valid export.
https://ร้านรับซื้อโน๊ตบุ๊ค.com/รับซื้อโน๊ตบุ๊ค/อ่างทอง/โดนน้ำ/,,Valid,new_fresh_example,,NO_ACTION,,high,2026-06-12,New example in fresh Valid export.
https://ร้านรับซื้อโน๊ตบุ๊ค.com/รับซื้อโน๊ตบุ๊ค/ศรีสะเกษ/acer/,,Valid,new_fresh_example,,NO_ACTION,,high,2026-06-12,New example in fresh Valid export.
https://ร้านรับซื้อโน๊ตบุ๊ค.com/รับซื้อโน๊ตบุ๊ค/ฉะเชิงเทรา/คีย์บอร์ดเสีย/,,Valid,new_fresh_example,,NO_ACTION,,high,2026-06-12,New example in fresh Valid export.
https://ร้านรับซื้อโน๊ตบุ๊ค.com/รับซื้อโน๊ตบุ๊ค/ฉะเชิงเทรา/dell/,,Valid,new_fresh_example,,NO_ACTION,,high,2026-06-12,New example in fresh Valid export.
https://ร้านรับซื้อโน๊ตบุ๊ค.com/รับซื้อโน๊ตบุ๊ค/พิจิตร/macbook/,,Valid,new_fresh_example,,NO_ACTION,,high,2026-06-12,New example in fresh Valid export.
https://ร้านรับซื้อโน๊ตบุ๊ค.com/รับซื้อโน๊ตบุ๊ค/ชุมพร/acer/,,Valid,new_fresh_example,,NO_ACTION,,high,2026-06-12,New example in fresh Valid export.
https://ร้านรับซื้อโน๊ตบุ๊ค.com/รับซื้อโน๊ตบุ๊ค/ฉะเชิงเทรา/macbook/,,Valid,new_fresh_example,,NO_ACTION,,high,2026-06-12,New example in fresh Valid export.
https://ร้านรับซื้อโน๊ตบุ๊ค.com/รับซื้อโน๊ตบุ๊ค/ชัยนาท/ใช้งานปกติ/,,Valid,new_fresh_example,,NO_ACTION,,high,2026-06-12,New example in fresh Valid export.
https://ร้านรับซื้อโน๊ตบุ๊ค.com/รับซื้อโน๊ตบุ๊ค/ชัยภูมิ/ใช้งานปกติ/,,Valid,new_fresh_example,,NO_ACTION,,high,2026-06-12,New example in fresh Valid export.
https://ร้านรับซื้อโน๊ตบุ๊ค.com/รับซื้อโน๊ตบุ๊ค/หนองคาย/surface/,,Valid,new_fresh_example,,NO_ACTION,,high,2026-06-12,New example in fresh Valid export.
https://ร้านรับซื้อโน๊ตบุ๊ค.com/รับซื้อโน๊ตบุ๊ค/มหาสารคาม/ทัชสกรีนเสีย/,,Valid,new_fresh_example,,NO_ACTION,,high,2026-06-12,New example in fresh Valid export.
https://ร้านรับซื้อโน๊ตบุ๊ค.com/รับซื้อโน๊ตบุ๊ค/หนองคาย/จอแตก/,,Valid,new_fresh_example,,NO_ACTION,,high,2026-06-12,New example in fresh Valid export.
https://ร้านรับซื้อโน๊ตบุ๊ค.com/รับซื้อโน๊ตบุ๊ค/นครปฐม/เครื่องเสีย/,,Valid,new_fresh_example,,NO_ACTION,,high,2026-06-12,New example in fresh Valid export.
https://ร้านรับซื้อโน๊ตบุ๊ค.com/รับซื้อโน๊ตบุ๊ค/สมุทรปราการ/surface/,,Valid,new_fresh_example,,NO_ACTION,,high,2026-06-12,New example in fresh Valid export.
https://ร้านรับซื้อโน๊ตบุ๊ค.com/รับซื้อโน๊ตบุ๊ค/ร้อยเอ็ด/msi/,,Valid,new_fresh_example,,NO_ACTION,,high,2026-06-12,New example in fresh Valid export.
https://ร้านรับซื้อโน๊ตบุ๊ค.com/รับซื้อโน๊ตบุ๊ค/ราชบุรี/dell/,,Valid,new_fresh_example,,NO_ACTION,,high,2026-06-12,New example in fresh Valid export.
https://ร้านรับซื้อโน๊ตบุ๊ค.com/รับซื้อโน๊ตบุ๊ค/เพชรบุรี/ทัชสกรีนเสีย/,,Valid,new_fresh_example,,NO_ACTION,,high,2026-06-12,New example in fresh Valid export.
https://ร้านรับซื้อโน๊ตบุ๊ค.com/รับซื้อโน๊ตบุ๊ค/กระบี่/lenovo/,,Valid,new_fresh_example,,NO_ACTION,,high,2026-06-12,New example in fresh Valid export.
https://ร้านรับซื้อโน๊ตบุ๊ค.com/รับซื้อโน๊ตบุ๊ค/สุราษฎร์ธานี/เครื่องเก่า/,,Valid,new_fresh_example,,NO_ACTION,,high,2026-06-12,New example in fresh Valid export.
https://ร้านรับซื้อโน๊ตบุ๊ค.com/รับซื้อโน๊ตบุ๊ค/สมุทรปราการ/เครื่องเสีย/,,Valid,new_fresh_example,,NO_ACTION,,high,2026-06-12,New example in fresh Valid export.
https://ร้านรับซื้อโน๊ตบุ๊ค.com/รับซื้อโน๊ตบุ๊ค/กาฬสินธุ์/คีย์บอร์ดเสีย/,,Valid,new_fresh_example,,NO_ACTION,,high,2026-06-11,New example in fresh Valid export.
https://ร้านรับซื้อโน๊ตบุ๊ค.com/รับซื้อโน๊ตบุ๊ค/ตาก/ใช้งานปกติ/,,Valid,new_fresh_example,,NO_ACTION,,high,2026-06-11,New example in fresh Valid export.
https://ร้านรับซื้อโน๊ตบุ๊ค.com/blog/โน๊ตบุ๊คติดรหัส-windows-ขายได้ไหม/,,Valid,new_fresh_example,,NO_ACTION,,high,2026-06-11,New example in fresh Valid export.
https://ร้านรับซื้อโน๊ตบุ๊ค.com/รับซื้อโน๊ตบุ๊ค/ร้อยเอ็ด/asus/,,Valid,new_fresh_example,,NO_ACTION,,high,2026-06-11,New example in fresh Valid export.
https://ร้านรับซื้อโน๊ตบุ๊ค.com/รับซื้อโน๊ตบุ๊ค/นครปฐม/ตกรุ่น/,,Valid,new_fresh_example,,NO_ACTION,,high,2026-06-11,New example in fresh Valid export.
https://ร้านรับซื้อโน๊ตบุ๊ค.com/รับซื้อโน๊ตบุ๊ค/เพชรบูรณ์/hp/,,Valid,new_fresh_example,,NO_ACTION,,high,2026-06-11,New example in fresh Valid export.
https://ร้านรับซื้อโน๊ตบุ๊ค.com/รับซื้อโน๊ตบุ๊ค/ปราจีนบุรี/msi/,,Valid,new_fresh_example,,NO_ACTION,,high,2026-06-11,New example in fresh Valid export.
https://ร้านรับซื้อโน๊ตบุ๊ค.com/รับซื้อโน๊ตบุ๊ค/มหาสารคาม/lenovo/,,Valid,new_fresh_example,,NO_ACTION,,high,2026-06-11,New example in fresh Valid export.
https://ร้านรับซื้อโน๊ตบุ๊ค.com/รับซื้อโน๊ตบุ๊ค/เลย/dell/,,Valid,new_fresh_example,,NO_ACTION,,high,2026-06-11,New example in fresh Valid export.
https://ร้านรับซื้อโน๊ตบุ๊ค.com/รับซื้อโน๊ตบุ๊ค/พระราม2/ฮาร์ดดิสก์เสีย/,,Valid,new_fresh_example,,NO_ACTION,,high,2026-06-11,New example in fresh Valid export.
https://ร้านรับซื้อโน๊ตบุ๊ค.com/รับซื้อโน๊ตบุ๊ค/บึงกาฬ/ตกรุ่น/,,Valid,new_fresh_example,,NO_ACTION,,high,2026-06-11,New example in fresh Valid export.
https://ร้านรับซื้อโน๊ตบุ๊ค.com/รับซื้อโน๊ตบุ๊ค/ยโสธร/hp/,,Valid,new_fresh_example,,NO_ACTION,,high,2026-06-11,New example in fresh Valid export.
https://ร้านรับซื้อโน๊ตบุ๊ค.com/รับซื้อโน๊ตบุ๊ค/ชุมพร/คีย์บอร์ดเสีย/,,Valid,new_fresh_example,,NO_ACTION,,high,2026-06-11,New example in fresh Valid export.
https://ร้านรับซื้อโน๊ตบุ๊ค.com/รับซื้อโน๊ตบุ๊ค/ภูเก็ต/บานพับแตก/,,Valid,new_fresh_example,,NO_ACTION,,high,2026-06-11,New example in fresh Valid export.
https://ร้านรับซื้อโน๊ตบุ๊ค.com/รับซื้อโน๊ตบุ๊ค/รังสิต/แบตเสื่อม/,,Valid,new_fresh_example,,NO_ACTION,,high,2026-06-11,New example in fresh Valid export.
https://ร้านรับซื้อโน๊ตบุ๊ค.com/รับซื้อโน๊ตบุ๊ค/หนองคาย/ไฟไม่เข้า/,,Valid,new_fresh_example,,NO_ACTION,,high,2026-06-11,New example in fresh Valid export.
https://ร้านรับซื้อโน๊ตบุ๊ค.com/รับซื้อโน๊ตบุ๊ค/พะเยา/gaming/,,Valid,new_fresh_example,,NO_ACTION,,high,2026-06-11,New example in fresh Valid export.
https://ร้านรับซื้อโน๊ตบุ๊ค.com/รับซื้อโน๊ตบุ๊ค/เชียงใหม่/ตกรุ่น/,,Valid,new_fresh_example,,NO_ACTION,,high,2026-06-11,New example in fresh Valid export.
https://ร้านรับซื้อโน๊ตบุ๊ค.com/รับซื้อโน๊ตบุ๊ค/รังสิต/จอแตก/,,Valid,new_fresh_example,,NO_ACTION,,high,2026-06-11,New example in fresh Valid export.
https://ร้านรับซื้อโน๊ตบุ๊ค.com/รับซื้อโน๊ตบุ๊ค/สุราษฎร์ธานี/ใช้งานปกติ/,,Valid,new_fresh_example,,NO_ACTION,,high,2026-06-11,New example in fresh Valid export.
https://ร้านรับซื้อโน๊ตบุ๊ค.com/รับซื้อโน๊ตบุ๊ค/lenovo-thinkbook/,,Valid,new_fresh_example,,NO_ACTION,,high,2026-06-11,New example in fresh Valid export.
https://ร้านรับซื้อโน๊ตบุ๊ค.com/รับซื้อโน๊ตบุ๊ค/พัทลุง/ใช้งานปกติ/,,Valid,new_fresh_example,,NO_ACTION,,high,2026-06-11,New example in fresh Valid export.
https://ร้านรับซื้อโน๊ตบุ๊ค.com/รับซื้อโน๊ตบุ๊ค/ขอนแก่น/ฮาร์ดดิสก์เสีย/,,Valid,new_fresh_example,,NO_ACTION,,high,2026-06-11,New example in fresh Valid export.
https://ร้านรับซื้อโน๊ตบุ๊ค.com/รับซื้อโน๊ตบุ๊ค/กาฬสินธุ์/lenovo/,,Valid,new_fresh_example,,NO_ACTION,,high,2026-06-11,New example in fresh Valid export.
https://ร้านรับซื้อโน๊ตบุ๊ค.com/รับซื้อโน๊ตบุ๊ค/อยุธยา/,,Valid,new_fresh_example,,NO_ACTION,,high,2026-06-11,New example in fresh Valid export.
https://ร้านรับซื้อโน๊ตบุ๊ค.com/รับซื้อโน๊ตบุ๊ค/สุพรรณบุรี/ไม่มีที่ชาร์จ/,,Valid,new_fresh_example,,NO_ACTION,,high,2026-06-11,New example in fresh Valid export.
https://ร้านรับซื้อโน๊ตบุ๊ค.com/รับซื้อโน๊ตบุ๊ค/อ่างทอง/ตกรุ่น/,,Valid,new_fresh_example,,NO_ACTION,,high,2026-06-11,New example in fresh Valid export.
https://ร้านรับซื้อโน๊ตบุ๊ค.com/รับซื้อโน๊ตบุ๊ค/ตราด/macbook/,,Valid,new_fresh_example,,NO_ACTION,,high,2026-06-11,New example in fresh Valid export.
https://ร้านรับซื้อโน๊ตบุ๊ค.com/รับซื้อโน๊ตบุ๊ค/ทัชสกรีนเสีย/,,Valid,new_fresh_example,,NO_ACTION,,high,2026-06-11,New example in fresh Valid export.
https://ร้านรับซื้อโน๊ตบุ๊ค.com/รับซื้อโน๊ตบุ๊ค/กาฬสินธุ์/โดนน้ำ/,,Valid,new_fresh_example,,NO_ACTION,,high,2026-06-11,New example in fresh Valid export.
https://ร้านรับซื้อโน๊ตบุ๊ค.com/รับซื้อโน๊ตบุ๊ค/พิจิตร/บานพับแตก/,,Valid,new_fresh_example,,NO_ACTION,,high,2026-06-11,New example in fresh Valid export.
https://ร้านรับซื้อโน๊ตบุ๊ค.com/รับซื้อโน๊ตบุ๊ค/อุทัยธานี/,,Valid,new_fresh_example,,NO_ACTION,,high,2026-06-11,New example in fresh Valid export.
https://ร้านรับซื้อโน๊ตบุ๊ค.com/รับซื้อโน๊ตบุ๊ค/กาฬสินธุ์/ไฟไม่เข้า/,,Valid,new_fresh_example,,NO_ACTION,,high,2026-06-11,New example in fresh Valid export.
https://ร้านรับซื้อโน๊ตบุ๊ค.com/รับซื้อโน๊ตบุ๊ค/พังงา/คีย์บอร์ดเสีย/,,Valid,new_fresh_example,,NO_ACTION,,high,2026-06-11,New example in fresh Valid export.
https://ร้านรับซื้อโน๊ตบุ๊ค.com/รับซื้อโน๊ตบุ๊ค/กาฬสินธุ์/เมนบอร์ดเสีย/,,Valid,new_fresh_example,,NO_ACTION,,high,2026-06-11,New example in fresh Valid export.
https://ร้านรับซื้อโน๊ตบุ๊ค.com/รับซื้อโน๊ตบุ๊ค/หนองคาย/โดนน้ำ/,,Valid,new_fresh_example,,NO_ACTION,,high,2026-06-11,New example in fresh Valid export.
https://ร้านรับซื้อโน๊ตบุ๊ค.com/รับซื้อโน๊ตบุ๊ค/ปทุมธานี/แบตเสื่อม/,,Valid,new_fresh_example,,NO_ACTION,,high,2026-06-11,New example in fresh Valid export.
https://ร้านรับซื้อโน๊ตบุ๊ค.com/รับซื้อโน๊ตบุ๊ค/ปทุมธานี/surface/,,Valid,new_fresh_example,,NO_ACTION,,high,2026-06-11,New example in fresh Valid export.
https://ร้านรับซื้อโน๊ตบุ๊ค.com/blog/macbook-แบตบวม-ขายได้ไหม/,,Valid,new_fresh_example,,NO_ACTION,,high,2026-06-11,New example in fresh Valid export.
https://ร้านรับซื้อโน๊ตบุ๊ค.com/blog/รับซื้อ-acer-travelmate-ราคาเท่าไหร่/,,Valid,new_fresh_example,,NO_ACTION,,high,2026-06-10,New example in fresh Valid export.
https://ร้านรับซื้อโน๊ตบุ๊ค.com/รับซื้อโน๊ตบุ๊ค/ชัยนาท/hp/,,Valid,new_fresh_example,,NO_ACTION,,high,2026-06-10,New example in fresh Valid export.
https://ร้านรับซื้อโน๊ตบุ๊ค.com/รับซื้อโน๊ตบุ๊ค/ห้วยขวาง/เปิดไม่ติด/,,Valid,new_fresh_example,,NO_ACTION,,high,2026-06-10,New example in fresh Valid export.
https://ร้านรับซื้อโน๊ตบุ๊ค.com/รับซื้อโน๊ตบุ๊ค/พิษณุโลก/ทัชสกรีนเสีย/,,Valid,new_fresh_example,,NO_ACTION,,high,2026-06-10,New example in fresh Valid export.
https://ร้านรับซื้อโน๊ตบุ๊ค.com/รับซื้อโน๊ตบุ๊ค/ระยอง/acer/,,Valid,new_fresh_example,,NO_ACTION,,high,2026-06-10,New example in fresh Valid export.
https://ร้านรับซื้อโน๊ตบุ๊ค.com/รับซื้อโน๊ตบุ๊ค/เชียงใหม่/surface/,,Valid,new_fresh_example,,NO_ACTION,,high,2026-06-10,New example in fresh Valid export.
https://ร้านรับซื้อโน๊ตบุ๊ค.com/รับซื้อโน๊ตบุ๊ค/ปัตตานี/ไฟไม่เข้า/,,Valid,new_fresh_example,,NO_ACTION,,high,2026-06-10,New example in fresh Valid export.
https://ร้านรับซื้อโน๊ตบุ๊ค.com/blog/โน๊ตบุ๊คแบตบวมขายได้ไหม/,,Valid,new_fresh_example,,NO_ACTION,,high,2026-06-10,New example in fresh Valid export.
https://ร้านรับซื้อโน๊ตบุ๊ค.com/blog/โน๊ตบุ๊คเสียขายได้ไหม/,,Valid,new_fresh_example,,NO_ACTION,,high,2026-06-10,New example in fresh Valid export.
https://ร้านรับซื้อโน๊ตบุ๊ค.com/blog/macbook-คีย์บอร์ดเสีย-ขายได้ไหม/,,Valid,new_fresh_example,,NO_ACTION,,high,2026-06-10,New example in fresh Valid export.
https://ร้านรับซื้อโน๊ตบุ๊ค.com/รับซื้อโน๊ตบุ๊ค/ระยอง/,,Valid,new_fresh_example,,NO_ACTION,,high,2026-06-10,New example in fresh Valid export.
https://ร้านรับซื้อโน๊ตบุ๊ค.com/รับซื้อโน๊ตบุ๊ค/asus-expertbook/,,Valid,new_fresh_example,,NO_ACTION,,high,2026-06-10,New example in fresh Valid export.
https://ร้านรับซื้อโน๊ตบุ๊ค.com/รับซื้อโน๊ตบุ๊ค/นราธิวาส/,,Valid,new_fresh_example,,NO_ACTION,,high,2026-06-10,New example in fresh Valid export.
https://ร้านรับซื้อโน๊ตบุ๊ค.com/รับซื้อโน๊ตบุ๊ค/บึงกาฬ/ฮาร์ดดิสก์เสีย/,,Valid,new_fresh_example,,NO_ACTION,,high,2026-06-10,New example in fresh Valid export.
https://ร้านรับซื้อโน๊ตบุ๊ค.com/รับซื้อโน๊ตบุ๊ค/หนองบัวลำภู/บานพับแตก/,,Valid,new_fresh_example,,NO_ACTION,,high,2026-06-10,New example in fresh Valid export.
https://ร้านรับซื้อโน๊ตบุ๊ค.com/รับซื้อโน๊ตบุ๊ค/เพชรบูรณ์/,,Valid,new_fresh_example,,NO_ACTION,,high,2026-06-10,New example in fresh Valid export.
https://ร้านรับซื้อโน๊ตบุ๊ค.com/blog/วิธีเช็คสุขภาพแบตโน๊ตบุ๊ค-windows/,,Valid,new_fresh_example,,NO_ACTION,,high,2026-06-10,New example in fresh Valid export.
https://ร้านรับซื้อโน๊ตบุ๊ค.com/รับซื้อโน๊ตบุ๊ค/ระนอง/ทัชสกรีนเสีย/,,Valid,new_fresh_example,,NO_ACTION,,high,2026-06-09,New example in fresh Valid export.
https://ร้านรับซื้อโน๊ตบุ๊ค.com/รับซื้อโน๊ตบุ๊ค/ร้อยเอ็ด/ใช้งานปกติ/,,Valid,new_fresh_example,,NO_ACTION,,high,2026-06-09,New example in fresh Valid export.
https://ร้านรับซื้อโน๊ตบุ๊ค.com/blog/เช็คราคาโน๊ตบุ๊ค-ตีราคาโน๊ตบุ๊ค-ประเมินราคา-ต่างกันอย่างไร/,,Valid,new_fresh_example,,NO_ACTION,,high,2026-06-09,New example in fresh Valid export.
https://ร้านรับซื้อโน๊ตบุ๊ค.com/รับซื้อโน๊ตบุ๊ค/acer-travelmate/,,Valid,new_fresh_example,,NO_ACTION,,high,2026-06-09,New example in fresh Valid export.
https://ร้านรับซื้อโน๊ตบุ๊ค.com/รับซื้อโน๊ตบุ๊ค/กาฬสินธุ์/,,Valid,new_fresh_example,,NO_ACTION,,high,2026-06-09,New example in fresh Valid export.
https://ร้านรับซื้อโน๊ตบุ๊ค.com/รับซื้อโน๊ตบุ๊ค/thinkpad-e14-e15/,,Valid,new_fresh_example,,NO_ACTION,,high,2026-06-09,New example in fresh Valid export.
https://ร้านรับซื้อโน๊ตบุ๊ค.com/blog/รับซื้อ-asus-expertbook-ราคาเท่าไหร่/,,Valid,new_fresh_example,,NO_ACTION,,high,2026-06-06,New example in fresh Valid export.
https://ร้านรับซื้อโน๊ตบุ๊ค.com/blog/รับซื้อ-macbook-pro-m2-ราคาเท่าไหร่/,,Valid,new_fresh_example,,NO_ACTION,,high,2026-06-05,New example in fresh Valid export.
https://ร้านรับซื้อโน๊ตบุ๊ค.com/ติดต่อเรา/,,Valid,new_fresh_example,,NO_ACTION,,high,2026-06-01,New example in fresh Valid export.
https://ร้านรับซื้อโน๊ตบุ๊ค.com/blog/โน๊ตบุ๊คทัชสกรีนเสียขายได้ไหม/,,Valid,new_fresh_example,,NO_ACTION,,high,2026-05-31,New example in fresh Valid export.
https://ร้านรับซื้อโน๊ตบุ๊ค.com/รับซื้อโน๊ตบุ๊ค/ชัยนาท/macbook-air-m2/,,Not found (404),new_fresh_example,,KEEP_404,,high,2026-07-24,New example in fresh Not found (404) export.
https://ร้านรับซื้อโน๊ตบุ๊ค.com/รับซื้อโน๊ตบุ๊ค/อำนาจเจริญ/asus-rog-flow/,,Not found (404),new_fresh_example,,KEEP_404,,high,2026-07-24,New example in fresh Not found (404) export.
https://ร้านรับซื้อโน๊ตบุ๊ค.com/รับซื้อโน๊ตบุ๊ค/นครนายก/macbook-pro-m2/,,Not found (404),new_fresh_example,,KEEP_404,,high,2026-07-23,New example in fresh Not found (404) export.
https://ร้านรับซื้อโน๊ตบุ๊ค.com/รับซื้อโน๊ตบุ๊ค/หนองคาย/alienware-m18/,,Not found (404),new_fresh_example,,KEEP_404,,high,2026-07-19,New example in fresh Not found (404) export.
https://ร้านรับซื้อโน๊ตบุ๊ค.com/รับซื้อโน๊ตบุ๊ค/ลพบุรี/macbook-air-15/,,Not found (404),new_fresh_example,,KEEP_404,,high,2026-07-09,New example in fresh Not found (404) export.
https://ร้านรับซื้อโน๊ตบุ๊ค.com/รับซื้อโน๊ตบุ๊ค/ชัยนาท/กล้องเสีย/,,Not found (404),new_fresh_example,,KEEP_404,,high,2026-07-08,New example in fresh Not found (404) export.
https://ร้านรับซื้อโน๊ตบุ๊ค.com/รับซื้อโน๊ตบุ๊ค/ชัยภูมิ/asus-zephyrus-g14/,,Not found (404),new_fresh_example,,KEEP_404,,high,2026-07-08,New example in fresh Not found (404) export.
https://ร้านรับซื้อโน๊ตบุ๊ค.com/รับซื้อโน๊ตบุ๊ค/อยุธยา/จอไม่ติดแต่เครื่องติด/,,Not found (404),new_fresh_example,,KEEP_404,,high,2026-07-08,New example in fresh Not found (404) export.
https://ร้านรับซื้อโน๊ตบุ๊ค.com/รับซื้อโน๊ตบุ๊ค/อำนาจเจริญ/macbook-pro-14/,,Not found (404),new_fresh_example,,KEEP_404,,high,2026-07-08,New example in fresh Not found (404) export.
https://ร้านรับซื้อโน๊ตบุ๊ค.com/รับซื้อโน๊ตบุ๊ค/อุตรดิตถ์/lenovo-loq-15-16/,,Not found (404),new_fresh_example,,KEEP_404,,high,2026-07-07,New example in fresh Not found (404) export.
https://ร้านรับซื้อโน๊ตบุ๊ค.com/รับซื้อโน๊ตบุ๊ค/ใกล้ฉัน/hp-elitebook/,,Not found (404),new_fresh_example,,KEEP_404,,high,2026-07-07,New example in fresh Not found (404) export.
https://ร้านรับซื้อโน๊ตบุ๊ค.com/รับซื้อโน๊ตบุ๊ค/พะเยา/lenovo-yoga/,,Not found (404),new_fresh_example,,KEEP_404,,high,2026-07-06,New example in fresh Not found (404) export.
https://ร้านรับซื้อโน๊ตบุ๊ค.com/รับซื้อโน๊ตบุ๊ค/นครปฐม/macbook-air-m2/,,Not found (404),new_fresh_example,,KEEP_404,,high,2026-07-06,New example in fresh Not found (404) export.
https://ร้านรับซื้อโน๊ตบุ๊ค.com/รับซื้อโน๊ตบุ๊ค/พัทลุง/hp-probook/,,Not found (404),new_fresh_example,,KEEP_404,,high,2026-07-05,New example in fresh Not found (404) export.
https://ร้านรับซื้อโน๊ตบุ๊ค.com/รับซื้อโน๊ตบุ๊ค/ฉะเชิงเทรา/macbook-keyboard-issue/,,Not found (404),new_fresh_example,,KEEP_404,,high,2026-07-05,New example in fresh Not found (404) export.
https://ร้านรับซื้อโน๊ตบุ๊ค.com/รับซื้อโน๊ตบุ๊ค/สุราษฎร์ธานี/macbook-pro-m5/,,Not found (404),new_fresh_example,,KEEP_404,,high,2026-07-05,New example in fresh Not found (404) export.
https://ร้านรับซื้อโน๊ตบุ๊ค.com/รับซื้อโน๊ตบุ๊ค/สุรินทร์/surface-book/,,Not found (404),new_fresh_example,,KEEP_404,,high,2026-07-05,New example in fresh Not found (404) export.
https://ร้านรับซื้อโน๊ตบุ๊ค.com/รับซื้อโน๊ตบุ๊ค/เพชรบุรี/asus-vivobook/,,Not found (404),new_fresh_example,,KEEP_404,,high,2026-07-05,New example in fresh Not found (404) export.
https://ร้านรับซื้อโน๊ตบุ๊ค.com/รับซื้อโน๊ตบุ๊ค/รามคำแหง/hp-elitebook/,,Not found (404),new_fresh_example,,KEEP_404,,high,2026-07-05,New example in fresh Not found (404) export.
https://ร้านรับซื้อโน๊ตบุ๊ค.com/รับซื้อโน๊ตบุ๊ค/ชัยภูมิ/alienware-x16/,,Not found (404),new_fresh_example,,KEEP_404,,high,2026-07-05,New example in fresh Not found (404) export.
https://ร้านรับซื้อโน๊ตบุ๊ค.com/รับซื้อโน๊ตบุ๊ค/กาญจนบุรี/hdmi-เสีย/,,Not found (404),new_fresh_example,,KEEP_404,,high,2026-07-04,New example in fresh Not found (404) export.
https://ร้านรับซื้อโน๊ตบุ๊ค.com/รับซื้อโน๊ตบุ๊ค/รามคำแหง/surface-book/,,Not found (404),new_fresh_example,,KEEP_404,,high,2026-07-04,New example in fresh Not found (404) export.
https://ร้านรับซื้อโน๊ตบุ๊ค.com/รับซื้อโน๊ตบุ๊ค/ลพบุรี/จอฟ้า/,,Not found (404),new_fresh_example,,KEEP_404,,high,2026-07-04,New example in fresh Not found (404) export.
https://ร้านรับซื้อโน๊ตบุ๊ค.com/รับซื้อโน๊ตบุ๊ค/มหาสารคาม/razer-blade/,,Not found (404),new_fresh_example,,KEEP_404,,high,2026-07-04,New example in fresh Not found (404) export.
https://ร้านรับซื้อโน๊ตบุ๊ค.com/รับซื้อโน๊ตบุ๊ค/ลพบุรี/lenovo-legion-pro-7/,,Not found (404),new_fresh_example,,KEEP_404,,high,2026-07-04,New example in fresh Not found (404) export.
https://ร้านรับซื้อโน๊ตบุ๊ค.com/รับซื้อโน๊ตบุ๊ค/อยุธยา/dell-latitude/,,Not found (404),new_fresh_example,,KEEP_404,,high,2026-07-04,New example in fresh Not found (404) export.
https://ร้านรับซื้อโน๊ตบุ๊ค.com/รับซื้อโน๊ตบุ๊ค/เชียงใหม่/acer-nitro-v/,,Not found (404),new_fresh_example,,KEEP_404,,high,2026-07-04,New example in fresh Not found (404) export.
https://ร้านรับซื้อโน๊ตบุ๊ค.com/รับซื้อโน๊ตบุ๊ค/ชลบุรี/macbook-battery-swollen/,,Not found (404),new_fresh_example,,KEEP_404,,high,2026-07-04,New example in fresh Not found (404) export.
https://ร้านรับซื้อโน๊ตบุ๊ค.com/รับซื้อโน๊ตบุ๊ค/หนองบัวลำภู/asus-expertbook/,,Not found (404),new_fresh_example,,KEEP_404,,high,2026-07-04,New example in fresh Not found (404) export.
https://ร้านรับซื้อโน๊ตบุ๊ค.com/รับซื้อโน๊ตบุ๊ค/ร้อยเอ็ด/honor/,,Not found (404),new_fresh_example,,KEEP_404,,high,2026-07-04,New example in fresh Not found (404) export.
https://ร้านรับซื้อโน๊ตบุ๊ค.com/รับซื้อโน๊ตบุ๊ค/ตาก/ลำโพงเสีย/,,Not found (404),new_fresh_example,,KEEP_404,,high,2026-07-04,New example in fresh Not found (404) export.
https://ร้านรับซื้อโน๊ตบุ๊ค.com/รับซื้อโน๊ตบุ๊ค/พิษณุโลก/asus-rog-flow/,,Not found (404),new_fresh_example,,KEEP_404,,high,2026-07-04,New example in fresh Not found (404) export.
https://ร้านรับซื้อโน๊ตบุ๊ค.com/รับซื้อโน๊ตบุ๊ค/หนองคาย/พอร์ต-type-c-เสีย/,,Not found (404),new_fresh_example,,KEEP_404,,high,2026-07-04,New example in fresh Not found (404) export.
https://ร้านรับซื้อโน๊ตบุ๊ค.com/รับซื้อโน๊ตบุ๊ค/ภูเก็ต/hp-probook/,,Not found (404),new_fresh_example,,KEEP_404,,high,2026-07-04,New example in fresh Not found (404) export.
https://ร้านรับซื้อโน๊ตบุ๊ค.com/รับซื้อโน๊ตบุ๊ค/ลำพูน/alienware-m15-r7-r8/,,Not found (404),new_fresh_example,,KEEP_404,,high,2026-07-04,New example in fresh Not found (404) export.
https://ร้านรับซื้อโน๊ตบุ๊ค.com/รับซื้อโน๊ตบุ๊ค/ตาก/hp-victus-15/,,Not found (404),new_fresh_example,,KEEP_404,,high,2026-07-04,New example in fresh Not found (404) export.
https://ร้านรับซื้อโน๊ตบุ๊ค.com/รับซื้อโน๊ตบุ๊ค/พัทยา/รีสตาร์ทเอง/,,Not found (404),new_fresh_example,,KEEP_404,,high,2026-07-04,New example in fresh Not found (404) export.
https://ร้านรับซื้อโน๊ตบุ๊ค.com/รับซื้อโน๊ตบุ๊ค/อ่างทอง/จอฟ้า/,,Not found (404),new_fresh_example,,KEEP_404,,high,2026-07-04,New example in fresh Not found (404) export.
https://ร้านรับซื้อโน๊ตบุ๊ค.com/รับซื้อโน๊ตบุ๊ค/ยะลา/asus-expertbook/,,Not found (404),new_fresh_example,,KEEP_404,,high,2026-07-04,New example in fresh Not found (404) export.
https://ร้านรับซื้อโน๊ตบุ๊ค.com/รับซื้อโน๊ตบุ๊ค/ร้อยเอ็ด/lenovo-legion-slim/,,Not found (404),new_fresh_example,,KEEP_404,,high,2026-07-04,New example in fresh Not found (404) export.
https://ร้านรับซื้อโน๊ตบุ๊ค.com/รับซื้อโน๊ตบุ๊ค/ราชบุรี/บอดี้แตก/,,Not found (404),new_fresh_example,,KEEP_404,,high,2026-07-04,New example in fresh Not found (404) export.
https://ร้านรับซื้อโน๊ตบุ๊ค.com/รับซื้อโน๊ตบุ๊ค/ตาก/ช่องหูฟังเสีย/,,Not found (404),new_fresh_example,,KEEP_404,,high,2026-07-04,New example in fresh Not found (404) export.
https://ร้านรับซื้อโน๊ตบุ๊ค.com/รับซื้อโน๊ตบุ๊ค/นครปฐม/hp-pavilion/,,Not found (404),new_fresh_example,,KEEP_404,,high,2026-07-04,New example in fresh Not found (404) export.
https://ร้านรับซื้อโน๊ตบุ๊ค.com/รับซื้อโน๊ตบุ๊ค/พังงา/macbook-pro-m5/,,Not found (404),new_fresh_example,,KEEP_404,,high,2026-07-04,New example in fresh Not found (404) export.
https://ร้านรับซื้อโน๊ตบุ๊ค.com/รับซื้อโน๊ตบุ๊ค/พระราม2/msi-stealth-14/,,Not found (404),new_fresh_example,,KEEP_404,,high,2026-07-04,New example in fresh Not found (404) export.
https://ร้านรับซื้อโน๊ตบุ๊ค.com/รับซื้อโน๊ตบุ๊ค/นครศรีธรรมราช/macbook-pro-m5/,,Not found (404),new_fresh_example,,KEEP_404,,high,2026-07-04,New example in fresh Not found (404) export.
https://ร้านรับซื้อโน๊ตบุ๊ค.com/รับซื้อโน๊ตบุ๊ค/สุราษฎร์ธานี/ร้อนจัดดับเอง/,,Not found (404),new_fresh_example,,KEEP_404,,high,2026-07-04,New example in fresh Not found (404) export.
https://ร้านรับซื้อโน๊ตบุ๊ค.com/รับซื้อโน๊ตบุ๊ค/อุบลราชธานี/asus-rog-strix/,,Not found (404),new_fresh_example,,KEEP_404,,high,2026-07-04,New example in fresh Not found (404) export.
https://ร้านรับซื้อโน๊ตบุ๊ค.com/รับซื้อโน๊ตบุ๊ค/สุโขทัย/asus-expertbook/,,Not found (404),new_fresh_example,,KEEP_404,,high,2026-07-04,New example in fresh Not found (404) export.
https://ร้านรับซื้อโน๊ตบุ๊ค.com/รับซื้อโน๊ตบุ๊ค/ลพบุรี/honor/,,Not found (404),new_fresh_example,,KEEP_404,,high,2026-07-04,New example in fresh Not found (404) export.
https://ร้านรับซื้อโน๊ตบุ๊ค.com/รับซื้อโน๊ตบุ๊ค/พระราม2/macbook-cycle-count/,,Not found (404),new_fresh_example,,KEEP_404,,high,2026-07-04,New example in fresh Not found (404) export.
https://ร้านรับซื้อโน๊ตบุ๊ค.com/รับซื้อโน๊ตบุ๊ค/รามคำแหง/lg-gram/,,Not found (404),new_fresh_example,,KEEP_404,,high,2026-07-04,New example in fresh Not found (404) export.
https://ร้านรับซื้อโน๊ตบุ๊ค.com/รับซื้อโน๊ตบุ๊ค/บุรีรัมย์/macbook-air-m3/,,Not found (404),new_fresh_example,,KEEP_404,,high,2026-07-04,New example in fresh Not found (404) export.
https://ร้านรับซื้อโน๊ตบุ๊ค.com/รับซื้อโน๊ตบุ๊ค/ขอนแก่น/รีสตาร์ทเอง/,,Not found (404),new_fresh_example,,KEEP_404,,high,2026-07-04,New example in fresh Not found (404) export.
https://ร้านรับซื้อโน๊ตบุ๊ค.com/รับซื้อโน๊ตบุ๊ค/พัทลุง/huawei/,,Not found (404),new_fresh_example,,KEEP_404,,high,2026-07-04,New example in fresh Not found (404) export.
https://ร้านรับซื้อโน๊ตบุ๊ค.com/รับซื้อโน๊ตบุ๊ค/สงขลา/lenovo-loq-15-16/,,Not found (404),new_fresh_example,,KEEP_404,,high,2026-07-04,New example in fresh Not found (404) export.
https://ร้านรับซื้อโน๊ตบุ๊ค.com/รับซื้อโน๊ตบุ๊ค/ชุมพร/macbook-cycle-count/,,Not found (404),new_fresh_example,,KEEP_404,,high,2026-07-04,New example in fresh Not found (404) export.
https://ร้านรับซื้อโน๊ตบุ๊ค.com/รับซื้อโน๊ตบุ๊ค/อุบลราชธานี/macbook-air-15/,,Not found (404),new_fresh_example,,KEEP_404,,high,2026-07-04,New example in fresh Not found (404) export.
https://ร้านรับซื้อโน๊ตบุ๊ค.com/รับซื้อโน๊ตบุ๊ค/นราธิวาส/บลูทูธใช้ไม่ได้/,,Not found (404),new_fresh_example,,KEEP_404,,high,2026-07-04,New example in fresh Not found (404) export.
https://ร้านรับซื้อโน๊ตบุ๊ค.com/รับซื้อโน๊ตบุ๊ค/อุบลราชธานี/hp-elitebook/,,Not found (404),new_fresh_example,,KEEP_404,,high,2026-07-04,New example in fresh Not found (404) export.
https://ร้านรับซื้อโน๊ตบุ๊ค.com/รับซื้อโน๊ตบุ๊ค/หนองบัวลำภู/acer-swift/,,Not found (404),new_fresh_example,,KEEP_404,,high,2026-07-04,New example in fresh Not found (404) export.
https://ร้านรับซื้อโน๊ตบุ๊ค.com/รับซื้อโน๊ตบุ๊ค/นครปฐม/dell-g15-g16/,,Not found (404),new_fresh_example,,KEEP_404,,high,2026-07-04,New example in fresh Not found (404) export.
https://ร้านรับซื้อโน๊ตบุ๊ค.com/รับซื้อโน๊ตบุ๊ค/ลาดพร้าว/macbook-pro-m1/,,Not found (404),new_fresh_example,,KEEP_404,,high,2026-07-04,New example in fresh Not found (404) export.
https://ร้านรับซื้อโน๊ตบุ๊ค.com/รับซื้อโน๊ตบุ๊ค/ใกล้ฉัน/lenovo-yoga/,,Not found (404),new_fresh_example,,KEEP_404,,high,2026-07-04,New example in fresh Not found (404) export.
https://ร้านรับซื้อโน๊ตบุ๊ค.com/รับซื้อโน๊ตบุ๊ค/อำนาจเจริญ/macbook-battery-swollen/,,Not found (404),new_fresh_example,,KEEP_404,,high,2026-07-04,New example in fresh Not found (404) export.
https://ร้านรับซื้อโน๊ตบุ๊ค.com/รับซื้อโน๊ตบุ๊ค/หนองคาย/กล้องเสีย/,,Not found (404),new_fresh_example,,KEEP_404,,high,2026-07-04,New example in fresh Not found (404) export.
https://ร้านรับซื้อโน๊ตบุ๊ค.com/รับซื้อโน๊ตบุ๊ค/ปราจีนบุรี/ssd-เสีย/,,Not found (404),new_fresh_example,,KEEP_404,,high,2026-07-04,New example in fresh Not found (404) export.
https://ร้านรับซื้อโน๊ตบุ๊ค.com/รับซื้อโน๊ตบุ๊ค/ปัตตานี/acer-predator-helios/,,Not found (404),new_fresh_example,,KEEP_404,,high,2026-07-04,New example in fresh Not found (404) export.
https://ร้านรับซื้อโน๊ตบุ๊ค.com/รับซื้อโน๊ตบุ๊ค/อุบลราชธานี/macbook-pro-m3/,,Not found (404),new_fresh_example,,KEEP_404,,high,2026-07-04,New example in fresh Not found (404) export.
https://ร้านรับซื้อโน๊ตบุ๊ค.com/รับซื้อโน๊ตบุ๊ค/จันทบุรี/msi-stealth-16/,,Not found (404),new_fresh_example,,KEEP_404,,high,2026-07-04,New example in fresh Not found (404) export.
https://ร้านรับซื้อโน๊ตบุ๊ค.com/รับซื้อโน๊ตบุ๊ค/แพร่/asus-rog-flow/,,Not found (404),new_fresh_example,,KEEP_404,,high,2026-07-04,New example in fresh Not found (404) export.
https://ร้านรับซื้อโน๊ตบุ๊ค.com/รับซื้อโน๊ตบุ๊ค/มุกดาหาร/พอร์ต-usb-เสีย/,,Not found (404),new_fresh_example,,KEEP_404,,high,2026-07-04,New example in fresh Not found (404) export.
https://ร้านรับซื้อโน๊ตบุ๊ค.com/รับซื้อโน๊ตบุ๊ค/ห้วยขวาง/thinkpad-e14-e15/,,Not found (404),new_fresh_example,,KEEP_404,,high,2026-07-04,New example in fresh Not found (404) export.
https://ร้านรับซื้อโน๊ตบุ๊ค.com/รับซื้อโน๊ตบุ๊ค/นครปฐม/gigabyte-aorus/,,Not found (404),new_fresh_example,,KEEP_404,,high,2026-07-04,New example in fresh Not found (404) export.
https://ร้านรับซื้อโน๊ตบุ๊ค.com/รับซื้อโน๊ตบุ๊ค/ลพบุรี/macbook-pro-m1/,,Not found (404),new_fresh_example,,KEEP_404,,high,2026-07-04,New example in fresh Not found (404) export.
https://ร้านรับซื้อโน๊ตบุ๊ค.com/รับซื้อโน๊ตบุ๊ค/ห้วยขวาง/acer-predator-helios/,,Not found (404),new_fresh_example,,KEEP_404,,high,2026-07-04,New example in fresh Not found (404) export.
https://ร้านรับซื้อโน๊ตบุ๊ค.com/รับซื้อโน๊ตบุ๊ค/ขอนแก่น/asus-expertbook/,,Not found (404),new_fresh_example,,KEEP_404,,high,2026-07-04,New example in fresh Not found (404) export.
https://ร้านรับซื้อโน๊ตบุ๊ค.com/รับซื้อโน๊ตบุ๊ค/พิจิตร/asus-zenbook/,,Not found (404),new_fresh_example,,KEEP_404,,high,2026-07-04,New example in fresh Not found (404) export.
https://ร้านรับซื้อโน๊ตบุ๊ค.com/รับซื้อโน๊ตบุ๊ค/ชลบุรี/lenovo-ideapad-3-5/,,Not found (404),new_fresh_example,,KEEP_404,,high,2026-07-04,New example in fresh Not found (404) export.
https://ร้านรับซื้อโน๊ตบุ๊ค.com/รับซื้อโน๊ตบุ๊ค/สงขลา/gigabyte-aorus/,,Not found (404),new_fresh_example,,KEEP_404,,high,2026-07-04,New example in fresh Not found (404) export.
https://ร้านรับซื้อโน๊ตบุ๊ค.com/รับซื้อโน๊ตบุ๊ค/ศรีสะเกษ/macbook-air-m4/,,Not found (404),new_fresh_example,,KEEP_404,,high,2026-07-04,New example in fresh Not found (404) export.
https://ร้านรับซื้อโน๊ตบุ๊ค.com/รับซื้อโน๊ตบุ๊ค/พิจิตร/ค้างบ่อย/,,Not found (404),new_fresh_example,,KEEP_404,,high,2026-07-04,New example in fresh Not found (404) export.
https://ร้านรับซื้อโน๊ตบุ๊ค.com/รับซื้อโน๊ตบุ๊ค/ปทุมธานี/surface-laptop-go/,,Not found (404),new_fresh_example,,KEEP_404,,high,2026-07-04,New example in fresh Not found (404) export.
https://ร้านรับซื้อโน๊ตบุ๊ค.com/รับซื้อโน๊ตบุ๊ค/สมุทรสาคร/dell-g15-g16/,,Not found (404),new_fresh_example,,KEEP_404,,high,2026-07-04,New example in fresh Not found (404) export.
https://ร้านรับซื้อโน๊ตบุ๊ค.com/รับซื้อโน๊ตบุ๊ค/อ่างทอง/samsung/,,Not found (404),new_fresh_example,,KEEP_404,,high,2026-07-04,New example in fresh Not found (404) export.
https://ร้านรับซื้อโน๊ตบุ๊ค.com/รับซื้อโน๊ตบุ๊ค/เชียงราย/macbook-air-13/,,Not found (404),new_fresh_example,,KEEP_404,,high,2026-07-04,New example in fresh Not found (404) export.
https://ร้านรับซื้อโน๊ตบุ๊ค.com/รับซื้อโน๊ตบุ๊ค/กาฬสินธุ์/ลำโพงเสีย/,,Not found (404),new_fresh_example,,KEEP_404,,high,2026-07-04,New example in fresh Not found (404) export.
https://ร้านรับซื้อโน๊ตบุ๊ค.com/รับซื้อโน๊ตบุ๊ค/น่าน/thinkpad-e14-e15/,,Not found (404),new_fresh_example,,KEEP_404,,high,2026-07-04,New example in fresh Not found (404) export.
https://ร้านรับซื้อโน๊ตบุ๊ค.com/รับซื้อโน๊ตบุ๊ค/สตูล/macbook-air-m4/,,Not found (404),new_fresh_example,,KEEP_404,,high,2026-07-04,New example in fresh Not found (404) export.
https://ร้านรับซื้อโน๊ตบุ๊ค.com/รับซื้อโน๊ตบุ๊ค/สุพรรณบุรี/lg/,,Not found (404),new_fresh_example,,KEEP_404,,high,2026-07-04,New example in fresh Not found (404) export.
https://ร้านรับซื้อโน๊ตบุ๊ค.com/รับซื้อโน๊ตบุ๊ค/อุตรดิตถ์/บลูทูธใช้ไม่ได้/,,Not found (404),new_fresh_example,,KEEP_404,,high,2026-07-04,New example in fresh Not found (404) export.
https://ร้านรับซื้อโน๊ตบุ๊ค.com/รับซื้อโน๊ตบุ๊ค/ลาดพร้าว/asus-tuf-a15-f15/,,Not found (404),new_fresh_example,,KEEP_404,,high,2026-07-04,New example in fresh Not found (404) export.
https://ร้านรับซื้อโน๊ตบุ๊ค.com/รับซื้อโน๊ตบุ๊ค/มุกดาหาร/macbook-air-m5/,,Not found (404),new_fresh_example,,KEEP_404,,high,2026-07-04,New example in fresh Not found (404) export.
https://ร้านรับซื้อโน๊ตบุ๊ค.com/รับซื้อโน๊ตบุ๊ค/เชียงใหม่/asus-zenbook/,,Not found (404),new_fresh_example,,KEEP_404,,high,2026-07-04,New example in fresh Not found (404) export.
https://ร้านรับซื้อโน๊ตบุ๊ค.com/รับซื้อโน๊ตบุ๊ค/พิษณุโลก/huawei-matebook/,,Not found (404),new_fresh_example,,KEEP_404,,high,2026-07-04,New example in fresh Not found (404) export.
https://ร้านรับซื้อโน๊ตบุ๊ค.com/รับซื้อโน๊ตบุ๊ค/อุตรดิตถ์/กล้องเสีย/,,Not found (404),new_fresh_example,,KEEP_404,,high,2026-07-04,New example in fresh Not found (404) export.
https://ร้านรับซื้อโน๊ตบุ๊ค.com/รับซื้อโน๊ตบุ๊ค/ระยอง/macbook-pro-m2/,,Not found (404),new_fresh_example,,KEEP_404,,high,2026-07-04,New example in fresh Not found (404) export.
https://ร้านรับซื้อโน๊ตบุ๊ค.com/รับซื้อโน๊ตบุ๊ค/พัทยา/macbook-battery-swollen/,,Not found (404),new_fresh_example,,KEEP_404,,high,2026-07-04,New example in fresh Not found (404) export.
https://ร้านรับซื้อโน๊ตบุ๊ค.com/รับซื้อโน๊ตบุ๊ค/พิษณุโลก/surface-book/,,Not found (404),new_fresh_example,,KEEP_404,,high,2026-07-04,New example in fresh Not found (404) export.
https://ร้านรับซื้อโน๊ตบุ๊ค.com/รับซื้อโน๊ตบุ๊ค/นครศรีธรรมราช/lg/,,Not found (404),new_fresh_example,,KEEP_404,,high,2026-07-04,New example in fresh Not found (404) export.
https://ร้านรับซื้อโน๊ตบุ๊ค.com/รับซื้อโน๊ตบุ๊ค/ภูเก็ต/asus-rog-flow/,,Not found (404),new_fresh_example,,KEEP_404,,high,2026-07-04,New example in fresh Not found (404) export.
https://ร้านรับซื้อโน๊ตบุ๊ค.com/รับซื้อโน๊ตบุ๊ค/ปทุมธานี/alienware-m18/,,Not found (404),new_fresh_example,,KEEP_404,,high,2026-07-04,New example in fresh Not found (404) export.
https://ร้านรับซื้อโน๊ตบุ๊ค.com/รับซื้อโน๊ตบุ๊ค/กาฬสินธุ์/macbook-screen-crack/,,Not found (404),new_fresh_example,,KEEP_404,,high,2026-07-04,New example in fresh Not found (404) export.
https://ร้านรับซื้อโน๊ตบุ๊ค.com/รับซื้อโน๊ตบุ๊ค/อุตรดิตถ์/macbook-cycle-count/,,Not found (404),new_fresh_example,,KEEP_404,,high,2026-07-04,New example in fresh Not found (404) export.
https://ร้านรับซื้อโน๊ตบุ๊ค.com/รับซื้อโน๊ตบุ๊ค/อุบลราชธานี/hp-victus-16/,,Not found (404),new_fresh_example,,KEEP_404,,high,2026-07-04,New example in fresh Not found (404) export.
https://ร้านรับซื้อโน๊ตบุ๊ค.com/รับซื้อโน๊ตบุ๊ค/แม่ฮ่องสอน/macbook-battery-health/,,Not found (404),new_fresh_example,,KEEP_404,,high,2026-07-04,New example in fresh Not found (404) export.
https://ร้านรับซื้อโน๊ตบุ๊ค.com/รับซื้อโน๊ตบุ๊ค/ขอนแก่น/macbook-air-m4/,,Not found (404),new_fresh_example,,KEEP_404,,high,2026-07-04,New example in fresh Not found (404) export.
https://ร้านรับซื้อโน๊ตบุ๊ค.com/รับซื้อโน๊ตบุ๊ค/เชียงใหม่/wifi-ไม่ติด/,,Not found (404),new_fresh_example,,KEEP_404,,high,2026-07-04,New example in fresh Not found (404) export.
https://ร้านรับซื้อโน๊ตบุ๊ค.com/รับซื้อโน๊ตบุ๊ค/ระยอง/surface-laptop-go/,,Not found (404),new_fresh_example,,KEEP_404,,high,2026-07-04,New example in fresh Not found (404) export.
https://ร้านรับซื้อโน๊ตบุ๊ค.com/รับซื้อโน๊ตบุ๊ค/ระนอง/macbook-air-m1/,,Not found (404),new_fresh_example,,KEEP_404,,high,2026-07-04,New example in fresh Not found (404) export.
https://ร้านรับซื้อโน๊ตบุ๊ค.com/รับซื้อโน๊ตบุ๊ค/สุโขทัย/dell-xps-13-15/,,Not found (404),new_fresh_example,,KEEP_404,,high,2026-07-04,New example in fresh Not found (404) export.
https://ร้านรับซื้อโน๊ตบุ๊ค.com/รับซื้อโน๊ตบุ๊ค/อุทัยธานี/surface-laptop-go/,,Not found (404),new_fresh_example,,KEEP_404,,high,2026-07-04,New example in fresh Not found (404) export.
https://ร้านรับซื้อโน๊ตบุ๊ค.com/รับซื้อโน๊ตบุ๊ค/พิจิตร/macbook-air-m1/,,Not found (404),new_fresh_example,,KEEP_404,,high,2026-07-04,New example in fresh Not found (404) export.
https://ร้านรับซื้อโน๊ตบุ๊ค.com/รับซื้อโน๊ตบุ๊ค/ศรีสะเกษ/asus-vivobook/,,Not found (404),new_fresh_example,,KEEP_404,,high,2026-07-04,New example in fresh Not found (404) export.
https://ร้านรับซื้อโน๊ตบุ๊ค.com/รับซื้อโน๊ตบุ๊ค/พัทลุง/razer-blade/,,Not found (404),new_fresh_example,,KEEP_404,,high,2026-07-04,New example in fresh Not found (404) export.
https://ร้านรับซื้อโน๊ตบุ๊ค.com/รับซื้อโน๊ตบุ๊ค/อุดรธานี/huawei-matebook/,,Not found (404),new_fresh_example,,KEEP_404,,high,2026-07-04,New example in fresh Not found (404) export.
https://ร้านรับซื้อโน๊ตบุ๊ค.com/รับซื้อโน๊ตบุ๊ค/ปทุมธานี/asus-zephyrus/,,Not found (404),new_fresh_example,,KEEP_404,,high,2026-07-04,New example in fresh Not found (404) export.
https://ร้านรับซื้อโน๊ตบุ๊ค.com/รับซื้อโน๊ตบุ๊ค/สตูล/พอร์ต-usb-เสีย/,,Not found (404),new_fresh_example,,KEEP_404,,high,2026-07-04,New example in fresh Not found (404) export.
https://ร้านรับซื้อโน๊ตบุ๊ค.com/รับซื้อโน๊ตบุ๊ค/ลำปาง/surface-pro/,,Not found (404),new_fresh_example,,KEEP_404,,high,2026-07-04,New example in fresh Not found (404) export.
https://ร้านรับซื้อโน๊ตบุ๊ค.com/รับซื้อโน๊ตบุ๊ค/เชียงใหม่/ร้อนจัดดับเอง/,,Not found (404),new_fresh_example,,KEEP_404,,high,2026-07-04,New example in fresh Not found (404) export.
https://ร้านรับซื้อโน๊ตบุ๊ค.com/รับซื้อโน๊ตบุ๊ค/ฉะเชิงเทรา/thinkpad-e14-e15/,,Not found (404),new_fresh_example,,KEEP_404,,high,2026-07-04,New example in fresh Not found (404) export.
https://ร้านรับซื้อโน๊ตบุ๊ค.com/รับซื้อโน๊ตบุ๊ค/เชียงราย/hp-pavilion/,,Not found (404),new_fresh_example,,KEEP_404,,high,2026-07-04,New example in fresh Not found (404) export.
https://ร้านรับซื้อโน๊ตบุ๊ค.com/รับซื้อโน๊ตบุ๊ค/นครราชสีมา/alienware-m16/,,Not found (404),new_fresh_example,,KEEP_404,,high,2026-07-04,New example in fresh Not found (404) export.
https://ร้านรับซื้อโน๊ตบุ๊ค.com/รับซื้อโน๊ตบุ๊ค/อำนาจเจริญ/lenovo-legion-pro/,,Not found (404),new_fresh_example,,KEEP_404,,high,2026-07-04,New example in fresh Not found (404) export.
https://ร้านรับซื้อโน๊ตบุ๊ค.com/รับซื้อโน๊ตบุ๊ค/เชียงใหม่/macbook-pro-m1/,,Not found (404),new_fresh_example,,KEEP_404,,high,2026-07-04,New example in fresh Not found (404) export.
https://ร้านรับซื้อโน๊ตบุ๊ค.com/รับซื้อโน๊ตบุ๊ค/สุราษฎร์ธานี/macbook-pro-m3/,,Not found (404),new_fresh_example,,KEEP_404,,high,2026-07-04,New example in fresh Not found (404) export.
https://ร้านรับซื้อโน๊ตบุ๊ค.com/รับซื้อโน๊ตบุ๊ค/ฉะเชิงเทรา/macbook-pro-m1/,,Not found (404),new_fresh_example,,KEEP_404,,high,2026-07-04,New example in fresh Not found (404) export.
https://ร้านรับซื้อโน๊ตบุ๊ค.com/รับซื้อโน๊ตบุ๊ค/ฉะเชิงเทรา/lenovo-thinkbook/,,Not found (404),new_fresh_example,,KEEP_404,,high,2026-07-04,New example in fresh Not found (404) export.
https://ร้านรับซื้อโน๊ตบุ๊ค.com/รับซื้อโน๊ตบุ๊ค/ชุมพร/hp-envy-x360/,,Not found (404),new_fresh_example,,KEEP_404,,high,2026-07-04,New example in fresh Not found (404) export.
https://ร้านรับซื้อโน๊ตบุ๊ค.com/รับซื้อโน๊ตบุ๊ค/ราชบุรี/ทัชแพดเสีย/,,Not found (404),new_fresh_example,,KEEP_404,,high,2026-07-04,New example in fresh Not found (404) export.
https://ร้านรับซื้อโน๊ตบุ๊ค.com/รับซื้อโน๊ตบุ๊ค/นราธิวาส/lenovo-legion-slim/,,Not found (404),new_fresh_example,,KEEP_404,,high,2026-07-04,New example in fresh Not found (404) export.
https://ร้านรับซื้อโน๊ตบุ๊ค.com/รับซื้อโน๊ตบุ๊ค/หนองคาย/acer-predator-triton/,,Not found (404),new_fresh_example,,KEEP_404,,high,2026-07-04,New example in fresh Not found (404) export.
https://ร้านรับซื้อโน๊ตบุ๊ค.com/รับซื้อโน๊ตบุ๊ค/พัทยา/asus-zephyrus/,,Not found (404),new_fresh_example,,KEEP_404,,high,2026-07-04,New example in fresh Not found (404) export.
https://ร้านรับซื้อโน๊ตบุ๊ค.com/รับซื้อโน๊ตบุ๊ค/นครศรีธรรมราช/alienware-m16/,,Not found (404),new_fresh_example,,KEEP_404,,high,2026-07-04,New example in fresh Not found (404) export.
https://ร้านรับซื้อโน๊ตบุ๊ค.com/รับซื้อโน๊ตบุ๊ค/หนองคาย/ช่องหูฟังเสีย/,,Not found (404),new_fresh_example,,KEEP_404,,high,2026-07-04,New example in fresh Not found (404) export.
https://ร้านรับซื้อโน๊ตบุ๊ค.com/รับซื้อโน๊ตบุ๊ค/สระแก้ว/hp-pavilion/,,Not found (404),new_fresh_example,,KEEP_404,,high,2026-07-04,New example in fresh Not found (404) export.
https://ร้านรับซื้อโน๊ตบุ๊ค.com/รับซื้อโน๊ตบุ๊ค/ศรีสะเกษ/dell-inspiron-15/,,Not found (404),new_fresh_example,,KEEP_404,,high,2026-07-04,New example in fresh Not found (404) export.
https://ร้านรับซื้อโน๊ตบุ๊ค.com/รับซื้อโน๊ตบุ๊ค/ตราด/msi-stealth-14/,,Not found (404),new_fresh_example,,KEEP_404,,high,2026-07-04,New example in fresh Not found (404) export.
https://ร้านรับซื้อโน๊ตบุ๊ค.com/รับซื้อโน๊ตบุ๊ค/ตาก/lenovo-ideapad-3-5/,,Not found (404),new_fresh_example,,KEEP_404,,high,2026-07-04,New example in fresh Not found (404) export.
https://ร้านรับซื้อโน๊ตบุ๊ค.com/รับซื้อโน๊ตบุ๊ค/กำแพงเพชร/huawei/,,Not found (404),new_fresh_example,,KEEP_404,,high,2026-07-04,New example in fresh Not found (404) export.
https://ร้านรับซื้อโน๊ตบุ๊ค.com/รับซื้อโน๊ตบุ๊ค/อุดรธานี/hdmi-เสีย/,,Not found (404),new_fresh_example,,KEEP_404,,high,2026-07-04,New example in fresh Not found (404) export.
https://ร้านรับซื้อโน๊ตบุ๊ค.com/รับซื้อโน๊ตบุ๊ค/สมุทรสาคร/razer/,,Not found (404),new_fresh_example,,KEEP_404,,high,2026-07-04,New example in fresh Not found (404) export.
https://ร้านรับซื้อโน๊ตบุ๊ค.com/รับซื้อโน๊ตบุ๊ค/หาดใหญ่/macbook-battery-health/,,Not found (404),new_fresh_example,,KEEP_404,,high,2026-07-04,New example in fresh Not found (404) export.
https://ร้านรับซื้อโน๊ตบุ๊ค.com/รับซื้อโน๊ตบุ๊ค/พิษณุโลก/macbook-air-m5/,,Not found (404),new_fresh_example,,KEEP_404,,high,2026-07-04,New example in fresh Not found (404) export.
https://ร้านรับซื้อโน๊ตบุ๊ค.com/รับซื้อโน๊ตบุ๊ค/แม่ฮ่องสอน/ssd-เสีย/,,Not found (404),new_fresh_example,,KEEP_404,,high,2026-07-04,New example in fresh Not found (404) export.
https://ร้านรับซื้อโน๊ตบุ๊ค.com/รับซื้อโน๊ตบุ๊ค/ลาดพร้าว/huawei/,,Not found (404),new_fresh_example,,KEEP_404,,high,2026-07-04,New example in fresh Not found (404) export.
https://ร้านรับซื้อโน๊ตบุ๊ค.com/รับซื้อโน๊ตบุ๊ค/ยโสธร/acer-predator-triton/,,Not found (404),new_fresh_example,,KEEP_404,,high,2026-07-04,New example in fresh Not found (404) export.
https://ร้านรับซื้อโน๊ตบุ๊ค.com/รับซื้อโน๊ตบุ๊ค/อุดรธานี/macbook-pro-m4/,,Not found (404),new_fresh_example,,KEEP_404,,high,2026-07-04,New example in fresh Not found (404) export.
https://ร้านรับซื้อโน๊ตบุ๊ค.com/รับซื้อโน๊ตบุ๊ค/พังงา/acer-nitro-16/,,Not found (404),new_fresh_example,,KEEP_404,,high,2026-07-04,New example in fresh Not found (404) export.
https://ร้านรับซื้อโน๊ตบุ๊ค.com/รับซื้อโน๊ตบุ๊ค/ศรีสะเกษ/ร้อนจัดดับเอง/,,Not found (404),new_fresh_example,,KEEP_404,,high,2026-07-04,New example in fresh Not found (404) export.
https://ร้านรับซื้อโน๊ตบุ๊ค.com/รับซื้อโน๊ตบุ๊ค/อยุธยา/macbook-mdm/,,Not found (404),new_fresh_example,,KEEP_404,,high,2026-07-04,New example in fresh Not found (404) export.
https://ร้านรับซื้อโน๊ตบุ๊ค.com/รับซื้อโน๊ตบุ๊ค/เชียงราย/asus-zephyrus-g14/,,Not found (404),new_fresh_example,,KEEP_404,,high,2026-07-04,New example in fresh Not found (404) export.
https://ร้านรับซื้อโน๊ตบุ๊ค.com/รับซื้อโน๊ตบุ๊ค/สระบุรี/lg/,,Not found (404),new_fresh_example,,KEEP_404,,high,2026-07-04,New example in fresh Not found (404) export.
https://ร้านรับซื้อโน๊ตบุ๊ค.com/รับซื้อโน๊ตบุ๊ค/นครพนม/razer-blade/,,Not found (404),new_fresh_example,,KEEP_404,,high,2026-07-04,New example in fresh Not found (404) export.
https://ร้านรับซื้อโน๊ตบุ๊ค.com/รับซื้อโน๊ตบุ๊ค/ปัตตานี/macbook-screen-crack/,,Not found (404),new_fresh_example,,KEEP_404,,high,2026-07-04,New example in fresh Not found (404) export.
https://ร้านรับซื้อโน๊ตบุ๊ค.com/รับซื้อโน๊ตบุ๊ค/ประจวบคีรีขันธ์/macbook-pro-m2/,,Not found (404),new_fresh_example,,KEEP_404,,high,2026-07-04,New example in fresh Not found (404) export.
https://ร้านรับซื้อโน๊ตบุ๊ค.com/รับซื้อโน๊ตบุ๊ค/ชัยนาท/hp-omen-17/,,Not found (404),new_fresh_example,,KEEP_404,,high,2026-07-04,New example in fresh Not found (404) export.
https://ร้านรับซื้อโน๊ตบุ๊ค.com/รับซื้อโน๊ตบุ๊ค/เพชรบุรี/macbook-air-13/,,Not found (404),new_fresh_example,,KEEP_404,,high,2026-07-04,New example in fresh Not found (404) export.
https://ร้านรับซื้อโน๊ตบุ๊ค.com/รับซื้อโน๊ตบุ๊ค/พัทลุง/samsung/,,Not found (404),new_fresh_example,,KEEP_404,,high,2026-07-04,New example in fresh Not found (404) export.
https://ร้านรับซื้อโน๊ตบุ๊ค.com/รับซื้อโน๊ตบุ๊ค/ชัยนาท/asus-zephyrus-g14/,,Not found (404),new_fresh_example,,KEEP_404,,high,2026-07-04,New example in fresh Not found (404) export.
https://ร้านรับซื้อโน๊ตบุ๊ค.com/รับซื้อโน๊ตบุ๊ค/อ่างทอง/ฝาหลังบวม/,,Not found (404),new_fresh_example,,KEEP_404,,high,2026-07-04,New example in fresh Not found (404) export.
https://ร้านรับซื้อโน๊ตบุ๊ค.com/รับซื้อโน๊ตบุ๊ค/สกลนคร/macbook-air-m4/,,Not found (404),new_fresh_example,,KEEP_404,,high,2026-07-04,New example in fresh Not found (404) export.
https://ร้านรับซื้อโน๊ตบุ๊ค.com/รับซื้อโน๊ตบุ๊ค/สุราษฎร์ธานี/macbook-charge-port/,,Not found (404),new_fresh_example,,KEEP_404,,high,2026-07-04,New example in fresh Not found (404) export.
https://ร้านรับซื้อโน๊ตบุ๊ค.com/รับซื้อโน๊ตบุ๊ค/ลาดพร้าว/lenovo-thinkbook/,,Not found (404),new_fresh_example,,KEEP_404,,high,2026-07-04,New example in fresh Not found (404) export.
https://ร้านรับซื้อโน๊ตบุ๊ค.com/รับซื้อโน๊ตบุ๊ค/ชลบุรี/บลูทูธใช้ไม่ได้/,,Not found (404),new_fresh_example,,KEEP_404,,high,2026-07-04,New example in fresh Not found (404) export.
https://ร้านรับซื้อโน๊ตบุ๊ค.com/รับซื้อโน๊ตบุ๊ค/ลาดพร้าว/macbook-keyboard-issue/,,Not found (404),new_fresh_example,,KEEP_404,,high,2026-07-04,New example in fresh Not found (404) export.
https://ร้านรับซื้อโน๊ตบุ๊ค.com/รับซื้อโน๊ตบุ๊ค/ชัยนาท/macbook-pro-16/,,Not found (404),new_fresh_example,,KEEP_404,,high,2026-07-04,New example in fresh Not found (404) export.
https://ร้านรับซื้อโน๊ตบุ๊ค.com/รับซื้อโน๊ตบุ๊ค/พังงา/msi-stealth-14/,,Not found (404),new_fresh_example,,KEEP_404,,high,2026-07-04,New example in fresh Not found (404) export.
https://ร้านรับซื้อโน๊ตบุ๊ค.com/รับซื้อโน๊ตบุ๊ค/หาดใหญ่/msi-cyborg-15/,,Not found (404),new_fresh_example,,KEEP_404,,high,2026-07-04,New example in fresh Not found (404) export.
https://ร้านรับซื้อโน๊ตบุ๊ค.com/รับซื้อโน๊ตบุ๊ค/อุทัยธานี/msi-raider-18/,,Not found (404),new_fresh_example,,KEEP_404,,high,2026-07-04,New example in fresh Not found (404) export.
https://ร้านรับซื้อโน๊ตบุ๊ค.com/รับซื้อโน๊ตบุ๊ค/อุดรธานี/รีสตาร์ทเอง/,,Not found (404),new_fresh_example,,KEEP_404,,high,2026-07-04,New example in fresh Not found (404) export.
https://ร้านรับซื้อโน๊ตบุ๊ค.com/รับซื้อโน๊ตบุ๊ค/ร้อยเอ็ด/macbook-screen-crack/,,Not found (404),new_fresh_example,,KEEP_404,,high,2026-07-04,New example in fresh Not found (404) export.
https://ร้านรับซื้อโน๊ตบุ๊ค.com/รับซื้อโน๊ตบุ๊ค/แพร่/macbook-mdm/,,Not found (404),new_fresh_example,,KEEP_404,,high,2026-07-04,New example in fresh Not found (404) export.
https://ร้านรับซื้อโน๊ตบุ๊ค.com/รับซื้อโน๊ตบุ๊ค/ชัยนาท/acer-predator-helios/,,Not found (404),new_fresh_example,,KEEP_404,,high,2026-07-04,New example in fresh Not found (404) export.
https://ร้านรับซื้อโน๊ตบุ๊ค.com/รับซื้อโน๊ตบุ๊ค/กระบี่/acer-aspire-5/,,Not found (404),new_fresh_example,,KEEP_404,,high,2026-07-04,New example in fresh Not found (404) export.
https://ร้านรับซื้อโน๊ตบุ๊ค.com/รับซื้อโน๊ตบุ๊ค/ปทุมธานี/lenovo-ideapad-3-5/,,Not found (404),new_fresh_example,,KEEP_404,,high,2026-07-04,New example in fresh Not found (404) export.
https://ร้านรับซื้อโน๊ตบุ๊ค.com/รับซื้อโน๊ตบุ๊ค/ประจวบคีรีขันธ์/macbook-pro-14/,,Not found (404),new_fresh_example,,KEEP_404,,high,2026-07-04,New example in fresh Not found (404) export.
https://ร้านรับซื้อโน๊ตบุ๊ค.com/รับซื้อโน๊ตบุ๊ค/ตราด/acer-predator-triton/,,Not found (404),new_fresh_example,,KEEP_404,,high,2026-07-04,New example in fresh Not found (404) export.
https://ร้านรับซื้อโน๊ตบุ๊ค.com/รับซื้อโน๊ตบุ๊ค/ลำปาง/lenovo-loq-15-16/,,Not found (404),new_fresh_example,,KEEP_404,,high,2026-07-04,New example in fresh Not found (404) export.
https://ร้านรับซื้อโน๊ตบุ๊ค.com/รับซื้อโน๊ตบุ๊ค/อุทัยธานี/macbook-air-13/,,Not found (404),new_fresh_example,,KEEP_404,,high,2026-07-04,New example in fresh Not found (404) export.
https://ร้านรับซื้อโน๊ตบุ๊ค.com/รับซื้อโน๊ตบุ๊ค/ระนอง/hp-envy-x360/,,Not found (404),new_fresh_example,,KEEP_404,,high,2026-07-04,New example in fresh Not found (404) export.
https://ร้านรับซื้อโน๊ตบุ๊ค.com/รับซื้อโน๊ตบุ๊ค/น่าน/msi-katana-15/,,Not found (404),new_fresh_example,,KEEP_404,,high,2026-07-04,New example in fresh Not found (404) export.
https://ร้านรับซื้อโน๊ตบุ๊ค.com/รับซื้อโน๊ตบุ๊ค/หนองบัวลำภู/macbook-mdm/,,Not found (404),new_fresh_example,,KEEP_404,,high,2026-07-04,New example in fresh Not found (404) export.
https://ร้านรับซื้อโน๊ตบุ๊ค.com/รับซื้อโน๊ตบุ๊ค/ภูเก็ต/thinkpad-t14/,,Not found (404),new_fresh_example,,KEEP_404,,high,2026-07-04,New example in fresh Not found (404) export.
https://ร้านรับซื้อโน๊ตบุ๊ค.com/รับซื้อโน๊ตบุ๊ค/ระยอง/acer-nitro-17/,,Not found (404),new_fresh_example,,KEEP_404,,high,2026-07-04,New example in fresh Not found (404) export.
https://ร้านรับซื้อโน๊ตบุ๊ค.com/รับซื้อโน๊ตบุ๊ค/สระบุรี/wifi-ไม่ติด/,,Not found (404),new_fresh_example,,KEEP_404,,high,2026-07-04,New example in fresh Not found (404) export.
https://ร้านรับซื้อโน๊ตบุ๊ค.com/รับซื้อโน๊ตบุ๊ค/พระราม2/acer-predator-neo/,,Not found (404),new_fresh_example,,KEEP_404,,high,2026-07-04,New example in fresh Not found (404) export.
https://ร้านรับซื้อโน๊ตบุ๊ค.com/รับซื้อโน๊ตบุ๊ค/จันทบุรี/alienware-m16/,,Not found (404),new_fresh_example,,KEEP_404,,high,2026-07-04,New example in fresh Not found (404) export.
https://ร้านรับซื้อโน๊ตบุ๊ค.com/รับซื้อโน๊ตบุ๊ค/อำนาจเจริญ/msi-modern/,,Not found (404),new_fresh_example,,KEEP_404,,high,2026-07-04,New example in fresh Not found (404) export.
https://ร้านรับซื้อโน๊ตบุ๊ค.com/รับซื้อโน๊ตบุ๊ค/พระราม2/macbook-battery-swollen/,,Not found (404),new_fresh_example,,KEEP_404,,high,2026-07-04,New example in fresh Not found (404) export.
https://ร้านรับซื้อโน๊ตบุ๊ค.com/รับซื้อโน๊ตบุ๊ค/ภูเก็ต/samsung-galaxy-book/,,Not found (404),new_fresh_example,,KEEP_404,,high,2026-07-04,New example in fresh Not found (404) export.
https://ร้านรับซื้อโน๊ตบุ๊ค.com/รับซื้อโน๊ตบุ๊ค/เพชรบูรณ์/gigabyte-aorus/,,Not found (404),new_fresh_example,,KEEP_404,,high,2026-07-04,New example in fresh Not found (404) export.
https://ร้านรับซื้อโน๊ตบุ๊ค.com/รับซื้อโน๊ตบุ๊ค/บางนา/asus-vivobook/,,Not found (404),new_fresh_example,,KEEP_404,,high,2026-07-04,New example in fresh Not found (404) export.
https://ร้านรับซื้อโน๊ตบุ๊ค.com/รับซื้อโน๊ตบุ๊ค/มหาสารคาม/msi-vector-16-hx/,,Not found (404),new_fresh_example,,KEEP_404,,high,2026-07-04,New example in fresh Not found (404) export.
https://ร้านรับซื้อโน๊ตบุ๊ค.com/รับซื้อโน๊ตบุ๊ค/ลพบุรี/lg/,,Not found (404),new_fresh_example,,KEEP_404,,high,2026-07-04,New example in fresh Not found (404) export.
https://ร้านรับซื้อโน๊ตบุ๊ค.com/รับซื้อโน๊ตบุ๊ค/บางนา/macbook-keyboard-issue/,,Not found (404),new_fresh_example,,KEEP_404,,high,2026-07-04,New example in fresh Not found (404) export.
https://ร้านรับซื้อโน๊ตบุ๊ค.com/รับซื้อโน๊ตบุ๊ค/พิษณุโลก/asus-zephyrus-g14/,,Not found (404),new_fresh_example,,KEEP_404,,high,2026-07-04,New example in fresh Not found (404) export.
https://ร้านรับซื้อโน๊ตบุ๊ค.com/รับซื้อโน๊ตบุ๊ค/กำแพงเพชร/razer/,,Not found (404),new_fresh_example,,KEEP_404,,high,2026-07-04,New example in fresh Not found (404) export.
https://ร้านรับซื้อโน๊ตบุ๊ค.com/รับซื้อโน๊ตบุ๊ค/รามคำแหง/dell-latitude/,,Not found (404),new_fresh_example,,KEEP_404,,high,2026-07-04,New example in fresh Not found (404) export.
https://ร้านรับซื้อโน๊ตบุ๊ค.com/รับซื้อโน๊ตบุ๊ค/นครราชสีมา/thinkpad-x1-carbon/,,Not found (404),new_fresh_example,,KEEP_404,,high,2026-07-04,New example in fresh Not found (404) export.
https://ร้านรับซื้อโน๊ตบุ๊ค.com/รับซื้อโน๊ตบุ๊ค/ระนอง/alienware-m15-r7-r8/,,Not found (404),new_fresh_example,,KEEP_404,,high,2026-07-04,New example in fresh Not found (404) export.
https://ร้านรับซื้อโน๊ตบุ๊ค.com/รับซื้อโน๊ตบุ๊ค/สตูล/lenovo-ideapad-3-5/,,Not found (404),new_fresh_example,,KEEP_404,,high,2026-07-04,New example in fresh Not found (404) export.
https://ร้านรับซื้อโน๊ตบุ๊ค.com/รับซื้อโน๊ตบุ๊ค/ขอนแก่น/macbook-battery-swollen/,,Not found (404),new_fresh_example,,KEEP_404,,high,2026-07-04,New example in fresh Not found (404) export.
https://ร้านรับซื้อโน๊ตบุ๊ค.com/รับซื้อโน๊ตบุ๊ค/นครนายก/macbook-pro-m3/,,Not found (404),new_fresh_example,,KEEP_404,,high,2026-07-04,New example in fresh Not found (404) export.
https://ร้านรับซื้อโน๊ตบุ๊ค.com/รับซื้อโน๊ตบุ๊ค/ลำปาง/msi-cyborg-15/,,Not found (404),new_fresh_example,,KEEP_404,,high,2026-07-04,New example in fresh Not found (404) export.
https://ร้านรับซื้อโน๊ตบุ๊ค.com/รับซื้อโน๊ตบุ๊ค/หนองบัวลำภู/surface-laptop-go/,,Not found (404),new_fresh_example,,KEEP_404,,high,2026-07-04,New example in fresh Not found (404) export.
https://ร้านรับซื้อโน๊ตบุ๊ค.com/รับซื้อโน๊ตบุ๊ค/บางนา/กล้องเสีย/,,Not found (404),new_fresh_example,,KEEP_404,,high,2026-07-04,New example in fresh Not found (404) export.
https://ร้านรับซื้อโน๊ตบุ๊ค.com/รับซื้อโน๊ตบุ๊ค/พัทยา/msi-katana-15/,,Not found (404),new_fresh_example,,KEEP_404,,high,2026-07-04,New example in fresh Not found (404) export.
https://ร้านรับซื้อโน๊ตบุ๊ค.com/รับซื้อโน๊ตบุ๊ค/นครสวรรค์/จอมีเส้น/,,Not found (404),new_fresh_example,,KEEP_404,,high,2026-07-04,New example in fresh Not found (404) export.
https://ร้านรับซื้อโน๊ตบุ๊ค.com/รับซื้อโน๊ตบุ๊ค/บางนา/macbook-pro-m3/,,Not found (404),new_fresh_example,,KEEP_404,,high,2026-07-04,New example in fresh Not found (404) export.
https://ร้านรับซื้อโน๊ตบุ๊ค.com/รับซื้อโน๊ตบุ๊ค/บุรีรัมย์/alienware-m15-r7-r8/,,Not found (404),new_fresh_example,,KEEP_404,,high,2026-07-04,New example in fresh Not found (404) export.
https://ร้านรับซื้อโน๊ตบุ๊ค.com/รับซื้อโน๊ตบุ๊ค/บึงกาฬ/lg-gram/,,Not found (404),new_fresh_example,,KEEP_404,,high,2026-07-04,New example in fresh Not found (404) export.
https://ร้านรับซื้อโน๊ตบุ๊ค.com/รับซื้อโน๊ตบุ๊ค/สกลนคร/บูตวน/,,Not found (404),new_fresh_example,,KEEP_404,,high,2026-07-04,New example in fresh Not found (404) export.
https://ร้านรับซื้อโน๊ตบุ๊ค.com/รับซื้อโน๊ตบุ๊ค/สุพรรณบุรี/asus-zephyrus/,,Not found (404),new_fresh_example,,KEEP_404,,high,2026-07-04,New example in fresh Not found (404) export.
https://ร้านรับซื้อโน๊ตบุ๊ค.com/รับซื้อโน๊ตบุ๊ค/ประจวบคีรีขันธ์/macbook-battery-swollen/,,Not found (404),new_fresh_example,,KEEP_404,,high,2026-07-04,New example in fresh Not found (404) export.
https://ร้านรับซื้อโน๊ตบุ๊ค.com/รับซื้อโน๊ตบุ๊ค/อุดรธานี/hp-victus-17/,,Not found (404),new_fresh_example,,KEEP_404,,high,2026-07-04,New example in fresh Not found (404) export.
https://ร้านรับซื้อโน๊ตบุ๊ค.com/รับซื้อโน๊ตบุ๊ค/นครศรีธรรมราช/asus-tuf-a15-f15/,,Not found (404),new_fresh_example,,KEEP_404,,high,2026-07-04,New example in fresh Not found (404) export.
https://ร้านรับซื้อโน๊ตบุ๊ค.com/รับซื้อโน๊ตบุ๊ค/จันทบุรี/hp-victus-17/,,Not found (404),new_fresh_example,,KEEP_404,,high,2026-07-04,New example in fresh Not found (404) export.
https://ร้านรับซื้อโน๊ตบุ๊ค.com/รับซื้อโน๊ตบุ๊ค/กระบี่/hp-victus-15/,,Not found (404),new_fresh_example,,KEEP_404,,high,2026-07-04,New example in fresh Not found (404) export.
https://ร้านรับซื้อโน๊ตบุ๊ค.com/รับซื้อโน๊ตบุ๊ค/สิงห์บุรี/macbook-pro-14/,,Not found (404),new_fresh_example,,KEEP_404,,high,2026-07-04,New example in fresh Not found (404) export.
https://ร้านรับซื้อโน๊ตบุ๊ค.com/รับซื้อโน๊ตบุ๊ค/สิงห์บุรี/msi-raider-18/,,Not found (404),new_fresh_example,,KEEP_404,,high,2026-07-04,New example in fresh Not found (404) export.
https://ร้านรับซื้อโน๊ตบุ๊ค.com/รับซื้อโน๊ตบุ๊ค/อุตรดิตถ์/ช่องหูฟังเสีย/,,Not found (404),new_fresh_example,,KEEP_404,,high,2026-07-04,New example in fresh Not found (404) export.
https://ร้านรับซื้อโน๊ตบุ๊ค.com/รับซื้อโน๊ตบุ๊ค/นครพนม/จอมีเส้น/,,Not found (404),new_fresh_example,,KEEP_404,,high,2026-07-04,New example in fresh Not found (404) export.
https://ร้านรับซื้อโน๊ตบุ๊ค.com/รับซื้อโน๊ตบุ๊ค/นครนายก/acer-travelmate/,,Not found (404),new_fresh_example,,KEEP_404,,high,2026-07-04,New example in fresh Not found (404) export.
https://ร้านรับซื้อโน๊ตบุ๊ค.com/รับซื้อโน๊ตบุ๊ค/ตรัง/macbook-air-m2/,,Not found (404),new_fresh_example,,KEEP_404,,high,2026-07-04,New example in fresh Not found (404) export.
https://ร้านรับซื้อโน๊ตบุ๊ค.com/รับซื้อโน๊ตบุ๊ค/สกลนคร/macbook-air-13/,,Not found (404),new_fresh_example,,KEEP_404,,high,2026-07-04,New example in fresh Not found (404) export.
https://ร้านรับซื้อโน๊ตบุ๊ค.com/รับซื้อโน๊ตบุ๊ค/หาดใหญ่/lenovo-legion-5/,,Not found (404),new_fresh_example,,KEEP_404,,high,2026-07-04,New example in fresh Not found (404) export.
https://ร้านรับซื้อโน๊ตบุ๊ค.com/รับซื้อโน๊ตบุ๊ค/ตาก/hdmi-เสีย/,,Not found (404),new_fresh_example,,KEEP_404,,high,2026-07-04,New example in fresh Not found (404) export.
https://ร้านรับซื้อโน๊ตบุ๊ค.com/รับซื้อโน๊ตบุ๊ค/ระนอง/asus-rog-flow/,,Not found (404),new_fresh_example,,KEEP_404,,high,2026-07-04,New example in fresh Not found (404) export.
https://ร้านรับซื้อโน๊ตบุ๊ค.com/รับซื้อโน๊ตบุ๊ค/จันทบุรี/thinkpad-x1-carbon/,,Not found (404),new_fresh_example,,KEEP_404,,high,2026-07-04,New example in fresh Not found (404) export.
https://ร้านรับซื้อโน๊ตบุ๊ค.com/รับซื้อโน๊ตบุ๊ค/น่าน/msi-modern/,,Not found (404),new_fresh_example,,KEEP_404,,high,2026-07-04,New example in fresh Not found (404) export.
https://ร้านรับซื้อโน๊ตบุ๊ค.com/รับซื้อโน๊ตบุ๊ค/ลำปาง/msi-modern/,,Not found (404),new_fresh_example,,KEEP_404,,high,2026-07-04,New example in fresh Not found (404) export.
https://ร้านรับซื้อโน๊ตบุ๊ค.com/รับซื้อโน๊ตบุ๊ค/ใกล้ฉัน/samsung-galaxy-book/,,Not found (404),new_fresh_example,,KEEP_404,,high,2026-07-04,New example in fresh Not found (404) export.
https://ร้านรับซื้อโน๊ตบุ๊ค.com/รับซื้อโน๊ตบุ๊ค/อุบลราชธานี/razer/,,Not found (404),new_fresh_example,,KEEP_404,,high,2026-07-04,New example in fresh Not found (404) export.
https://ร้านรับซื้อโน๊ตบุ๊ค.com/รับซื้อโน๊ตบุ๊ค/รังสิต/macbook-air-m5/,,Not found (404),new_fresh_example,,KEEP_404,,high,2026-07-04,New example in fresh Not found (404) export.
https://ร้านรับซื้อโน๊ตบุ๊ค.com/รับซื้อโน๊ตบุ๊ค/สุพรรณบุรี/ทัชแพดเสีย/,,Not found (404),new_fresh_example,,KEEP_404,,high,2026-07-04,New example in fresh Not found (404) export.
https://ร้านรับซื้อโน๊ตบุ๊ค.com/รับซื้อโน๊ตบุ๊ค/หาดใหญ่/ลำโพงเสีย/,,Not found (404),new_fresh_example,,KEEP_404,,high,2026-07-04,New example in fresh Not found (404) export.
https://ร้านรับซื้อโน๊ตบุ๊ค.com/รับซื้อโน๊ตบุ๊ค/นครราชสีมา/alienware-m15-r7-r8/,,Not found (404),new_fresh_example,,KEEP_404,,high,2026-07-04,New example in fresh Not found (404) export.
https://ร้านรับซื้อโน๊ตบุ๊ค.com/รับซื้อโน๊ตบุ๊ค/ยะลา/asus-vivobook/,,Not found (404),new_fresh_example,,KEEP_404,,high,2026-07-04,New example in fresh Not found (404) export.
https://ร้านรับซื้อโน๊ตบุ๊ค.com/รับซื้อโน๊ตบุ๊ค/มุกดาหาร/honor/,,Not found (404),new_fresh_example,,KEEP_404,,high,2026-07-04,New example in fresh Not found (404) export.
https://ร้านรับซื้อโน๊ตบุ๊ค.com/รับซื้อโน๊ตบุ๊ค/ห้วยขวาง/lenovo-loq-15-16/,,Not found (404),new_fresh_example,,KEEP_404,,high,2026-07-04,New example in fresh Not found (404) export.
https://ร้านรับซื้อโน๊ตบุ๊ค.com/รับซื้อโน๊ตบุ๊ค/รามคำแหง/dell-inspiron-15/,,Not found (404),new_fresh_example,,KEEP_404,,high,2026-07-04,New example in fresh Not found (404) export.
https://ร้านรับซื้อโน๊ตบุ๊ค.com/รับซื้อโน๊ตบุ๊ค/อ่างทอง/thinkpad-e14-e15/,,Not found (404),new_fresh_example,,KEEP_404,,high,2026-07-04,New example in fresh Not found (404) export.
https://ร้านรับซื้อโน๊ตบุ๊ค.com/รับซื้อโน๊ตบุ๊ค/นครพนม/alienware-m15-r7-r8/,,Not found (404),new_fresh_example,,KEEP_404,,high,2026-07-04,New example in fresh Not found (404) export.
https://ร้านรับซื้อโน๊ตบุ๊ค.com/รับซื้อโน๊ตบุ๊ค/เพชรบูรณ์/hp-victus-15/,,Not found (404),new_fresh_example,,KEEP_404,,high,2026-07-04,New example in fresh Not found (404) export.
https://ร้านรับซื้อโน๊ตบุ๊ค.com/รับซื้อโน๊ตบุ๊ค/แม่ฮ่องสอน/ลำโพงเสีย/,,Not found (404),new_fresh_example,,KEEP_404,,high,2026-07-04,New example in fresh Not found (404) export.
https://ร้านรับซื้อโน๊ตบุ๊ค.com/รับซื้อโน๊ตบุ๊ค/อ่างทอง/asus-zephyrus-g16/,,Not found (404),new_fresh_example,,KEEP_404,,high,2026-07-04,New example in fresh Not found (404) export.
https://ร้านรับซื้อโน๊ตบุ๊ค.com/รับซื้อโน๊ตบุ๊ค/กรุงเทพ/dell-g15-g16/,,Not found (404),new_fresh_example,,KEEP_404,,high,2026-07-03,New example in fresh Not found (404) export.
https://ร้านรับซื้อโน๊ตบุ๊ค.com/รับซื้อโน๊ตบุ๊ค/สุพรรณบุรี/thinkpad-x1-carbon/,,Not found (404),new_fresh_example,,KEEP_404,,high,2026-07-03,New example in fresh Not found (404) export.
https://ร้านรับซื้อโน๊ตบุ๊ค.com/รับซื้อโน๊ตบุ๊ค/กรุงเทพ/surface-laptop-go/,,Not found (404),new_fresh_example,,KEEP_404,,high,2026-07-03,New example in fresh Not found (404) export.
https://ร้านรับซื้อโน๊ตบุ๊ค.com/รับซื้อโน๊ตบุ๊ค/ราชบุรี/จอไม่ติดแต่เครื่องติด/,,Not found (404),new_fresh_example,,KEEP_404,,high,2026-07-03,New example in fresh Not found (404) export.
https://ร้านรับซื้อโน๊ตบุ๊ค.com/รับซื้อโน๊ตบุ๊ค/สระแก้ว/surface-laptop-go/,,Not found (404),new_fresh_example,,KEEP_404,,high,2026-07-03,New example in fresh Not found (404) export.
https://ร้านรับซื้อโน๊ตบุ๊ค.com/รับซื้อโน๊ตบุ๊ค/อำนาจเจริญ/ร้อนจัดดับเอง/,,Not found (404),new_fresh_example,,KEEP_404,,high,2026-07-03,New example in fresh Not found (404) export.
https://ร้านรับซื้อโน๊ตบุ๊ค.com/รับซื้อโน๊ตบุ๊ค/ตาก/asus-expertbook/,,Not found (404),new_fresh_example,,KEEP_404,,high,2026-07-03,New example in fresh Not found (404) export.
https://ร้านรับซื้อโน๊ตบุ๊ค.com/รับซื้อโน๊ตบุ๊ค/สุพรรณบุรี/huawei/,,Not found (404),new_fresh_example,,KEEP_404,,high,2026-07-03,New example in fresh Not found (404) export.
https://ร้านรับซื้อโน๊ตบุ๊ค.com/รับซื้อโน๊ตบุ๊ค/เพชรบุรี/huawei/,,Not found (404),new_fresh_example,,KEEP_404,,high,2026-07-03,New example in fresh Not found (404) export.
https://ร้านรับซื้อโน๊ตบุ๊ค.com/รับซื้อโน๊ตบุ๊ค/ลำปาง/thinkpad-t14/,,Not found (404),new_fresh_example,,KEEP_404,,high,2026-07-03,New example in fresh Not found (404) export.
https://ร้านรับซื้อโน๊ตบุ๊ค.com/รับซื้อโน๊ตบุ๊ค/เชียงใหม่/hp-victus-15/,,Not found (404),new_fresh_example,,KEEP_404,,high,2026-07-03,New example in fresh Not found (404) export.
https://ร้านรับซื้อโน๊ตบุ๊ค.com/รับซื้อโน๊ตบุ๊ค/นครนายก/ค้างบ่อย/,,Not found (404),new_fresh_example,,KEEP_404,,high,2026-07-03,New example in fresh Not found (404) export.
https://ร้านรับซื้อโน๊ตบุ๊ค.com/รับซื้อโน๊ตบุ๊ค/หนองบัวลำภู/razer-blade/,,Not found (404),new_fresh_example,,KEEP_404,,high,2026-07-03,New example in fresh Not found (404) export.
https://ร้านรับซื้อโน๊ตบุ๊ค.com/รับซื้อโน๊ตบุ๊ค/ฉะเชิงเทรา/บลูทูธใช้ไม่ได้/,,Not found (404),new_fresh_example,,KEEP_404,,high,2026-07-03,New example in fresh Not found (404) export.
https://ร้านรับซื้อโน๊ตบุ๊ค.com/รับซื้อโน๊ตบุ๊ค/จันทบุรี/dell-inspiron-15/,,Not found (404),new_fresh_example,,KEEP_404,,high,2026-07-03,New example in fresh Not found (404) export.
https://ร้านรับซื้อโน๊ตบุ๊ค.com/รับซื้อโน๊ตบุ๊ค/ลาดพร้าว/ฝาหลังบวม/,,Not found (404),new_fresh_example,,KEEP_404,,high,2026-07-03,New example in fresh Not found (404) export.
https://ร้านรับซื้อโน๊ตบุ๊ค.com/รับซื้อโน๊ตบุ๊ค/สุพรรณบุรี/acer-nitro-16/,,Not found (404),new_fresh_example,,KEEP_404,,high,2026-07-03,New example in fresh Not found (404) export.
https://ร้านรับซื้อโน๊ตบุ๊ค.com/รับซื้อโน๊ตบุ๊ค/อุทัยธานี/macbook-air-m1/,,Not found (404),new_fresh_example,,KEEP_404,,high,2026-07-03,New example in fresh Not found (404) export.
https://ร้านรับซื้อโน๊ตบุ๊ค.com/รับซื้อโน๊ตบุ๊ค/พิษณุโลก/macbook-pro-m4/,,Not found (404),new_fresh_example,,KEEP_404,,high,2026-07-03,New example in fresh Not found (404) export.
https://ร้านรับซื้อโน๊ตบุ๊ค.com/รับซื้อโน๊ตบุ๊ค/อุทัยธานี/macbook-air-15/,,Not found (404),new_fresh_example,,KEEP_404,,high,2026-07-03,New example in fresh Not found (404) export.
https://ร้านรับซื้อโน๊ตบุ๊ค.com/รับซื้อโน๊ตบุ๊ค/สระบุรี/asus-rog-ally-x/,,Not found (404),new_fresh_example,,KEEP_404,,high,2026-07-03,New example in fresh Not found (404) export.
https://ร้านรับซื้อโน๊ตบุ๊ค.com/รับซื้อโน๊ตบุ๊ค/ยโสธร/asus-zephyrus-g16/,,Not found (404),new_fresh_example,,KEEP_404,,high,2026-07-03,New example in fresh Not found (404) export.
https://ร้านรับซื้อโน๊ตบุ๊ค.com/รับซื้อโน๊ตบุ๊ค/รังสิต/surface-pro/,,Not found (404),new_fresh_example,,KEEP_404,,high,2026-07-03,New example in fresh Not found (404) export.
https://ร้านรับซื้อโน๊ตบุ๊ค.com/รับซื้อโน๊ตบุ๊ค/ลาดพร้าว/จอฟ้า/,,Not found (404),new_fresh_example,,KEEP_404,,high,2026-07-03,New example in fresh Not found (404) export.
https://ร้านรับซื้อโน๊ตบุ๊ค.com/รับซื้อโน๊ตบุ๊ค/อยุธยา/macbook-charge-port/,,Not found (404),new_fresh_example,,KEEP_404,,high,2026-07-03,New example in fresh Not found (404) export.
https://ร้านรับซื้อโน๊ตบุ๊ค.com/รับซื้อโน๊ตบุ๊ค/เลย/พอร์ตแลนเสีย/,,Not found (404),new_fresh_example,,KEEP_404,,high,2026-07-03,New example in fresh Not found (404) export.
https://ร้านรับซื้อโน๊ตบุ๊ค.com/รับซื้อโน๊ตบุ๊ค/พิษณุโลก/macbook-air-13/,,Not found (404),new_fresh_example,,KEEP_404,,high,2026-07-03,New example in fresh Not found (404) export.
https://ร้านรับซื้อโน๊ตบุ๊ค.com/รับซื้อโน๊ตบุ๊ค/ตราด/พอร์ต-usb-เสีย/,,Not found (404),new_fresh_example,,KEEP_404,,high,2026-07-03,New example in fresh Not found (404) export.
https://ร้านรับซื้อโน๊ตบุ๊ค.com/รับซื้อโน๊ตบุ๊ค/ชัยภูมิ/hp-envy-x360/,,Not found (404),new_fresh_example,,KEEP_404,,high,2026-07-03,New example in fresh Not found (404) export.
https://ร้านรับซื้อโน๊ตบุ๊ค.com/รับซื้อโน๊ตบุ๊ค/นนทบุรี/honor/,,Not found (404),new_fresh_example,,KEEP_404,,high,2026-07-03,New example in fresh Not found (404) export.
https://ร้านรับซื้อโน๊ตบุ๊ค.com/รับซื้อโน๊ตบุ๊ค/สมุทรสาคร/asus-rog-strix/,,Not found (404),new_fresh_example,,KEEP_404,,high,2026-07-03,New example in fresh Not found (404) export.
https://ร้านรับซื้อโน๊ตบุ๊ค.com/รับซื้อโน๊ตบุ๊ค/อยุธยา/gigabyte/,,Not found (404),new_fresh_example,,KEEP_404,,high,2026-07-03,New example in fresh Not found (404) export.
https://ร้านรับซื้อโน๊ตบุ๊ค.com/รับซื้อโน๊ตบุ๊ค/อ่างทอง/macbook-air-m5/,,Not found (404),new_fresh_example,,KEEP_404,,high,2026-07-03,New example in fresh Not found (404) export.
https://ร้านรับซื้อโน๊ตบุ๊ค.com/รับซื้อโน๊ตบุ๊ค/มุกดาหาร/surface-book/,,Not found (404),new_fresh_example,,KEEP_404,,high,2026-07-03,New example in fresh Not found (404) export.
https://ร้านรับซื้อโน๊ตบุ๊ค.com/รับซื้อโน๊ตบุ๊ค/ตาก/gigabyte-aorus/,,Not found (404),new_fresh_example,,KEEP_404,,high,2026-07-03,New example in fresh Not found (404) export.
https://ร้านรับซื้อโน๊ตบุ๊ค.com/รับซื้อโน๊ตบุ๊ค/ภาคอีสาน/ทัชแพดเสีย/,,Not found (404),new_fresh_example,,KEEP_404,,high,2026-07-03,New example in fresh Not found (404) export.
https://ร้านรับซื้อโน๊ตบุ๊ค.com/รับซื้อโน๊ตบุ๊ค/เพชรบูรณ์/macbook-screen-crack/,,Not found (404),new_fresh_example,,KEEP_404,,high,2026-07-03,New example in fresh Not found (404) export.
https://ร้านรับซื้อโน๊ตบุ๊ค.com/รับซื้อโน๊ตบุ๊ค/ปทุมธานี/asus-zenbook/,,Not found (404),new_fresh_example,,KEEP_404,,high,2026-07-03,New example in fresh Not found (404) export.
https://ร้านรับซื้อโน๊ตบุ๊ค.com/รับซื้อโน๊ตบุ๊ค/สกลนคร/dell-g15-g16/,,Not found (404),new_fresh_example,,KEEP_404,,high,2026-07-03,New example in fresh Not found (404) export.
https://ร้านรับซื้อโน๊ตบุ๊ค.com/รับซื้อโน๊ตบุ๊ค/อยุธยา/พัดลมดัง/,,Not found (404),new_fresh_example,,KEEP_404,,high,2026-07-03,New example in fresh Not found (404) export.
https://ร้านรับซื้อโน๊ตบุ๊ค.com/รับซื้อโน๊ตบุ๊ค/อ่างทอง/macbook-pro-m3/,,Not found (404),new_fresh_example,,KEEP_404,,high,2026-07-03,New example in fresh Not found (404) export.
https://ร้านรับซื้อโน๊ตบุ๊ค.com/รับซื้อโน๊ตบุ๊ค/บุรีรัมย์/hdmi-เสีย/,,Not found (404),new_fresh_example,,KEEP_404,,high,2026-07-03,New example in fresh Not found (404) export.
https://ร้านรับซื้อโน๊ตบุ๊ค.com/รับซื้อโน๊ตบุ๊ค/อำนาจเจริญ/macbook-pro-m1/,,Not found (404),new_fresh_example,,KEEP_404,,high,2026-07-03,New example in fresh Not found (404) export.
https://ร้านรับซื้อโน๊ตบุ๊ค.com/รับซื้อโน๊ตบุ๊ค/มุกดาหาร/macbook-no-box-no-receipt/,,Not found (404),new_fresh_example,,KEEP_404,,high,2026-07-03,New example in fresh Not found (404) export.
https://ร้านรับซื้อโน๊ตบุ๊ค.com/รับซื้อโน๊ตบุ๊ค/ห้วยขวาง/macbook-air-m3/,,Not found (404),new_fresh_example,,KEEP_404,,high,2026-07-03,New example in fresh Not found (404) export.
https://ร้านรับซื้อโน๊ตบุ๊ค.com/รับซื้อโน๊ตบุ๊ค/ห้วยขวาง/ช่องหูฟังเสีย/,,Not found (404),new_fresh_example,,KEEP_404,,high,2026-07-03,New example in fresh Not found (404) export.
https://ร้านรับซื้อโน๊ตบุ๊ค.com/รับซื้อโน๊ตบุ๊ค/ปทุมธานี/พอร์ต-type-c-เสีย/,,Not found (404),new_fresh_example,,KEEP_404,,high,2026-07-03,New example in fresh Not found (404) export.
https://ร้านรับซื้อโน๊ตบุ๊ค.com/รับซื้อโน๊ตบุ๊ค/ร้อยเอ็ด/msi-raider-18/,,Not found (404),new_fresh_example,,KEEP_404,,high,2026-07-03,New example in fresh Not found (404) export.
https://ร้านรับซื้อโน๊ตบุ๊ค.com/รับซื้อโน๊ตบุ๊ค/อุบลราชธานี/lenovo-yoga/,,Not found (404),new_fresh_example,,KEEP_404,,high,2026-07-03,New example in fresh Not found (404) export.
https://ร้านรับซื้อโน๊ตบุ๊ค.com/รับซื้อโน๊ตบุ๊ค/ประจวบคีรีขันธ์/hp-elitebook/,,Not found (404),new_fresh_example,,KEEP_404,,high,2026-07-03,New example in fresh Not found (404) export.
https://ร้านรับซื้อโน๊ตบุ๊ค.com/รับซื้อโน๊ตบุ๊ค/ปทุมธานี/จอไม่ติดแต่เครื่องติด/,,Not found (404),new_fresh_example,,KEEP_404,,high,2026-07-03,New example in fresh Not found (404) export.
https://ร้านรับซื้อโน๊ตบุ๊ค.com/รับซื้อโน๊ตบุ๊ค/กรุงเทพ/macbook-pro-m5/,,Not found (404),new_fresh_example,,KEEP_404,,high,2026-07-03,New example in fresh Not found (404) export.
https://ร้านรับซื้อโน๊ตบุ๊ค.com/รับซื้อโน๊ตบุ๊ค/อ่างทอง/lenovo-ideapad-3-5/,,Not found (404),new_fresh_example,,KEEP_404,,high,2026-07-03,New example in fresh Not found (404) export.
https://ร้านรับซื้อโน๊ตบุ๊ค.com/รับซื้อโน๊ตบุ๊ค/รังสิต/wifi-ไม่ติด/,,Not found (404),new_fresh_example,,KEEP_404,,high,2026-07-03,New example in fresh Not found (404) export.
https://ร้านรับซื้อโน๊ตบุ๊ค.com/รับซื้อโน๊ตบุ๊ค/อุตรดิตถ์/acer-aspire-5/,,Not found (404),new_fresh_example,,KEEP_404,,high,2026-07-03,New example in fresh Not found (404) export.
https://ร้านรับซื้อโน๊ตบุ๊ค.com/รับซื้อโน๊ตบุ๊ค/ประจวบคีรีขันธ์/acer-predator-triton/,,Not found (404),new_fresh_example,,KEEP_404,,high,2026-07-03,New example in fresh Not found (404) export.
https://ร้านรับซื้อโน๊ตบุ๊ค.com/รับซื้อโน๊ตบุ๊ค/สระแก้ว/lenovo-legion-pro-7/,,Not found (404),new_fresh_example,,KEEP_404,,high,2026-07-03,New example in fresh Not found (404) export.
https://ร้านรับซื้อโน๊ตบุ๊ค.com/รับซื้อโน๊ตบุ๊ค/สุรินทร์/asus-rog-strix/,,Not found (404),new_fresh_example,,KEEP_404,,high,2026-07-03,New example in fresh Not found (404) export.
https://ร้านรับซื้อโน๊ตบุ๊ค.com/รับซื้อโน๊ตบุ๊ค/อุบลราชธานี/thinkpad-x1-carbon/,,Not found (404),new_fresh_example,,KEEP_404,,high,2026-07-03,New example in fresh Not found (404) export.
https://ร้านรับซื้อโน๊ตบุ๊ค.com/รับซื้อโน๊ตบุ๊ค/ฉะเชิงเทรา/macbook-battery-health/,,Not found (404),new_fresh_example,,KEEP_404,,high,2026-07-03,New example in fresh Not found (404) export.
https://ร้านรับซื้อโน๊ตบุ๊ค.com/รับซื้อโน๊ตบุ๊ค/ยโสธร/พอร์ต-usb-เสีย/,,Not found (404),new_fresh_example,,KEEP_404,,high,2026-07-03,New example in fresh Not found (404) export.
https://ร้านรับซื้อโน๊ตบุ๊ค.com/รับซื้อโน๊ตบุ๊ค/พระราม2/macbook-air-15/,,Not found (404),new_fresh_example,,KEEP_404,,high,2026-07-03,New example in fresh Not found (404) export.
https://ร้านรับซื้อโน๊ตบุ๊ค.com/รับซื้อโน๊ตบุ๊ค/นนทบุรี/surface-laptop/,,Not found (404),new_fresh_example,,KEEP_404,,high,2026-07-03,New example in fresh Not found (404) export.
https://ร้านรับซื้อโน๊ตบุ๊ค.com/รับซื้อโน๊ตบุ๊ค/บึงกาฬ/ร้อนจัดดับเอง/,,Not found (404),new_fresh_example,,KEEP_404,,high,2026-07-03,New example in fresh Not found (404) export.
https://ร้านรับซื้อโน๊ตบุ๊ค.com/รับซื้อโน๊ตบุ๊ค/กาฬสินธุ์/macbook-air-m3/,,Not found (404),new_fresh_example,,KEEP_404,,high,2026-07-03,New example in fresh Not found (404) export.
https://ร้านรับซื้อโน๊ตบุ๊ค.com/รับซื้อโน๊ตบุ๊ค/บางนา/พอร์ตแลนเสีย/,,Not found (404),new_fresh_example,,KEEP_404,,high,2026-07-03,New example in fresh Not found (404) export.
https://ร้านรับซื้อโน๊ตบุ๊ค.com/รับซื้อโน๊ตบุ๊ค/สระแก้ว/พัดลมดัง/,,Not found (404),new_fresh_example,,KEEP_404,,high,2026-07-03,New example in fresh Not found (404) export.
https://ร้านรับซื้อโน๊ตบุ๊ค.com/รับซื้อโน๊ตบุ๊ค/ศรีสะเกษ/razer/,,Not found (404),new_fresh_example,,KEEP_404,,high,2026-07-03,New example in fresh Not found (404) export.
https://ร้านรับซื้อโน๊ตบุ๊ค.com/รับซื้อโน๊ตบุ๊ค/เลย/wifi-ไม่ติด/,,Not found (404),new_fresh_example,,KEEP_404,,high,2026-07-03,New example in fresh Not found (404) export.
https://ร้านรับซื้อโน๊ตบุ๊ค.com/รับซื้อโน๊ตบุ๊ค/อ่างทอง/acer-nitro-17/,,Not found (404),new_fresh_example,,KEEP_404,,high,2026-07-03,New example in fresh Not found (404) export.
https://ร้านรับซื้อโน๊ตบุ๊ค.com/รับซื้อโน๊ตบุ๊ค/ยะลา/surface-laptop-go/,,Not found (404),new_fresh_example,,KEEP_404,,high,2026-07-03,New example in fresh Not found (404) export.
https://ร้านรับซื้อโน๊ตบุ๊ค.com/รับซื้อโน๊ตบุ๊ค/หนองคาย/macbook-pro-m4/,,Not found (404),new_fresh_example,,KEEP_404,,high,2026-07-03,New example in fresh Not found (404) export.
https://ร้านรับซื้อโน๊ตบุ๊ค.com/รับซื้อโน๊ตบุ๊ค/ศรีสะเกษ/msi-raider-18/,,Not found (404),new_fresh_example,,KEEP_404,,high,2026-07-03,New example in fresh Not found (404) export.
https://ร้านรับซื้อโน๊ตบุ๊ค.com/รับซื้อโน๊ตบุ๊ค/บึงกาฬ/จอไม่ติดแต่เครื่องติด/,,Not found (404),new_fresh_example,,KEEP_404,,high,2026-07-03,New example in fresh Not found (404) export.
https://ร้านรับซื้อโน๊ตบุ๊ค.com/รับซื้อโน๊ตบุ๊ค/นครปฐม/asus-vivobook/,,Not found (404),new_fresh_example,,KEEP_404,,high,2026-07-03,New example in fresh Not found (404) export.
https://ร้านรับซื้อโน๊ตบุ๊ค.com/รับซื้อโน๊ตบุ๊ค/ปทุมธานี/lenovo-thinkbook/,,Not found (404),new_fresh_example,,KEEP_404,,high,2026-07-03,New example in fresh Not found (404) export.
https://ร้านรับซื้อโน๊ตบุ๊ค.com/รับซื้อโน๊ตบุ๊ค/ยโสธร/surface-pro/,,Not found (404),new_fresh_example,,KEEP_404,,high,2026-07-03,New example in fresh Not found (404) export.
https://ร้านรับซื้อโน๊ตบุ๊ค.com/รับซื้อโน๊ตบุ๊ค/หนองคาย/macbook-cycle-count/,,Not found (404),new_fresh_example,,KEEP_404,,high,2026-07-03,New example in fresh Not found (404) export.
https://ร้านรับซื้อโน๊ตบุ๊ค.com/รับซื้อโน๊ตบุ๊ค/ชลบุรี/asus-rog-strix/,,Not found (404),new_fresh_example,,KEEP_404,,high,2026-07-03,New example in fresh Not found (404) export.
https://ร้านรับซื้อโน๊ตบุ๊ค.com/รับซื้อโน๊ตบุ๊ค/นครพนม/asus-rog-strix/,,Not found (404),new_fresh_example,,KEEP_404,,high,2026-07-03,New example in fresh Not found (404) export.
https://ร้านรับซื้อโน๊ตบุ๊ค.com/รับซื้อโน๊ตบุ๊ค/ตราด/hp-spectre-x360/,,Not found (404),new_fresh_example,,KEEP_404,,high,2026-07-03,New example in fresh Not found (404) export.
https://ร้านรับซื้อโน๊ตบุ๊ค.com/รับซื้อโน๊ตบุ๊ค/ลำปาง/macbook-cycle-count/,,Not found (404),new_fresh_example,,KEEP_404,,high,2026-07-03,New example in fresh Not found (404) export.
https://ร้านรับซื้อโน๊ตบุ๊ค.com/รับซื้อโน๊ตบุ๊ค/พระราม2/acer-nitro-16/,,Not found (404),new_fresh_example,,KEEP_404,,high,2026-07-03,New example in fresh Not found (404) export.
https://ร้านรับซื้อโน๊ตบุ๊ค.com/รับซื้อโน๊ตบุ๊ค/อยุธยา/hp-omen-transcend/,,Not found (404),new_fresh_example,,KEEP_404,,high,2026-07-03,New example in fresh Not found (404) export.
https://ร้านรับซื้อโน๊ตบุ๊ค.com/รับซื้อโน๊ตบุ๊ค/สมุทรปราการ/msi-raider-18/,,Not found (404),new_fresh_example,,KEEP_404,,high,2026-07-03,New example in fresh Not found (404) export.
https://ร้านรับซื้อโน๊ตบุ๊ค.com/รับซื้อโน๊ตบุ๊ค/ตรัง/macbook-pro-m5/,,Not found (404),new_fresh_example,,KEEP_404,,high,2026-07-03,New example in fresh Not found (404) export.
https://ร้านรับซื้อโน๊ตบุ๊ค.com/รับซื้อโน๊ตบุ๊ค/อยุธยา/msi-stealth-16/,,Not found (404),new_fresh_example,,KEEP_404,,high,2026-07-03,New example in fresh Not found (404) export.
https://ร้านรับซื้อโน๊ตบุ๊ค.com/รับซื้อโน๊ตบุ๊ค/กาฬสินธุ์/gigabyte-aorus/,,Not found (404),new_fresh_example,,KEEP_404,,high,2026-07-03,New example in fresh Not found (404) export.
https://ร้านรับซื้อโน๊ตบุ๊ค.com/รับซื้อโน๊ตบุ๊ค/ชัยภูมิ/จอไม่ติดแต่เครื่องติด/,,Not found (404),new_fresh_example,,KEEP_404,,high,2026-07-03,New example in fresh Not found (404) export.
https://ร้านรับซื้อโน๊ตบุ๊ค.com/รับซื้อโน๊ตบุ๊ค/เพชรบูรณ์/macbook-air-m4/,,Not found (404),new_fresh_example,,KEEP_404,,high,2026-07-03,New example in fresh Not found (404) export.
https://ร้านรับซื้อโน๊ตบุ๊ค.com/รับซื้อโน๊ตบุ๊ค/อุตรดิตถ์/hp-victus-15/,,Not found (404),new_fresh_example,,KEEP_404,,high,2026-07-03,New example in fresh Not found (404) export.
https://ร้านรับซื้อโน๊ตบุ๊ค.com/รับซื้อโน๊ตบุ๊ค/เชียงราย/กล้องเสีย/,,Not found (404),new_fresh_example,,KEEP_404,,high,2026-07-03,New example in fresh Not found (404) export.
https://ร้านรับซื้อโน๊ตบุ๊ค.com/รับซื้อโน๊ตบุ๊ค/ปทุมธานี/samsung-galaxy-book/,,Not found (404),new_fresh_example,,KEEP_404,,high,2026-07-03,New example in fresh Not found (404) export.
https://ร้านรับซื้อโน๊ตบุ๊ค.com/รับซื้อโน๊ตบุ๊ค/ราชบุรี/macbook-air-13/,,Not found (404),new_fresh_example,,KEEP_404,,high,2026-07-03,New example in fresh Not found (404) export.
https://ร้านรับซื้อโน๊ตบุ๊ค.com/รับซื้อโน๊ตบุ๊ค/ร้อยเอ็ด/macbook-air-13/,,Not found (404),new_fresh_example,,KEEP_404,,high,2026-07-03,New example in fresh Not found (404) export.
https://ร้านรับซื้อโน๊ตบุ๊ค.com/รับซื้อโน๊ตบุ๊ค/ลาดพร้าว/ทัชแพดเสีย/,,Not found (404),new_fresh_example,,KEEP_404,,high,2026-07-03,New example in fresh Not found (404) export.
https://ร้านรับซื้อโน๊ตบุ๊ค.com/รับซื้อโน๊ตบุ๊ค/ภาคอีสาน/พอร์ต-type-c-เสีย/,,Not found (404),new_fresh_example,,KEEP_404,,high,2026-07-03,New example in fresh Not found (404) export.
https://ร้านรับซื้อโน๊ตบุ๊ค.com/รับซื้อโน๊ตบุ๊ค/ตาก/พอร์ต-usb-เสีย/,,Not found (404),new_fresh_example,,KEEP_404,,high,2026-07-03,New example in fresh Not found (404) export.
https://ร้านรับซื้อโน๊ตบุ๊ค.com/รับซื้อโน๊ตบุ๊ค/นครพนม/samsung/,,Not found (404),new_fresh_example,,KEEP_404,,high,2026-07-03,New example in fresh Not found (404) export.
https://ร้านรับซื้อโน๊ตบุ๊ค.com/รับซื้อโน๊ตบุ๊ค/ขอนแก่น/thinkpad-e14-e15/,,Not found (404),new_fresh_example,,KEEP_404,,high,2026-07-03,New example in fresh Not found (404) export.
https://ร้านรับซื้อโน๊ตบุ๊ค.com/รับซื้อโน๊ตบุ๊ค/ประจวบคีรีขันธ์/lenovo-yoga/,,Not found (404),new_fresh_example,,KEEP_404,,high,2026-07-03,New example in fresh Not found (404) export.
https://ร้านรับซื้อโน๊ตบุ๊ค.com/รับซื้อโน๊ตบุ๊ค/นนทบุรี/lenovo-legion-slim/,,Not found (404),new_fresh_example,,KEEP_404,,high,2026-07-03,New example in fresh Not found (404) export.
https://ร้านรับซื้อโน๊ตบุ๊ค.com/รับซื้อโน๊ตบุ๊ค/พังงา/acer-swift/,,Not found (404),new_fresh_example,,KEEP_404,,high,2026-07-03,New example in fresh Not found (404) export.
https://ร้านรับซื้อโน๊ตบุ๊ค.com/รับซื้อโน๊ตบุ๊ค/พะเยา/asus-zephyrus-g14/,,Not found (404),new_fresh_example,,KEEP_404,,high,2026-07-03,New example in fresh Not found (404) export.
https://ร้านรับซื้อโน๊ตบุ๊ค.com/รับซื้อโน๊ตบุ๊ค/อ่างทอง/พอร์ต-usb-เสีย/,,Not found (404),new_fresh_example,,KEEP_404,,high,2026-07-03,New example in fresh Not found (404) export.
https://ร้านรับซื้อโน๊ตบุ๊ค.com/รับซื้อโน๊ตบุ๊ค/นครปฐม/thinkpad-x1-carbon/,,Not found (404),new_fresh_example,,KEEP_404,,high,2026-07-03,New example in fresh Not found (404) export.
https://ร้านรับซื้อโน๊ตบุ๊ค.com/รับซื้อโน๊ตบุ๊ค/บุรีรัมย์/บอดี้แตก/,,Not found (404),new_fresh_example,,KEEP_404,,high,2026-07-03,New example in fresh Not found (404) export.
https://ร้านรับซื้อโน๊ตบุ๊ค.com/รับซื้อโน๊ตบุ๊ค/ยโสธร/macbook-pro-m2/,,Not found (404),new_fresh_example,,KEEP_404,,high,2026-07-03,New example in fresh Not found (404) export.
https://ร้านรับซื้อโน๊ตบุ๊ค.com/รับซื้อโน๊ตบุ๊ค/ฉะเชิงเทรา/asus-zephyrus-g16/,,Not found (404),new_fresh_example,,KEEP_404,,high,2026-07-03,New example in fresh Not found (404) export.
https://ร้านรับซื้อโน๊ตบุ๊ค.com/รับซื้อโน๊ตบุ๊ค/ตาก/alienware-m15-r7-r8/,,Not found (404),new_fresh_example,,KEEP_404,,high,2026-07-03,New example in fresh Not found (404) export.
https://ร้านรับซื้อโน๊ตบุ๊ค.com/รับซื้อโน๊ตบุ๊ค/อำนาจเจริญ/macbook-keyboard-issue/,,Not found (404),new_fresh_example,,KEEP_404,,high,2026-07-03,New example in fresh Not found (404) export.
https://ร้านรับซื้อโน๊ตบุ๊ค.com/รับซื้อโน๊ตบุ๊ค/นครราชสีมา/alienware-m18/,,Not found (404),new_fresh_example,,KEEP_404,,high,2026-07-03,New example in fresh Not found (404) export.
https://ร้านรับซื้อโน๊ตบุ๊ค.com/รับซื้อโน๊ตบุ๊ค/พิจิตร/asus-zephyrus-g16/,,Not found (404),new_fresh_example,,KEEP_404,,high,2026-07-03,New example in fresh Not found (404) export.
https://ร้านรับซื้อโน๊ตบุ๊ค.com/รับซื้อโน๊ตบุ๊ค/ระนอง/จอฟ้า/,,Not found (404),new_fresh_example,,KEEP_404,,high,2026-07-03,New example in fresh Not found (404) export.
https://ร้านรับซื้อโน๊ตบุ๊ค.com/รับซื้อโน๊ตบุ๊ค/ศรีสะเกษ/asus-tuf-a15-f15/,,Not found (404),new_fresh_example,,KEEP_404,,high,2026-07-03,New example in fresh Not found (404) export.
https://ร้านรับซื้อโน๊ตบุ๊ค.com/รับซื้อโน๊ตบุ๊ค/ภาคอีสาน/lenovo-legion-pro-7/,,Not found (404),new_fresh_example,,KEEP_404,,high,2026-07-03,New example in fresh Not found (404) export.
https://ร้านรับซื้อโน๊ตบุ๊ค.com/รับซื้อโน๊ตบุ๊ค/เชียงราย/macbook-air-m1/,,Not found (404),new_fresh_example,,KEEP_404,,high,2026-07-03,New example in fresh Not found (404) export.
https://ร้านรับซื้อโน๊ตบุ๊ค.com/รับซื้อโน๊ตบุ๊ค/สุรินทร์/wifi-ไม่ติด/,,Not found (404),new_fresh_example,,KEEP_404,,high,2026-07-03,New example in fresh Not found (404) export.
https://ร้านรับซื้อโน๊ตบุ๊ค.com/รับซื้อโน๊ตบุ๊ค/สระบุรี/macbook-pro-14/,,Not found (404),new_fresh_example,,KEEP_404,,high,2026-07-03,New example in fresh Not found (404) export.
https://ร้านรับซื้อโน๊ตบุ๊ค.com/รับซื้อโน๊ตบุ๊ค/นครปฐม/hp-omen-17/,,Not found (404),new_fresh_example,,KEEP_404,,high,2026-07-03,New example in fresh Not found (404) export.
https://ร้านรับซื้อโน๊ตบุ๊ค.com/รับซื้อโน๊ตบุ๊ค/พิจิตร/macbook-pro-m1/,,Not found (404),new_fresh_example,,KEEP_404,,high,2026-07-03,New example in fresh Not found (404) export.
https://ร้านรับซื้อโน๊ตบุ๊ค.com/รับซื้อโน๊ตบุ๊ค/อุดรธานี/huawei/,,Not found (404),new_fresh_example,,KEEP_404,,high,2026-07-03,New example in fresh Not found (404) export.
https://ร้านรับซื้อโน๊ตบุ๊ค.com/รับซื้อโน๊ตบุ๊ค/นครศรีธรรมราช/surface-book/,,Not found (404),new_fresh_example,,KEEP_404,,high,2026-07-03,New example in fresh Not found (404) export.
https://ร้านรับซื้อโน๊ตบุ๊ค.com/รับซื้อโน๊ตบุ๊ค/พระราม2/จอฟ้า/,,Not found (404),new_fresh_example,,KEEP_404,,high,2026-07-03,New example in fresh Not found (404) export.
https://ร้านรับซื้อโน๊ตบุ๊ค.com/รับซื้อโน๊ตบุ๊ค/ศรีสะเกษ/ลำโพงเสีย/,,Not found (404),new_fresh_example,,KEEP_404,,high,2026-07-03,New example in fresh Not found (404) export.
https://ร้านรับซื้อโน๊ตบุ๊ค.com/รับซื้อโน๊ตบุ๊ค/เพชรบุรี/บลูทูธใช้ไม่ได้/,,Not found (404),new_fresh_example,,KEEP_404,,high,2026-07-03,New example in fresh Not found (404) export.
https://ร้านรับซื้อโน๊ตบุ๊ค.com/รับซื้อโน๊ตบุ๊ค/น่าน/macbook-pro-m4/,,Not found (404),new_fresh_example,,KEEP_404,,high,2026-07-03,New example in fresh Not found (404) export.
https://ร้านรับซื้อโน๊ตบุ๊ค.com/รับซื้อโน๊ตบุ๊ค/สกลนคร/hp-victus-15/,,Not found (404),new_fresh_example,,KEEP_404,,high,2026-07-03,New example in fresh Not found (404) export.
https://ร้านรับซื้อโน๊ตบุ๊ค.com/รับซื้อโน๊ตบุ๊ค/เลย/asus-zephyrus-g14/,,Not found (404),new_fresh_example,,KEEP_404,,high,2026-07-03,New example in fresh Not found (404) export.
https://ร้านรับซื้อโน๊ตบุ๊ค.com/รับซื้อโน๊ตบุ๊ค/สุโขทัย/hp-spectre-x360/,,Not found (404),new_fresh_example,,KEEP_404,,high,2026-07-03,New example in fresh Not found (404) export.
https://ร้านรับซื้อโน๊ตบุ๊ค.com/รับซื้อโน๊ตบุ๊ค/อุดรธานี/dell-vostro/,,Not found (404),new_fresh_example,,KEEP_404,,high,2026-07-03,New example in fresh Not found (404) export.
https://ร้านรับซื้อโน๊ตบุ๊ค.com/รับซื้อโน๊ตบุ๊ค/บุรีรัมย์/msi-cyborg-15/,,Not found (404),new_fresh_example,,KEEP_404,,high,2026-07-03,New example in fresh Not found (404) export.
https://ร้านรับซื้อโน๊ตบุ๊ค.com/รับซื้อโน๊ตบุ๊ค/ลำปาง/hp-omen-transcend/,,Not found (404),new_fresh_example,,KEEP_404,,high,2026-07-03,New example in fresh Not found (404) export.
https://ร้านรับซื้อโน๊ตบุ๊ค.com/รับซื้อโน๊ตบุ๊ค/ร้อยเอ็ด/hp-omen-transcend/,,Not found (404),new_fresh_example,,KEEP_404,,high,2026-07-03,New example in fresh Not found (404) export.
https://ร้านรับซื้อโน๊ตบุ๊ค.com/รับซื้อโน๊ตบุ๊ค/ราชบุรี/asus-vivobook/,,Not found (404),new_fresh_example,,KEEP_404,,high,2026-07-03,New example in fresh Not found (404) export.
https://ร้านรับซื้อโน๊ตบุ๊ค.com/รับซื้อโน๊ตบุ๊ค/นครพนม/msi-vector-16-hx/,,Not found (404),new_fresh_example,,KEEP_404,,high,2026-07-03,New example in fresh Not found (404) export.
https://ร้านรับซื้อโน๊ตบุ๊ค.com/รับซื้อโน๊ตบุ๊ค/หาดใหญ่/macbook-pro-m1/,,Not found (404),new_fresh_example,,KEEP_404,,high,2026-07-03,New example in fresh Not found (404) export.
https://ร้านรับซื้อโน๊ตบุ๊ค.com/รับซื้อโน๊ตบุ๊ค/กาญจนบุรี/asus-tuf-a15-f15/,,Not found (404),new_fresh_example,,KEEP_404,,high,2026-07-03,New example in fresh Not found (404) export.
https://ร้านรับซื้อโน๊ตบุ๊ค.com/รับซื้อโน๊ตบุ๊ค/สุโขทัย/dell-latitude/,,Not found (404),new_fresh_example,,KEEP_404,,high,2026-07-03,New example in fresh Not found (404) export.
https://ร้านรับซื้อโน๊ตบุ๊ค.com/รับซื้อโน๊ตบุ๊ค/อำนาจเจริญ/macbook-air-15/,,Not found (404),new_fresh_example,,KEEP_404,,high,2026-07-03,New example in fresh Not found (404) export.
https://ร้านรับซื้อโน๊ตบุ๊ค.com/รับซื้อโน๊ตบุ๊ค/ลพบุรี/ลำโพงเสีย/,,Not found (404),new_fresh_example,,KEEP_404,,high,2026-07-03,New example in fresh Not found (404) export.
https://ร้านรับซื้อโน๊ตบุ๊ค.com/รับซื้อโน๊ตบุ๊ค/นนทบุรี/hp-envy-x360/,,Not found (404),new_fresh_example,,KEEP_404,,high,2026-07-03,New example in fresh Not found (404) export.
https://ร้านรับซื้อโน๊ตบุ๊ค.com/รับซื้อโน๊ตบุ๊ค/รังสิต/lenovo-legion-5/,,Not found (404),new_fresh_example,,KEEP_404,,high,2026-07-03,New example in fresh Not found (404) export.
https://ร้านรับซื้อโน๊ตบุ๊ค.com/รับซื้อโน๊ตบุ๊ค/น่าน/hdmi-เสีย/,,Not found (404),new_fresh_example,,KEEP_404,,high,2026-07-03,New example in fresh Not found (404) export.
https://ร้านรับซื้อโน๊ตบุ๊ค.com/รับซื้อโน๊ตบุ๊ค/ปัตตานี/พัดลมดัง/,,Not found (404),new_fresh_example,,KEEP_404,,high,2026-07-03,New example in fresh Not found (404) export.
https://ร้านรับซื้อโน๊ตบุ๊ค.com/รับซื้อโน๊ตบุ๊ค/นราธิวาส/macbook-pro-m1/,,Not found (404),new_fresh_example,,KEEP_404,,high,2026-07-03,New example in fresh Not found (404) export.
https://ร้านรับซื้อโน๊ตบุ๊ค.com/รับซื้อโน๊ตบุ๊ค/สุโขทัย/macbook-pro-m5/,,Not found (404),new_fresh_example,,KEEP_404,,high,2026-07-03,New example in fresh Not found (404) export.
https://ร้านรับซื้อโน๊ตบุ๊ค.com/รับซื้อโน๊ตบุ๊ค/ชลบุรี/ฝาหลังบวม/,,Not found (404),new_fresh_example,,KEEP_404,,high,2026-07-03,New example in fresh Not found (404) export.
https://ร้านรับซื้อโน๊ตบุ๊ค.com/รับซื้อโน๊ตบุ๊ค/สมุทรปราการ/lenovo-legion-pro/,,Not found (404),new_fresh_example,,KEEP_404,,high,2026-07-03,New example in fresh Not found (404) export.
https://ร้านรับซื้อโน๊ตบุ๊ค.com/รับซื้อโน๊ตบุ๊ค/ปราจีนบุรี/macbook-air-m1/,,Not found (404),new_fresh_example,,KEEP_404,,high,2026-07-03,New example in fresh Not found (404) export.
https://ร้านรับซื้อโน๊ตบุ๊ค.com/รับซื้อโน๊ตบุ๊ค/น่าน/msi-raider-18/,,Not found (404),new_fresh_example,,KEEP_404,,high,2026-07-03,New example in fresh Not found (404) export.
https://ร้านรับซื้อโน๊ตบุ๊ค.com/รับซื้อโน๊ตบุ๊ค/สมุทรสาคร/macbook-keyboard-issue/,,Not found (404),new_fresh_example,,KEEP_404,,high,2026-07-03,New example in fresh Not found (404) export.
https://ร้านรับซื้อโน๊ตบุ๊ค.com/รับซื้อโน๊ตบุ๊ค/ชุมพร/surface-pro/,,Not found (404),new_fresh_example,,KEEP_404,,high,2026-07-03,New example in fresh Not found (404) export.
https://ร้านรับซื้อโน๊ตบุ๊ค.com/รับซื้อโน๊ตบุ๊ค/ราชบุรี/surface-laptop-go/,,Not found (404),new_fresh_example,,KEEP_404,,high,2026-07-03,New example in fresh Not found (404) export.
https://ร้านรับซื้อโน๊ตบุ๊ค.com/รับซื้อโน๊ตบุ๊ค/ระยอง/wifi-ไม่ติด/,,Not found (404),new_fresh_example,,KEEP_404,,high,2026-07-03,New example in fresh Not found (404) export.
https://ร้านรับซื้อโน๊ตบุ๊ค.com/รับซื้อโน๊ตบุ๊ค/เลย/msi-raider-18/,,Not found (404),new_fresh_example,,KEEP_404,,high,2026-07-03,New example in fresh Not found (404) export.
https://ร้านรับซื้อโน๊ตบุ๊ค.com/รับซื้อโน๊ตบุ๊ค/ลำพูน/huawei/,,Not found (404),new_fresh_example,,KEEP_404,,high,2026-07-03,New example in fresh Not found (404) export.
https://ร้านรับซื้อโน๊ตบุ๊ค.com/รับซื้อโน๊ตบุ๊ค/อำนาจเจริญ/acer-nitro-v/,,Not found (404),new_fresh_example,,KEEP_404,,high,2026-07-03,New example in fresh Not found (404) export.
https://ร้านรับซื้อโน๊ตบุ๊ค.com/รับซื้อโน๊ตบุ๊ค/ลพบุรี/hp-omen-16/,,Not found (404),new_fresh_example,,KEEP_404,,high,2026-07-03,New example in fresh Not found (404) export.
https://ร้านรับซื้อโน๊ตบุ๊ค.com/รับซื้อโน๊ตบุ๊ค/แม่ฮ่องสอน/hp-envy-x360/,,Not found (404),new_fresh_example,,KEEP_404,,high,2026-07-03,New example in fresh Not found (404) export.
https://ร้านรับซื้อโน๊ตบุ๊ค.com/รับซื้อโน๊ตบุ๊ค/รามคำแหง/asus-rog-ally-x/,,Not found (404),new_fresh_example,,KEEP_404,,high,2026-07-03,New example in fresh Not found (404) export.
https://ร้านรับซื้อโน๊ตบุ๊ค.com/รับซื้อโน๊ตบุ๊ค/พัทยา/macbook-charge-port/,,Not found (404),new_fresh_example,,KEEP_404,,high,2026-07-03,New example in fresh Not found (404) export.
https://ร้านรับซื้อโน๊ตบุ๊ค.com/รับซื้อโน๊ตบุ๊ค/ห้วยขวาง/lenovo-legion-5/,,Not found (404),new_fresh_example,,KEEP_404,,high,2026-07-03,New example in fresh Not found (404) export.
https://ร้านรับซื้อโน๊ตบุ๊ค.com/รับซื้อโน๊ตบุ๊ค/พัทลุง/ลำโพงเสีย/,,Not found (404),new_fresh_example,,KEEP_404,,high,2026-07-03,New example in fresh Not found (404) export.
https://ร้านรับซื้อโน๊ตบุ๊ค.com/รับซื้อโน๊ตบุ๊ค/กำแพงเพชร/hp-victus-16/,,Not found (404),new_fresh_example,,KEEP_404,,high,2026-07-03,New example in fresh Not found (404) export.
https://ร้านรับซื้อโน๊ตบุ๊ค.com/รับซื้อโน๊ตบุ๊ค/นนทบุรี/hp-probook/,,Not found (404),new_fresh_example,,KEEP_404,,high,2026-07-03,New example in fresh Not found (404) export.
https://ร้านรับซื้อโน๊ตบุ๊ค.com/รับซื้อโน๊ตบุ๊ค/แม่ฮ่องสอน/hp-victus-17/,,Not found (404),new_fresh_example,,KEEP_404,,high,2026-07-03,New example in fresh Not found (404) export.
https://ร้านรับซื้อโน๊ตบุ๊ค.com/รับซื้อโน๊ตบุ๊ค/เชียงราย/จอไม่ติดแต่เครื่องติด/,,Not found (404),new_fresh_example,,KEEP_404,,high,2026-07-03,New example in fresh Not found (404) export.
https://ร้านรับซื้อโน๊ตบุ๊ค.com/รับซื้อโน๊ตบุ๊ค/อุบลราชธานี/acer-travelmate/,,Not found (404),new_fresh_example,,KEEP_404,,high,2026-07-03,New example in fresh Not found (404) export.
https://ร้านรับซื้อโน๊ตบุ๊ค.com/รับซื้อโน๊ตบุ๊ค/สมุทรปราการ/lenovo-yoga/,,Not found (404),new_fresh_example,,KEEP_404,,high,2026-07-03,New example in fresh Not found (404) export.
https://ร้านรับซื้อโน๊ตบุ๊ค.com/รับซื้อโน๊ตบุ๊ค/สุโขทัย/surface-pro/,,Not found (404),new_fresh_example,,KEEP_404,,high,2026-07-03,New example in fresh Not found (404) export.
https://ร้านรับซื้อโน๊ตบุ๊ค.com/รับซื้อโน๊ตบุ๊ค/สกลนคร/hp-spectre-x360/,,Not found (404),new_fresh_example,,KEEP_404,,high,2026-07-03,New example in fresh Not found (404) export.
https://ร้านรับซื้อโน๊ตบุ๊ค.com/รับซื้อโน๊ตบุ๊ค/หาดใหญ่/จอมีเส้น/,,Not found (404),new_fresh_example,,KEEP_404,,high,2026-07-03,New example in fresh Not found (404) export.
https://ร้านรับซื้อโน๊ตบุ๊ค.com/รับซื้อโน๊ตบุ๊ค/เพชรบุรี/macbook-pro-16/,,Not found (404),new_fresh_example,,KEEP_404,,high,2026-07-03,New example in fresh Not found (404) export.
https://ร้านรับซื้อโน๊ตบุ๊ค.com/รับซื้อโน๊ตบุ๊ค/รังสิต/macbook-air-m1/,,Not found (404),new_fresh_example,,KEEP_404,,high,2026-07-03,New example in fresh Not found (404) export.
https://ร้านรับซื้อโน๊ตบุ๊ค.com/รับซื้อโน๊ตบุ๊ค/ประจวบคีรีขันธ์/msi-vector-16-hx/,,Not found (404),new_fresh_example,,KEEP_404,,high,2026-07-03,New example in fresh Not found (404) export.
https://ร้านรับซื้อโน๊ตบุ๊ค.com/รับซื้อโน๊ตบุ๊ค/สิงห์บุรี/honor-magicbook/,,Not found (404),new_fresh_example,,KEEP_404,,high,2026-07-03,New example in fresh Not found (404) export.
https://ร้านรับซื้อโน๊ตบุ๊ค.com/รับซื้อโน๊ตบุ๊ค/พิจิตร/lenovo-thinkbook/,,Not found (404),new_fresh_example,,KEEP_404,,high,2026-07-03,New example in fresh Not found (404) export.
https://ร้านรับซื้อโน๊ตบุ๊ค.com/รับซื้อโน๊ตบุ๊ค/รังสิต/พอร์ตแลนเสีย/,,Not found (404),new_fresh_example,,KEEP_404,,high,2026-07-03,New example in fresh Not found (404) export.
https://ร้านรับซื้อโน๊ตบุ๊ค.com/รับซื้อโน๊ตบุ๊ค/อยุธยา/surface-laptop-go/,,Not found (404),new_fresh_example,,KEEP_404,,high,2026-07-03,New example in fresh Not found (404) export.
https://ร้านรับซื้อโน๊ตบุ๊ค.com/รับซื้อโน๊ตบุ๊ค/พระราม2/lenovo-yoga/,,Not found (404),new_fresh_example,,KEEP_404,,high,2026-07-03,New example in fresh Not found (404) export.
https://ร้านรับซื้อโน๊ตบุ๊ค.com/รับซื้อโน๊ตบุ๊ค/ระยอง/razer-blade/,,Not found (404),new_fresh_example,,KEEP_404,,high,2026-07-03,New example in fresh Not found (404) export.
https://ร้านรับซื้อโน๊ตบุ๊ค.com/รับซื้อโน๊ตบุ๊ค/พัทยา/thinkpad-x1-carbon/,,Not found (404),new_fresh_example,,KEEP_404,,high,2026-07-03,New example in fresh Not found (404) export.
https://ร้านรับซื้อโน๊ตบุ๊ค.com/รับซื้อโน๊ตบุ๊ค/เชียงใหม่/msi-stealth-14/,,Not found (404),new_fresh_example,,KEEP_404,,high,2026-07-03,New example in fresh Not found (404) export.
https://ร้านรับซื้อโน๊ตบุ๊ค.com/รับซื้อโน๊ตบุ๊ค/ตราด/acer-nitro-17/,,Not found (404),new_fresh_example,,KEEP_404,,high,2026-07-03,New example in fresh Not found (404) export.
https://ร้านรับซื้อโน๊ตบุ๊ค.com/รับซื้อโน๊ตบุ๊ค/ปทุมธานี/msi-stealth-16/,,Not found (404),new_fresh_example,,KEEP_404,,high,2026-07-03,New example in fresh Not found (404) export.
https://ร้านรับซื้อโน๊ตบุ๊ค.com/รับซื้อโน๊ตบุ๊ค/อุตรดิตถ์/macbook-pro-m1/,,Not found (404),new_fresh_example,,KEEP_404,,high,2026-07-03,New example in fresh Not found (404) export.
https://ร้านรับซื้อโน๊ตบุ๊ค.com/รับซื้อโน๊ตบุ๊ค/กาญจนบุรี/asus-expertbook/,,Not found (404),new_fresh_example,,KEEP_404,,high,2026-07-03,New example in fresh Not found (404) export.
https://ร้านรับซื้อโน๊ตบุ๊ค.com/รับซื้อโน๊ตบุ๊ค/พัทลุง/ssd-เสีย/,,Not found (404),new_fresh_example,,KEEP_404,,high,2026-07-03,New example in fresh Not found (404) export.
https://ร้านรับซื้อโน๊ตบุ๊ค.com/รับซื้อโน๊ตบุ๊ค/อุดรธานี/กล้องเสีย/,,Not found (404),new_fresh_example,,KEEP_404,,high,2026-07-03,New example in fresh Not found (404) export.
https://ร้านรับซื้อโน๊ตบุ๊ค.com/รับซื้อโน๊ตบุ๊ค/นครปฐม/จอมีเส้น/,,Not found (404),new_fresh_example,,KEEP_404,,high,2026-07-03,New example in fresh Not found (404) export.
https://ร้านรับซื้อโน๊ตบุ๊ค.com/รับซื้อโน๊ตบุ๊ค/สุรินทร์/asus-expertbook/,,Not found (404),new_fresh_example,,KEEP_404,,high,2026-07-03,New example in fresh Not found (404) export.
https://ร้านรับซื้อโน๊ตบุ๊ค.com/รับซื้อโน๊ตบุ๊ค/เพชรบุรี/razer/,,Not found (404),new_fresh_example,,KEEP_404,,high,2026-07-03,New example in fresh Not found (404) export.
https://ร้านรับซื้อโน๊ตบุ๊ค.com/รับซื้อโน๊ตบุ๊ค/บึงกาฬ/บอดี้แตก/,,Not found (404),new_fresh_example,,KEEP_404,,high,2026-07-03,New example in fresh Not found (404) export.
https://ร้านรับซื้อโน๊ตบุ๊ค.com/รับซื้อโน๊ตบุ๊ค/พิษณุโลก/พัดลมดัง/,,Not found (404),new_fresh_example,,KEEP_404,,high,2026-07-03,New example in fresh Not found (404) export.
https://ร้านรับซื้อโน๊ตบุ๊ค.com/รับซื้อโน๊ตบุ๊ค/แม่ฮ่องสอน/asus-zephyrus-g14/,,Not found (404),new_fresh_example,,KEEP_404,,high,2026-07-03,New example in fresh Not found (404) export.
https://ร้านรับซื้อโน๊ตบุ๊ค.com/รับซื้อโน๊ตบุ๊ค/อุทัยธานี/dell-g15-g16/,,Not found (404),new_fresh_example,,KEEP_404,,high,2026-07-03,New example in fresh Not found (404) export.
https://ร้านรับซื้อโน๊ตบุ๊ค.com/รับซื้อโน๊ตบุ๊ค/แม่ฮ่องสอน/honor/,,Not found (404),new_fresh_example,,KEEP_404,,high,2026-07-03,New example in fresh Not found (404) export.
https://ร้านรับซื้อโน๊ตบุ๊ค.com/รับซื้อโน๊ตบุ๊ค/ขอนแก่น/hp-victus-16/,,Not found (404),new_fresh_example,,KEEP_404,,high,2026-07-03,New example in fresh Not found (404) export.
https://ร้านรับซื้อโน๊ตบุ๊ค.com/รับซื้อโน๊ตบุ๊ค/สุโขทัย/บลูทูธใช้ไม่ได้/,,Not found (404),new_fresh_example,,KEEP_404,,high,2026-07-03,New example in fresh Not found (404) export.
https://ร้านรับซื้อโน๊ตบุ๊ค.com/รับซื้อโน๊ตบุ๊ค/กาฬสินธุ์/thinkpad-t14/,,Not found (404),new_fresh_example,,KEEP_404,,high,2026-07-03,New example in fresh Not found (404) export.
https://ร้านรับซื้อโน๊ตบุ๊ค.com/รับซื้อโน๊ตบุ๊ค/นครพนม/razer/,,Not found (404),new_fresh_example,,KEEP_404,,high,2026-07-03,New example in fresh Not found (404) export.
https://ร้านรับซื้อโน๊ตบุ๊ค.com/รับซื้อโน๊ตบุ๊ค/ราชบุรี/lenovo-thinkbook/,,Not found (404),new_fresh_example,,KEEP_404,,high,2026-07-03,New example in fresh Not found (404) export.
https://ร้านรับซื้อโน๊ตบุ๊ค.com/รับซื้อโน๊ตบุ๊ค/ตราด/macbook-air-m3/,,Not found (404),new_fresh_example,,KEEP_404,,high,2026-07-03,New example in fresh Not found (404) export.
https://ร้านรับซื้อโน๊ตบุ๊ค.com/รับซื้อโน๊ตบุ๊ค/กรุงเทพ/lenovo-ideapad-3-5/,,Not found (404),new_fresh_example,,KEEP_404,,high,2026-07-03,New example in fresh Not found (404) export.
https://ร้านรับซื้อโน๊ตบุ๊ค.com/รับซื้อโน๊ตบุ๊ค/ร้อยเอ็ด/ssd-เสีย/,,Not found (404),new_fresh_example,,KEEP_404,,high,2026-07-03,New example in fresh Not found (404) export.
https://ร้านรับซื้อโน๊ตบุ๊ค.com/รับซื้อโน๊ตบุ๊ค/สงขลา/thinkpad-x1-carbon/,,Not found (404),new_fresh_example,,KEEP_404,,high,2026-07-03,New example in fresh Not found (404) export.
https://ร้านรับซื้อโน๊ตบุ๊ค.com/รับซื้อโน๊ตบุ๊ค/ตรัง/hp-envy-x360/,,Not found (404),new_fresh_example,,KEEP_404,,high,2026-07-03,New example in fresh Not found (404) export.
https://ร้านรับซื้อโน๊ตบุ๊ค.com/รับซื้อโน๊ตบุ๊ค/นราธิวาส/macbook-air-15/,,Not found (404),new_fresh_example,,KEEP_404,,high,2026-07-03,New example in fresh Not found (404) export.
https://ร้านรับซื้อโน๊ตบุ๊ค.com/รับซื้อโน๊ตบุ๊ค/บึงกาฬ/lenovo-loq-15-16/,,Not found (404),new_fresh_example,,KEEP_404,,high,2026-07-03,New example in fresh Not found (404) export.
https://ร้านรับซื้อโน๊ตบุ๊ค.com/รับซื้อโน๊ตบุ๊ค/นนทบุรี/hp-victus-16/,,Not found (404),new_fresh_example,,KEEP_404,,high,2026-07-02,New example in fresh Not found (404) export.
https://ร้านรับซื้อโน๊ตบุ๊ค.com/รับซื้อโน๊ตบุ๊ค/นราธิวาส/กล้องเสีย/,,Not found (404),new_fresh_example,,KEEP_404,,high,2026-07-02,New example in fresh Not found (404) export.
https://ร้านรับซื้อโน๊ตบุ๊ค.com/รับซื้อโน๊ตบุ๊ค/หนองบัวลำภู/asus-rog-strix/,,Not found (404),new_fresh_example,,KEEP_404,,high,2026-07-02,New example in fresh Not found (404) export.
https://ร้านรับซื้อโน๊ตบุ๊ค.com/รับซื้อโน๊ตบุ๊ค/ชัยนาท/hp-spectre-x360/,,Not found (404),new_fresh_example,,KEEP_404,,high,2026-07-02,New example in fresh Not found (404) export.
https://ร้านรับซื้อโน๊ตบุ๊ค.com/รับซื้อโน๊ตบุ๊ค/ขอนแก่น/hp-envy-x360/,,Not found (404),new_fresh_example,,KEEP_404,,high,2026-07-02,New example in fresh Not found (404) export.
https://ร้านรับซื้อโน๊ตบุ๊ค.com/รับซื้อโน๊ตบุ๊ค/ภาคอีสาน/macbook-pro-m4/,,Not found (404),new_fresh_example,,KEEP_404,,high,2026-07-02,New example in fresh Not found (404) export.
https://ร้านรับซื้อโน๊ตบุ๊ค.com/รับซื้อโน๊ตบุ๊ค/ภูเก็ต/macbook-cycle-count/,,Not found (404),new_fresh_example,,KEEP_404,,high,2026-07-02,New example in fresh Not found (404) export.
https://ร้านรับซื้อโน๊ตบุ๊ค.com/รับซื้อโน๊ตบุ๊ค/ขอนแก่น/พอร์ตแลนเสีย/,,Not found (404),new_fresh_example,,KEEP_404,,high,2026-06-27,New example in fresh Not found (404) export.
https://ร้านรับซื้อโน๊ตบุ๊ค.com/รับซื้อโน๊ตบุ๊ค/ตรัง/hp-omen-16/,,Not found (404),new_fresh_example,,KEEP_404,,high,2026-06-27,New example in fresh Not found (404) export.
https://ร้านรับซื้อโน๊ตบุ๊ค.com/รับซื้อโน๊ตบุ๊ค/เพชรบุรี/macbook-air-m3/,,Not found (404),new_fresh_example,,KEEP_404,,high,2026-06-26,New example in fresh Not found (404) export.
https://ร้านรับซื้อโน๊ตบุ๊ค.com/รับซื้อโน๊ตบุ๊ค/ภาคอีสาน/razer-blade/,,Not found (404),new_fresh_example,,KEEP_404,,high,2026-06-26,New example in fresh Not found (404) export.
https://ร้านรับซื้อโน๊ตบุ๊ค.com/รับซื้อโน๊ตบุ๊ค/สระแก้ว/macbook-pro-m1/,,Not found (404),new_fresh_example,,KEEP_404,,high,2026-06-26,New example in fresh Not found (404) export.
https://ร้านรับซื้อโน๊ตบุ๊ค.com/รับซื้อโน๊ตบุ๊ค/ลพบุรี/hp-spectre-x360/,,Not found (404),new_fresh_example,,KEEP_404,,high,2026-06-26,New example in fresh Not found (404) export.
https://ร้านรับซื้อโน๊ตบุ๊ค.com/รับซื้อโน๊ตบุ๊ค/สมุทรปราการ/lenovo-ideapad-3-5/,,Not found (404),new_fresh_example,,KEEP_404,,high,2026-06-26,New example in fresh Not found (404) export.
https://ร้านรับซื้อโน๊ตบุ๊ค.com/รับซื้อโน๊ตบุ๊ค/สุรินทร์/lenovo-legion-slim/,,Not found (404),new_fresh_example,,KEEP_404,,high,2026-06-26,New example in fresh Not found (404) export.
https://ร้านรับซื้อโน๊ตบุ๊ค.com/รับซื้อโน๊ตบุ๊ค/บึงกาฬ/dell-xps-13-15/,,Not found (404),new_fresh_example,,KEEP_404,,high,2026-06-26,New example in fresh Not found (404) export.
https://ร้านรับซื้อโน๊ตบุ๊ค.com/รับซื้อโน๊ตบุ๊ค/กาฬสินธุ์/บูตวน/,,Not found (404),new_fresh_example,,KEEP_404,,high,2026-06-26,New example in fresh Not found (404) export.
https://ร้านรับซื้อโน๊ตบุ๊ค.com/รับซื้อโน๊ตบุ๊ค/อุดรธานี/macbook-air-m2/,,Not found (404),new_fresh_example,,KEEP_404,,high,2026-06-26,New example in fresh Not found (404) export.
https://ร้านรับซื้อโน๊ตบุ๊ค.com/รับซื้อโน๊ตบุ๊ค/นครปฐม/surface-laptop-go/,,Not found (404),new_fresh_example,,KEEP_404,,high,2026-06-26,New example in fresh Not found (404) export.
https://ร้านรับซื้อโน๊ตบุ๊ค.com/รับซื้อโน๊ตบุ๊ค/พัทยา/acer-predator-triton/,,Not found (404),new_fresh_example,,KEEP_404,,high,2026-06-26,New example in fresh Not found (404) export.
https://ร้านรับซื้อโน๊ตบุ๊ค.com/รับซื้อโน๊ตบุ๊ค/ปทุมธานี/asus-tuf-a15-f15/,,Not found (404),new_fresh_example,,KEEP_404,,high,2026-06-26,New example in fresh Not found (404) export.
https://ร้านรับซื้อโน๊ตบุ๊ค.com/รับซื้อโน๊ตบุ๊ค/นครนายก/hp-omen-17/,,Not found (404),new_fresh_example,,KEEP_404,,high,2026-06-25,New example in fresh Not found (404) export.
https://ร้านรับซื้อโน๊ตบุ๊ค.com/รับซื้อโน๊ตบุ๊ค/ลำปาง/thinkpad-x1-carbon/,,Not found (404),new_fresh_example,,KEEP_404,,high,2026-06-25,New example in fresh Not found (404) export.
https://ร้านรับซื้อโน๊ตบุ๊ค.com/รับซื้อโน๊ตบุ๊ค/ลำพูน/dell-latitude/,,Not found (404),new_fresh_example,,KEEP_404,,high,2026-06-25,New example in fresh Not found (404) export.
https://ร้านรับซื้อโน๊ตบุ๊ค.com/รับซื้อโน๊ตบุ๊ค/พัทยา/macbook-no-box-no-receipt/,,Not found (404),new_fresh_example,,KEEP_404,,high,2026-06-25,New example in fresh Not found (404) export.
https://ร้านรับซื้อโน๊ตบุ๊ค.com/รับซื้อโน๊ตบุ๊ค/นนทบุรี/macbook-pro-16/,,Not found (404),new_fresh_example,,KEEP_404,,high,2026-06-25,New example in fresh Not found (404) export.
https://ร้านรับซื้อโน๊ตบุ๊ค.com/รับซื้อโน๊ตบุ๊ค/สมุทรปราการ/asus-zenbook/,,Not found (404),new_fresh_example,,KEEP_404,,high,2026-06-25,New example in fresh Not found (404) export.
https://ร้านรับซื้อโน๊ตบุ๊ค.com/รับซื้อโน๊ตบุ๊ค/พิจิตร/honor/,,Not found (404),new_fresh_example,,KEEP_404,,high,2026-06-25,New example in fresh Not found (404) export.
https://ร้านรับซื้อโน๊ตบุ๊ค.com/รับซื้อโน๊ตบุ๊ค/กาฬสินธุ์/razer/,,Not found (404),new_fresh_example,,KEEP_404,,high,2026-06-25,New example in fresh Not found (404) export.
https://ร้านรับซื้อโน๊ตบุ๊ค.com/รับซื้อโน๊ตบุ๊ค/นครสวรรค์/macbook-no-box-no-receipt/,,Not found (404),new_fresh_example,,KEEP_404,,high,2026-06-25,New example in fresh Not found (404) export.
https://ร้านรับซื้อโน๊ตบุ๊ค.com/รับซื้อโน๊ตบุ๊ค/ใกล้ฉัน/ร้อนจัดดับเอง/,,Not found (404),new_fresh_example,,KEEP_404,,high,2026-06-25,New example in fresh Not found (404) export.
https://ร้านรับซื้อโน๊ตบุ๊ค.com/รับซื้อโน๊ตบุ๊ค/นครศรีธรรมราช/hp-omen-transcend/,,Not found (404),new_fresh_example,,KEEP_404,,high,2026-06-25,New example in fresh Not found (404) export.
https://ร้านรับซื้อโน๊ตบุ๊ค.com/รับซื้อโน๊ตบุ๊ค/ภาคอีสาน/lenovo-ideapad-3-5/,,Not found (404),new_fresh_example,,KEEP_404,,high,2026-06-25,New example in fresh Not found (404) export.
https://ร้านรับซื้อโน๊ตบุ๊ค.com/รับซื้อโน๊ตบุ๊ค/ประจวบคีรีขันธ์/dell-inspiron-15/,,Not found (404),new_fresh_example,,KEEP_404,,high,2026-06-25,New example in fresh Not found (404) export.
https://ร้านรับซื้อโน๊ตบุ๊ค.com/รับซื้อโน๊ตบุ๊ค/พังงา/huawei-matebook/,,Not found (404),new_fresh_example,,KEEP_404,,high,2026-06-25,New example in fresh Not found (404) export.
https://ร้านรับซื้อโน๊ตบุ๊ค.com/รับซื้อโน๊ตบุ๊ค/หนองคาย/razer-blade/,,Not found (404),new_fresh_example,,KEEP_404,,high,2026-06-25,New example in fresh Not found (404) export.
https://ร้านรับซื้อโน๊ตบุ๊ค.com/รับซื้อโน๊ตบุ๊ค/หนองบัวลำภู/macbook-cycle-count/,,Not found (404),new_fresh_example,,KEEP_404,,high,2026-06-24,New example in fresh Not found (404) export.
https://ร้านรับซื้อโน๊ตบุ๊ค.com/รับซื้อโน๊ตบุ๊ค/พัทยา/จอมีเส้น/,,Not found (404),new_fresh_example,,KEEP_404,,high,2026-06-24,New example in fresh Not found (404) export.
https://ร้านรับซื้อโน๊ตบุ๊ค.com/รับซื้อโน๊ตบุ๊ค/สกลนคร/gigabyte/,,Not found (404),new_fresh_example,,KEEP_404,,high,2026-06-24,New example in fresh Not found (404) export.
https://ร้านรับซื้อโน๊ตบุ๊ค.com/รับซื้อโน๊ตบุ๊ค/ชัยนาท/ทัชแพดเสีย/,,Not found (404),new_fresh_example,,KEEP_404,,high,2026-06-24,New example in fresh Not found (404) export.
https://ร้านรับซื้อโน๊ตบุ๊ค.com/รับซื้อโน๊ตบุ๊ค/พิจิตร/acer-travelmate/,,Not found (404),new_fresh_example,,KEEP_404,,high,2026-06-24,New example in fresh Not found (404) export.
https://ร้านรับซื้อโน๊ตบุ๊ค.com/รับซื้อโน๊ตบุ๊ค/แพร่/ช่องหูฟังเสีย/,,Not found (404),new_fresh_example,,KEEP_404,,high,2026-06-24,New example in fresh Not found (404) export.
https://ร้านรับซื้อโน๊ตบุ๊ค.com/รับซื้อโน๊ตบุ๊ค/ระนอง/acer-predator-triton/,,Not found (404),new_fresh_example,,KEEP_404,,high,2026-06-24,New example in fresh Not found (404) export.
https://ร้านรับซื้อโน๊ตบุ๊ค.com/รับซื้อโน๊ตบุ๊ค/ปัตตานี/hp-spectre-x360/,,Not found (404),new_fresh_example,,KEEP_404,,high,2026-06-24,New example in fresh Not found (404) export.
https://ร้านรับซื้อโน๊ตบุ๊ค.com/รับซื้อโน๊ตบุ๊ค/ยโสธร/asus-tuf-a15-f15/,,Not found (404),new_fresh_example,,KEEP_404,,high,2026-06-24,New example in fresh Not found (404) export.
https://ร้านรับซื้อโน๊ตบุ๊ค.com/รับซื้อโน๊ตบุ๊ค/ลาดพร้าว/dell-xps-13-15/,,Not found (404),new_fresh_example,,KEEP_404,,high,2026-06-24,New example in fresh Not found (404) export.
https://ร้านรับซื้อโน๊ตบุ๊ค.com/รับซื้อโน๊ตบุ๊ค/อ่างทอง/asus-tuf-a15-f15/,,Not found (404),new_fresh_example,,KEEP_404,,high,2026-06-24,New example in fresh Not found (404) export.
https://ร้านรับซื้อโน๊ตบุ๊ค.com/รับซื้อโน๊ตบุ๊ค/แพร่/macbook-air-15/,,Not found (404),new_fresh_example,,KEEP_404,,high,2026-06-24,New example in fresh Not found (404) export.
https://ร้านรับซื้อโน๊ตบุ๊ค.com/รับซื้อโน๊ตบุ๊ค/จันทบุรี/บูตวน/,,Not found (404),new_fresh_example,,KEEP_404,,high,2026-06-23,New example in fresh Not found (404) export.
https://ร้านรับซื้อโน๊ตบุ๊ค.com/รับซื้อโน๊ตบุ๊ค/บุรีรัมย์/macbook-mdm/,,Not found (404),new_fresh_example,,KEEP_404,,high,2026-06-23,New example in fresh Not found (404) export.
https://ร้านรับซื้อโน๊ตบุ๊ค.com/รับซื้อโน๊ตบุ๊ค/อุดรธานี/พอร์ตแลนเสีย/,,Not found (404),new_fresh_example,,KEEP_404,,high,2026-06-23,New example in fresh Not found (404) export.
https://ร้านรับซื้อโน๊ตบุ๊ค.com/รับซื้อโน๊ตบุ๊ค/เลย/macbook-air-m5/,,Not found (404),new_fresh_example,,KEEP_404,,high,2026-06-23,New example in fresh Not found (404) export.
https://ร้านรับซื้อโน๊ตบุ๊ค.com/รับซื้อโน๊ตบุ๊ค/ภาคอีสาน/thinkpad-e14-e15/,,Not found (404),new_fresh_example,,KEEP_404,,high,2026-06-23,New example in fresh Not found (404) export.
https://ร้านรับซื้อโน๊ตบุ๊ค.com/รับซื้อโน๊ตบุ๊ค/เพชรบุรี/samsung/,,Not found (404),new_fresh_example,,KEEP_404,,high,2026-06-23,New example in fresh Not found (404) export.
https://ร้านรับซื้อโน๊ตบุ๊ค.com/รับซื้อโน๊ตบุ๊ค/เชียงใหม่/จอมีเส้น/,,Not found (404),new_fresh_example,,KEEP_404,,high,2026-06-23,New example in fresh Not found (404) export.
https://ร้านรับซื้อโน๊ตบุ๊ค.com/รับซื้อโน๊ตบุ๊ค/สิงห์บุรี/macbook-air-m5/,,Not found (404),new_fresh_example,,KEEP_404,,high,2026-06-23,New example in fresh Not found (404) export.
https://ร้านรับซื้อโน๊ตบุ๊ค.com/รับซื้อโน๊ตบุ๊ค/ลำปาง/lenovo-thinkbook/,,Not found (404),new_fresh_example,,KEEP_404,,high,2026-06-23,New example in fresh Not found (404) export.
https://ร้านรับซื้อโน๊ตบุ๊ค.com/รับซื้อโน๊ตบุ๊ค/ปัตตานี/lenovo-thinkbook/,,Not found (404),new_fresh_example,,KEEP_404,,high,2026-06-23,New example in fresh Not found (404) export.
https://ร้านรับซื้อโน๊ตบุ๊ค.com/รับซื้อโน๊ตบุ๊ค/ตรัง/samsung-galaxy-book/,,Not found (404),new_fresh_example,,KEEP_404,,high,2026-06-23,New example in fresh Not found (404) export.
https://ร้านรับซื้อโน๊ตบุ๊ค.com/รับซื้อโน๊ตบุ๊ค/เลย/thinkpad-t14/,,Not found (404),new_fresh_example,,KEEP_404,,high,2026-06-23,New example in fresh Not found (404) export.
https://ร้านรับซื้อโน๊ตบุ๊ค.com/รับซื้อโน๊ตบุ๊ค/ลพบุรี/hp-omen-transcend/,,Not found (404),new_fresh_example,,KEEP_404,,high,2026-06-23,New example in fresh Not found (404) export.
https://ร้านรับซื้อโน๊ตบุ๊ค.com/รับซื้อโน๊ตบุ๊ค/บึงกาฬ/acer-swift/,,Not found (404),new_fresh_example,,KEEP_404,,high,2026-06-23,New example in fresh Not found (404) export.
https://ร้านรับซื้อโน๊ตบุ๊ค.com/รับซื้อโน๊ตบุ๊ค/สุรินทร์/msi-cyborg-15/,,Not found (404),new_fresh_example,,KEEP_404,,high,2026-06-23,New example in fresh Not found (404) export.
https://ร้านรับซื้อโน๊ตบุ๊ค.com/รับซื้อโน๊ตบุ๊ค/ระยอง/thinkpad-t14/,,Not found (404),new_fresh_example,,KEEP_404,,high,2026-06-23,New example in fresh Not found (404) export.
https://ร้านรับซื้อโน๊ตบุ๊ค.com/รับซื้อโน๊ตบุ๊ค/สมุทรสงคราม/กล้องเสีย/,,Not found (404),new_fresh_example,,KEEP_404,,high,2026-06-23,New example in fresh Not found (404) export.
https://ร้านรับซื้อโน๊ตบุ๊ค.com/รับซื้อโน๊ตบุ๊ค/หาดใหญ่/macbook-charge-port/,,Not found (404),new_fresh_example,,KEEP_404,,high,2026-06-23,New example in fresh Not found (404) export.
https://ร้านรับซื้อโน๊ตบุ๊ค.com/รับซื้อโน๊ตบุ๊ค/หนองคาย/ร้อนจัดดับเอง/,,Not found (404),new_fresh_example,,KEEP_404,,high,2026-06-23,New example in fresh Not found (404) export.
https://ร้านรับซื้อโน๊ตบุ๊ค.com/รับซื้อโน๊ตบุ๊ค/สระแก้ว/dell-vostro/,,Not found (404),new_fresh_example,,KEEP_404,,high,2026-06-23,New example in fresh Not found (404) export.
https://ร้านรับซื้อโน๊ตบุ๊ค.com/รับซื้อโน๊ตบุ๊ค/นครพนม/msi-katana-15/,,Not found (404),new_fresh_example,,KEEP_404,,high,2026-06-22,New example in fresh Not found (404) export.
https://ร้านรับซื้อโน๊ตบุ๊ค.com/รับซื้อโน๊ตบุ๊ค/พิษณุโลก/lenovo-legion-pro-7/,,Not found (404),new_fresh_example,,KEEP_404,,high,2026-06-22,New example in fresh Not found (404) export.
https://ร้านรับซื้อโน๊ตบุ๊ค.com/รับซื้อโน๊ตบุ๊ค/นราธิวาส/macbook-battery-health/,,Not found (404),new_fresh_example,,KEEP_404,,high,2026-06-22,New example in fresh Not found (404) export.
https://ร้านรับซื้อโน๊ตบุ๊ค.com/รับซื้อโน๊ตบุ๊ค/อุตรดิตถ์/razer-blade/,,Not found (404),new_fresh_example,,KEEP_404,,high,2026-06-22,New example in fresh Not found (404) export.
https://ร้านรับซื้อโน๊ตบุ๊ค.com/รับซื้อโน๊ตบุ๊ค/นครนายก/macbook-air-m4/,,Not found (404),new_fresh_example,,KEEP_404,,high,2026-06-22,New example in fresh Not found (404) export.
https://ร้านรับซื้อโน๊ตบุ๊ค.com/รับซื้อโน๊ตบุ๊ค/พิจิตร/hp-probook/,,Not found (404),new_fresh_example,,KEEP_404,,high,2026-06-22,New example in fresh Not found (404) export.
https://ร้านรับซื้อโน๊ตบุ๊ค.com/รับซื้อโน๊ตบุ๊ค/ฉะเชิงเทรา/surface-book/,,Not found (404),new_fresh_example,,KEEP_404,,high,2026-06-22,New example in fresh Not found (404) export.
https://ร้านรับซื้อโน๊ตบุ๊ค.com/รับซื้อโน๊ตบุ๊ค/อำนาจเจริญ/บลูทูธใช้ไม่ได้/,,Not found (404),new_fresh_example,,KEEP_404,,high,2026-06-22,New example in fresh Not found (404) export.
https://ร้านรับซื้อโน๊ตบุ๊ค.com/รับซื้อโน๊ตบุ๊ค/ศรีสะเกษ/พอร์ต-type-c-เสีย/,,Not found (404),new_fresh_example,,KEEP_404,,high,2026-06-22,New example in fresh Not found (404) export.
https://ร้านรับซื้อโน๊ตบุ๊ค.com/รับซื้อโน๊ตบุ๊ค/ร้อยเอ็ด/macbook-pro-16/,,Not found (404),new_fresh_example,,KEEP_404,,high,2026-06-22,New example in fresh Not found (404) export.
https://ร้านรับซื้อโน๊ตบุ๊ค.com/รับซื้อโน๊ตบุ๊ค/กรุงเทพ/พัดลมดัง/,,Not found (404),new_fresh_example,,KEEP_404,,high,2026-06-22,New example in fresh Not found (404) export.
https://ร้านรับซื้อโน๊ตบุ๊ค.com/รับซื้อโน๊ตบุ๊ค/อำนาจเจริญ/macbook-battery-health/,,Not found (404),new_fresh_example,,KEEP_404,,high,2026-06-22,New example in fresh Not found (404) export.
https://ร้านรับซื้อโน๊ตบุ๊ค.com/รับซื้อโน๊ตบุ๊ค/ใกล้ฉัน/asus-zephyrus-g16/,,Not found (404),new_fresh_example,,KEEP_404,,high,2026-06-22,New example in fresh Not found (404) export.
https://ร้านรับซื้อโน๊ตบุ๊ค.com/รับซื้อโน๊ตบุ๊ค/เลย/asus-zephyrus/,,Not found (404),new_fresh_example,,KEEP_404,,high,2026-06-22,New example in fresh Not found (404) export.
https://ร้านรับซื้อโน๊ตบุ๊ค.com/รับซื้อโน๊ตบุ๊ค/สุโขทัย/lenovo-legion-slim/,,Not found (404),new_fresh_example,,KEEP_404,,high,2026-06-22,New example in fresh Not found (404) export.
https://ร้านรับซื้อโน๊ตบุ๊ค.com/รับซื้อโน๊ตบุ๊ค/นครปฐม/msi-stealth-14/,,Not found (404),new_fresh_example,,KEEP_404,,high,2026-06-22,New example in fresh Not found (404) export.
https://ร้านรับซื้อโน๊ตบุ๊ค.com/รับซื้อโน๊ตบุ๊ค/สุรินทร์/hp-pavilion/,,Not found (404),new_fresh_example,,KEEP_404,,high,2026-06-22,New example in fresh Not found (404) export.
https://ร้านรับซื้อโน๊ตบุ๊ค.com/รับซื้อโน๊ตบุ๊ค/นราธิวาส/samsung/,,Not found (404),new_fresh_example,,KEEP_404,,high,2026-06-22,New example in fresh Not found (404) export.
https://ร้านรับซื้อโน๊ตบุ๊ค.com/รับซื้อโน๊ตบุ๊ค/รามคำแหง/asus-vivobook/,,Not found (404),new_fresh_example,,KEEP_404,,high,2026-06-22,New example in fresh Not found (404) export.
https://ร้านรับซื้อโน๊ตบุ๊ค.com/รับซื้อโน๊ตบุ๊ค/ปัตตานี/hp-victus-15/,,Not found (404),new_fresh_example,,KEEP_404,,high,2026-06-22,New example in fresh Not found (404) export.
https://ร้านรับซื้อโน๊ตบุ๊ค.com/รับซื้อโน๊ตบุ๊ค/ตาก/hp-pavilion/,,Not found (404),new_fresh_example,,KEEP_404,,high,2026-06-22,New example in fresh Not found (404) export.
https://ร้านรับซื้อโน๊ตบุ๊ค.com/รับซื้อโน๊ตบุ๊ค/อยุธยา/wifi-ไม่ติด/,,Not found (404),new_fresh_example,,KEEP_404,,high,2026-06-22,New example in fresh Not found (404) export.
https://ร้านรับซื้อโน๊ตบุ๊ค.com/รับซื้อโน๊ตบุ๊ค/ชัยภูมิ/asus-vivobook/,,Not found (404),new_fresh_example,,KEEP_404,,high,2026-06-22,New example in fresh Not found (404) export.
https://ร้านรับซื้อโน๊ตบุ๊ค.com/รับซื้อโน๊ตบุ๊ค/สมุทรปราการ/hp-spectre-x360/,,Not found (404),new_fresh_example,,KEEP_404,,high,2026-06-22,New example in fresh Not found (404) export.
https://ร้านรับซื้อโน๊ตบุ๊ค.com/รับซื้อโน๊ตบุ๊ค/สมุทรปราการ/razer-blade/,,Not found (404),new_fresh_example,,KEEP_404,,high,2026-06-21,New example in fresh Not found (404) export.
https://ร้านรับซื้อโน๊ตบุ๊ค.com/รับซื้อโน๊ตบุ๊ค/ศรีสะเกษ/thinkpad-x1-carbon/,,Not found (404),new_fresh_example,,KEEP_404,,high,2026-06-21,New example in fresh Not found (404) export.
https://ร้านรับซื้อโน๊ตบุ๊ค.com/รับซื้อโน๊ตบุ๊ค/นราธิวาส/acer-aspire-5/,,Not found (404),new_fresh_example,,KEEP_404,,high,2026-06-21,New example in fresh Not found (404) export.
https://ร้านรับซื้อโน๊ตบุ๊ค.com/รับซื้อโน๊ตบุ๊ค/พระราม2/พอร์ตแลนเสีย/,,Not found (404),new_fresh_example,,KEEP_404,,high,2026-06-21,New example in fresh Not found (404) export.
https://ร้านรับซื้อโน๊ตบุ๊ค.com/รับซื้อโน๊ตบุ๊ค/ชุมพร/huawei/,,Not found (404),new_fresh_example,,KEEP_404,,high,2026-06-20,New example in fresh Not found (404) export.
https://ร้านรับซื้อโน๊ตบุ๊ค.com/รับซื้อโน๊ตบุ๊ค/มหาสารคาม/honor-magicbook/,,Not found (404),new_fresh_example,,KEEP_404,,high,2026-06-20,New example in fresh Not found (404) export.
https://ร้านรับซื้อโน๊ตบุ๊ค.com/รับซื้อโน๊ตบุ๊ค/หนองคาย/lenovo-legion-pro/,,Not found (404),new_fresh_example,,KEEP_404,,high,2026-06-20,New example in fresh Not found (404) export.
https://ร้านรับซื้อโน๊ตบุ๊ค.com/รับซื้อโน๊ตบุ๊ค/สุโขทัย/asus-tuf-a15-f15/,,Not found (404),new_fresh_example,,KEEP_404,,high,2026-06-20,New example in fresh Not found (404) export.
https://ร้านรับซื้อโน๊ตบุ๊ค.com/รับซื้อโน๊ตบุ๊ค/อำนาจเจริญ/acer-travelmate/,,Not found (404),new_fresh_example,,KEEP_404,,high,2026-06-20,New example in fresh Not found (404) export.
https://ร้านรับซื้อโน๊ตบุ๊ค.com/รับซื้อโน๊ตบุ๊ค/พิจิตร/macbook-screen-crack/,,Not found (404),new_fresh_example,,KEEP_404,,high,2026-06-20,New example in fresh Not found (404) export.
https://ร้านรับซื้อโน๊ตบุ๊ค.com/รับซื้อโน๊ตบุ๊ค/สงขลา/msi-stealth-16/,,Not found (404),new_fresh_example,,KEEP_404,,high,2026-06-20,New example in fresh Not found (404) export.
https://ร้านรับซื้อโน๊ตบุ๊ค.com/รับซื้อโน๊ตบุ๊ค/แพร่/macbook-charge-port/,,Not found (404),new_fresh_example,,KEEP_404,,high,2026-06-20,New example in fresh Not found (404) export.
https://ร้านรับซื้อโน๊ตบุ๊ค.com/รับซื้อโน๊ตบุ๊ค/ปัตตานี/ssd-เสีย/,,Not found (404),new_fresh_example,,KEEP_404,,high,2026-06-20,New example in fresh Not found (404) export.
https://ร้านรับซื้อโน๊ตบุ๊ค.com/รับซื้อโน๊ตบุ๊ค/นครปฐม/macbook-screen-crack/,,Not found (404),new_fresh_example,,KEEP_404,,high,2026-06-20,New example in fresh Not found (404) export.
https://ร้านรับซื้อโน๊ตบุ๊ค.com/รับซื้อโน๊ตบุ๊ค/ราชบุรี/hp-victus-17/,,Not found (404),new_fresh_example,,KEEP_404,,high,2026-06-20,New example in fresh Not found (404) export.
https://ร้านรับซื้อโน๊ตบุ๊ค.com/รับซื้อโน๊ตบุ๊ค/นครพนม/macbook-air-m3/,,Not found (404),new_fresh_example,,KEEP_404,,high,2026-06-20,New example in fresh Not found (404) export.
https://ร้านรับซื้อโน๊ตบุ๊ค.com/รับซื้อโน๊ตบุ๊ค/พะเยา/asus-vivobook/,,Not found (404),new_fresh_example,,KEEP_404,,high,2026-06-20,New example in fresh Not found (404) export.
https://ร้านรับซื้อโน๊ตบุ๊ค.com/รับซื้อโน๊ตบุ๊ค/พะเยา/hp-envy-x360/,,Not found (404),new_fresh_example,,KEEP_404,,high,2026-06-20,New example in fresh Not found (404) export.
https://ร้านรับซื้อโน๊ตบุ๊ค.com/รับซื้อโน๊ตบุ๊ค/พิษณุโลก/surface-laptop-go/,,Not found (404),new_fresh_example,,KEEP_404,,high,2026-06-20,New example in fresh Not found (404) export.
https://ร้านรับซื้อโน๊ตบุ๊ค.com/รับซื้อโน๊ตบุ๊ค/หนองคาย/dell-inspiron-15/,,Not found (404),new_fresh_example,,KEEP_404,,high,2026-06-20,New example in fresh Not found (404) export.
https://ร้านรับซื้อโน๊ตบุ๊ค.com/รับซื้อโน๊ตบุ๊ค/เลย/alienware-m16/,,Not found (404),new_fresh_example,,KEEP_404,,high,2026-06-20,New example in fresh Not found (404) export.
https://ร้านรับซื้อโน๊ตบุ๊ค.com/รับซื้อโน๊ตบุ๊ค/เชียงใหม่/hp-victus-16/,,Not found (404),new_fresh_example,,KEEP_404,,high,2026-06-20,New example in fresh Not found (404) export.
https://ร้านรับซื้อโน๊ตบุ๊ค.com/รับซื้อโน๊ตบุ๊ค/ภูเก็ต/dell-inspiron-15/,,Not found (404),new_fresh_example,,KEEP_404,,high,2026-06-20,New example in fresh Not found (404) export.
https://ร้านรับซื้อโน๊ตบุ๊ค.com/รับซื้อโน๊ตบุ๊ค/พิษณุโลก/บอดี้แตก/,,Not found (404),new_fresh_example,,KEEP_404,,high,2026-06-20,New example in fresh Not found (404) export.
https://ร้านรับซื้อโน๊ตบุ๊ค.com/รับซื้อโน๊ตบุ๊ค/ห้วยขวาง/msi-cyborg-15/,,Not found (404),new_fresh_example,,KEEP_404,,high,2026-06-20,New example in fresh Not found (404) export.
https://ร้านรับซื้อโน๊ตบุ๊ค.com/รับซื้อโน๊ตบุ๊ค/นครศรีธรรมราช/lenovo-legion-slim/,,Not found (404),new_fresh_example,,KEEP_404,,high,2026-06-20,New example in fresh Not found (404) export.
https://ร้านรับซื้อโน๊ตบุ๊ค.com/รับซื้อโน๊ตบุ๊ค/พิจิตร/alienware-m15-r7-r8/,,Not found (404),new_fresh_example,,KEEP_404,,high,2026-06-19,New example in fresh Not found (404) export.
https://ร้านรับซื้อโน๊ตบุ๊ค.com/รับซื้อโน๊ตบุ๊ค/ชุมพร/gigabyte-aorus/,,Not found (404),new_fresh_example,,KEEP_404,,high,2026-06-19,New example in fresh Not found (404) export.
https://ร้านรับซื้อโน๊ตบุ๊ค.com/รับซื้อโน๊ตบุ๊ค/สุรินทร์/dell-inspiron-15/,,Not found (404),new_fresh_example,,KEEP_404,,high,2026-06-19,New example in fresh Not found (404) export.
https://ร้านรับซื้อโน๊ตบุ๊ค.com/รับซื้อโน๊ตบุ๊ค/สิงห์บุรี/acer-swift/,,Not found (404),new_fresh_example,,KEEP_404,,high,2026-06-19,New example in fresh Not found (404) export.
https://ร้านรับซื้อโน๊ตบุ๊ค.com/รับซื้อโน๊ตบุ๊ค/ปทุมธานี/พัดลมดัง/,,Not found (404),new_fresh_example,,KEEP_404,,high,2026-06-18,New example in fresh Not found (404) export.
https://ร้านรับซื้อโน๊ตบุ๊ค.com/รับซื้อโน๊ตบุ๊ค/ลาดพร้าว/lenovo-legion-slim/,,Not found (404),new_fresh_example,,KEEP_404,,high,2026-06-18,New example in fresh Not found (404) export.
https://ร้านรับซื้อโน๊ตบุ๊ค.com/รับซื้อโน๊ตบุ๊ค/สงขลา/samsung/,,Not found (404),new_fresh_example,,KEEP_404,,high,2026-06-18,New example in fresh Not found (404) export.
https://ร้านรับซื้อโน๊ตบุ๊ค.com/รับซื้อโน๊ตบุ๊ค/สุโขทัย/hp-omen-transcend/,,Not found (404),new_fresh_example,,KEEP_404,,high,2026-06-18,New example in fresh Not found (404) export.
https://ร้านรับซื้อโน๊ตบุ๊ค.com/รับซื้อโน๊ตบุ๊ค/ลาดพร้าว/macbook-pro-m4/,,Not found (404),new_fresh_example,,KEEP_404,,high,2026-06-18,New example in fresh Not found (404) export.
https://ร้านรับซื้อโน๊ตบุ๊ค.com/รับซื้อโน๊ตบุ๊ค/ตราด/macbook-battery-health/,,Not found (404),new_fresh_example,,KEEP_404,,high,2026-06-17,New example in fresh Not found (404) export.
https://ร้านรับซื้อโน๊ตบุ๊ค.com/รับซื้อโน๊ตบุ๊ค/ตรัง/thinkpad-e14-e15/,,Not found (404),new_fresh_example,,KEEP_404,,high,2026-06-17,New example in fresh Not found (404) export.
https://ร้านรับซื้อโน๊ตบุ๊ค.com/รับซื้อโน๊ตบุ๊ค/นครพนม/ลำโพงเสีย/,,Not found (404),new_fresh_example,,KEEP_404,,high,2026-06-17,New example in fresh Not found (404) export.
https://ร้านรับซื้อโน๊ตบุ๊ค.com/รับซื้อโน๊ตบุ๊ค/สุราษฎร์ธานี/จอมีเส้น/,,Not found (404),new_fresh_example,,KEEP_404,,high,2026-06-17,New example in fresh Not found (404) export.
https://ร้านรับซื้อโน๊ตบุ๊ค.com/รับซื้อโน๊ตบุ๊ค/ตราด/msi-stealth-16/,,Not found (404),new_fresh_example,,KEEP_404,,high,2026-06-17,New example in fresh Not found (404) export.
https://ร้านรับซื้อโน๊ตบุ๊ค.com/รับซื้อโน๊ตบุ๊ค/สุพรรณบุรี/alienware-x16/,,Not found (404),new_fresh_example,,KEEP_404,,high,2026-06-17,New example in fresh Not found (404) export.
https://ร้านรับซื้อโน๊ตบุ๊ค.com/รับซื้อโน๊ตบุ๊ค/สุราษฎร์ธานี/macbook-air-m1/,,Not found (404),new_fresh_example,,KEEP_404,,high,2026-06-17,New example in fresh Not found (404) export.
https://ร้านรับซื้อโน๊ตบุ๊ค.com/รับซื้อโน๊ตบุ๊ค/ตราด/msi-vector-16-hx/,,Not found (404),new_fresh_example,,KEEP_404,,high,2026-06-17,New example in fresh Not found (404) export.
https://ร้านรับซื้อโน๊ตบุ๊ค.com/รับซื้อโน๊ตบุ๊ค/พิษณุโลก/macbook-cycle-count/,,Not found (404),new_fresh_example,,KEEP_404,,high,2026-06-17,New example in fresh Not found (404) export.
https://ร้านรับซื้อโน๊ตบุ๊ค.com/รับซื้อโน๊ตบุ๊ค/สุพรรณบุรี/macbook-pro-m2/,,Not found (404),new_fresh_example,,KEEP_404,,high,2026-06-17,New example in fresh Not found (404) export.
https://ร้านรับซื้อโน๊ตบุ๊ค.com/รับซื้อโน๊ตบุ๊ค/หนองคาย/asus-vivobook/,,Not found (404),new_fresh_example,,KEEP_404,,high,2026-06-17,New example in fresh Not found (404) export.
https://ร้านรับซื้อโน๊ตบุ๊ค.com/รับซื้อโน๊ตบุ๊ค/แพร่/alienware-m16/,,Not found (404),new_fresh_example,,KEEP_404,,high,2026-06-17,New example in fresh Not found (404) export.
https://ร้านรับซื้อโน๊ตบุ๊ค.com/รับซื้อโน๊ตบุ๊ค/อุตรดิตถ์/พัดลมดัง/,,Not found (404),new_fresh_example,,KEEP_404,,high,2026-06-17,New example in fresh Not found (404) export.
https://ร้านรับซื้อโน๊ตบุ๊ค.com/รับซื้อโน๊ตบุ๊ค/สุราษฎร์ธานี/lenovo-legion-slim/,,Not found (404),new_fresh_example,,KEEP_404,,high,2026-06-17,New example in fresh Not found (404) export.
https://ร้านรับซื้อโน๊ตบุ๊ค.com/รับซื้อโน๊ตบุ๊ค/ราชบุรี/พอร์ต-type-c-เสีย/,,Not found (404),new_fresh_example,,KEEP_404,,high,2026-06-17,New example in fresh Not found (404) export.
https://ร้านรับซื้อโน๊ตบุ๊ค.com/รับซื้อโน๊ตบุ๊ค/ตราด/macbook-keyboard-issue/,,Not found (404),new_fresh_example,,KEEP_404,,high,2026-06-17,New example in fresh Not found (404) export.
https://ร้านรับซื้อโน๊ตบุ๊ค.com/รับซื้อโน๊ตบุ๊ค/น่าน/honor/,,Not found (404),new_fresh_example,,KEEP_404,,high,2026-06-17,New example in fresh Not found (404) export.
https://ร้านรับซื้อโน๊ตบุ๊ค.com/รับซื้อโน๊ตบุ๊ค/ลำปาง/จอฟ้า/,,Not found (404),new_fresh_example,,KEEP_404,,high,2026-06-17,New example in fresh Not found (404) export.
https://ร้านรับซื้อโน๊ตบุ๊ค.com/รับซื้อโน๊ตบุ๊ค/พัทยา/acer-nitro-17/,,Not found (404),new_fresh_example,,KEEP_404,,high,2026-06-17,New example in fresh Not found (404) export.
https://ร้านรับซื้อโน๊ตบุ๊ค.com/รับซื้อโน๊ตบุ๊ค/พิษณุโลก/hp-omen-transcend/,,Not found (404),new_fresh_example,,KEEP_404,,high,2026-06-17,New example in fresh Not found (404) export.
https://ร้านรับซื้อโน๊ตบุ๊ค.com/รับซื้อโน๊ตบุ๊ค/อ่างทอง/macbook-keyboard-issue/,,Not found (404),new_fresh_example,,KEEP_404,,high,2026-06-17,New example in fresh Not found (404) export.
https://ร้านรับซื้อโน๊ตบุ๊ค.com/รับซื้อโน๊ตบุ๊ค/ภาคอีสาน/macbook-screen-crack/,,Not found (404),new_fresh_example,,KEEP_404,,high,2026-06-17,New example in fresh Not found (404) export.
https://ร้านรับซื้อโน๊ตบุ๊ค.com/รับซื้อโน๊ตบุ๊ค/รามคำแหง/msi-vector-16-hx/,,Not found (404),new_fresh_example,,KEEP_404,,high,2026-06-17,New example in fresh Not found (404) export.
https://ร้านรับซื้อโน๊ตบุ๊ค.com/รับซื้อโน๊ตบุ๊ค/มุกดาหาร/acer-travelmate/,,Not found (404),new_fresh_example,,KEEP_404,,high,2026-06-17,New example in fresh Not found (404) export.
https://ร้านรับซื้อโน๊ตบุ๊ค.com/รับซื้อโน๊ตบุ๊ค/สระแก้ว/lenovo-legion-pro/,,Not found (404),new_fresh_example,,KEEP_404,,high,2026-06-17,New example in fresh Not found (404) export.
https://ร้านรับซื้อโน๊ตบุ๊ค.com/รับซื้อโน๊ตบุ๊ค/ชลบุรี/acer-predator-neo/,,Not found (404),new_fresh_example,,KEEP_404,,high,2026-06-17,New example in fresh Not found (404) export.
https://ร้านรับซื้อโน๊ตบุ๊ค.com/รับซื้อโน๊ตบุ๊ค/ชัยนาท/รีสตาร์ทเอง/,,Not found (404),new_fresh_example,,KEEP_404,,high,2026-06-17,New example in fresh Not found (404) export.
https://ร้านรับซื้อโน๊ตบุ๊ค.com/รับซื้อโน๊ตบุ๊ค/ตราด/asus-rog-strix/,,Not found (404),new_fresh_example,,KEEP_404,,high,2026-06-17,New example in fresh Not found (404) export.
https://ร้านรับซื้อโน๊ตบุ๊ค.com/รับซื้อโน๊ตบุ๊ค/เพชรบุรี/macbook-screen-crack/,,Not found (404),new_fresh_example,,KEEP_404,,high,2026-06-17,New example in fresh Not found (404) export.
https://ร้านรับซื้อโน๊ตบุ๊ค.com/รับซื้อโน๊ตบุ๊ค/หนองบัวลำภู/msi-modern/,,Not found (404),new_fresh_example,,KEEP_404,,high,2026-06-17,New example in fresh Not found (404) export.
https://ร้านรับซื้อโน๊ตบุ๊ค.com/รับซื้อโน๊ตบุ๊ค/ชลบุรี/จอมีเส้น/,,Not found (404),new_fresh_example,,KEEP_404,,high,2026-06-17,New example in fresh Not found (404) export.
https://ร้านรับซื้อโน๊ตบุ๊ค.com/รับซื้อโน๊ตบุ๊ค/ปราจีนบุรี/hp-envy-x360/,,Not found (404),new_fresh_example,,KEEP_404,,high,2026-06-17,New example in fresh Not found (404) export.
https://ร้านรับซื้อโน๊ตบุ๊ค.com/รับซื้อโน๊ตบุ๊ค/สตูล/acer-travelmate/,,Not found (404),new_fresh_example,,KEEP_404,,high,2026-06-17,New example in fresh Not found (404) export.
https://ร้านรับซื้อโน๊ตบุ๊ค.com/รับซื้อโน๊ตบุ๊ค/นราธิวาส/acer-predator-triton/,,Not found (404),new_fresh_example,,KEEP_404,,high,2026-06-17,New example in fresh Not found (404) export.
https://ร้านรับซื้อโน๊ตบุ๊ค.com/รับซื้อโน๊ตบุ๊ค/ภูเก็ต/hp-spectre-x360/,,Not found (404),new_fresh_example,,KEEP_404,,high,2026-06-17,New example in fresh Not found (404) export.
https://ร้านรับซื้อโน๊ตบุ๊ค.com/รับซื้อโน๊ตบุ๊ค/สกลนคร/hp-omen-16/,,Not found (404),new_fresh_example,,KEEP_404,,high,2026-06-17,New example in fresh Not found (404) export.
https://ร้านรับซื้อโน๊ตบุ๊ค.com/รับซื้อโน๊ตบุ๊ค/สุรินทร์/surface-laptop-go/,,Not found (404),new_fresh_example,,KEEP_404,,high,2026-06-17,New example in fresh Not found (404) export.
https://ร้านรับซื้อโน๊ตบุ๊ค.com/รับซื้อโน๊ตบุ๊ค/ฉะเชิงเทรา/msi-katana-15/,,Not found (404),new_fresh_example,,KEEP_404,,high,2026-06-17,New example in fresh Not found (404) export.
https://ร้านรับซื้อโน๊ตบุ๊ค.com/รับซื้อโน๊ตบุ๊ค/นนทบุรี/ช่องหูฟังเสีย/,,Not found (404),new_fresh_example,,KEEP_404,,high,2026-06-17,New example in fresh Not found (404) export.
https://ร้านรับซื้อโน๊ตบุ๊ค.com/รับซื้อโน๊ตบุ๊ค/สุพรรณบุรี/hp-victus-17/,,Not found (404),new_fresh_example,,KEEP_404,,high,2026-06-17,New example in fresh Not found (404) export.
https://ร้านรับซื้อโน๊ตบุ๊ค.com/รับซื้อโน๊ตบุ๊ค/ใกล้ฉัน/asus-vivobook/,,Not found (404),new_fresh_example,,KEEP_404,,high,2026-06-17,New example in fresh Not found (404) export.
https://ร้านรับซื้อโน๊ตบุ๊ค.com/รับซื้อโน๊ตบุ๊ค/นครศรีธรรมราช/macbook-mdm/,,Not found (404),new_fresh_example,,KEEP_404,,high,2026-06-17,New example in fresh Not found (404) export.
https://ร้านรับซื้อโน๊ตบุ๊ค.com/รับซื้อโน๊ตบุ๊ค/สุราษฎร์ธานี/samsung-galaxy-book/,,Not found (404),new_fresh_example,,KEEP_404,,high,2026-06-16,New example in fresh Not found (404) export.
https://ร้านรับซื้อโน๊ตบุ๊ค.com/รับซื้อโน๊ตบุ๊ค/ชัยภูมิ/macbook-air-m4/,,Not found (404),new_fresh_example,,KEEP_404,,high,2026-06-16,New example in fresh Not found (404) export.
https://ร้านรับซื้อโน๊ตบุ๊ค.com/รับซื้อโน๊ตบุ๊ค/สระบุรี/ทัชแพดเสีย/,,Not found (404),new_fresh_example,,KEEP_404,,high,2026-06-16,New example in fresh Not found (404) export.
https://ร้านรับซื้อโน๊ตบุ๊ค.com/รับซื้อโน๊ตบุ๊ค/สระแก้ว/alienware-m15-r7-r8/,,Not found (404),new_fresh_example,,KEEP_404,,high,2026-06-16,New example in fresh Not found (404) export.
https://ร้านรับซื้อโน๊ตบุ๊ค.com/รับซื้อโน๊ตบุ๊ค/สระแก้ว/macbook-pro-m4/,,Not found (404),new_fresh_example,,KEEP_404,,high,2026-06-16,New example in fresh Not found (404) export.
https://ร้านรับซื้อโน๊ตบุ๊ค.com/รับซื้อโน๊ตบุ๊ค/เชียงใหม่/alienware-m15-r7-r8/,,Not found (404),new_fresh_example,,KEEP_404,,high,2026-06-16,New example in fresh Not found (404) export.
https://ร้านรับซื้อโน๊ตบุ๊ค.com/รับซื้อโน๊ตบุ๊ค/อุบลราชธานี/honor-magicbook/,,Not found (404),new_fresh_example,,KEEP_404,,high,2026-06-16,New example in fresh Not found (404) export.
https://ร้านรับซื้อโน๊ตบุ๊ค.com/รับซื้อโน๊ตบุ๊ค/รามคำแหง/macbook-air-15/,,Not found (404),new_fresh_example,,KEEP_404,,high,2026-06-16,New example in fresh Not found (404) export.
https://ร้านรับซื้อโน๊ตบุ๊ค.com/รับซื้อโน๊ตบุ๊ค/ชุมพร/lg-gram/,,Not found (404),new_fresh_example,,KEEP_404,,high,2026-06-16,New example in fresh Not found (404) export.
https://ร้านรับซื้อโน๊ตบุ๊ค.com/รับซื้อโน๊ตบุ๊ค/สุพรรณบุรี/dell-latitude/,,Not found (404),new_fresh_example,,KEEP_404,,high,2026-06-16,New example in fresh Not found (404) export.
https://ร้านรับซื้อโน๊ตบุ๊ค.com/รับซื้อโน๊ตบุ๊ค/ขอนแก่น/honor/,,Not found (404),new_fresh_example,,KEEP_404,,high,2026-06-16,New example in fresh Not found (404) export.
https://ร้านรับซื้อโน๊ตบุ๊ค.com/รับซื้อโน๊ตบุ๊ค/พิจิตร/lenovo-ideapad-3-5/,,Not found (404),new_fresh_example,,KEEP_404,,high,2026-06-16,New example in fresh Not found (404) export.
https://ร้านรับซื้อโน๊ตบุ๊ค.com/รับซื้อโน๊ตบุ๊ค/ศรีสะเกษ/msi-cyborg-15/,,Not found (404),new_fresh_example,,KEEP_404,,high,2026-06-16,New example in fresh Not found (404) export.
https://ร้านรับซื้อโน๊ตบุ๊ค.com/รับซื้อโน๊ตบุ๊ค/กาญจนบุรี/บลูทูธใช้ไม่ได้/,,Not found (404),new_fresh_example,,KEEP_404,,high,2026-06-16,New example in fresh Not found (404) export.
https://ร้านรับซื้อโน๊ตบุ๊ค.com/รับซื้อโน๊ตบุ๊ค/พิจิตร/asus-zephyrus/,,Not found (404),new_fresh_example,,KEEP_404,,high,2026-06-16,New example in fresh Not found (404) export.
https://ร้านรับซื้อโน๊ตบุ๊ค.com/รับซื้อโน๊ตบุ๊ค/เพชรบูรณ์/acer-predator-helios/,,Not found (404),new_fresh_example,,KEEP_404,,high,2026-06-16,New example in fresh Not found (404) export.
https://ร้านรับซื้อโน๊ตบุ๊ค.com/รับซื้อโน๊ตบุ๊ค/อุดรธานี/ฝาหลังบวม/,,Not found (404),new_fresh_example,,KEEP_404,,high,2026-06-15,New example in fresh Not found (404) export.
https://ร้านรับซื้อโน๊ตบุ๊ค.com/รับซื้อโน๊ตบุ๊ค/พะเยา/hp-spectre-x360/,,Not found (404),new_fresh_example,,KEEP_404,,high,2026-06-15,New example in fresh Not found (404) export.
https://ร้านรับซื้อโน๊ตบุ๊ค.com/รับซื้อโน๊ตบุ๊ค/ศรีสะเกษ/acer-predator-neo/,,Not found (404),new_fresh_example,,KEEP_404,,high,2026-06-14,New example in fresh Not found (404) export.
https://ร้านรับซื้อโน๊ตบุ๊ค.com/รับซื้อโน๊ตบุ๊ค/อุตรดิตถ์/macbook-air-m2/,,Not found (404),new_fresh_example,,KEEP_404,,high,2026-06-14,New example in fresh Not found (404) export.
https://ร้านรับซื้อโน๊ตบุ๊ค.com/รับซื้อโน๊ตบุ๊ค/สมุทรสาคร/msi-raider-18/,,Not found (404),new_fresh_example,,KEEP_404,,high,2026-06-14,New example in fresh Not found (404) export.
https://ร้านรับซื้อโน๊ตบุ๊ค.com/รับซื้อโน๊ตบุ๊ค/ร้อยเอ็ด/asus-expertbook/,,Not found (404),new_fresh_example,,KEEP_404,,high,2026-06-14,New example in fresh Not found (404) export.
https://ร้านรับซื้อโน๊ตบุ๊ค.com/รับซื้อโน๊ตบุ๊ค/เลย/hp-omen-17/,,Not found (404),new_fresh_example,,KEEP_404,,high,2026-06-14,New example in fresh Not found (404) export.
https://ร้านรับซื้อโน๊ตบุ๊ค.com/รับซื้อโน๊ตบุ๊ค/สุพรรณบุรี/macbook-pro-m5/,,Not found (404),new_fresh_example,,KEEP_404,,high,2026-06-14,New example in fresh Not found (404) export.
https://ร้านรับซื้อโน๊ตบุ๊ค.com/รับซื้อโน๊ตบุ๊ค/บึงกาฬ/asus-zenbook/,,Not found (404),new_fresh_example,,KEEP_404,,high,2026-06-14,New example in fresh Not found (404) export.
https://ร้านรับซื้อโน๊ตบุ๊ค.com/รับซื้อโน๊ตบุ๊ค/สุรินทร์/ทัชแพดเสีย/,,Not found (404),new_fresh_example,,KEEP_404,,high,2026-06-14,New example in fresh Not found (404) export.
https://ร้านรับซื้อโน๊ตบุ๊ค.com/รับซื้อโน๊ตบุ๊ค/ปัตตานี/asus-vivobook/,,Not found (404),new_fresh_example,,KEEP_404,,high,2026-06-14,New example in fresh Not found (404) export.
https://ร้านรับซื้อโน๊ตบุ๊ค.com/รับซื้อโน๊ตบุ๊ค/หาดใหญ่/surface-laptop-go/,,Not found (404),new_fresh_example,,KEEP_404,,high,2026-06-14,New example in fresh Not found (404) export.
https://ร้านรับซื้อโน๊ตบุ๊ค.com/รับซื้อโน๊ตบุ๊ค/เพชรบุรี/hp-elitebook/,,Not found (404),new_fresh_example,,KEEP_404,,high,2026-06-14,New example in fresh Not found (404) export.
https://ร้านรับซื้อโน๊ตบุ๊ค.com/รับซื้อโน๊ตบุ๊ค/ตราด/บูตวน/,,Not found (404),new_fresh_example,,KEEP_404,,high,2026-06-14,New example in fresh Not found (404) export.
https://ร้านรับซื้อโน๊ตบุ๊ค.com/รับซื้อโน๊ตบุ๊ค/ลำพูน/samsung/,,Not found (404),new_fresh_example,,KEEP_404,,high,2026-06-14,New example in fresh Not found (404) export.
https://ร้านรับซื้อโน๊ตบุ๊ค.com/รับซื้อโน๊ตบุ๊ค/อยุธยา/asus-zephyrus/,,Not found (404),new_fresh_example,,KEEP_404,,high,2026-06-14,New example in fresh Not found (404) export.
https://ร้านรับซื้อโน๊ตบุ๊ค.com/รับซื้อโน๊ตบุ๊ค/ชลบุรี/hp-omen-17/,,Not found (404),new_fresh_example,,KEEP_404,,high,2026-06-14,New example in fresh Not found (404) export.
https://ร้านรับซื้อโน๊ตบุ๊ค.com/รับซื้อโน๊ตบุ๊ค/นครราชสีมา/พัดลมดัง/,,Not found (404),new_fresh_example,,KEEP_404,,high,2026-06-14,New example in fresh Not found (404) export.
https://ร้านรับซื้อโน๊ตบุ๊ค.com/รับซื้อโน๊ตบุ๊ค/รามคำแหง/dell-xps-13-15/,,Not found (404),new_fresh_example,,KEEP_404,,high,2026-06-14,New example in fresh Not found (404) export.
https://ร้านรับซื้อโน๊ตบุ๊ค.com/รับซื้อโน๊ตบุ๊ค/ยะลา/dell-g15-g16/,,Not found (404),new_fresh_example,,KEEP_404,,high,2026-06-14,New example in fresh Not found (404) export.
https://ร้านรับซื้อโน๊ตบุ๊ค.com/รับซื้อโน๊ตบุ๊ค/ลำปาง/macbook-pro-m5/,,Not found (404),new_fresh_example,,KEEP_404,,high,2026-06-14,New example in fresh Not found (404) export.
https://ร้านรับซื้อโน๊ตบุ๊ค.com/รับซื้อโน๊ตบุ๊ค/สงขลา/alienware-m16/,,Not found (404),new_fresh_example,,KEEP_404,,high,2026-06-14,New example in fresh Not found (404) export.
https://ร้านรับซื้อโน๊ตบุ๊ค.com/รับซื้อโน๊ตบุ๊ค/อยุธยา/ค้างบ่อย/,,Not found (404),new_fresh_example,,KEEP_404,,high,2026-06-14,New example in fresh Not found (404) export.
https://ร้านรับซื้อโน๊ตบุ๊ค.com/รับซื้อโน๊ตบุ๊ค/ชัยนาท/asus-vivobook/,,Not found (404),new_fresh_example,,KEEP_404,,high,2026-06-14,New example in fresh Not found (404) export.
https://ร้านรับซื้อโน๊ตบุ๊ค.com/รับซื้อโน๊ตบุ๊ค/ขอนแก่น/acer-predator-triton/,,Not found (404),new_fresh_example,,KEEP_404,,high,2026-06-14,New example in fresh Not found (404) export.
https://ร้านรับซื้อโน๊ตบุ๊ค.com/รับซื้อโน๊ตบุ๊ค/ภาคอีสาน/กล้องเสีย/,,Not found (404),new_fresh_example,,KEEP_404,,high,2026-06-14,New example in fresh Not found (404) export.
https://ร้านรับซื้อโน๊ตบุ๊ค.com/รับซื้อโน๊ตบุ๊ค/บึงกาฬ/acer-predator-neo/,,Not found (404),new_fresh_example,,KEEP_404,,high,2026-06-14,New example in fresh Not found (404) export.
https://ร้านรับซื้อโน๊ตบุ๊ค.com/รับซื้อโน๊ตบุ๊ค/ปราจีนบุรี/macbook-air-m4/,,Not found (404),new_fresh_example,,KEEP_404,,high,2026-06-14,New example in fresh Not found (404) export.
https://ร้านรับซื้อโน๊ตบุ๊ค.com/รับซื้อโน๊ตบุ๊ค/ภาคอีสาน/lg/,,Not found (404),new_fresh_example,,KEEP_404,,high,2026-06-14,New example in fresh Not found (404) export.
https://ร้านรับซื้อโน๊ตบุ๊ค.com/รับซื้อโน๊ตบุ๊ค/ระนอง/msi-vector-16-hx/,,Not found (404),new_fresh_example,,KEEP_404,,high,2026-06-14,New example in fresh Not found (404) export.
https://ร้านรับซื้อโน๊ตบุ๊ค.com/รับซื้อโน๊ตบุ๊ค/ลำพูน/ร้อนจัดดับเอง/,,Not found (404),new_fresh_example,,KEEP_404,,high,2026-06-14,New example in fresh Not found (404) export.
https://ร้านรับซื้อโน๊ตบุ๊ค.com/รับซื้อโน๊ตบุ๊ค/สตูล/macbook-battery-swollen/,,Not found (404),new_fresh_example,,KEEP_404,,high,2026-06-14,New example in fresh Not found (404) export.
https://ร้านรับซื้อโน๊ตบุ๊ค.com/รับซื้อโน๊ตบุ๊ค/เลย/alienware-m18/,,Not found (404),new_fresh_example,,KEEP_404,,high,2026-06-14,New example in fresh Not found (404) export.
https://ร้านรับซื้อโน๊ตบุ๊ค.com/รับซื้อโน๊ตบุ๊ค/นครพนม/ฝาหลังบวม/,,Not found (404),new_fresh_example,,KEEP_404,,high,2026-06-14,New example in fresh Not found (404) export.
https://ร้านรับซื้อโน๊ตบุ๊ค.com/รับซื้อโน๊ตบุ๊ค/สระบุรี/asus-zephyrus-g14/,,Not found (404),new_fresh_example,,KEEP_404,,high,2026-06-14,New example in fresh Not found (404) export.
https://ร้านรับซื้อโน๊ตบุ๊ค.com/รับซื้อโน๊ตบุ๊ค/อ่างทอง/asus-vivobook/,,Not found (404),new_fresh_example,,KEEP_404,,high,2026-06-14,New example in fresh Not found (404) export.
https://ร้านรับซื้อโน๊ตบุ๊ค.com/รับซื้อโน๊ตบุ๊ค/ฉะเชิงเทรา/macbook-no-box-no-receipt/,,Not found (404),new_fresh_example,,KEEP_404,,high,2026-06-14,New example in fresh Not found (404) export.
https://ร้านรับซื้อโน๊ตบุ๊ค.com/รับซื้อโน๊ตบุ๊ค/สตูล/จอมีเส้น/,,Not found (404),new_fresh_example,,KEEP_404,,high,2026-06-14,New example in fresh Not found (404) export.
https://ร้านรับซื้อโน๊ตบุ๊ค.com/รับซื้อโน๊ตบุ๊ค/ชุมพร/surface-laptop-go/,,Not found (404),new_fresh_example,,KEEP_404,,high,2026-06-14,New example in fresh Not found (404) export.
https://ร้านรับซื้อโน๊ตบุ๊ค.com/รับซื้อโน๊ตบุ๊ค/เพชรบุรี/acer-predator-triton/,,Not found (404),new_fresh_example,,KEEP_404,,high,2026-06-14,New example in fresh Not found (404) export.
https://ร้านรับซื้อโน๊ตบุ๊ค.com/รับซื้อโน๊ตบุ๊ค/อ่างทอง/hp-victus-17/,,Not found (404),new_fresh_example,,KEEP_404,,high,2026-06-14,New example in fresh Not found (404) export.
https://ร้านรับซื้อโน๊ตบุ๊ค.com/รับซื้อโน๊ตบุ๊ค/ตราด/lenovo-legion-pro/,,Not found (404),new_fresh_example,,KEEP_404,,high,2026-06-14,New example in fresh Not found (404) export.
https://ร้านรับซื้อโน๊ตบุ๊ค.com/รับซื้อโน๊ตบุ๊ค/รังสิต/macbook-battery-health/,,Not found (404),new_fresh_example,,KEEP_404,,high,2026-06-14,New example in fresh Not found (404) export.
https://ร้านรับซื้อโน๊ตบุ๊ค.com/รับซื้อโน๊ตบุ๊ค/ชุมพร/hp-omen-transcend/,,Not found (404),new_fresh_example,,KEEP_404,,high,2026-06-14,New example in fresh Not found (404) export.
https://ร้านรับซื้อโน๊ตบุ๊ค.com/รับซื้อโน๊ตบุ๊ค/ประจวบคีรีขันธ์/lenovo-legion-pro-7/,,Not found (404),new_fresh_example,,KEEP_404,,high,2026-06-14,New example in fresh Not found (404) export.
https://ร้านรับซื้อโน๊ตบุ๊ค.com/รับซื้อโน๊ตบุ๊ค/แพร่/dell-vostro/,,Not found (404),new_fresh_example,,KEEP_404,,high,2026-06-14,New example in fresh Not found (404) export.
https://ร้านรับซื้อโน๊ตบุ๊ค.com/รับซื้อโน๊ตบุ๊ค/นราธิวาส/alienware-m15-r7-r8/,,Not found (404),new_fresh_example,,KEEP_404,,high,2026-06-14,New example in fresh Not found (404) export.
https://ร้านรับซื้อโน๊ตบุ๊ค.com/รับซื้อโน๊ตบุ๊ค/ปราจีนบุรี/macbook-battery-health/,,Not found (404),new_fresh_example,,KEEP_404,,high,2026-06-14,New example in fresh Not found (404) export.
https://ร้านรับซื้อโน๊ตบุ๊ค.com/รับซื้อโน๊ตบุ๊ค/เชียงใหม่/รีสตาร์ทเอง/,,Not found (404),new_fresh_example,,KEEP_404,,high,2026-06-14,New example in fresh Not found (404) export.
https://ร้านรับซื้อโน๊ตบุ๊ค.com/รับซื้อโน๊ตบุ๊ค/นครสวรรค์/บอดี้แตก/,,Not found (404),new_fresh_example,,KEEP_404,,high,2026-06-14,New example in fresh Not found (404) export.
https://ร้านรับซื้อโน๊ตบุ๊ค.com/รับซื้อโน๊ตบุ๊ค/ชลบุรี/macbook-screen-crack/,,Not found (404),new_fresh_example,,KEEP_404,,high,2026-06-14,New example in fresh Not found (404) export.
https://ร้านรับซื้อโน๊ตบุ๊ค.com/รับซื้อโน๊ตบุ๊ค/ยะลา/samsung-galaxy-book/,,Not found (404),new_fresh_example,,KEEP_404,,high,2026-06-14,New example in fresh Not found (404) export.
https://ร้านรับซื้อโน๊ตบุ๊ค.com/รับซื้อโน๊ตบุ๊ค/ยโสธร/macbook-keyboard-issue/,,Not found (404),new_fresh_example,,KEEP_404,,high,2026-06-14,New example in fresh Not found (404) export.
https://ร้านรับซื้อโน๊ตบุ๊ค.com/รับซื้อโน๊ตบุ๊ค/อ่างทอง/บูตวน/,,Not found (404),new_fresh_example,,KEEP_404,,high,2026-06-14,New example in fresh Not found (404) export.
https://ร้านรับซื้อโน๊ตบุ๊ค.com/รับซื้อโน๊ตบุ๊ค/สระแก้ว/lenovo-thinkbook/,,Not found (404),new_fresh_example,,KEEP_404,,high,2026-06-14,New example in fresh Not found (404) export.
https://ร้านรับซื้อโน๊ตบุ๊ค.com/รับซื้อโน๊ตบุ๊ค/อุดรธานี/จอมีเส้น/,,Not found (404),new_fresh_example,,KEEP_404,,high,2026-06-14,New example in fresh Not found (404) export.
https://ร้านรับซื้อโน๊ตบุ๊ค.com/รับซื้อโน๊ตบุ๊ค/ฉะเชิงเทรา/จอมีเส้น/,,Not found (404),new_fresh_example,,KEEP_404,,high,2026-06-14,New example in fresh Not found (404) export.
https://ร้านรับซื้อโน๊ตบุ๊ค.com/รับซื้อโน๊ตบุ๊ค/เพชรบูรณ์/dell-vostro/,,Not found (404),new_fresh_example,,KEEP_404,,high,2026-06-14,New example in fresh Not found (404) export.
https://ร้านรับซื้อโน๊ตบุ๊ค.com/รับซื้อโน๊ตบุ๊ค/บึงกาฬ/acer-predator-triton/,,Not found (404),new_fresh_example,,KEEP_404,,high,2026-06-14,New example in fresh Not found (404) export.
https://ร้านรับซื้อโน๊ตบุ๊ค.com/รับซื้อโน๊ตบุ๊ค/ยโสธร/asus-vivobook/,,Not found (404),new_fresh_example,,KEEP_404,,high,2026-06-14,New example in fresh Not found (404) export.
https://ร้านรับซื้อโน๊ตบุ๊ค.com/รับซื้อโน๊ตบุ๊ค/ตราด/hp-victus-16/,,Not found (404),new_fresh_example,,KEEP_404,,high,2026-06-14,New example in fresh Not found (404) export.
https://ร้านรับซื้อโน๊ตบุ๊ค.com/รับซื้อโน๊ตบุ๊ค/เลย/acer-swift/,,Not found (404),new_fresh_example,,KEEP_404,,high,2026-06-14,New example in fresh Not found (404) export.
https://ร้านรับซื้อโน๊ตบุ๊ค.com/รับซื้อโน๊ตบุ๊ค/สุราษฎร์ธานี/asus-zephyrus-g16/,,Not found (404),new_fresh_example,,KEEP_404,,high,2026-06-14,New example in fresh Not found (404) export.
https://ร้านรับซื้อโน๊ตบุ๊ค.com/รับซื้อโน๊ตบุ๊ค/ตาก/ค้างบ่อย/,,Not found (404),new_fresh_example,,KEEP_404,,high,2026-06-14,New example in fresh Not found (404) export.
https://ร้านรับซื้อโน๊ตบุ๊ค.com/รับซื้อโน๊ตบุ๊ค/เชียงราย/รีสตาร์ทเอง/,,Not found (404),new_fresh_example,,KEEP_404,,high,2026-06-14,New example in fresh Not found (404) export.
https://ร้านรับซื้อโน๊ตบุ๊ค.com/รับซื้อโน๊ตบุ๊ค/ขอนแก่น/surface-pro/,,Not found (404),new_fresh_example,,KEEP_404,,high,2026-06-14,New example in fresh Not found (404) export.
https://ร้านรับซื้อโน๊ตบุ๊ค.com/รับซื้อโน๊ตบุ๊ค/สงขลา/ช่องหูฟังเสีย/,,Not found (404),new_fresh_example,,KEEP_404,,high,2026-06-14,New example in fresh Not found (404) export.
https://ร้านรับซื้อโน๊ตบุ๊ค.com/รับซื้อโน๊ตบุ๊ค/ระนอง/กล้องเสีย/,,Not found (404),new_fresh_example,,KEEP_404,,high,2026-06-14,New example in fresh Not found (404) export.
https://ร้านรับซื้อโน๊ตบุ๊ค.com/รับซื้อโน๊ตบุ๊ค/แม่ฮ่องสอน/บอดี้แตก/,,Not found (404),new_fresh_example,,KEEP_404,,high,2026-06-14,New example in fresh Not found (404) export.
https://ร้านรับซื้อโน๊ตบุ๊ค.com/รับซื้อโน๊ตบุ๊ค/อุบลราชธานี/asus-rog-ally-x/,,Not found (404),new_fresh_example,,KEEP_404,,high,2026-06-14,New example in fresh Not found (404) export.
https://ร้านรับซื้อโน๊ตบุ๊ค.com/รับซื้อโน๊ตบุ๊ค/นครศรีธรรมราช/macbook-air-m5/,,Not found (404),new_fresh_example,,KEEP_404,,high,2026-06-14,New example in fresh Not found (404) export.
https://ร้านรับซื้อโน๊ตบุ๊ค.com/รับซื้อโน๊ตบุ๊ค/เชียงใหม่/surface-laptop/,,Not found (404),new_fresh_example,,KEEP_404,,high,2026-06-14,New example in fresh Not found (404) export.
https://ร้านรับซื้อโน๊ตบุ๊ค.com/รับซื้อโน๊ตบุ๊ค/ชัยภูมิ/macbook-pro-m5/,,Not found (404),new_fresh_example,,KEEP_404,,high,2026-06-14,New example in fresh Not found (404) export.
https://ร้านรับซื้อโน๊ตบุ๊ค.com/รับซื้อโน๊ตบุ๊ค/สมุทรสาคร/macbook-air-m4/,,Not found (404),new_fresh_example,,KEEP_404,,high,2026-06-14,New example in fresh Not found (404) export.
https://ร้านรับซื้อโน๊ตบุ๊ค.com/รับซื้อโน๊ตบุ๊ค/บึงกาฬ/lenovo-legion-pro/,,Not found (404),new_fresh_example,,KEEP_404,,high,2026-06-14,New example in fresh Not found (404) export.
https://ร้านรับซื้อโน๊ตบุ๊ค.com/รับซื้อโน๊ตบุ๊ค/แพร่/macbook-battery-health/,,Not found (404),new_fresh_example,,KEEP_404,,high,2026-06-14,New example in fresh Not found (404) export.
https://ร้านรับซื้อโน๊ตบุ๊ค.com/รับซื้อโน๊ตบุ๊ค/ตรัง/macbook-pro-16/,,Not found (404),new_fresh_example,,KEEP_404,,high,2026-06-14,New example in fresh Not found (404) export.
https://ร้านรับซื้อโน๊ตบุ๊ค.com/รับซื้อโน๊ตบุ๊ค/น่าน/acer-predator-triton/,,Not found (404),new_fresh_example,,KEEP_404,,high,2026-06-14,New example in fresh Not found (404) export.
https://ร้านรับซื้อโน๊ตบุ๊ค.com/รับซื้อโน๊ตบุ๊ค/อุตรดิตถ์/hp-spectre-x360/,,Not found (404),new_fresh_example,,KEEP_404,,high,2026-06-14,New example in fresh Not found (404) export.
https://ร้านรับซื้อโน๊ตบุ๊ค.com/รับซื้อโน๊ตบุ๊ค/แม่ฮ่องสอน/razer/,,Not found (404),new_fresh_example,,KEEP_404,,high,2026-06-14,New example in fresh Not found (404) export.
https://ร้านรับซื้อโน๊ตบุ๊ค.com/รับซื้อโน๊ตบุ๊ค/สตูล/hp-omen-17/,,Not found (404),new_fresh_example,,KEEP_404,,high,2026-06-14,New example in fresh Not found (404) export.
https://ร้านรับซื้อโน๊ตบุ๊ค.com/รับซื้อโน๊ตบุ๊ค/บางนา/surface-laptop-go/,,Not found (404),new_fresh_example,,KEEP_404,,high,2026-06-14,New example in fresh Not found (404) export.
https://ร้านรับซื้อโน๊ตบุ๊ค.com/รับซื้อโน๊ตบุ๊ค/นครศรีธรรมราช/จอมีเส้น/,,Not found (404),new_fresh_example,,KEEP_404,,high,2026-06-14,New example in fresh Not found (404) export.
https://ร้านรับซื้อโน๊ตบุ๊ค.com/รับซื้อโน๊ตบุ๊ค/ยโสธร/hp-pavilion/,,Not found (404),new_fresh_example,,KEEP_404,,high,2026-06-14,New example in fresh Not found (404) export.
https://ร้านรับซื้อโน๊ตบุ๊ค.com/รับซื้อโน๊ตบุ๊ค/กรุงเทพ/msi-modern/,,Not found (404),new_fresh_example,,KEEP_404,,high,2026-06-14,New example in fresh Not found (404) export.
https://ร้านรับซื้อโน๊ตบุ๊ค.com/รับซื้อโน๊ตบุ๊ค/นครพนม/surface-book/,,Not found (404),new_fresh_example,,KEEP_404,,high,2026-06-14,New example in fresh Not found (404) export.
https://ร้านรับซื้อโน๊ตบุ๊ค.com/รับซื้อโน๊ตบุ๊ค/มหาสารคาม/hp-envy-x360/,,Not found (404),new_fresh_example,,KEEP_404,,high,2026-06-14,New example in fresh Not found (404) export.
https://ร้านรับซื้อโน๊ตบุ๊ค.com/รับซื้อโน๊ตบุ๊ค/ร้อยเอ็ด/macbook-pro-m1/,,Not found (404),new_fresh_example,,KEEP_404,,high,2026-06-14,New example in fresh Not found (404) export.
https://ร้านรับซื้อโน๊ตบุ๊ค.com/รับซื้อโน๊ตบุ๊ค/เชียงใหม่/ค้างบ่อย/,,Not found (404),new_fresh_example,,KEEP_404,,high,2026-06-14,New example in fresh Not found (404) export.
https://ร้านรับซื้อโน๊ตบุ๊ค.com/รับซื้อโน๊ตบุ๊ค/ชัยนาท/thinkpad-t14/,,Not found (404),new_fresh_example,,KEEP_404,,high,2026-06-14,New example in fresh Not found (404) export.
https://ร้านรับซื้อโน๊ตบุ๊ค.com/รับซื้อโน๊ตบุ๊ค/มุกดาหาร/dell-xps-13-15/,,Not found (404),new_fresh_example,,KEEP_404,,high,2026-06-14,New example in fresh Not found (404) export.
https://ร้านรับซื้อโน๊ตบุ๊ค.com/รับซื้อโน๊ตบุ๊ค/สตูล/จอฟ้า/,,Not found (404),new_fresh_example,,KEEP_404,,high,2026-06-14,New example in fresh Not found (404) export.
https://ร้านรับซื้อโน๊ตบุ๊ค.com/รับซื้อโน๊ตบุ๊ค/สตูล/macbook-pro-m1/,,Not found (404),new_fresh_example,,KEEP_404,,high,2026-06-14,New example in fresh Not found (404) export.
https://ร้านรับซื้อโน๊ตบุ๊ค.com/รับซื้อโน๊ตบุ๊ค/นครปฐม/พอร์ตแลนเสีย/,,Not found (404),new_fresh_example,,KEEP_404,,high,2026-06-14,New example in fresh Not found (404) export.
https://ร้านรับซื้อโน๊ตบุ๊ค.com/รับซื้อโน๊ตบุ๊ค/พังงา/ทัชแพดเสีย/,,Not found (404),new_fresh_example,,KEEP_404,,high,2026-06-14,New example in fresh Not found (404) export.
https://ร้านรับซื้อโน๊ตบุ๊ค.com/รับซื้อโน๊ตบุ๊ค/บุรีรัมย์/,,Crawled - currently not indexed,new_fresh_example,,HOLD_MONITOR,,high,2026-07-08,New example in fresh Crawled - currently not indexed export.
https://ร้านรับซื้อโน๊ตบุ๊ค.com/รับซื้อโน๊ตบุ๊ค/dell-xps-13-15/,,Crawled - currently not indexed,new_fresh_example,,HOLD_MONITOR,,high,2026-07-05,New example in fresh Crawled - currently not indexed export.
https://ร้านรับซื้อโน๊ตบุ๊ค.com/blog/รับซื้อ-thinkpad-x1-carbon-t14-e14-e15-ราคาเท่าไหร่/,,Crawled - currently not indexed,new_fresh_example,,HOLD_MONITOR,,high,2026-07-05,New example in fresh Crawled - currently not indexed export.
https://ร้านรับซื้อโน๊ตบุ๊ค.com/รับซื้อโน๊ตบุ๊ค/กาญจนบุรี/,,Crawled - currently not indexed,new_fresh_example,,HOLD_MONITOR,,high,2026-07-05,New example in fresh Crawled - currently not indexed export.
https://ร้านรับซื้อโน๊ตบุ๊ค.com/รับซื้อโน๊ตบุ๊ค/macbook-air-m3/,,Crawled - currently not indexed,new_fresh_example,,HOLD_MONITOR,,high,2026-07-05,New example in fresh Crawled - currently not indexed export.
https://ร้านรับซื้อโน๊ตบุ๊ค.com/รับซื้อโน๊ตบุ๊ค/samsung-galaxy-book/,,Crawled - currently not indexed,new_fresh_example,,HOLD_MONITOR,,high,2026-07-04,New example in fresh Crawled - currently not indexed export.
https://ร้านรับซื้อโน๊ตบุ๊ค.com/blog/macbook-ติด-mdm-ขายได้ไหม/,,Crawled - currently not indexed,new_fresh_example,,HOLD_MONITOR,,high,2026-07-04,New example in fresh Crawled - currently not indexed export.
https://ร้านรับซื้อโน๊ตบุ๊ค.com/blog/รับซื้อโน๊ตบุ๊ค-core-i5-i7-ryzen-5-7-ราคาเท่าไหร่/,,Crawled - currently not indexed,new_fresh_example,,HOLD_MONITOR,,high,2026-07-04,New example in fresh Crawled - currently not indexed export.
https://ร้านรับซื้อโน๊ตบุ๊ค.com/รับซื้อโน๊ตบุ๊ค/สงขลา/,,Crawled - currently not indexed,new_fresh_example,,HOLD_MONITOR,,high,2026-07-04,New example in fresh Crawled - currently not indexed export.
https://ร้านรับซื้อโน๊ตบุ๊ค.com/รับซื้อโน๊ตบุ๊ค/ลพบุรี/,,Crawled - currently not indexed,new_fresh_example,,HOLD_MONITOR,,high,2026-07-04,New example in fresh Crawled - currently not indexed export.
https://ร้านรับซื้อโน๊ตบุ๊ค.com/รับซื้อโน๊ตบุ๊ค/ยโสธร/,,Crawled - currently not indexed,new_fresh_example,,HOLD_MONITOR,,high,2026-07-04,New example in fresh Crawled - currently not indexed export.
https://ร้านรับซื้อโน๊ตบุ๊ค.com/blog/วิธีดูสเปก-cpu-ram-ssd-ของโน๊ตบุ๊ค/,,Crawled - currently not indexed,new_fresh_example,,HOLD_MONITOR,,high,2026-07-04,New example in fresh Crawled - currently not indexed export.
https://ร้านรับซื้อโน๊ตบุ๊ค.com/รับซื้อโน๊ตบุ๊ค/ตาก/,,Crawled - currently not indexed,new_fresh_example,,HOLD_MONITOR,,high,2026-07-04,New example in fresh Crawled - currently not indexed export.
https://ร้านรับซื้อโน๊ตบุ๊ค.com/รับซื้อโน๊ตบุ๊ค/อำนาจเจริญ/,,Crawled - currently not indexed,new_fresh_example,,HOLD_MONITOR,,high,2026-07-04,New example in fresh Crawled - currently not indexed export.
https://ร้านรับซื้อโน๊ตบุ๊ค.com/รับซื้อโน๊ตบุ๊ค/นครพนม/คีย์บอร์ดเสีย/,,Crawled - currently not indexed,new_fresh_example,,HOLD_MONITOR,,high,2026-07-04,New example in fresh Crawled - currently not indexed export.
https://ร้านรับซื้อโน๊ตบุ๊ค.com/blog/โน๊ตบุ๊คไม่มีที่ชาร์จขายได้ไหม/,,Crawled - currently not indexed,new_fresh_example,,HOLD_MONITOR,,high,2026-07-04,New example in fresh Crawled - currently not indexed export.
https://ร้านรับซื้อโน๊ตบุ๊ค.com/รับซื้อโน๊ตบุ๊ค/ปราจีนบุรี/,,Crawled - currently not indexed,new_fresh_example,,HOLD_MONITOR,,high,2026-07-04,New example in fresh Crawled - currently not indexed export.
https://ร้านรับซื้อโน๊ตบุ๊ค.com/รับซื้อโน๊ตบุ๊ค/นครปฐม/,,Crawled - currently not indexed,new_fresh_example,,HOLD_MONITOR,,high,2026-07-04,New example in fresh Crawled - currently not indexed export.
https://ร้านรับซื้อโน๊ตบุ๊ค.com/รับซื้อโน๊ตบุ๊ค/หาดใหญ่/,,Crawled - currently not indexed,new_fresh_example,,HOLD_MONITOR,,high,2026-07-04,New example in fresh Crawled - currently not indexed export.
https://ร้านรับซื้อโน๊ตบุ๊ค.com/รับซื้อโน๊ตบุ๊ค/พัทยา/,,Crawled - currently not indexed,new_fresh_example,,HOLD_MONITOR,,high,2026-07-04,New example in fresh Crawled - currently not indexed export.
https://ร้านรับซื้อโน๊ตบุ๊ค.com/รับซื้อโน๊ตบุ๊ค/สตูล/,,Crawled - currently not indexed,new_fresh_example,,HOLD_MONITOR,,high,2026-07-04,New example in fresh Crawled - currently not indexed export.
https://ร้านรับซื้อโน๊ตบุ๊ค.com/รับซื้อโน๊ตบุ๊ค/ชัยนาท/,,Crawled - currently not indexed,new_fresh_example,,HOLD_MONITOR,,high,2026-07-04,New example in fresh Crawled - currently not indexed export.
https://ร้านรับซื้อโน๊ตบุ๊ค.com/วิธีขายโน๊ตบุ๊ค/,,Crawled - currently not indexed,new_fresh_example,,HOLD_MONITOR,,high,2026-07-04,New example in fresh Crawled - currently not indexed export.
https://ร้านรับซื้อโน๊ตบุ๊ค.com/รับซื้อโน๊ตบุ๊ค/นครพนม/,,Crawled - currently not indexed,new_fresh_example,,HOLD_MONITOR,,high,2026-07-04,New example in fresh Crawled - currently not indexed export.
https://ร้านรับซื้อโน๊ตบุ๊ค.com/รับซื้อโน๊ตบุ๊ค/อุดรธานี/,,Crawled - currently not indexed,new_fresh_example,,HOLD_MONITOR,,high,2026-07-04,New example in fresh Crawled - currently not indexed export.
https://ร้านรับซื้อโน๊ตบุ๊ค.com/รับซื้อโน๊ตบุ๊ค/เชียงราย/,,Crawled - currently not indexed,new_fresh_example,,HOLD_MONITOR,,high,2026-07-03,New example in fresh Crawled - currently not indexed export.
https://ร้านรับซื้อโน๊ตบุ๊ค.com/รับซื้อโน๊ตบุ๊ค/ฉะเชิงเทรา/,,Crawled - currently not indexed,new_fresh_example,,HOLD_MONITOR,,high,2026-07-03,New example in fresh Crawled - currently not indexed export.
https://ร้านรับซื้อโน๊ตบุ๊ค.com/รับซื้อโน๊ตบุ๊ค/กระบี่/,,Crawled - currently not indexed,new_fresh_example,,HOLD_MONITOR,,high,2026-07-03,New example in fresh Crawled - currently not indexed export.
https://ร้านรับซื้อโน๊ตบุ๊ค.com/รับซื้อโน๊ตบุ๊ค/สระบุรี/,,Crawled - currently not indexed,new_fresh_example,,HOLD_MONITOR,,high,2026-07-03,New example in fresh Crawled - currently not indexed export.
https://ร้านรับซื้อโน๊ตบุ๊ค.com/รับซื้อโน๊ตบุ๊ค/เพชรบุรี/,,Crawled - currently not indexed,new_fresh_example,,HOLD_MONITOR,,high,2026-07-03,New example in fresh Crawled - currently not indexed export.
https://ร้านรับซื้อโน๊ตบุ๊ค.com/รับซื้อโน๊ตบุ๊ค/แพร่/,,Crawled - currently not indexed,new_fresh_example,,HOLD_MONITOR,,high,2026-07-03,New example in fresh Crawled - currently not indexed export.
https://ร้านรับซื้อโน๊ตบุ๊ค.com/รับซื้อโน๊ตบุ๊ค/ลำปาง/,,Crawled - currently not indexed,new_fresh_example,,HOLD_MONITOR,,high,2026-07-03,New example in fresh Crawled - currently not indexed export.
https://ร้านรับซื้อโน๊ตบุ๊ค.com/รับซื้อโน๊ตบุ๊ค/นครศรีธรรมราช/,,Crawled - currently not indexed,new_fresh_example,,HOLD_MONITOR,,high,2026-07-03,New example in fresh Crawled - currently not indexed export.
https://ร้านรับซื้อโน๊ตบุ๊ค.com/รับซื้อโน๊ตบุ๊ค/พัทลุง/,,Crawled - currently not indexed,new_fresh_example,,HOLD_MONITOR,,high,2026-07-03,New example in fresh Crawled - currently not indexed export.
https://ร้านรับซื้อโน๊ตบุ๊ค.com/รับซื้อโน๊ตบุ๊ค/พังงา/,,Crawled - currently not indexed,new_fresh_example,,HOLD_MONITOR,,high,2026-07-03,New example in fresh Crawled - currently not indexed export.
https://ร้านรับซื้อโน๊ตบุ๊ค.com/รับซื้อโน๊ตบุ๊ค/อุตรดิตถ์/,,Crawled - currently not indexed,new_fresh_example,,HOLD_MONITOR,,high,2026-07-03,New example in fresh Crawled - currently not indexed export.
https://ร้านรับซื้อโน๊ตบุ๊ค.com/รับซื้อโน๊ตบุ๊ค/ตราด/,,Crawled - currently not indexed,new_fresh_example,,HOLD_MONITOR,,high,2026-07-03,New example in fresh Crawled - currently not indexed export.
https://ร้านรับซื้อโน๊ตบุ๊ค.com/รับซื้อโน๊ตบุ๊ค/พิษณุโลก/,,Crawled - currently not indexed,new_fresh_example,,HOLD_MONITOR,,high,2026-07-03,New example in fresh Crawled - currently not indexed export.
https://ร้านรับซื้อโน๊ตบุ๊ค.com/รับซื้อโน๊ตบุ๊ค/ชุมพร/ไฟไม่เข้า/,,Crawled - currently not indexed,new_fresh_example,,HOLD_MONITOR,,high,2026-07-03,New example in fresh Crawled - currently not indexed export.
https://ร้านรับซื้อโน๊ตบุ๊ค.com/รับซื้อโน๊ตบุ๊ค/ประจวบคีรีขันธ์/,,Crawled - currently not indexed,new_fresh_example,,HOLD_MONITOR,,high,2026-07-03,New example in fresh Crawled - currently not indexed export.
https://ร้านรับซื้อโน๊ตบุ๊ค.com/รับซื้อโน๊ตบุ๊ค/เชียงใหม่/,,Crawled - currently not indexed,new_fresh_example,,HOLD_MONITOR,,high,2026-07-03,New example in fresh Crawled - currently not indexed export.
https://ร้านรับซื้อโน๊ตบุ๊ค.com/รับซื้อโน๊ตบุ๊ค/ภูเก็ต/,,Crawled - currently not indexed,new_fresh_example,,HOLD_MONITOR,,high,2026-07-03,New example in fresh Crawled - currently not indexed export.
https://ร้านรับซื้อโน๊ตบุ๊ค.com/รับซื้อโน๊ตบุ๊ค/ตรัง/,,Crawled - currently not indexed,new_fresh_example,,HOLD_MONITOR,,high,2026-07-03,New example in fresh Crawled - currently not indexed export.
https://ร้านรับซื้อโน๊ตบุ๊ค.com/blog/รับซื้อ-hp-pavilion-envy-elitebook-probook-ราคาเท่าไหร่/,,Crawled - currently not indexed,new_fresh_example,,HOLD_MONITOR,,high,2026-07-03,New example in fresh Crawled - currently not indexed export.
https://ร้านรับซื้อโน๊ตบุ๊ค.com/รับซื้อโน๊ตบุ๊ค/อ่างทอง/dell/,,Crawled - currently not indexed,new_fresh_example,,HOLD_MONITOR,,high,2026-06-17,New example in fresh Crawled - currently not indexed export.
https://ร้านรับซื้อโน๊ตบุ๊ค.com/รับซื้อโน๊ตบุ๊ค/ราชบุรี/เปิดไม่ติด/,,Crawled - currently not indexed,new_fresh_example,,HOLD_MONITOR,,high,2026-06-16,New example in fresh Crawled - currently not indexed export.
https://ร้านรับซื้อโน๊ตบุ๊ค.com/รับซื้อโน๊ตบุ๊ค/กระบี่/เมนบอร์ดเสีย/,,Crawled - currently not indexed,new_fresh_example,,HOLD_MONITOR,,high,2026-06-14,New example in fresh Crawled - currently not indexed export.
https://ร้านรับซื้อโน๊ตบุ๊ค.com/รับซื้อโน๊ตบุ๊ค/อำนาจเจริญ/จอแตก/,,Crawled - currently not indexed,new_fresh_example,,HOLD_MONITOR,,high,2026-06-14,New example in fresh Crawled - currently not indexed export.
https://ร้านรับซื้อโน๊ตบุ๊ค.com/รับซื้อโน๊ตบุ๊ค/สมุทรปราการ/ฮาร์ดดิสก์เสีย/,,Crawled - currently not indexed,new_fresh_example,,HOLD_MONITOR,,high,2026-06-14,New example in fresh Crawled - currently not indexed export.
https://ร้านรับซื้อโน๊ตบุ๊ค.com/รับซื้อโน๊ตบุ๊ค/ห้วยขวาง/จอแตก/,,Crawled - currently not indexed,new_fresh_example,,HOLD_MONITOR,,high,2026-06-14,New example in fresh Crawled - currently not indexed export.
https://ร้านรับซื้อโน๊ตบุ๊ค.com/รับซื้อโน๊ตบุ๊ค/ระนอง/แบตเสื่อม/,,Crawled - currently not indexed,new_fresh_example,,HOLD_MONITOR,,high,2026-06-14,New example in fresh Crawled - currently not indexed export.
https://ร้านรับซื้อโน๊ตบุ๊ค.com/รับซื้อโน๊ตบุ๊ค/หนองบัวลำภู/dell/,,Crawled - currently not indexed,new_fresh_example,,HOLD_MONITOR,,high,2026-06-13,New example in fresh Crawled - currently not indexed export.
https://ร้านรับซื้อโน๊ตบุ๊ค.com/รับซื้อโน๊ตบุ๊ค/อ่างทอง/acer/,,Crawled - currently not indexed,new_fresh_example,,HOLD_MONITOR,,high,2026-06-13,New example in fresh Crawled - currently not indexed export.
https://ร้านรับซื้อโน๊ตบุ๊ค.com/blog/โน๊ตบุ๊คมีประกันเหลือ-ขายมือสองได้เปรียบเรื่องราคาไหม/,,Crawled - currently not indexed,new_fresh_example,,HOLD_MONITOR,,high,2026-06-11,New example in fresh Crawled - currently not indexed export.
https://ร้านรับซื้อโน๊ตบุ๊ค.com/รับซื้อโน๊ตบุ๊ค/สุรินทร์/,,Crawled - currently not indexed,new_fresh_example,,HOLD_MONITOR,,high,2026-06-10,New example in fresh Crawled - currently not indexed export.
https://ร้านรับซื้อโน๊ตบุ๊ค.com/blog/โน๊ตบุ๊คเปิดไม่ติดขายได้ไหม/,,Crawled - currently not indexed,new_fresh_example,,HOLD_MONITOR,,high,2026-06-09,New example in fresh Crawled - currently not indexed export.
https://ร้านรับซื้อโน๊ตบุ๊ค.com/blog/ร้านรับซื้อโน๊ตบุ๊ค-วิธีเลือกร้านที่ปลอดภัยและไม่โดนหลอก/,,Crawled - currently not indexed,new_fresh_example,,HOLD_MONITOR,,high,2026-06-09,New example in fresh Crawled - currently not indexed export.
https://ร้านรับซื้อโน๊ตบุ๊ค.com/รับซื้อโน๊ตบุ๊ค/ลำปาง/เครื่องเสีย/,,Excluded by noindex,new_fresh_example,,KEEP_NOINDEX,,high,2026-07-24,New example in fresh Excluded by noindex export.
https://ร้านรับซื้อโน๊ตบุ๊ค.com/รับซื้อโน๊ตบุ๊ค/กำแพงเพชร/ไม่มีที่ชาร์จ/,,Excluded by noindex,new_fresh_example,,KEEP_NOINDEX,,high,2026-07-24,New example in fresh Excluded by noindex export.
https://ร้านรับซื้อโน๊ตบุ๊ค.com/รับซื้อโน๊ตบุ๊ค/สมุทรสาคร/เมนบอร์ดเสีย/,,Excluded by noindex,new_fresh_example,,KEEP_NOINDEX,,high,2026-07-24,New example in fresh Excluded by noindex export.
https://ร้านรับซื้อโน๊ตบุ๊ค.com/รับซื้อโน๊ตบุ๊ค/นนทบุรี/msi/,,Excluded by noindex,new_fresh_example,,KEEP_NOINDEX,,high,2026-07-24,New example in fresh Excluded by noindex export.
https://ร้านรับซื้อโน๊ตบุ๊ค.com/รับซื้อโน๊ตบุ๊ค/รามคำแหง/macbook/,,Excluded by noindex,new_fresh_example,,KEEP_NOINDEX,,high,2026-07-24,New example in fresh Excluded by noindex export.
https://ร้านรับซื้อโน๊ตบุ๊ค.com/รับซื้อโน๊ตบุ๊ค/ตราด/คีย์บอร์ดเสีย/,,Excluded by noindex,new_fresh_example,,KEEP_NOINDEX,,high,2026-07-24,New example in fresh Excluded by noindex export.
https://ร้านรับซื้อโน๊ตบุ๊ค.com/รับซื้อโน๊ตบุ๊ค/สุราษฎร์ธานี/ทัชสกรีนเสีย/,,Excluded by noindex,new_fresh_example,,KEEP_NOINDEX,,high,2026-07-24,New example in fresh Excluded by noindex export.
https://ร้านรับซื้อโน๊ตบุ๊ค.com/รับซื้อโน๊ตบุ๊ค/นครสวรรค์/acer/,,Excluded by noindex,new_fresh_example,,KEEP_NOINDEX,,high,2026-07-23,New example in fresh Excluded by noindex export.
https://ร้านรับซื้อโน๊ตบุ๊ค.com/รับซื้อโน๊ตบุ๊ค/ลำพูน/คีย์บอร์ดเสีย/,,Excluded by noindex,new_fresh_example,,KEEP_NOINDEX,,high,2026-07-23,New example in fresh Excluded by noindex export.
https://ร้านรับซื้อโน๊ตบุ๊ค.com/รับซื้อโน๊ตบุ๊ค/ชัยนาท/โดนน้ำ/,,Excluded by noindex,new_fresh_example,,KEEP_NOINDEX,,high,2026-07-23,New example in fresh Excluded by noindex export.
https://ร้านรับซื้อโน๊ตบุ๊ค.com/รับซื้อโน๊ตบุ๊ค/สมุทรปราการ/lenovo/,,Excluded by noindex,new_fresh_example,,KEEP_NOINDEX,,high,2026-07-23,New example in fresh Excluded by noindex export.
https://ร้านรับซื้อโน๊ตบุ๊ค.com/รับซื้อโน๊ตบุ๊ค/หนองบัวลำภู/ไม่มีที่ชาร์จ/,,Excluded by noindex,new_fresh_example,,KEEP_NOINDEX,,high,2026-07-23,New example in fresh Excluded by noindex export.
https://ร้านรับซื้อโน๊ตบุ๊ค.com/รับซื้อโน๊ตบุ๊ค/ปราจีนบุรี/บานพับแตก/,,Excluded by noindex,new_fresh_example,,KEEP_NOINDEX,,high,2026-07-23,New example in fresh Excluded by noindex export.
https://ร้านรับซื้อโน๊ตบุ๊ค.com/รับซื้อโน๊ตบุ๊ค/เลย/เครื่องเสีย/,,Excluded by noindex,new_fresh_example,,KEEP_NOINDEX,,high,2026-07-23,New example in fresh Excluded by noindex export.
https://ร้านรับซื้อโน๊ตบุ๊ค.com/รับซื้อโน๊ตบุ๊ค/นราธิวาส/เมนบอร์ดเสีย/,,Excluded by noindex,new_fresh_example,,KEEP_NOINDEX,,high,2026-07-23,New example in fresh Excluded by noindex export.
https://ร้านรับซื้อโน๊ตบุ๊ค.com/รับซื้อโน๊ตบุ๊ค/พังงา/surface/,,Excluded by noindex,new_fresh_example,,KEEP_NOINDEX,,high,2026-07-23,New example in fresh Excluded by noindex export.
https://ร้านรับซื้อโน๊ตบุ๊ค.com/รับซื้อโน๊ตบุ๊ค/บุรีรัมย์/โดนน้ำ/,,Excluded by noindex,new_fresh_example,,KEEP_NOINDEX,,high,2026-07-23,New example in fresh Excluded by noindex export.
https://ร้านรับซื้อโน๊ตบุ๊ค.com/รับซื้อโน๊ตบุ๊ค/ยโสธร/บานพับแตก/,,Excluded by noindex,new_fresh_example,,KEEP_NOINDEX,,high,2026-07-21,New example in fresh Excluded by noindex export.
https://ร้านรับซื้อโน๊ตบุ๊ค.com/รับซื้อโน๊ตบุ๊ค/ภาคอีสาน/เครื่องเสีย/,,Excluded by noindex,new_fresh_example,,KEEP_NOINDEX,,high,2026-07-21,New example in fresh Excluded by noindex export.
https://ร้านรับซื้อโน๊ตบุ๊ค.com/รับซื้อโน๊ตบุ๊ค/พังงา/เมนบอร์ดเสีย/,,Excluded by noindex,new_fresh_example,,KEEP_NOINDEX,,high,2026-07-20,New example in fresh Excluded by noindex export.
https://ร้านรับซื้อโน๊ตบุ๊ค.com/รับซื้อโน๊ตบุ๊ค/อยุธยา/เครื่องเสีย/,,Excluded by noindex,new_fresh_example,,KEEP_NOINDEX,,high,2026-07-19,New example in fresh Excluded by noindex export.
https://ร้านรับซื้อโน๊ตบุ๊ค.com/รับซื้อโน๊ตบุ๊ค/ลพบุรี/เปิดไม่ติด/,,Excluded by noindex,new_fresh_example,,KEEP_NOINDEX,,high,2026-07-18,New example in fresh Excluded by noindex export.
https://ร้านรับซื้อโน๊ตบุ๊ค.com/รับซื้อโน๊ตบุ๊ค/บางนา/โดนน้ำ/,,Excluded by noindex,new_fresh_example,,KEEP_NOINDEX,,high,2026-07-17,New example in fresh Excluded by noindex export.
https://ร้านรับซื้อโน๊ตบุ๊ค.com/รับซื้อโน๊ตบุ๊ค/กำแพงเพชร/msi/,,Excluded by noindex,new_fresh_example,,KEEP_NOINDEX,,high,2026-07-09,New example in fresh Excluded by noindex export.
https://ร้านรับซื้อโน๊ตบุ๊ค.com/รับซื้อโน๊ตบุ๊ค/พระราม2/ทัชสกรีนเสีย/,,Excluded by noindex,new_fresh_example,,KEEP_NOINDEX,,high,2026-07-09,New example in fresh Excluded by noindex export.
https://ร้านรับซื้อโน๊ตบุ๊ค.com/รับซื้อโน๊ตบุ๊ค/ตราด/ใช้งานปกติ/,,Excluded by noindex,new_fresh_example,,KEEP_NOINDEX,,high,2026-07-09,New example in fresh Excluded by noindex export.
https://ร้านรับซื้อโน๊ตบุ๊ค.com/รับซื้อโน๊ตบุ๊ค/ใกล้ฉัน/ฮาร์ดดิสก์เสีย/,,Excluded by noindex,new_fresh_example,,KEEP_NOINDEX,,high,2026-07-09,New example in fresh Excluded by noindex export.
https://ร้านรับซื้อโน๊ตบุ๊ค.com/รับซื้อโน๊ตบุ๊ค/สมุทรสงคราม/gaming/,,Excluded by noindex,new_fresh_example,,KEEP_NOINDEX,,high,2026-07-08,New example in fresh Excluded by noindex export.
https://ร้านรับซื้อโน๊ตบุ๊ค.com/รับซื้อโน๊ตบุ๊ค/นครปฐม/คีย์บอร์ดเสีย/,,Excluded by noindex,new_fresh_example,,KEEP_NOINDEX,,high,2026-07-08,New example in fresh Excluded by noindex export.
https://ร้านรับซื้อโน๊ตบุ๊ค.com/รับซื้อโน๊ตบุ๊ค/พระราม2/ไฟไม่เข้า/,,Excluded by noindex,new_fresh_example,,KEEP_NOINDEX,,high,2026-07-08,New example in fresh Excluded by noindex export.
https://ร้านรับซื้อโน๊ตบุ๊ค.com/รับซื้อโน๊ตบุ๊ค/สุโขทัย/เมนบอร์ดเสีย/,,Excluded by noindex,new_fresh_example,,KEEP_NOINDEX,,high,2026-07-06,New example in fresh Excluded by noindex export.
https://ร้านรับซื้อโน๊ตบุ๊ค.com/รับซื้อโน๊ตบุ๊ค/นครพนม/ไม่มีที่ชาร์จ/,,Excluded by noindex,new_fresh_example,,KEEP_NOINDEX,,high,2026-07-06,New example in fresh Excluded by noindex export.
https://ร้านรับซื้อโน๊ตบุ๊ค.com/รับซื้อโน๊ตบุ๊ค/สมุทรปราการ/dell/,,Excluded by noindex,new_fresh_example,,KEEP_NOINDEX,,high,2026-07-05,New example in fresh Excluded by noindex export.
https://ร้านรับซื้อโน๊ตบุ๊ค.com/รับซื้อโน๊ตบุ๊ค/มหาสารคาม/เมนบอร์ดเสีย/,,Excluded by noindex,new_fresh_example,,KEEP_NOINDEX,,high,2026-07-05,New example in fresh Excluded by noindex export.
https://ร้านรับซื้อโน๊ตบุ๊ค.com/รับซื้อโน๊ตบุ๊ค/อ่างทอง/surface/,,Excluded by noindex,new_fresh_example,,KEEP_NOINDEX,,high,2026-07-05,New example in fresh Excluded by noindex export.
https://ร้านรับซื้อโน๊ตบุ๊ค.com/รับซื้อโน๊ตบุ๊ค/ภาคอีสาน/ฮาร์ดดิสก์เสีย/,,Excluded by noindex,new_fresh_example,,KEEP_NOINDEX,,high,2026-07-05,New example in fresh Excluded by noindex export.
https://ร้านรับซื้อโน๊ตบุ๊ค.com/รับซื้อโน๊ตบุ๊ค/ลาดพร้าว/hp/,,Excluded by noindex,new_fresh_example,,KEEP_NOINDEX,,high,2026-07-04,New example in fresh Excluded by noindex export.
https://ร้านรับซื้อโน๊ตบุ๊ค.com/รับซื้อโน๊ตบุ๊ค/ตรัง/ฮาร์ดดิสก์เสีย/,,Excluded by noindex,new_fresh_example,,KEEP_NOINDEX,,high,2026-07-04,New example in fresh Excluded by noindex export.
https://ร้านรับซื้อโน๊ตบุ๊ค.com/รับซื้อโน๊ตบุ๊ค/จันทบุรี/msi/,,Excluded by noindex,new_fresh_example,,KEEP_NOINDEX,,high,2026-07-04,New example in fresh Excluded by noindex export.
https://ร้านรับซื้อโน๊ตบุ๊ค.com/รับซื้อโน๊ตบุ๊ค/ลพบุรี/macbook/,,Excluded by noindex,new_fresh_example,,KEEP_NOINDEX,,high,2026-07-04,New example in fresh Excluded by noindex export.
https://ร้านรับซื้อโน๊ตบุ๊ค.com/รับซื้อโน๊ตบุ๊ค/บุรีรัมย์/macbook/,,Excluded by noindex,new_fresh_example,,KEEP_NOINDEX,,high,2026-07-04,New example in fresh Excluded by noindex export.
https://ร้านรับซื้อโน๊ตบุ๊ค.com/รับซื้อโน๊ตบุ๊ค/แพร่/lenovo/,,Excluded by noindex,new_fresh_example,,KEEP_NOINDEX,,high,2026-07-04,New example in fresh Excluded by noindex export.
https://ร้านรับซื้อโน๊ตบุ๊ค.com/รับซื้อโน๊ตบุ๊ค/สกลนคร/จอแตก/,,Excluded by noindex,new_fresh_example,,KEEP_NOINDEX,,high,2026-07-04,New example in fresh Excluded by noindex export.
https://ร้านรับซื้อโน๊ตบุ๊ค.com/รับซื้อโน๊ตบุ๊ค/สมุทรสาคร/ใช้งานปกติ/,,Excluded by noindex,new_fresh_example,,KEEP_NOINDEX,,high,2026-07-04,New example in fresh Excluded by noindex export.
https://ร้านรับซื้อโน๊ตบุ๊ค.com/รับซื้อโน๊ตบุ๊ค/นครนายก/ฮาร์ดดิสก์เสีย/,,Excluded by noindex,new_fresh_example,,KEEP_NOINDEX,,high,2026-07-04,New example in fresh Excluded by noindex export.
https://ร้านรับซื้อโน๊ตบุ๊ค.com/รับซื้อโน๊ตบุ๊ค/พิษณุโลก/acer/,,Excluded by noindex,new_fresh_example,,KEEP_NOINDEX,,high,2026-07-04,New example in fresh Excluded by noindex export.
https://ร้านรับซื้อโน๊ตบุ๊ค.com/รับซื้อโน๊ตบุ๊ค/สิงห์บุรี/จอแตก/,,Excluded by noindex,new_fresh_example,,KEEP_NOINDEX,,high,2026-07-04,New example in fresh Excluded by noindex export.
https://ร้านรับซื้อโน๊ตบุ๊ค.com/รับซื้อโน๊ตบุ๊ค/สกลนคร/ทัชสกรีนเสีย/,,Excluded by noindex,new_fresh_example,,KEEP_NOINDEX,,high,2026-07-04,New example in fresh Excluded by noindex export.
https://ร้านรับซื้อโน๊ตบุ๊ค.com/รับซื้อโน๊ตบุ๊ค/สกลนคร/asus/,,Excluded by noindex,new_fresh_example,,KEEP_NOINDEX,,high,2026-07-04,New example in fresh Excluded by noindex export.
https://ร้านรับซื้อโน๊ตบุ๊ค.com/รับซื้อโน๊ตบุ๊ค/สิงห์บุรี/acer/,,Excluded by noindex,new_fresh_example,,KEEP_NOINDEX,,high,2026-07-04,New example in fresh Excluded by noindex export.
https://ร้านรับซื้อโน๊ตบุ๊ค.com/รับซื้อโน๊ตบุ๊ค/หาดใหญ่/ทัชสกรีนเสีย/,,Excluded by noindex,new_fresh_example,,KEEP_NOINDEX,,high,2026-07-04,New example in fresh Excluded by noindex export.
https://ร้านรับซื้อโน๊ตบุ๊ค.com/รับซื้อโน๊ตบุ๊ค/ห้วยขวาง/surface/,,Excluded by noindex,new_fresh_example,,KEEP_NOINDEX,,high,2026-07-04,New example in fresh Excluded by noindex export.
https://ร้านรับซื้อโน๊ตบุ๊ค.com/รับซื้อโน๊ตบุ๊ค/หนองบัวลำภู/ฮาร์ดดิสก์เสีย/,,Excluded by noindex,new_fresh_example,,KEEP_NOINDEX,,high,2026-07-04,New example in fresh Excluded by noindex export.
https://ร้านรับซื้อโน๊ตบุ๊ค.com/รับซื้อโน๊ตบุ๊ค/ตรัง/asus/,,Excluded by noindex,new_fresh_example,,KEEP_NOINDEX,,high,2026-07-04,New example in fresh Excluded by noindex export.
https://ร้านรับซื้อโน๊ตบุ๊ค.com/รับซื้อโน๊ตบุ๊ค/รังสิต/ใช้งานปกติ/,,Excluded by noindex,new_fresh_example,,KEEP_NOINDEX,,high,2026-07-04,New example in fresh Excluded by noindex export.
https://ร้านรับซื้อโน๊ตบุ๊ค.com/รับซื้อโน๊ตบุ๊ค/พิษณุโลก/ไม่มีที่ชาร์จ/,,Excluded by noindex,new_fresh_example,,KEEP_NOINDEX,,high,2026-07-04,New example in fresh Excluded by noindex export.
https://ร้านรับซื้อโน๊ตบุ๊ค.com/รับซื้อโน๊ตบุ๊ค/ตาก/เครื่องเสีย/,,Excluded by noindex,new_fresh_example,,KEEP_NOINDEX,,high,2026-07-04,New example in fresh Excluded by noindex export.
https://ร้านรับซื้อโน๊ตบุ๊ค.com/รับซื้อโน๊ตบุ๊ค/สุรินทร์/โดนน้ำ/,,Excluded by noindex,new_fresh_example,,KEEP_NOINDEX,,high,2026-07-04,New example in fresh Excluded by noindex export.
https://ร้านรับซื้อโน๊ตบุ๊ค.com/รับซื้อโน๊ตบุ๊ค/ลาดพร้าว/macbook/,,Excluded by noindex,new_fresh_example,,KEEP_NOINDEX,,high,2026-07-04,New example in fresh Excluded by noindex export.
https://ร้านรับซื้อโน๊ตบุ๊ค.com/รับซื้อโน๊ตบุ๊ค/ลาดพร้าว/บานพับแตก/,,Excluded by noindex,new_fresh_example,,KEEP_NOINDEX,,high,2026-07-04,New example in fresh Excluded by noindex export.
https://ร้านรับซื้อโน๊ตบุ๊ค.com/รับซื้อโน๊ตบุ๊ค/หนองบัวลำภู/คีย์บอร์ดเสีย/,,Excluded by noindex,new_fresh_example,,KEEP_NOINDEX,,high,2026-07-04,New example in fresh Excluded by noindex export.
https://ร้านรับซื้อโน๊ตบุ๊ค.com/รับซื้อโน๊ตบุ๊ค/พัทลุง/macbook/,,Excluded by noindex,new_fresh_example,,KEEP_NOINDEX,,high,2026-07-04,New example in fresh Excluded by noindex export.
https://ร้านรับซื้อโน๊ตบุ๊ค.com/รับซื้อโน๊ตบุ๊ค/ภูเก็ต/เครื่องเสีย/,,Excluded by noindex,new_fresh_example,,KEEP_NOINDEX,,high,2026-07-04,New example in fresh Excluded by noindex export.
https://ร้านรับซื้อโน๊ตบุ๊ค.com/รับซื้อโน๊ตบุ๊ค/มหาสารคาม/คีย์บอร์ดเสีย/,,Excluded by noindex,new_fresh_example,,KEEP_NOINDEX,,high,2026-07-04,New example in fresh Excluded by noindex export.
https://ร้านรับซื้อโน๊ตบุ๊ค.com/รับซื้อโน๊ตบุ๊ค/ระยอง/ไม่มีที่ชาร์จ/,,Excluded by noindex,new_fresh_example,,KEEP_NOINDEX,,high,2026-07-04,New example in fresh Excluded by noindex export.
https://ร้านรับซื้อโน๊ตบุ๊ค.com/รับซื้อโน๊ตบุ๊ค/หนองบัวลำภู/แบตเสื่อม/,,Excluded by noindex,new_fresh_example,,KEEP_NOINDEX,,high,2026-07-04,New example in fresh Excluded by noindex export.
https://ร้านรับซื้อโน๊ตบุ๊ค.com/รับซื้อโน๊ตบุ๊ค/สระแก้ว/gaming/,,Excluded by noindex,new_fresh_example,,KEEP_NOINDEX,,high,2026-07-04,New example in fresh Excluded by noindex export.
https://ร้านรับซื้อโน๊ตบุ๊ค.com/รับซื้อโน๊ตบุ๊ค/กาญจนบุรี/ตกรุ่น/,,Excluded by noindex,new_fresh_example,,KEEP_NOINDEX,,high,2026-07-04,New example in fresh Excluded by noindex export.
https://ร้านรับซื้อโน๊ตบุ๊ค.com/รับซื้อโน๊ตบุ๊ค/สระแก้ว/เมนบอร์ดเสีย/,,Excluded by noindex,new_fresh_example,,KEEP_NOINDEX,,high,2026-07-04,New example in fresh Excluded by noindex export.
https://ร้านรับซื้อโน๊ตบุ๊ค.com/รับซื้อโน๊ตบุ๊ค/เลย/เมนบอร์ดเสีย/,,Excluded by noindex,new_fresh_example,,KEEP_NOINDEX,,high,2026-07-04,New example in fresh Excluded by noindex export.
https://ร้านรับซื้อโน๊ตบุ๊ค.com/รับซื้อโน๊ตบุ๊ค/กาญจนบุรี/เครื่องเสีย/,,Excluded by noindex,new_fresh_example,,KEEP_NOINDEX,,high,2026-07-04,New example in fresh Excluded by noindex export.
https://ร้านรับซื้อโน๊ตบุ๊ค.com/รับซื้อโน๊ตบุ๊ค/สงขลา/ไม่มีที่ชาร์จ/,,Excluded by noindex,new_fresh_example,,KEEP_NOINDEX,,high,2026-07-04,New example in fresh Excluded by noindex export.
https://ร้านรับซื้อโน๊ตบุ๊ค.com/รับซื้อโน๊ตบุ๊ค/ภูเก็ต/asus/,,Excluded by noindex,new_fresh_example,,KEEP_NOINDEX,,high,2026-07-04,New example in fresh Excluded by noindex export.
https://ร้านรับซื้อโน๊ตบุ๊ค.com/รับซื้อโน๊ตบุ๊ค/พิจิตร/lenovo/,,Excluded by noindex,new_fresh_example,,KEEP_NOINDEX,,high,2026-07-04,New example in fresh Excluded by noindex export.
https://ร้านรับซื้อโน๊ตบุ๊ค.com/รับซื้อโน๊ตบุ๊ค/น่าน/ใช้งานปกติ/,,Excluded by noindex,new_fresh_example,,KEEP_NOINDEX,,high,2026-07-04,New example in fresh Excluded by noindex export.
https://ร้านรับซื้อโน๊ตบุ๊ค.com/รับซื้อโน๊ตบุ๊ค/แม่ฮ่องสอน/ใช้งานปกติ/,,Excluded by noindex,new_fresh_example,,KEEP_NOINDEX,,high,2026-07-04,New example in fresh Excluded by noindex export.
https://ร้านรับซื้อโน๊ตบุ๊ค.com/รับซื้อโน๊ตบุ๊ค/อุทัยธานี/จอแตก/,,Excluded by noindex,new_fresh_example,,KEEP_NOINDEX,,high,2026-07-04,New example in fresh Excluded by noindex export.
https://ร้านรับซื้อโน๊ตบุ๊ค.com/รับซื้อโน๊ตบุ๊ค/ภูเก็ต/acer/,,Excluded by noindex,new_fresh_example,,KEEP_NOINDEX,,high,2026-07-04,New example in fresh Excluded by noindex export.
https://ร้านรับซื้อโน๊ตบุ๊ค.com/รับซื้อโน๊ตบุ๊ค/ห้วยขวาง/lenovo/,,Excluded by noindex,new_fresh_example,,KEEP_NOINDEX,,high,2026-07-04,New example in fresh Excluded by noindex export.
https://ร้านรับซื้อโน๊ตบุ๊ค.com/รับซื้อโน๊ตบุ๊ค/เชียงใหม่/macbook/,,Excluded by noindex,new_fresh_example,,KEEP_NOINDEX,,high,2026-07-04,New example in fresh Excluded by noindex export.
https://ร้านรับซื้อโน๊ตบุ๊ค.com/รับซื้อโน๊ตบุ๊ค/ชุมพร/ใช้งานปกติ/,,Excluded by noindex,new_fresh_example,,KEEP_NOINDEX,,high,2026-07-04,New example in fresh Excluded by noindex export.
https://ร้านรับซื้อโน๊ตบุ๊ค.com/รับซื้อโน๊ตบุ๊ค/สกลนคร/hp/,,Excluded by noindex,new_fresh_example,,KEEP_NOINDEX,,high,2026-07-04,New example in fresh Excluded by noindex export.
https://ร้านรับซื้อโน๊ตบุ๊ค.com/รับซื้อโน๊ตบุ๊ค/อุบลราชธานี/gaming/,,Excluded by noindex,new_fresh_example,,KEEP_NOINDEX,,high,2026-07-04,New example in fresh Excluded by noindex export.
https://ร้านรับซื้อโน๊ตบุ๊ค.com/รับซื้อโน๊ตบุ๊ค/ระนอง/ฮาร์ดดิสก์เสีย/,,Excluded by noindex,new_fresh_example,,KEEP_NOINDEX,,high,2026-07-04,New example in fresh Excluded by noindex export.
https://ร้านรับซื้อโน๊ตบุ๊ค.com/รับซื้อโน๊ตบุ๊ค/แม่ฮ่องสอน/msi/,,Excluded by noindex,new_fresh_example,,KEEP_NOINDEX,,high,2026-07-03,New example in fresh Excluded by noindex export.
https://ร้านรับซื้อโน๊ตบุ๊ค.com/รับซื้อโน๊ตบุ๊ค/ชลบุรี/คีย์บอร์ดเสีย/,,Excluded by noindex,new_fresh_example,,KEEP_NOINDEX,,high,2026-07-03,New example in fresh Excluded by noindex export.
https://ร้านรับซื้อโน๊ตบุ๊ค.com/รับซื้อโน๊ตบุ๊ค/ปทุมธานี/จอแตก/,,Excluded by noindex,new_fresh_example,,KEEP_NOINDEX,,high,2026-07-03,New example in fresh Excluded by noindex export.
https://ร้านรับซื้อโน๊ตบุ๊ค.com/รับซื้อโน๊ตบุ๊ค/บุรีรัมย์/ทัชสกรีนเสีย/,,Excluded by noindex,new_fresh_example,,KEEP_NOINDEX,,high,2026-07-03,New example in fresh Excluded by noindex export.
https://ร้านรับซื้อโน๊ตบุ๊ค.com/รับซื้อโน๊ตบุ๊ค/อ่างทอง/เปิดไม่ติด/,,Excluded by noindex,new_fresh_example,,KEEP_NOINDEX,,high,2026-07-03,New example in fresh Excluded by noindex export.
https://ร้านรับซื้อโน๊ตบุ๊ค.com/รับซื้อโน๊ตบุ๊ค/อุทัยธานี/บานพับแตก/,,Excluded by noindex,new_fresh_example,,KEEP_NOINDEX,,high,2026-07-03,New example in fresh Excluded by noindex export.
https://ร้านรับซื้อโน๊ตบุ๊ค.com/รับซื้อโน๊ตบุ๊ค/สมุทรปราการ/ไฟไม่เข้า/,,Excluded by noindex,new_fresh_example,,KEEP_NOINDEX,,high,2026-07-03,New example in fresh Excluded by noindex export.
https://ร้านรับซื้อโน๊ตบุ๊ค.com/รับซื้อโน๊ตบุ๊ค/สมุทรสงคราม/ไม่มีที่ชาร์จ/,,Excluded by noindex,new_fresh_example,,KEEP_NOINDEX,,high,2026-07-03,New example in fresh Excluded by noindex export.
https://ร้านรับซื้อโน๊ตบุ๊ค.com/รับซื้อโน๊ตบุ๊ค/ตราด/hp/,,Excluded by noindex,new_fresh_example,,KEEP_NOINDEX,,high,2026-07-03,New example in fresh Excluded by noindex export.
https://ร้านรับซื้อโน๊ตบุ๊ค.com/รับซื้อโน๊ตบุ๊ค/ลำพูน/เปิดไม่ติด/,,Excluded by noindex,new_fresh_example,,KEEP_NOINDEX,,high,2026-07-03,New example in fresh Excluded by noindex export.
https://ร้านรับซื้อโน๊ตบุ๊ค.com/รับซื้อโน๊ตบุ๊ค/เลย/acer/,,Excluded by noindex,new_fresh_example,,KEEP_NOINDEX,,high,2026-07-03,New example in fresh Excluded by noindex export.
https://ร้านรับซื้อโน๊ตบุ๊ค.com/รับซื้อโน๊ตบุ๊ค/กาฬสินธุ์/จอแตก/,,Excluded by noindex,new_fresh_example,,KEEP_NOINDEX,,high,2026-07-03,New example in fresh Excluded by noindex export.
https://ร้านรับซื้อโน๊ตบุ๊ค.com/รับซื้อโน๊ตบุ๊ค/นครศรีธรรมราช/ไม่มีที่ชาร์จ/,,Excluded by noindex,new_fresh_example,,KEEP_NOINDEX,,high,2026-07-03,New example in fresh Excluded by noindex export.
https://ร้านรับซื้อโน๊ตบุ๊ค.com/รับซื้อโน๊ตบุ๊ค/สกลนคร/acer/,,Excluded by noindex,new_fresh_example,,KEEP_NOINDEX,,high,2026-07-03,New example in fresh Excluded by noindex export.
https://ร้านรับซื้อโน๊ตบุ๊ค.com/รับซื้อโน๊ตบุ๊ค/สิงห์บุรี/แบตเสื่อม/,,Excluded by noindex,new_fresh_example,,KEEP_NOINDEX,,high,2026-07-03,New example in fresh Excluded by noindex export.
https://ร้านรับซื้อโน๊ตบุ๊ค.com/รับซื้อโน๊ตบุ๊ค/กระบี่/gaming/,,Excluded by noindex,new_fresh_example,,KEEP_NOINDEX,,high,2026-07-03,New example in fresh Excluded by noindex export.
https://ร้านรับซื้อโน๊ตบุ๊ค.com/รับซื้อโน๊ตบุ๊ค/อำนาจเจริญ/ทัชสกรีนเสีย/,,Excluded by noindex,new_fresh_example,,KEEP_NOINDEX,,high,2026-07-03,New example in fresh Excluded by noindex export.
https://ร้านรับซื้อโน๊ตบุ๊ค.com/รับซื้อโน๊ตบุ๊ค/เชียงราย/คีย์บอร์ดเสีย/,,Excluded by noindex,new_fresh_example,,KEEP_NOINDEX,,high,2026-07-03,New example in fresh Excluded by noindex export.
https://ร้านรับซื้อโน๊ตบุ๊ค.com/รับซื้อโน๊ตบุ๊ค/ราชบุรี/คีย์บอร์ดเสีย/,,Excluded by noindex,new_fresh_example,,KEEP_NOINDEX,,high,2026-07-03,New example in fresh Excluded by noindex export.
https://ร้านรับซื้อโน๊ตบุ๊ค.com/รับซื้อโน๊ตบุ๊ค/นครสวรรค์/gaming/,,Excluded by noindex,new_fresh_example,,KEEP_NOINDEX,,high,2026-07-03,New example in fresh Excluded by noindex export.
https://ร้านรับซื้อโน๊ตบุ๊ค.com/รับซื้อโน๊ตบุ๊ค/อุบลราชธานี/lenovo/,,Excluded by noindex,new_fresh_example,,KEEP_NOINDEX,,high,2026-07-03,New example in fresh Excluded by noindex export.
https://ร้านรับซื้อโน๊ตบุ๊ค.com/รับซื้อโน๊ตบุ๊ค/บางนา/ฮาร์ดดิสก์เสีย/,,Excluded by noindex,new_fresh_example,,KEEP_NOINDEX,,high,2026-07-03,New example in fresh Excluded by noindex export.
https://ร้านรับซื้อโน๊ตบุ๊ค.com/รับซื้อโน๊ตบุ๊ค/ระยอง/คีย์บอร์ดเสีย/,,Excluded by noindex,new_fresh_example,,KEEP_NOINDEX,,high,2026-07-03,New example in fresh Excluded by noindex export.
https://ร้านรับซื้อโน๊ตบุ๊ค.com/รับซื้อโน๊ตบุ๊ค/บางนา/gaming/,,Excluded by noindex,new_fresh_example,,KEEP_NOINDEX,,high,2026-07-03,New example in fresh Excluded by noindex export.
https://ร้านรับซื้อโน๊ตบุ๊ค.com/รับซื้อโน๊ตบุ๊ค/เพชรบุรี/โดนน้ำ/,,Excluded by noindex,new_fresh_example,,KEEP_NOINDEX,,high,2026-07-03,New example in fresh Excluded by noindex export.
https://ร้านรับซื้อโน๊ตบุ๊ค.com/รับซื้อโน๊ตบุ๊ค/มุกดาหาร/dell/,,Excluded by noindex,new_fresh_example,,KEEP_NOINDEX,,high,2026-07-03,New example in fresh Excluded by noindex export.
https://ร้านรับซื้อโน๊ตบุ๊ค.com/รับซื้อโน๊ตบุ๊ค/อ่างทอง/ไฟไม่เข้า/,,Excluded by noindex,new_fresh_example,,KEEP_NOINDEX,,high,2026-07-03,New example in fresh Excluded by noindex export.
https://ร้านรับซื้อโน๊ตบุ๊ค.com/รับซื้อโน๊ตบุ๊ค/ภูเก็ต/surface/,,Excluded by noindex,new_fresh_example,,KEEP_NOINDEX,,high,2026-07-03,New example in fresh Excluded by noindex export.
https://ร้านรับซื้อโน๊ตบุ๊ค.com/รับซื้อโน๊ตบุ๊ค/อำนาจเจริญ/ตกรุ่น/,,Excluded by noindex,new_fresh_example,,KEEP_NOINDEX,,high,2026-07-03,New example in fresh Excluded by noindex export.
https://ร้านรับซื้อโน๊ตบุ๊ค.com/รับซื้อโน๊ตบุ๊ค/ใกล้ฉัน/จอแตก/,,Excluded by noindex,new_fresh_example,,KEEP_NOINDEX,,high,2026-07-03,New example in fresh Excluded by noindex export.
https://ร้านรับซื้อโน๊ตบุ๊ค.com/รับซื้อโน๊ตบุ๊ค/ภาคอีสาน/acer/,,Excluded by noindex,new_fresh_example,,KEEP_NOINDEX,,high,2026-07-03,New example in fresh Excluded by noindex export.
https://ร้านรับซื้อโน๊ตบุ๊ค.com/รับซื้อโน๊ตบุ๊ค/ชัยนาท/acer/,,Excluded by noindex,new_fresh_example,,KEEP_NOINDEX,,high,2026-07-03,New example in fresh Excluded by noindex export.
https://ร้านรับซื้อโน๊ตบุ๊ค.com/รับซื้อโน๊ตบุ๊ค/พะเยา/เมนบอร์ดเสีย/,,Excluded by noindex,new_fresh_example,,KEEP_NOINDEX,,high,2026-07-03,New example in fresh Excluded by noindex export.
https://ร้านรับซื้อโน๊ตบุ๊ค.com/รับซื้อโน๊ตบุ๊ค/ฉะเชิงเทรา/lenovo/,,Excluded by noindex,new_fresh_example,,KEEP_NOINDEX,,high,2026-07-03,New example in fresh Excluded by noindex export.
https://ร้านรับซื้อโน๊ตบุ๊ค.com/รับซื้อโน๊ตบุ๊ค/สกลนคร/ฮาร์ดดิสก์เสีย/,,Excluded by noindex,new_fresh_example,,KEEP_NOINDEX,,high,2026-07-03,New example in fresh Excluded by noindex export.
https://ร้านรับซื้อโน๊ตบุ๊ค.com/รับซื้อโน๊ตบุ๊ค/เชียงใหม่/จอแตก/,,Excluded by noindex,new_fresh_example,,KEEP_NOINDEX,,high,2026-07-03,New example in fresh Excluded by noindex export.
https://ร้านรับซื้อโน๊ตบุ๊ค.com/รับซื้อโน๊ตบุ๊ค/กาฬสินธุ์/hp/,,Excluded by noindex,new_fresh_example,,KEEP_NOINDEX,,high,2026-07-03,New example in fresh Excluded by noindex export.
https://ร้านรับซื้อโน๊ตบุ๊ค.com/รับซื้อโน๊ตบุ๊ค/สุพรรณบุรี/ตกรุ่น/,,Excluded by noindex,new_fresh_example,,KEEP_NOINDEX,,high,2026-07-03,New example in fresh Excluded by noindex export.
https://ร้านรับซื้อโน๊ตบุ๊ค.com/รับซื้อโน๊ตบุ๊ค/พิจิตร/ทัชสกรีนเสีย/,,Excluded by noindex,new_fresh_example,,KEEP_NOINDEX,,high,2026-07-03,New example in fresh Excluded by noindex export.
https://ร้านรับซื้อโน๊ตบุ๊ค.com/รับซื้อโน๊ตบุ๊ค/แม่ฮ่องสอน/ตกรุ่น/,,Excluded by noindex,new_fresh_example,,KEEP_NOINDEX,,high,2026-07-03,New example in fresh Excluded by noindex export.
https://ร้านรับซื้อโน๊ตบุ๊ค.com/รับซื้อโน๊ตบุ๊ค/ลำพูน/จอแตก/,,Excluded by noindex,new_fresh_example,,KEEP_NOINDEX,,high,2026-07-03,New example in fresh Excluded by noindex export.
https://ร้านรับซื้อโน๊ตบุ๊ค.com/รับซื้อโน๊ตบุ๊ค/อุดรธานี/เครื่องเสีย/,,Excluded by noindex,new_fresh_example,,KEEP_NOINDEX,,high,2026-07-03,New example in fresh Excluded by noindex export.
https://ร้านรับซื้อโน๊ตบุ๊ค.com/รับซื้อโน๊ตบุ๊ค/อุดรธานี/lenovo/,,Excluded by noindex,new_fresh_example,,KEEP_NOINDEX,,high,2026-07-03,New example in fresh Excluded by noindex export.
https://ร้านรับซื้อโน๊ตบุ๊ค.com/รับซื้อโน๊ตบุ๊ค/น่าน/msi/,,Excluded by noindex,new_fresh_example,,KEEP_NOINDEX,,high,2026-07-03,New example in fresh Excluded by noindex export.
https://ร้านรับซื้อโน๊ตบุ๊ค.com/รับซื้อโน๊ตบุ๊ค/ตราด/ตกรุ่น/,,Excluded by noindex,new_fresh_example,,KEEP_NOINDEX,,high,2026-07-03,New example in fresh Excluded by noindex export.
https://ร้านรับซื้อโน๊ตบุ๊ค.com/รับซื้อโน๊ตบุ๊ค/แม่ฮ่องสอน/surface/,,Excluded by noindex,new_fresh_example,,KEEP_NOINDEX,,high,2026-07-02,New example in fresh Excluded by noindex export.
https://ร้านรับซื้อโน๊ตบุ๊ค.com/รับซื้อโน๊ตบุ๊ค/สุพรรณบุรี/คีย์บอร์ดเสีย/,,Excluded by noindex,new_fresh_example,,KEEP_NOINDEX,,high,2026-07-02,New example in fresh Excluded by noindex export.
https://ร้านรับซื้อโน๊ตบุ๊ค.com/รับซื้อโน๊ตบุ๊ค/อ่างทอง/ใช้งานปกติ/,,Excluded by noindex,new_fresh_example,,KEEP_NOINDEX,,high,2026-07-02,New example in fresh Excluded by noindex export.
https://ร้านรับซื้อโน๊ตบุ๊ค.com/รับซื้อโน๊ตบุ๊ค/รามคำแหง,,Page with redirect,new_fresh_example,,NO_ACTION,,high,2026-07-19,New example in fresh Page with redirect export.
https://www.ร้านรับซื้อโน๊ตบุ๊ค.com/รับซื้อโน๊ตบุ๊ค/นครราชสีมา/,,Alternate page with proper canonical,new_fresh_example,,KEEP_CANONICAL,,high,2026-07-01,New example in fresh Alternate page with proper canonical export.
https://www.ร้านรับซื้อโน๊ตบุ๊ค.com/รับซื้อโน๊ตบุ๊ค/เลย/,,Alternate page with proper canonical,new_fresh_example,,KEEP_CANONICAL,,high,2026-07-01,New example in fresh Alternate page with proper canonical export.
https://www.ร้านรับซื้อโน๊ตบุ๊ค.com/รับซื้อโน๊ตบุ๊ค/มหาสารคาม/,,Alternate page with proper canonical,new_fresh_example,,KEEP_CANONICAL,,high,2026-07-01,New example in fresh Alternate page with proper canonical export.
https://www.ร้านรับซื้อโน๊ตบุ๊ค.com/รับซื้อโน๊ตบุ๊ค/เพชรบุรี/,,Alternate page with proper canonical,new_fresh_example,,KEEP_CANONICAL,,high,2026-07-01,New example in fresh Alternate page with proper canonical export.
https://www.ร้านรับซื้อโน๊ตบุ๊ค.com/รับซื้อโน๊ตบุ๊ค/ภูเก็ต/,,Alternate page with proper canonical,new_fresh_example,,KEEP_CANONICAL,,high,2026-07-01,New example in fresh Alternate page with proper canonical export.
https://www.ร้านรับซื้อโน๊ตบุ๊ค.com/รับซื้อโน๊ตบุ๊ค/สกลนคร/,,Alternate page with proper canonical,new_fresh_example,,KEEP_CANONICAL,,high,2026-07-01,New example in fresh Alternate page with proper canonical export.
https://www.ร้านรับซื้อโน๊ตบุ๊ค.com/รับซื้อโน๊ตบุ๊ค/ขอนแก่น/,,Alternate page with proper canonical,new_fresh_example,,KEEP_CANONICAL,,high,2026-07-01,New example in fresh Alternate page with proper canonical export.
https://www.ร้านรับซื้อโน๊ตบุ๊ค.com/รับซื้อโน๊ตบุ๊ค/บุรีรัมย์/,,Alternate page with proper canonical,new_fresh_example,,KEEP_CANONICAL,,high,2026-07-01,New example in fresh Alternate page with proper canonical export.
https://www.ร้านรับซื้อโน๊ตบุ๊ค.com/รับซื้อโน๊ตบุ๊ค/กรุงเทพ/,,Alternate page with proper canonical,new_fresh_example,,KEEP_CANONICAL,,high,2026-07-01,New example in fresh Alternate page with proper canonical export.
https://www.ร้านรับซื้อโน๊ตบุ๊ค.com/รับซื้อโน๊ตบุ๊ค/อุบลราชธานี/,,Alternate page with proper canonical,new_fresh_example,,KEEP_CANONICAL,,high,2026-07-01,New example in fresh Alternate page with proper canonical export.
https://www.ร้านรับซื้อโน๊ตบุ๊ค.com/รับเหมาโน๊ตบุ๊ค/,,Alternate page with proper canonical,new_fresh_example,,KEEP_CANONICAL,,high,2026-07-01,New example in fresh Alternate page with proper canonical export.
https://ร้านรับซื้อโน๊ตบุ๊ค.com/รับซื้อโน๊ตบุ๊ค/กำแพงเพชร/,,Discovered - currently not indexed,new_fresh_example,,HOLD_MONITOR,,high,missing/never crawled,New example in fresh Discovered - currently not indexed export.
https://ร้านรับซื้อโน๊ตบุ๊ค.com/รับซื้อโน๊ตบุ๊ค/ร้อยเอ็ด/,,Discovered - currently not indexed,new_fresh_example,,HOLD_MONITOR,,high,missing/never crawled,New example in fresh Discovered - currently not indexed export.
https://ร้านรับซื้อโน๊ตบุ๊ค.com/รับซื้อโน๊ตบุ๊ค/อ่างทอง/,,Discovered - currently not indexed,new_fresh_example,,HOLD_MONITOR,,high,missing/never crawled,New example in fresh Discovered - currently not indexed export.
https://ร้านรับซื้อโน๊ตบุ๊ค.com/รับซื้อโน๊ตบุ๊ค/แม่ฮ่องสอน/,,Discovered - currently not indexed,new_fresh_example,,HOLD_MONITOR,,high,missing/never crawled,New example in fresh Discovered - currently not indexed export.
https://ร้านรับซื้อโน๊ตบุ๊ค.com/รับซื้อโน๊ตบุ๊ค/dell-inspiron-15/,,Discovered - currently not indexed,new_fresh_example,,HOLD_MONITOR,,high,missing/never crawled,New example in fresh Discovered - currently not indexed export.
https://ร้านรับซื้อโน๊ตบุ๊ค.com/รับซื้อโน๊ตบุ๊ค/honor/,,Discovered - currently not indexed,new_fresh_example,,HOLD_MONITOR,,high,missing/never crawled,New example in fresh Discovered - currently not indexed export.
https://ร้านรับซื้อโน๊ตบุ๊ค.com/รับซื้อโน๊ตบุ๊ค/huawei-matebook/,,Discovered - currently not indexed,new_fresh_example,,HOLD_MONITOR,,high,missing/never crawled,New example in fresh Discovered - currently not indexed export.
https://ร้านรับซื้อโน๊ตบุ๊ค.com/รับซื้อโน๊ตบุ๊ค/huawei/,,Discovered - currently not indexed,new_fresh_example,,HOLD_MONITOR,,high,missing/never crawled,New example in fresh Discovered - currently not indexed export.
https://ร้านรับซื้อโน๊ตบุ๊ค.com/รับซื้อโน๊ตบุ๊ค/macbook-mdm/,,Discovered - currently not indexed,new_fresh_example,,HOLD_MONITOR,,high,missing/never crawled,New example in fresh Discovered - currently not indexed export.
https://ร้านรับซื้อโน๊ตบุ๊ค.com/รับซื้อโน๊ตบุ๊ค/macbook-no-box-no-receipt/,,Discovered - currently not indexed,new_fresh_example,,HOLD_MONITOR,,high,missing/never crawled,New example in fresh Discovered - currently not indexed export.
https://ร้านรับซื้อโน๊ตบุ๊ค.com/รับซื้อโน๊ตบุ๊ค/macbook-pro-m5/,,Discovered - currently not indexed,new_fresh_example,,HOLD_MONITOR,,high,missing/never crawled,New example in fresh Discovered - currently not indexed export.
https://ร้านรับซื้อโน๊ตบุ๊ค.com/รับซื้อโน๊ตบุ๊ค/surface-book/,,Discovered - currently not indexed,new_fresh_example,,HOLD_MONITOR,,high,missing/never crawled,New example in fresh Discovered - currently not indexed export.
https://ร้านรับซื้อโน๊ตบุ๊ค.com/เช็คราคาโน๊ตบุ๊คมือสอง/,,Discovered - currently not indexed,new_fresh_example,,HOLD_MONITOR,,high,missing/never crawled,New example in fresh Discovered - currently not indexed export.
https://ร้านรับซื้อโน๊ตบุ๊ค.com/blog/รับซื้อ-acer-nitro-predator-ราคาเท่าไหร่/,,Discovered - currently not indexed,new_fresh_example,,HOLD_MONITOR,,high,missing/never crawled,New example in fresh Discovered - currently not indexed export.
https://ร้านรับซื้อโน๊ตบุ๊ค.com/blog/รับซื้อ-dell-vostro-ราคาเท่าไหร่/,,Discovered - currently not indexed,new_fresh_example,,HOLD_MONITOR,,high,missing/never crawled,New example in fresh Discovered - currently not indexed export.
https://ร้านรับซื้อโน๊ตบุ๊ค.com/blog/รับซื้อ-hp-victus-omen-ราคาเท่าไหร่/,,Discovered - currently not indexed,new_fresh_example,,HOLD_MONITOR,,high,missing/never crawled,New example in fresh Discovered - currently not indexed export.
https://ร้านรับซื้อโน๊ตบุ๊ค.com/blog/รับซื้อ-macbook-air-m5-ราคาเท่าไหร่/,,Discovered - currently not indexed,new_fresh_example,,HOLD_MONITOR,,high,missing/never crawled,New example in fresh Discovered - currently not indexed export.
https://ร้านรับซื้อโน๊ตบุ๊ค.com/blog/รับซื้อ-surface-laptop-go-book-pro-ราคาเท่าไหร่/,,Discovered - currently not indexed,new_fresh_example,,HOLD_MONITOR,,high,missing/never crawled,New example in fresh Discovered - currently not indexed export.
https://ร้านรับซื้อโน๊ตบุ๊ค.com/blog/โน๊ตบุ๊คชาร์จไม่เข้า-พอร์ตชาร์จเสียขายได้ไหม/,,Discovered - currently not indexed,new_fresh_example,,HOLD_MONITOR,,high,missing/never crawled,New example in fresh Discovered - currently not indexed export.
https://ร้านรับซื้อโน๊ตบุ๊ค.com/blog/โน๊ตบุ๊คบานพับแตกขายได้ไหม/,,Discovered - currently not indexed,new_fresh_example,,HOLD_MONITOR,,high,missing/never crawled,New example in fresh Discovered - currently not indexed export.
https://ร้านรับซื้อโน๊ตบุ๊ค.com/blog/macbook-ไม่มีกล่อง-ไม่มีใบเสร็จ-ขายได้ไหม/,,Discovered - currently not indexed,new_fresh_example,,HOLD_MONITOR,,high,missing/never crawled,New example in fresh Discovered - currently not indexed export.
